"DT_GERACAO";"HH_GERACAO";"ANO_ELEICAO";"CD_TIPO_ELEICAO";"NM_TIPO_ELEICAO";"NR_TURNO";"CD_ELEICAO";"DS_ELEICAO";"DT_ELEICAO";"TP_ABRANGENCIA";"SG_UF";"SG_UE";"NM_UE";"CD_CARGO";"DS_CARGO";"SQ_CANDIDATO";"NR_CANDIDATO";"NM_CANDIDATO";"NM_URNA_CANDIDATO";"NM_SOCIAL_CANDIDATO";"NR_CPF_CANDIDATO";"DS_EMAIL";"CD_SITUACAO_CANDIDATURA";"DS_SITUACAO_CANDIDATURA";"TP_AGREMIACAO";"NR_PARTIDO";"SG_PARTIDO";"NM_PARTIDO";"NR_FEDERACAO";"NM_FEDERACAO";"SG_FEDERACAO";"DS_COMPOSICAO_FEDERACAO";"SQ_COLIGACAO";"NM_COLIGACAO";"DS_COMPOSICAO_COLIGACAO";"SG_UF_NASCIMENTO";"DT_NASCIMENTO";"NR_TITULO_ELEITORAL_CANDIDATO";"CD_GENERO";"DS_GENERO";"CD_GRAU_INSTRUCAO";"DS_GRAU_INSTRUCAO";"CD_ESTADO_CIVIL";"DS_ESTADO_CIVIL";"CD_COR_RACA";"DS_COR_RACA";"CD_OCUPACAO";"DS_OCUPACAO";"CD_SIT_TOT_TURNO";"DS_SIT_TOT_TURNO"
"13/11/2024";"10:55:17";2018;2;"ELEIÇÃO ORDINÁRIA";1;297;"Eleições Gerais Estaduais 2018";"07/10/2018";"ESTADUAL";"AM";"AM";"AMAZONAS";7;"DEPUTADO ESTADUAL";40000602449;50389;"ALEXANDRE FERREIRA LIMA";"ALEXANDRE LIMA";"#NULO#";"64738183249";"NÃO DIVULGÁVEL";12;"APTO";"PARTIDO ISOLADO";50;"PSOL";"PARTIDO SOCIALISMO E LIBERDADE";-1;"#NULO#";"#NULO#";"#NULO#";40000050067;"PARTIDO ISOLADO";"PSOL";"AM";"04/12/1978";"023449202291";2;"MASCULINO";7;"SUPERIOR INCOMPLETO";1;"SOLTEIRO(A)";"03";"PARDA";601;"AGRICULTOR";4;"NÃO ELEITO"
"13/11/2024";"10:55:17";2018;2;"ELEIÇÃO ORDINÁRIA";1;297;"Eleições Gerais Estaduais 2018";"07/10/2018";"ESTADUAL";"AM";"AM";"AMAZONAS";6;"DEPUTADO FEDERAL";40000610345;1855;"ELIANE ALVES CARDOSO";"DALILA";"#NULO#";"75440792287";"NÃO DIVULGÁVEL";12;"APTO";"COLIGAÇÃO";18;"REDE";"REDE SUSTENTABILIDADE";-1;"#NULO#";"#NULO#";"#NULO#";40000050273;"TRANSFORMAÇÃO POR UM NOVO AMAZONAS";"REDE / PSC / PRTB";"AM";"11/10/1983";"020895982240";4;"FEMININO";6;"ENSINO MÉDIO COMPLETO";1;"SOLTEIRO(A)";"03";"PARDA";601;"AGRICULTOR";4;"NÃO ELEITO"
"13/11/2024";"10:55:17";2018;2;"ELEIÇÃO ORDINÁRIA";1;297;"Eleições Gerais Estaduais 2018";"07/10/2018";"ESTADUAL";"AM";"AM";"AMAZONAS";7;"DEPUTADO ESTADUAL";40000627716;65177;"AURICELIA MARIA SANTOS PEREIRA";"CELIA DO RIO PRETO DA EVA";"#NULO#";"40287971287";"NÃO DIVULGÁVEL";12;"APTO";"COLIGAÇÃO";65;"PC do B";"PARTIDO COMUNISTA DO BRASIL";-1;"#NULO#";"#NULO#";"#NULO#";40000050768;"O POVO FELIZ DE NOVO";"PC do B / PT";"PA";"04/05/1969";"023315901333";4;"FEMININO";3;"ENSINO FUNDAMENTAL INCOMPLETO";3;"CASADO(A)";"03";"PARDA";601;"AGRICULTOR";5;"SUPLENTE"
"13/11/2024";"10:55:17";2018;2;"ELEIÇÃO ORDINÁRIA";1;297;"Eleições Gerais Estaduais 2018";"07/10/2018";"ESTADUAL";"AM";"AM";"AMAZONAS";7;"DEPUTADO ESTADUAL";40000617514;17057;"MARIA DILCE DO VALE MACIEL ALBANO";"PASTORA DILCE ALBANO";"#NULO#";"33705704249";"NÃO DIVULGÁVEL";12;"APTO";"COLIGAÇÃO";17;"PSL";"PARTIDO SOCIAL LIBERAL";-1;"#NULO#";"#NULO#";"#NULO#";40000050463;"EU VOTO NO AMAZONAS V";"PHS / PTB / PSL";"AM";"24/12/1972";"011405022232";4;"FEMININO";6;"ENSINO MÉDIO COMPLETO";3;"CASADO(A)";"03";"PARDA";910;"SACERDOTE OU MEMBRO DE ORDEM OU SEITA RELIGIOSA";5;"SUPLENTE"
"13/11/2024";"10:55:17";2018;2;"ELEIÇÃO ORDINÁRIA";1;297;"Eleições Gerais Estaduais 2018";"07/10/2018";"ESTADUAL";"AM";"AM";"AMAZONAS";6;"DEPUTADO FEDERAL";40000623405;5400;"FRANCISCO CHAGAS COSTA";"DR MAZINHO";"#NULO#";"03151891268";"NÃO DIVULGÁVEL";12;"APTO";"COLIGAÇÃO";54;"PPL";"PARTIDO PÁTRIA LIVRE";-1;"#NULO#";"#NULO#";"#NULO#";40000050626;"EU VOTO NO AMAZONAS II";"PPS / PPL / PRP / AVANTE";"AM";"24/11/1951";"001070092267";2;"MASCULINO";8;"SUPERIOR COMPLETO";1;"SOLTEIRO(A)";"03";"PARDA";923;"APOSENTADO (EXCETO SERVIDOR PÚBLICO)";4;"NÃO ELEITO"
"13/11/2024";"10:55:17";2018;2;"ELEIÇÃO ORDINÁRIA";1;297;"Eleições Gerais Estaduais 2018";"07/10/2018";"ESTADUAL";"AM";"AM";"AMAZONAS";7;"DEPUTADO ESTADUAL";40000609300;33318;"MARIA DE NAZARÉ PEREIRA DA SILVA";"NAZARÉ PEREIRA";"#NULO#";"15019136204";"NÃO DIVULGÁVEL";3;"INAPTO";"PARTIDO ISOLADO";33;"PMN";"PARTIDO DA MOBILIZAÇÃO NACIONAL";-1;"#NULO#";"#NULO#";"#NULO#";40000050241;"PARTIDO ISOLADO";"PMN";"AM";"27/10/1958";"002457952240";4;"FEMININO";5;"ENSINO MÉDIO INCOMPLETO";5;"VIÚVO(A)";"03";"PARDA";923;"APOSENTADO (EXCETO SERVIDOR PÚBLICO)";-1;"#NULO#"
"13/11/2024";"10:55:17";2018;2;"ELEIÇÃO ORDINÁRIA";1;297;"Eleições Gerais Estaduais 2018";"07/10/2018";"ESTADUAL";"AM";"AM";"AMAZONAS";7;"DEPUTADO ESTADUAL";40000604619;51900;"WILLON CARLOS SOUSA SIMÕES";"WILLON SIMÕES";"#NULO#";"01318097258";"NÃO DIVULGÁVEL";12;"APTO";"PARTIDO ISOLADO";51;"PATRIOTA";"PATRIOTA";-1;"#NULO#";"#NULO#";"#NULO#";40000050133;"PARTIDO ISOLADO";"PATRIOTA";"AM";"14/04/1994";"035944862224";2;"MASCULINO";6;"ENSINO MÉDIO COMPLETO";1;"SOLTEIRO(A)";"02";"PRETA";931;"ESTUDANTE, BOLSISTA, ESTAGIÁRIO E ASSEMELHADOS";4;"NÃO ELEITO"
"13/11/2024";"10:55:17";2018;2;"ELEIÇÃO ORDINÁRIA";1;297;"Eleições Gerais Estaduais 2018";"07/10/2018";"ESTADUAL";"AM";"AM";"AMAZONAS";7;"DEPUTADO ESTADUAL";40000628458;44565;"MARIO ALBERTO DA SILVA MARTINS";"ALBERTO SILVA";"#NULO#";"23894954272";"NÃO DIVULGÁVEL";3;"INAPTO";"COLIGAÇÃO";44;"PRP";"PARTIDO REPUBLICANO PROGRESSISTA";-1;"#NULO#";"#NULO#";"#NULO#";40000050628;" EU VOTO NO AMAZONAS III ";"PDT / PRP / AVANTE";"AM";"10/07/1962";"000931462224";2;"MASCULINO";6;"ENSINO MÉDIO COMPLETO";1;"SOLTEIRO(A)";"01";"BRANCA";999;"OUTROS";-1;"#NULO#"
"13/11/2024";"10:55:17";2018;2;"ELEIÇÃO ORDINÁRIA";1;297;"Eleições Gerais Estaduais 2018";"07/10/2018";"ESTADUAL";"AM";"AM";"AMAZONAS";7;"DEPUTADO ESTADUAL";40000608241;19191;"RAIMUNDO NONATO DE CARVALHO PINHEIRO";"NONATO DE CARVALHO";"#NULO#";"34686959268";"NÃO DIVULGÁVEL";12;"APTO";"COLIGAÇÃO";19;"PODE";"PODEMOS";-1;"#NULO#";"#NULO#";"#NULO#";40000050214;"PODE";"PODE";"AM";"04/10/1970";"011008842291";2;"MASCULINO";8;"SUPERIOR COMPLETO";1;"SOLTEIRO(A)";"03";"PARDA";999;"OUTROS";5;"SUPLENTE"
"13/11/2024";"10:55:17";2018;2;"ELEIÇÃO ORDINÁRIA";1;297;"Eleições Gerais Estaduais 2018";"07/10/2018";"ESTADUAL";"AM";"AM";"AMAZONAS";7;"DEPUTADO ESTADUAL";40000610322;28113;"LEONARDO NAZARENO DOS SANTOS PINHEIRO";"LEONARDO PINHEIRO";"#NULO#";"65721195215";"NÃO DIVULGÁVEL";12;"APTO";"COLIGAÇÃO";28;"PRTB";"PARTIDO RENOVADOR TRABALHISTA BRASILEIRO";-1;"#NULO#";"#NULO#";"#NULO#";40000050272;"TRANSFORMAÇÃO POR UM NOVO AMAZONAS";"REDE / PSC / PRTB";"AM";"14/12/1978";"019117092240";2;"MASCULINO";6;"ENSINO MÉDIO COMPLETO";1;"SOLTEIRO(A)";"05";"INDÍGENA";999;"OUTROS";4;"NÃO ELEITO"
"13/11/2024";"10:55:17";2018;2;"ELEIÇÃO ORDINÁRIA";1;297;"Eleições Gerais Estaduais 2018";"07/10/2018";"ESTADUAL";"AM";"AM";"AMAZONAS";7;"DEPUTADO ESTADUAL";40000618990;40100;"CLAUDIO DE ALBUQUERQUE VIANA";"CLAUDIO VIANA";"#NULO#";"15994350206";"NÃO DIVULGÁVEL";12;"APTO";"COLIGAÇÃO";40;"PSB";"PARTIDO SOCIALISTA BRASILEIRO";-1;"#NULO#";"#NULO#";"#NULO#";40000050493;"RENOVA AMAZONAS II";"PSB / PMB / PROS";"AM";"10/07/1960";"001302592208";2;"MASCULINO";6;"ENSINO MÉDIO COMPLETO";5;"VIÚVO(A)";"02";"PRETA";999;"OUTROS";5;"SUPLENTE"
"13/11/2024";"10:55:17";2018;2;"ELEIÇÃO ORDINÁRIA";1;297;"Eleições Gerais Estaduais 2018";"07/10/2018";"ESTADUAL";"AM";"AM";"AMAZONAS";7;"DEPUTADO ESTADUAL";40000609243;43743;"CELSO FEITOSA DA CUNHA";"AMIGO CELSO";"#NULO#";"22943536253";"NÃO DIVULGÁVEL";12;"APTO";"PARTIDO ISOLADO";43;"PV";"PARTIDO VERDE";-1;"#NULO#";"#NULO#";"#NULO#";40000050239;"PARTIDO ISOLADO";"PV";"AM";"17/05/1964";"001550002240";2;"MASCULINO";6;"ENSINO MÉDIO COMPLETO";3;"CASADO(A)";"03";"PARDA";999;"OUTROS";5;"SUPLENTE"
"13/11/2024";"10:55:17";2018;2;"ELEIÇÃO ORDINÁRIA";1;297;"Eleições Gerais Estaduais 2018";"07/10/2018";"ESTADUAL";"AM";"AM";"AMAZONAS";7;"DEPUTADO ESTADUAL";40000612676;54054;"HAMILTON MONTEIRO DA COSTA";"HAMILTON MONTEIRO";"#NULO#";"30902622234";"NÃO DIVULGÁVEL";12;"APTO";"COLIGAÇÃO";54;"PPL";"PARTIDO PÁTRIA LIVRE";-1;"#NULO#";"#NULO#";"#NULO#";40000050342;"EU VOTO NO AMAZONAS IV";"PP / PR / PPL / SOLIDARIEDADE";"AM";"01/06/1966";"004441742259";2;"MASCULINO";6;"ENSINO MÉDIO COMPLETO";3;"CASADO(A)";"03";"PARDA";999;"OUTROS";5;"SUPLENTE"
"13/11/2024";"10:55:17";2018;2;"ELEIÇÃO ORDINÁRIA";1;297;"Eleições Gerais Estaduais 2018";"07/10/2018";"ESTADUAL";"AM";"AM";"AMAZONAS";7;"DEPUTADO ESTADUAL";40000608172;36007;"RAIMUNDO CONRADO DE SOUSA NETO";"SOUSA NETO";"#NULO#";"80354840282";"NÃO DIVULGÁVEL";12;"APTO";"COLIGAÇÃO";36;"PTC";"PARTIDO TRABALHISTA CRISTÃO";-1;"#NULO#";"#NULO#";"#NULO#";40000050212;"AMAZONAS COM SEGURANÇA II";"PSDB / PTC";"CE";"30/03/1985";"022787162208";2;"MASCULINO";8;"SUPERIOR COMPLETO";3;"CASADO(A)";"03";"PARDA";999;"OUTROS";5;"SUPLENTE"
"13/11/2024";"10:55:17";2018;2;"ELEIÇÃO ORDINÁRIA";1;297;"Eleições Gerais Estaduais 2018";"07/10/2018";"ESTADUAL";"AM";"AM";"AMAZONAS";7;"DEPUTADO ESTADUAL";40000608888;10456;"AMAURI BATISTA COLARES";"AMAURI COLARES";"#NULO#";"18758380230";"NÃO DIVULGÁVEL";12;"APTO";"COLIGAÇÃO";10;"PRB";"PARTIDO REPUBLICANO BRASILEIRO";-1;"#NULO#";"#NULO#";"#NULO#";40000050228;"AMAZONAS COM SEGURANÇA I";"PSD / PRB / DEM";"AM";"13/12/1961";"004907982216";2;"MASCULINO";8;"SUPERIOR COMPLETO";3;"CASADO(A)";"03";"PARDA";999;"OUTROS";5;"SUPLENTE"
"13/11/2024";"10:55:17";2018;2;"ELEIÇÃO ORDINÁRIA";1;297;"Eleições Gerais Estaduais 2018";"07/10/2018";"ESTADUAL";"AM";"AM";"AMAZONAS";6;"DEPUTADO FEDERAL";40000623410;7070;"WILLACE OLIVEIRA DE SOUZA";"WILLACE SOUZA";"#NULO#";"02113877201";"NÃO DIVULGÁVEL";12;"APTO";"COLIGAÇÃO";70;"AVANTE";"AVANTE";-1;"#NULO#";"#NULO#";"#NULO#";40000050626;"EU VOTO NO AMAZONAS II";"PPS / PPL / PRP / AVANTE";"AM";"06/10/1994";"036487482216";2;"MASCULINO";7;"SUPERIOR INCOMPLETO";1;"SOLTEIRO(A)";"01";"BRANCA";999;"OUTROS";4;"NÃO ELEITO"
"13/11/2024";"10:55:17";2018;2;"ELEIÇÃO ORDINÁRIA";1;297;"Eleições Gerais Estaduais 2018";"07/10/2018";"ESTADUAL";"AM";"AM";"AMAZONAS";6;"DEPUTADO FEDERAL";40000627714;6565;"YANN EVANOVICK LEITÃO FURTADO";"YANN EVANOVICK";"#NULO#";"00106621203";"NÃO DIVULGÁVEL";12;"APTO";"COLIGAÇÃO";65;"PC do B";"PARTIDO COMUNISTA DO BRASIL";-1;"#NULO#";"#NULO#";"#NULO#";40000050768;"O POVO FELIZ DE NOVO";"PC do B / PT";"AM";"09/07/1990";"033171522216";2;"MASCULINO";7;"SUPERIOR INCOMPLETO";3;"CASADO(A)";"03";"PARDA";999;"OUTROS";5;"SUPLENTE"
"13/11/2024";"10:55:17";2018;2;"ELEIÇÃO ORDINÁRIA";1;297;"Eleições Gerais Estaduais 2018";"07/10/2018";"ESTADUAL";"AM";"AM";"AMAZONAS";7;"DEPUTADO ESTADUAL";40000609253;43007;"OTACILIO RODRIGUES BARROS";"OTACILIO BARROS (O LOURO)";"#NULO#";"05323100206";"NÃO DIVULGÁVEL";3;"INAPTO";"PARTIDO ISOLADO";43;"PV";"PARTIDO VERDE";-1;"#NULO#";"#NULO#";"#NULO#";40000050239;"PARTIDO ISOLADO";"PV";"AM";"11/05/1952";"038310512216";2;"MASCULINO";3;"ENSINO FUNDAMENTAL INCOMPLETO";3;"CASADO(A)";"01";"BRANCA";999;"OUTROS";-1;"#NULO#"
"13/11/2024";"10:55:17";2018;2;"ELEIÇÃO ORDINÁRIA";1;297;"Eleições Gerais Estaduais 2018";"07/10/2018";"ESTADUAL";"AM";"AM";"AMAZONAS";7;"DEPUTADO ESTADUAL";40000629063;33040;"SIMONE DE MELO ANSELMO";"SIMONE MELO";"#NULO#";"10441960685";"NÃO DIVULGÁVEL";3;"INAPTO";"PARTIDO ISOLADO";33;"PMN";"PARTIDO DA MOBILIZAÇÃO NACIONAL";-1;"#NULO#";"#NULO#";"#NULO#";40000050241;"PARTIDO ISOLADO";"PMN";"AM";"19/06/1992";"035654192283";4;"FEMININO";6;"ENSINO MÉDIO COMPLETO";1;"SOLTEIRO(A)";"03";"PARDA";999;"OUTROS";4;"NÃO ELEITO"
"13/11/2024";"10:55:17";2018;2;"ELEIÇÃO ORDINÁRIA";1;297;"Eleições Gerais Estaduais 2018";"07/10/2018";"ESTADUAL";"AM";"AM";"AMAZONAS";6;"DEPUTADO FEDERAL";40000629950;3310;"FABIANA LEANDRO DE SOUZA";"FABIANA SOUZA";"#NULO#";"86749897215";"NÃO DIVULGÁVEL";12;"APTO";"COLIGAÇÃO";33;"PMN";"PARTIDO DA MOBILIZAÇÃO NACIONAL";-1;"#NULO#";"#NULO#";"#NULO#";40000050279;"RENOVA AMAZONAS";"PODE / PMN / PSB / PROS";"AM";"24/08/1985";"023429272259";4;"FEMININO";6;"ENSINO MÉDIO COMPLETO";1;"SOLTEIRO(A)";"01";"BRANCA";999;"OUTROS";4;"NÃO ELEITO"
"13/11/2024";"10:55:17";2018;2;"ELEIÇÃO ORDINÁRIA";1;297;"Eleições Gerais Estaduais 2018";"07/10/2018";"ESTADUAL";"AM";"AM";"AMAZONAS";6;"DEPUTADO FEDERAL";40000610352;2028;"RAYANE CHAVES BEZERRA";"RAYANE CHAVES";"#NULO#";"04339546208";"NÃO DIVULGÁVEL";12;"APTO";"COLIGAÇÃO";20;"PSC";"PARTIDO SOCIAL CRISTÃO";-1;"#NULO#";"#NULO#";"#NULO#";40000050273;"TRANSFORMAÇÃO POR UM NOVO AMAZONAS";"REDE / PSC / PRTB";"AM";"02/09/1997";"040571582208";4;"FEMININO";6;"ENSINO MÉDIO COMPLETO";1;"SOLTEIRO(A)";"03";"PARDA";999;"OUTROS";4;"NÃO ELEITO"
"13/11/2024";"10:55:17";2018;2;"ELEIÇÃO ORDINÁRIA";1;297;"Eleições Gerais Estaduais 2018";"07/10/2018";"ESTADUAL";"AM";"AM";"AMAZONAS";7;"DEPUTADO ESTADUAL";40000609320;33020;"TATIANE SANTOS DE OLIVEIRA";"THATY BARONE";"#NULO#";"89883292287";"NÃO DIVULGÁVEL";12;"APTO";"PARTIDO ISOLADO";33;"PMN";"PARTIDO DA MOBILIZAÇÃO NACIONAL";-1;"#NULO#";"#NULO#";"#NULO#";40000050241;"PARTIDO ISOLADO";"PMN";"AM";"25/11/1984";"022775332216";4;"FEMININO";6;"ENSINO MÉDIO COMPLETO";1;"SOLTEIRO(A)";"03";"PARDA";999;"OUTROS";4;"NÃO ELEITO"
"13/11/2024";"10:55:17";2018;2;"ELEIÇÃO ORDINÁRIA";1;297;"Eleições Gerais Estaduais 2018";"07/10/2018";"ESTADUAL";"AM";"AM";"AMAZONAS";7;"DEPUTADO ESTADUAL";40000609268;43033;"ANA LUCIA FONSECA NEGRAO";"ANA NEGRAO";"#NULO#";"14708841272";"NÃO DIVULGÁVEL";12;"APTO";"PARTIDO ISOLADO";43;"PV";"PARTIDO VERDE";-1;"#NULO#";"#NULO#";"#NULO#";40000050239;"PARTIDO ISOLADO";"PV";"AM";"30/01/1961";"013209692283";4;"FEMININO";8;"SUPERIOR COMPLETO";9;"DIVORCIADO(A)";"03";"PARDA";999;"OUTROS";5;"SUPLENTE"
"13/11/2024";"10:55:17";2018;2;"ELEIÇÃO ORDINÁRIA";1;297;"Eleições Gerais Estaduais 2018";"07/10/2018";"ESTADUAL";"AM";"AM";"AMAZONAS";7;"DEPUTADO ESTADUAL";40000608244;19213;"ROSANA PEDRAÇA DA ROCHA";"ROSANA ROCHA";"#NULO#";"40550451234";"NÃO DIVULGÁVEL";12;"APTO";"COLIGAÇÃO";19;"PODE";"PODEMOS";-1;"#NULO#";"#NULO#";"#NULO#";40000050214;"PODE";"PODE";"RO";"16/08/1970";"012901502240";4;"FEMININO";6;"ENSINO MÉDIO COMPLETO";1;"SOLTEIRO(A)";"03";"PARDA";999;"OUTROS";5;"SUPLENTE"
"13/11/2024";"10:55:17";2018;2;"ELEIÇÃO ORDINÁRIA";1;297;"Eleições Gerais Estaduais 2018";"07/10/2018";"ESTADUAL";"AM";"AM";"AMAZONAS";7;"DEPUTADO ESTADUAL";40000604612;51216;"ROSIMILDE MORAES ALVES";"ROSE MORAES";"#NULO#";"64877345272";"NÃO DIVULGÁVEL";12;"APTO";"PARTIDO ISOLADO";51;"PATRIOTA";"PATRIOTA";-1;"#NULO#";"#NULO#";"#NULO#";40000050133;"PARTIDO ISOLADO";"PATRIOTA";"AM";"21/10/1976";"019502782283";4;"FEMININO";6;"ENSINO MÉDIO COMPLETO";3;"CASADO(A)";"03";"PARDA";999;"OUTROS";4;"NÃO ELEITO"
"13/11/2024";"10:55:17";2018;2;"ELEIÇÃO ORDINÁRIA";1;297;"Eleições Gerais Estaduais 2018";"07/10/2018";"ESTADUAL";"AM";"AM";"AMAZONAS";7;"DEPUTADO ESTADUAL";40000611544;23333;"LUCIANA DA SILVA MONTEIRO";"PASTORA LUCIANA";"#NULO#";"71228217220";"NÃO DIVULGÁVEL";12;"APTO";"PARTIDO ISOLADO";23;"PPS";"PARTIDO POPULAR SOCIALISTA";-1;"#NULO#";"#NULO#";"#NULO#";40000050309;"PARTIDO ISOLADO";"PPS";"AM";"11/10/1982";"021915232275";4;"FEMININO";6;"ENSINO MÉDIO COMPLETO";3;"CASADO(A)";"01";"BRANCA";999;"OUTROS";5;"SUPLENTE"
"13/11/2024";"10:55:17";2018;2;"ELEIÇÃO ORDINÁRIA";1;297;"Eleições Gerais Estaduais 2018";"07/10/2018";"ESTADUAL";"AM";"AM";"AMAZONAS";7;"DEPUTADO ESTADUAL";40000609277;43770;"CRISTIANA DE SOUZA PICANÇO";"CRISTIANA PICANÇO";"#NULO#";"88858570278";"NÃO DIVULGÁVEL";12;"APTO";"PARTIDO ISOLADO";43;"PV";"PARTIDO VERDE";-1;"#NULO#";"#NULO#";"#NULO#";40000050239;"PARTIDO ISOLADO";"PV";"AM";"08/03/1980";"021294562291";4;"FEMININO";5;"ENSINO MÉDIO INCOMPLETO";1;"SOLTEIRO(A)";"03";"PARDA";999;"OUTROS";5;"SUPLENTE"
"13/11/2024";"10:55:17";2018;2;"ELEIÇÃO ORDINÁRIA";1;297;"Eleições Gerais Estaduais 2018";"07/10/2018";"ESTADUAL";"AM";"AM";"AMAZONAS";7;"DEPUTADO ESTADUAL";40000619017;40888;"GEORGINA DOS SANTOS TEIXEIRA";"GEORGINA TEIXEIRA";"#NULO#";"24073270206";"NÃO DIVULGÁVEL";12;"APTO";"COLIGAÇÃO";40;"PSB";"PARTIDO SOCIALISTA BRASILEIRO";-1;"#NULO#";"#NULO#";"#NULO#";40000050493;"RENOVA AMAZONAS II";"PSB / PMB / PROS";"AM";"22/03/1964";"001350472216";4;"FEMININO";4;"ENSINO FUNDAMENTAL COMPLETO";3;"CASADO(A)";"03";"PARDA";999;"OUTROS";5;"SUPLENTE"
"13/11/2024";"10:55:17";2018;2;"ELEIÇÃO ORDINÁRIA";1;297;"Eleições Gerais Estaduais 2018";"07/10/2018";"ESTADUAL";"AM";"AM";"AMAZONAS";7;"DEPUTADO ESTADUAL";40000612675;54123;"PERICLES BARATA PIRES DE CARVALHO";"PERI";"#NULO#";"21548692204";"NÃO DIVULGÁVEL";12;"APTO";"COLIGAÇÃO";54;"PPL";"PARTIDO PÁTRIA LIVRE";-1;"#NULO#";"#NULO#";"#NULO#";40000050342;"EU VOTO NO AMAZONAS IV";"PP / PR / PPL / SOLIDARIEDADE";"AM";"22/07/1965";"001915712216";2;"MASCULINO";8;"SUPERIOR COMPLETO";9;"DIVORCIADO(A)";"03";"PARDA";101;"ENGENHEIRO";5;"SUPLENTE"
"13/11/2024";"10:55:17";2018;2;"ELEIÇÃO ORDINÁRIA";1;297;"Eleições Gerais Estaduais 2018";"07/10/2018";"ESTADUAL";"AM";"AM";"AMAZONAS";7;"DEPUTADO ESTADUAL";40000609245;43777;"LUCIO FLAVIO DO ROSARIO";"LUCIO FLAVIO";"#NULO#";"23089369249";"NÃO DIVULGÁVEL";12;"APTO";"PARTIDO ISOLADO";43;"PV";"PARTIDO VERDE";-1;"#NULO#";"#NULO#";"#NULO#";40000050239;"PARTIDO ISOLADO";"PV";"AM";"30/01/1964";"002418692208";2;"MASCULINO";8;"SUPERIOR COMPLETO";3;"CASADO(A)";"03";"PARDA";101;"ENGENHEIRO";5;"SUPLENTE"
"13/11/2024";"10:55:17";2018;2;"ELEIÇÃO ORDINÁRIA";1;297;"Eleições Gerais Estaduais 2018";"07/10/2018";"ESTADUAL";"AM";"AM";"AMAZONAS";7;"DEPUTADO ESTADUAL";40000624863;33100;"GILMARA FERREIRA DE AGUIAR RAMOS";"ENGENHEIRA GILMARA AGUIAR";"#NULO#";"43560016215";"NÃO DIVULGÁVEL";12;"APTO";"PARTIDO ISOLADO";33;"PMN";"PARTIDO DA MOBILIZAÇÃO NACIONAL";-1;"#NULO#";"#NULO#";"#NULO#";40000050241;"PARTIDO ISOLADO";"PMN";"AM";"21/04/1973";"011528192224";4;"FEMININO";8;"SUPERIOR COMPLETO";9;"DIVORCIADO(A)";"03";"PARDA";101;"ENGENHEIRO";4;"NÃO ELEITO"
"13/11/2024";"10:55:17";2018;2;"ELEIÇÃO ORDINÁRIA";1;297;"Eleições Gerais Estaduais 2018";"07/10/2018";"ESTADUAL";"AM";"AM";"AMAZONAS";7;"DEPUTADO ESTADUAL";40000608204;13111;"ELIANE DA SILVA OLIVEIRA";"ELIANE PEIXOTO";"#NULO#";"72438436204";"NÃO DIVULGÁVEL";12;"APTO";"COLIGAÇÃO";13;"PT";"PARTIDO DOS TRABALHADORES";-1;"#NULO#";"#NULO#";"#NULO#";40000050768;"O POVO FELIZ DE NOVO";"PC do B / PT";"AM";"05/01/1982";"019534322291";4;"FEMININO";8;"SUPERIOR COMPLETO";1;"SOLTEIRO(A)";"03";"PARDA";101;"ENGENHEIRO";5;"SUPLENTE"
"13/11/2024";"10:55:17";2018;2;"ELEIÇÃO ORDINÁRIA";1;297;"Eleições Gerais Estaduais 2018";"07/10/2018";"ESTADUAL";"AM";"AM";"AMAZONAS";7;"DEPUTADO ESTADUAL";40000617489;31100;"JOAO KENNEDY DE LIMA MARQUES";"KENNEDY MARQUES";"#NULO#";"22983767272";"NÃO DIVULGÁVEL";12;"APTO";"COLIGAÇÃO";31;"PHS";"PARTIDO HUMANISTA DA SOLIDARIEDADE";-1;"#NULO#";"#NULO#";"#NULO#";40000050463;"EU VOTO NO AMAZONAS V";"PHS / PTB / PSL";"MA";"06/08/1965";"004957332240";2;"MASCULINO";8;"SUPERIOR COMPLETO";9;"DIVORCIADO(A)";"03";"PARDA";102;"ARQUITETO";5;"SUPLENTE"
"13/11/2024";"10:55:17";2018;2;"ELEIÇÃO ORDINÁRIA";1;297;"Eleições Gerais Estaduais 2018";"07/10/2018";"ESTADUAL";"AM";"AM";"AMAZONAS";7;"DEPUTADO ESTADUAL";40000608216;13610;"JOÃO PEDRO GONÇALVES DA COSTA";"JOAO PEDRO";"#NULO#";"04116178268";"NÃO DIVULGÁVEL";12;"APTO";"COLIGAÇÃO";13;"PT";"PARTIDO DOS TRABALHADORES";-1;"#NULO#";"#NULO#";"#NULO#";40000050768;"O POVO FELIZ DE NOVO";"PC do B / PT";"AM";"14/09/1952";"001598232267";2;"MASCULINO";7;"SUPERIOR INCOMPLETO";3;"CASADO(A)";"01";"BRANCA";103;"AGRÔNOMO";5;"SUPLENTE"
"13/11/2024";"10:55:17";2018;2;"ELEIÇÃO ORDINÁRIA";1;297;"Eleições Gerais Estaduais 2018";"07/10/2018";"ESTADUAL";"AM";"AM";"AMAZONAS";7;"DEPUTADO ESTADUAL";40000604591;51888;"HELENO JOSE DA ROCHA";"DR. HELENO";"#NULO#";"01806149249";"NÃO DIVULGÁVEL";12;"APTO";"PARTIDO ISOLADO";51;"PATRIOTA";"PATRIOTA";-1;"#NULO#";"#NULO#";"#NULO#";40000050133;"PARTIDO ISOLADO";"PATRIOTA";"SP";"15/05/1944";"032885742216";2;"MASCULINO";8;"SUPERIOR COMPLETO";1;"SOLTEIRO(A)";"02";"PRETA";111;"MÉDICO";4;"NÃO ELEITO"
"13/11/2024";"10:55:17";2018;2;"ELEIÇÃO ORDINÁRIA";1;297;"Eleições Gerais Estaduais 2018";"07/10/2018";"ESTADUAL";"AM";"AM";"AMAZONAS";6;"DEPUTADO FEDERAL";40000610414;2233;"PATRICIA DEL PILAR SUAREZ SICCHAR";"DRA. PATRICIA SICCHAR";"#NULO#";"50881868272";"NÃO DIVULGÁVEL";12;"APTO";"COLIGAÇÃO";22;"PR";"PARTIDO DA REPÚBLICA";-1;"#NULO#";"#NULO#";"#NULO#";40000050278;"EU VOTO NO AMAZONAS I";"PDT / PP / PV / PR / SOLIDARIEDADE / PTB / PHS / PSL";"AM";"12/11/1975";"035337602259";4;"FEMININO";8;"SUPERIOR COMPLETO";3;"CASADO(A)";"03";"PARDA";111;"MÉDICO";5;"SUPLENTE"
"13/11/2024";"10:55:17";2018;2;"ELEIÇÃO ORDINÁRIA";1;297;"Eleições Gerais Estaduais 2018";"07/10/2018";"ESTADUAL";"AM";"AM";"AMAZONAS";7;"DEPUTADO ESTADUAL";40000602439;50123;"JOSÉ AUGUSTO SOUSA DA SILVA";"ENFERMEIRO AUGUSTO";"#NULO#";"70457492287";"NÃO DIVULGÁVEL";12;"APTO";"PARTIDO ISOLADO";50;"PSOL";"PARTIDO SOCIALISMO E LIBERDADE";-1;"#NULO#";"#NULO#";"#NULO#";40000050067;"PARTIDO ISOLADO";"PSOL";"PA";"03/05/1982";"019627162259";2;"MASCULINO";8;"SUPERIOR COMPLETO";3;"CASADO(A)";"03";"PARDA";113;"ENFERMEIRO";4;"NÃO ELEITO"
"13/11/2024";"10:55:17";2018;2;"ELEIÇÃO ORDINÁRIA";1;297;"Eleições Gerais Estaduais 2018";"07/10/2018";"ESTADUAL";"AM";"AM";"AMAZONAS";7;"DEPUTADO ESTADUAL";40000610325;20123;"EZEQUIAS NASCIMENTO DOS SANTOS";"DR. MIKE";"#NULO#";"38244039272";"NÃO DIVULGÁVEL";12;"APTO";"COLIGAÇÃO";20;"PSC";"PARTIDO SOCIAL CRISTÃO";-1;"#NULO#";"#NULO#";"#NULO#";40000050272;"TRANSFORMAÇÃO POR UM NOVO AMAZONAS";"REDE / PSC / PRTB";"MA";"10/12/1975";"001916792631";2;"MASCULINO";8;"SUPERIOR COMPLETO";3;"CASADO(A)";"03";"PARDA";115;"ODONTÓLOGO";4;"NÃO ELEITO"
"13/11/2024";"10:55:17";2018;2;"ELEIÇÃO ORDINÁRIA";1;297;"Eleições Gerais Estaduais 2018";"07/10/2018";"ESTADUAL";"AM";"AM";"AMAZONAS";3;"GOVERNADOR";40000627727;65;"LUCIA REGINA ANTONY";"LUCIA ANTONY";"#NULO#";"22484710259";"NÃO DIVULGÁVEL";12;"APTO";"COLIGAÇÃO";65;"PC do B";"PARTIDO COMUNISTA DO BRASIL";-1;"#NULO#";"#NULO#";"#NULO#";40000050768;"O POVO FELIZ DE NOVO";"PC do B / PT";"AM";"01/09/1959";"005289002291";4;"FEMININO";8;"SUPERIOR COMPLETO";7;"SEPARADO(A) JUDICIALMENTE";"01";"BRANCA";115;"ODONTÓLOGO";4;"NÃO ELEITO"
"13/11/2024";"10:55:17";2018;2;"ELEIÇÃO ORDINÁRIA";1;297;"Eleições Gerais Estaduais 2018";"07/10/2018";"ESTADUAL";"AM";"AM";"AMAZONAS";7;"DEPUTADO ESTADUAL";40000612666;77777;"EDUARDO JORGE PASSOS SARAIVA LEAO";"EDUARDO SARAIVA";"#NULO#";"53198344204";"NÃO DIVULGÁVEL";12;"APTO";"COLIGAÇÃO";77;"SOLIDARIEDADE";"SOLIDARIEDADE";-1;"#NULO#";"#NULO#";"#NULO#";40000050342;"EU VOTO NO AMAZONAS IV";"PP / PR / PPL / SOLIDARIEDADE";"AM";"09/10/1990";"033607702224";2;"MASCULINO";8;"SUPERIOR COMPLETO";1;"SOLTEIRO(A)";"03";"PARDA";125;"ADMINISTRADOR";5;"SUPLENTE"
"13/11/2024";"10:55:17";2018;2;"ELEIÇÃO ORDINÁRIA";1;297;"Eleições Gerais Estaduais 2018";"07/10/2018";"ESTADUAL";"AM";"AM";"AMAZONAS";7;"DEPUTADO ESTADUAL";40000612648;77567;"IZAILDA OLIVEIRA MAIA";"IZA MAIA";"#NULO#";"05256470230";"NÃO DIVULGÁVEL";12;"APTO";"COLIGAÇÃO";77;"SOLIDARIEDADE";"SOLIDARIEDADE";-1;"#NULO#";"#NULO#";"#NULO#";40000050342;"EU VOTO NO AMAZONAS IV";"PP / PR / PPL / SOLIDARIEDADE";"AP";"09/06/1952";"001612632283";4;"FEMININO";6;"ENSINO MÉDIO COMPLETO";9;"DIVORCIADO(A)";"05";"INDÍGENA";129;"ARTESÃO";5;"SUPLENTE"
"13/11/2024";"10:55:17";2018;2;"ELEIÇÃO ORDINÁRIA";1;297;"Eleições Gerais Estaduais 2018";"07/10/2018";"ESTADUAL";"AM";"AM";"AMAZONAS";7;"DEPUTADO ESTADUAL";40000619004;40111;"RAIMUNDO NONATO NASCIMENTO DE ANDRADE";"PALHACO LERO LERO";"#NULO#";"58434658291";"NÃO DIVULGÁVEL";12;"APTO";"COLIGAÇÃO";40;"PSB";"PARTIDO SOCIALISTA BRASILEIRO";-1;"#NULO#";"#NULO#";"#NULO#";40000050493;"RENOVA AMAZONAS II";"PSB / PMB / PROS";"AM";"01/11/1975";"014618462208";2;"MASCULINO";4;"ENSINO FUNDAMENTAL COMPLETO";3;"CASADO(A)";"03";"PARDA";130;"ARTISTA DE CIRCO";5;"SUPLENTE"
"13/11/2024";"10:55:17";2018;2;"ELEIÇÃO ORDINÁRIA";1;297;"Eleições Gerais Estaduais 2018";"07/10/2018";"ESTADUAL";"AM";"AM";"AMAZONAS";7;"DEPUTADO ESTADUAL";40000618304;27321;"MICHAEL MACEDO BESSA";"MICHAEL BESSA";"#NULO#";"63015870220";"NÃO DIVULGÁVEL";3;"INAPTO";"COLIGAÇÃO";27;"DC";"DEMOCRACIA CRISTÃ";-1;"#NULO#";"#NULO#";"#NULO#";40000050474;"POR UM AMAZONAS MELHOR";"MDB / DC";"AM";"06/06/1978";"017000232283";2;"MASCULINO";8;"SUPERIOR COMPLETO";3;"CASADO(A)";"03";"PARDA";131;"ADVOGADO";-1;"#NULO#"
"13/11/2024";"10:55:17";2018;2;"ELEIÇÃO ORDINÁRIA";1;297;"Eleições Gerais Estaduais 2018";"07/10/2018";"ESTADUAL";"AM";"AM";"AMAZONAS";7;"DEPUTADO ESTADUAL";40000610310;18789;"ERNANDES HERCULANO SARAIVA";"ERNANDES HERCULANO";"#NULO#";"97074004200";"NÃO DIVULGÁVEL";12;"APTO";"COLIGAÇÃO";18;"REDE";"REDE SUSTENTABILIDADE";-1;"#NULO#";"#NULO#";"#NULO#";40000050272;"TRANSFORMAÇÃO POR UM NOVO AMAZONAS";"REDE / PSC / PRTB";"AM";"25/09/1987";"018404932267";2;"MASCULINO";8;"SUPERIOR COMPLETO";3;"CASADO(A)";"03";"PARDA";131;"ADVOGADO";4;"NÃO ELEITO"
"13/11/2024";"10:55:17";2018;2;"ELEIÇÃO ORDINÁRIA";1;297;"Eleições Gerais Estaduais 2018";"07/10/2018";"ESTADUAL";"AM";"AM";"AMAZONAS";7;"DEPUTADO ESTADUAL";40000608876;25131;"FERNANDO DIEGO GOES LIMA";"DR. FERNANDO DIEGO";"#NULO#";"70496234234";"NÃO DIVULGÁVEL";12;"APTO";"COLIGAÇÃO";25;"DEM";"DEMOCRATAS";-1;"#NULO#";"#NULO#";"#NULO#";40000050228;"AMAZONAS COM SEGURANÇA I";"PSD / PRB / DEM";"AM";"02/01/1982";"021507312275";2;"MASCULINO";8;"SUPERIOR COMPLETO";1;"SOLTEIRO(A)";"01";"BRANCA";131;"ADVOGADO";5;"SUPLENTE"
"13/11/2024";"10:55:17";2018;2;"ELEIÇÃO ORDINÁRIA";1;297;"Eleições Gerais Estaduais 2018";"07/10/2018";"ESTADUAL";"AM";"AM";"AMAZONAS";7;"DEPUTADO ESTADUAL";40000609283;33033;"ADRIANO AUGUSTO BRAGA MONTEIRO";"GUTO MONTEIRO";"#NULO#";"33578800244";"NÃO DIVULGÁVEL";12;"APTO";"PARTIDO ISOLADO";33;"PMN";"PARTIDO DA MOBILIZAÇÃO NACIONAL";-1;"#NULO#";"#NULO#";"#NULO#";40000050241;"PARTIDO ISOLADO";"PMN";"AM";"26/10/1968";"011010872283";2;"MASCULINO";8;"SUPERIOR COMPLETO";3;"CASADO(A)";"01";"BRANCA";131;"ADVOGADO";4;"NÃO ELEITO"
"13/11/2024";"10:55:17";2018;2;"ELEIÇÃO ORDINÁRIA";1;297;"Eleições Gerais Estaduais 2018";"07/10/2018";"ESTADUAL";"AM";"AM";"AMAZONAS";7;"DEPUTADO ESTADUAL";40000608157;45123;"MARIO BARROS DA SILVA";"MARIO BARROS";"#NULO#";"11124210253";"NÃO DIVULGÁVEL";12;"APTO";"COLIGAÇÃO";45;"PSDB";"PARTIDO DA SOCIAL DEMOCRACIA BRASILEIRA";-1;"#NULO#";"#NULO#";"#NULO#";40000050212;"AMAZONAS COM SEGURANÇA II";"PSDB / PTC";"PA";"28/02/1959";"006280312259";2;"MASCULINO";8;"SUPERIOR COMPLETO";3;"CASADO(A)";"01";"BRANCA";131;"ADVOGADO";5;"SUPLENTE"
"13/11/2024";"10:55:17";2018;2;"ELEIÇÃO ORDINÁRIA";1;297;"Eleições Gerais Estaduais 2018";"07/10/2018";"ESTADUAL";"AM";"AM";"AMAZONAS";7;"DEPUTADO ESTADUAL";40000618267;15319;"ALTANIRA ULCHOA ALMEIDA OLIVEIRA";"ADV. ALTANIRA ULCHÔA";"#NULO#";"18260144204";"NÃO DIVULGÁVEL";12;"APTO";"COLIGAÇÃO";15;"MDB";"MOVIMENTO DEMOCRÁTICO BRASILEIRO";-1;"#NULO#";"#NULO#";"#NULO#";40000050474;"POR UM AMAZONAS MELHOR";"MDB / DC";"AM";"22/08/1962";"001871662380";4;"FEMININO";8;"SUPERIOR COMPLETO";3;"CASADO(A)";"01";"BRANCA";131;"ADVOGADO";5;"SUPLENTE"
"13/11/2024";"10:55:17";2018;2;"ELEIÇÃO ORDINÁRIA";1;297;"Eleições Gerais Estaduais 2018";"07/10/2018";"ESTADUAL";"AM";"AM";"AMAZONAS";7;"DEPUTADO ESTADUAL";40000609282;33144;"ANTONIO SERGIO CAVALCANTE DE FREITAS";"SERGIO CAVALCANTE";"#NULO#";"31401945287";"NÃO DIVULGÁVEL";12;"APTO";"PARTIDO ISOLADO";33;"PMN";"PARTIDO DA MOBILIZAÇÃO NACIONAL";-1;"#NULO#";"#NULO#";"#NULO#";40000050241;"PARTIDO ISOLADO";"PMN";"AM";"27/03/1969";"014958292259";2;"MASCULINO";8;"SUPERIOR COMPLETO";3;"CASADO(A)";"03";"PARDA";132;"PSICÓLOGO";4;"NÃO ELEITO"
"13/11/2024";"10:55:17";2018;2;"ELEIÇÃO ORDINÁRIA";1;297;"Eleições Gerais Estaduais 2018";"07/10/2018";"ESTADUAL";"AM";"AM";"AMAZONAS";4;"VICE-GOVERNADOR";40000629879;65;"MARIA DO PERPÉTUO SOCORRO MARINHO PRADO";"SOCORRO PRADO";"#NULO#";"19372116220";"NÃO DIVULGÁVEL";12;"APTO";"COLIGAÇÃO";13;"PT";"PARTIDO DOS TRABALHADORES";-1;"#NULO#";"#NULO#";"#NULO#";40000050768;"O POVO FELIZ DE NOVO";"PC do B / PT";"AM";"21/07/1963";"013188932232";4;"FEMININO";8;"SUPERIOR COMPLETO";1;"SOLTEIRO(A)";"03";"PARDA";133;"SOCIÓLOGO";4;"NÃO ELEITO"
"13/11/2024";"10:55:17";2018;2;"ELEIÇÃO ORDINÁRIA";1;297;"Eleições Gerais Estaduais 2018";"07/10/2018";"ESTADUAL";"AM";"AM";"AMAZONAS";7;"DEPUTADO ESTADUAL";40000608879;25123;"HELENA ALVES DIAS";"HELENA DIAS";"#NULO#";"62659480249";"NÃO DIVULGÁVEL";3;"INAPTO";"COLIGAÇÃO";25;"DEM";"DEMOCRATAS";-1;"#NULO#";"#NULO#";"#NULO#";40000050228;"AMAZONAS COM SEGURANÇA I";"PSD / PRB / DEM";"PA";"09/08/1978";"018822542216";4;"FEMININO";8;"SUPERIOR COMPLETO";1;"SOLTEIRO(A)";"03";"PARDA";134;"ASSISTENTE SOCIAL";-1;"#NULO#"
"13/11/2024";"10:55:17";2018;2;"ELEIÇÃO ORDINÁRIA";1;297;"Eleições Gerais Estaduais 2018";"07/10/2018";"ESTADUAL";"AM";"AM";"AMAZONAS";4;"VICE-GOVERNADOR";40000602448;50;"ILZANETE CAMPOS PAZ";"ILZANETE CAMPOS";"#NULO#";"20248873253";"NÃO DIVULGÁVEL";12;"APTO";"PARTIDO ISOLADO";50;"PSOL";"PARTIDO SOCIALISMO E LIBERDADE";-1;"#NULO#";"#NULO#";"#NULO#";40000050067;"PARTIDO ISOLADO";"PSOL";"AM";"12/09/1963";"004912712232";4;"FEMININO";8;"SUPERIOR COMPLETO";3;"CASADO(A)";"03";"PARDA";134;"ASSISTENTE SOCIAL";4;"NÃO ELEITO"
"13/11/2024";"10:55:17";2018;2;"ELEIÇÃO ORDINÁRIA";1;297;"Eleições Gerais Estaduais 2018";"07/10/2018";"ESTADUAL";"AM";"AM";"AMAZONAS";7;"DEPUTADO ESTADUAL";40000612652;77077;"SUSANA RODRIGUES BRANDAO BARBOSA";"SUSANA BRANDAO";"#NULO#";"84683392291";"NÃO DIVULGÁVEL";12;"APTO";"COLIGAÇÃO";77;"SOLIDARIEDADE";"SOLIDARIEDADE";-1;"#NULO#";"#NULO#";"#NULO#";40000050342;"EU VOTO NO AMAZONAS IV";"PP / PR / PPL / SOLIDARIEDADE";"AM";"09/08/1985";"023204962267";4;"FEMININO";8;"SUPERIOR COMPLETO";3;"CASADO(A)";"01";"BRANCA";134;"ASSISTENTE SOCIAL";5;"SUPLENTE"
"13/11/2024";"10:55:17";2018;2;"ELEIÇÃO ORDINÁRIA";1;297;"Eleições Gerais Estaduais 2018";"07/10/2018";"ESTADUAL";"AM";"AM";"AMAZONAS";7;"DEPUTADO ESTADUAL";40000617497;31033;"RODRIGO BARBOSA FROES";"PROFESSOR RODRIGO FROES";"#NULO#";"52961435234";"NÃO DIVULGÁVEL";12;"APTO";"COLIGAÇÃO";31;"PHS";"PARTIDO HUMANISTA DA SOLIDARIEDADE";-1;"#NULO#";"#NULO#";"#NULO#";40000050463;"EU VOTO NO AMAZONAS V";"PHS / PTB / PSL";"AM";"15/08/1988";"023777952283";2;"MASCULINO";8;"SUPERIOR COMPLETO";1;"SOLTEIRO(A)";"03";"PARDA";142;"PROFESSOR DE ENSINO SUPERIOR";5;"SUPLENTE"
"13/11/2024";"10:55:17";2018;2;"ELEIÇÃO ORDINÁRIA";1;297;"Eleições Gerais Estaduais 2018";"07/10/2018";"ESTADUAL";"AM";"AM";"AMAZONAS";7;"DEPUTADO ESTADUAL";40000608218;13444;"MAXILIANO BATISTA BARROS";"PROFESSOR MAX";"#NULO#";"47406992220";"NÃO DIVULGÁVEL";12;"APTO";"COLIGAÇÃO";13;"PT";"PARTIDO DOS TRABALHADORES";-1;"#NULO#";"#NULO#";"#NULO#";40000050768;"O POVO FELIZ DE NOVO";"PC do B / PT";"AM";"11/04/1974";"013119552291";2;"MASCULINO";8;"SUPERIOR COMPLETO";3;"CASADO(A)";"03";"PARDA";142;"PROFESSOR DE ENSINO SUPERIOR";5;"SUPLENTE"
"13/11/2024";"10:55:17";2018;2;"ELEIÇÃO ORDINÁRIA";1;297;"Eleições Gerais Estaduais 2018";"07/10/2018";"ESTADUAL";"AM";"AM";"AMAZONAS";7;"DEPUTADO ESTADUAL";40000611523;23580;"GETULIO LIMA DE QUEIROZ";"PROFESSOR GETULIO QUEIROZ";"#NULO#";"04286685268";"NÃO DIVULGÁVEL";12;"APTO";"PARTIDO ISOLADO";23;"PPS";"PARTIDO POPULAR SOCIALISTA";-1;"#NULO#";"#NULO#";"#NULO#";40000050309;"PARTIDO ISOLADO";"PPS";"AM";"28/07/1957";"000475362208";2;"MASCULINO";8;"SUPERIOR COMPLETO";3;"CASADO(A)";"01";"BRANCA";142;"PROFESSOR DE ENSINO SUPERIOR";5;"SUPLENTE"
"13/11/2024";"10:55:17";2018;2;"ELEIÇÃO ORDINÁRIA";1;297;"Eleições Gerais Estaduais 2018";"07/10/2018";"ESTADUAL";"AM";"AM";"AMAZONAS";6;"DEPUTADO FEDERAL";40000608903;2555;"SARAH KALILAH FERNANDES FURTADO ";"SARAH FURTADO ";"#NULO#";"74493876204";"NÃO DIVULGÁVEL";12;"APTO";"COLIGAÇÃO";25;"DEM";"DEMOCRATAS";-1;"#NULO#";"#NULO#";"#NULO#";40000050229;"AMAZONAS COM SEGURANÇA ";"PSD / PRB / DEM / PTC / PSDB";"AM";"13/11/1984";"022781902208";4;"FEMININO";6;"ENSINO MÉDIO COMPLETO";1;"SOLTEIRO(A)";"01";"BRANCA";142;"PROFESSOR DE ENSINO SUPERIOR";5;"SUPLENTE"
"13/11/2024";"10:55:17";2018;2;"ELEIÇÃO ORDINÁRIA";1;297;"Eleições Gerais Estaduais 2018";"07/10/2018";"ESTADUAL";"AM";"AM";"AMAZONAS";7;"DEPUTADO ESTADUAL";40000619009;90190;"ARLISSON CARDOSO DA SILVA";"ARLISSOM CARDOSO";"#NULO#";"67617077220";"NÃO DIVULGÁVEL";12;"APTO";"COLIGAÇÃO";90;"PROS";"PARTIDO REPUBLICANO DA ORDEM SOCIAL";-1;"#NULO#";"#NULO#";"#NULO#";40000050493;"RENOVA AMAZONAS II";"PSB / PMB / PROS";"PA";"10/07/1980";"018271742208";2;"MASCULINO";6;"ENSINO MÉDIO COMPLETO";3;"CASADO(A)";"03";"PARDA";151;"TÉCNICO CONTABILIDADE, ESTATÍSTICA, ECONOMIA DOMÉSTICA E ADMINISTRAÇÃO";5;"SUPLENTE"
"13/11/2024";"10:55:17";2018;2;"ELEIÇÃO ORDINÁRIA";1;297;"Eleições Gerais Estaduais 2018";"07/10/2018";"ESTADUAL";"AM";"AM";"AMAZONAS";7;"DEPUTADO ESTADUAL";40000610327;28789;"ANTONIO GIRÃO FREIRE NETO";"TOINHO PINGUIM";"#NULO#";"65150970263";"NÃO DIVULGÁVEL";12;"APTO";"COLIGAÇÃO";28;"PRTB";"PARTIDO RENOVADOR TRABALHISTA BRASILEIRO";-1;"#NULO#";"#NULO#";"#NULO#";40000050272;"TRANSFORMAÇÃO POR UM NOVO AMAZONAS";"REDE / PSC / PRTB";"AM";"01/03/1979";"016893012283";2;"MASCULINO";6;"ENSINO MÉDIO COMPLETO";3;"CASADO(A)";"01";"BRANCA";169;"COMERCIANTE";4;"NÃO ELEITO"
"13/11/2024";"10:55:17";2018;2;"ELEIÇÃO ORDINÁRIA";1;297;"Eleições Gerais Estaduais 2018";"07/10/2018";"ESTADUAL";"AM";"AM";"AMAZONAS";6;"DEPUTADO FEDERAL";40000602414;5050;"JOSÉ ROBERTO DOS SANTOS";"ROBERTO DOS SANTOS";"#NULO#";"05300460249";"NÃO DIVULGÁVEL";12;"APTO";"PARTIDO ISOLADO";50;"PSOL";"PARTIDO SOCIALISMO E LIBERDADE";-1;"#NULO#";"#NULO#";"#NULO#";40000050067;"PARTIDO ISOLADO";"PSOL";"AM";"19/03/1956";"004484582240";2;"MASCULINO";8;"SUPERIOR COMPLETO";3;"CASADO(A)";"03";"PARDA";230;"PEDAGOGO";4;"NÃO ELEITO"
"13/11/2024";"10:55:17";2018;2;"ELEIÇÃO ORDINÁRIA";1;297;"Eleições Gerais Estaduais 2018";"07/10/2018";"ESTADUAL";"AM";"AM";"AMAZONAS";7;"DEPUTADO ESTADUAL";40000609274;43334;"MARIA DO SOCORRO GOMES DOS SANTOS";"SOCORRO SANTOS";"#NULO#";"11582979200";"NÃO DIVULGÁVEL";3;"INAPTO";"PARTIDO ISOLADO";43;"PV";"PARTIDO VERDE";-1;"#NULO#";"#NULO#";"#NULO#";40000050239;"PARTIDO ISOLADO";"PV";"AM";"17/07/1959";"001110382216";4;"FEMININO";8;"SUPERIOR COMPLETO";1;"SOLTEIRO(A)";"03";"PARDA";230;"PEDAGOGO";-1;"#NULO#"
"13/11/2024";"10:55:17";2018;2;"ELEIÇÃO ORDINÁRIA";1;297;"Eleições Gerais Estaduais 2018";"07/10/2018";"ESTADUAL";"AM";"AM";"AMAZONAS";7;"DEPUTADO ESTADUAL";40000617517;17777;"PÉRICLES RODRIGUES DO NASCIMENTO";"DELEGADO PÉRICLES";"#NULO#";"58715835200";"NÃO DIVULGÁVEL";12;"APTO";"COLIGAÇÃO";17;"PSL";"PARTIDO SOCIAL LIBERAL";-1;"#NULO#";"#NULO#";"#NULO#";40000050463;"EU VOTO NO AMAZONAS V";"PHS / PTB / PSL";"AM";"27/08/1977";"016878562267";2;"MASCULINO";8;"SUPERIOR COMPLETO";3;"CASADO(A)";"03";"PARDA";232;"POLICIAL CIVIL";2;"ELEITO POR QP"
"13/11/2024";"10:55:17";2018;2;"ELEIÇÃO ORDINÁRIA";1;297;"Eleições Gerais Estaduais 2018";"07/10/2018";"ESTADUAL";"AM";"AM";"AMAZONAS";7;"DEPUTADO ESTADUAL";40000618265;15551;"ANA MARIA DOS SANTOS DE BRITO";"ANINHA";"#NULO#";"27573834268";"NÃO DIVULGÁVEL";12;"APTO";"COLIGAÇÃO";15;"MDB";"MOVIMENTO DEMOCRÁTICO BRASILEIRO";-1;"#NULO#";"#NULO#";"#NULO#";40000050474;"POR UM AMAZONAS MELHOR";"MDB / DC";"AM";"19/08/1958";"004645142267";4;"FEMININO";8;"SUPERIOR COMPLETO";1;"SOLTEIRO(A)";"01";"BRANCA";232;"POLICIAL CIVIL";5;"SUPLENTE"
"13/11/2024";"10:55:17";2018;2;"ELEIÇÃO ORDINÁRIA";1;297;"Eleições Gerais Estaduais 2018";"07/10/2018";"ESTADUAL";"AM";"AM";"AMAZONAS";7;"DEPUTADO ESTADUAL";40000609287;33190;"NAZARENO PAULO MONTEIRO";"SGT. MONTEIRO";"#NULO#";"20034709215";"NÃO DIVULGÁVEL";12;"APTO";"PARTIDO ISOLADO";33;"PMN";"PARTIDO DA MOBILIZAÇÃO NACIONAL";-1;"#NULO#";"#NULO#";"#NULO#";40000050241;"PARTIDO ISOLADO";"PMN";"AM";"14/10/1970";"012045682232";2;"MASCULINO";6;"ENSINO MÉDIO COMPLETO";3;"CASADO(A)";"03";"PARDA";233;"POLICIAL MILITAR";4;"NÃO ELEITO"
"13/11/2024";"10:55:17";2018;2;"ELEIÇÃO ORDINÁRIA";1;297;"Eleições Gerais Estaduais 2018";"07/10/2018";"ESTADUAL";"AM";"AM";"AMAZONAS";7;"DEPUTADO ESTADUAL";40000604599;51678;"MANOEL LOPES DE SOUZA NETO";"SARGENTO MANOEL LOPES";"#NULO#";"33535582253";"NÃO DIVULGÁVEL";12;"APTO";"PARTIDO ISOLADO";51;"PATRIOTA";"PATRIOTA";-1;"#NULO#";"#NULO#";"#NULO#";40000050133;"PARTIDO ISOLADO";"PATRIOTA";"AM";"02/01/1967";"034491812232";2;"MASCULINO";6;"ENSINO MÉDIO COMPLETO";3;"CASADO(A)";"03";"PARDA";233;"POLICIAL MILITAR";4;"NÃO ELEITO"
"13/11/2024";"10:55:17";2018;2;"ELEIÇÃO ORDINÁRIA";1;297;"Eleições Gerais Estaduais 2018";"07/10/2018";"ESTADUAL";"AM";"AM";"AMAZONAS";6;"DEPUTADO FEDERAL";40000610347;1812;"FRANCISCO DAS CHAGAS COSTA";"FRANCISCO COSTA";"#NULO#";"41390393372";"NÃO DIVULGÁVEL";12;"APTO";"COLIGAÇÃO";18;"REDE";"REDE SUSTENTABILIDADE";-1;"#NULO#";"#NULO#";"#NULO#";40000050273;"TRANSFORMAÇÃO POR UM NOVO AMAZONAS";"REDE / PSC / PRTB";"CE";"19/09/1971";"016495742283";2;"MASCULINO";8;"SUPERIOR COMPLETO";3;"CASADO(A)";"03";"PARDA";235;"PROFESSOR E INSTRUTOR DE FORMAÇÃO PROFISSIONAL";4;"NÃO ELEITO"
"13/11/2024";"10:55:17";2018;2;"ELEIÇÃO ORDINÁRIA";1;297;"Eleições Gerais Estaduais 2018";"07/10/2018";"ESTADUAL";"AM";"AM";"AMAZONAS";6;"DEPUTADO FEDERAL";40000618316;2788;"ALBERTO NASCIMENTO CABRAL";"TAMABAQUI";"#NULO#";"34405518220";"NÃO DIVULGÁVEL";12;"APTO";"COLIGAÇÃO";27;"DC";"DEMOCRACIA CRISTÃ";-1;"#NULO#";"#NULO#";"#NULO#";40000050474;"POR UM AMAZONAS MELHOR";"MDB / DC";"AM";"10/10/1970";"010555672267";2;"MASCULINO";6;"ENSINO MÉDIO COMPLETO";9;"DIVORCIADO(A)";"01";"BRANCA";254;"VIGILANTE";4;"NÃO ELEITO"
"13/11/2024";"10:55:17";2018;2;"ELEIÇÃO ORDINÁRIA";1;297;"Eleições Gerais Estaduais 2018";"07/10/2018";"ESTADUAL";"AM";"AM";"AMAZONAS";7;"DEPUTADO ESTADUAL";40000617479;31319;"ANDRE MARSILIO CARVALHO E PINHO";"ANDRE MARSILIO AMIGO DA BR-319";"#NULO#";"76363082234";"NÃO DIVULGÁVEL";12;"APTO";"COLIGAÇÃO";31;"PHS";"PARTIDO HUMANISTA DA SOLIDARIEDADE";-1;"#NULO#";"#NULO#";"#NULO#";40000050463;"EU VOTO NO AMAZONAS V";"PHS / PTB / PSL";"AM";"22/11/1985";"022685792208";2;"MASCULINO";7;"SUPERIOR INCOMPLETO";1;"SOLTEIRO(A)";"03";"PARDA";256;"PROGRAMADOR DE COMPUTADOR";5;"SUPLENTE"
"13/11/2024";"10:55:17";2018;2;"ELEIÇÃO ORDINÁRIA";1;297;"Eleições Gerais Estaduais 2018";"07/10/2018";"ESTADUAL";"AM";"AM";"AMAZONAS";7;"DEPUTADO ESTADUAL";40000610300;18188;"FRANCISCO DE ASSIS DA SILVA DURANS";"CHICO DURANS";"#NULO#";"89699440287";"NÃO DIVULGÁVEL";12;"APTO";"COLIGAÇÃO";18;"REDE";"REDE SUSTENTABILIDADE";-1;"#NULO#";"#NULO#";"#NULO#";40000050272;"TRANSFORMAÇÃO POR UM NOVO AMAZONAS";"REDE / PSC / PRTB";"AM";"13/01/1986";"030765662283";2;"MASCULINO";6;"ENSINO MÉDIO COMPLETO";1;"SOLTEIRO(A)";"03";"PARDA";257;"EMPRESÁRIO";4;"NÃO ELEITO"
"13/11/2024";"10:55:17";2018;2;"ELEIÇÃO ORDINÁRIA";1;297;"Eleições Gerais Estaduais 2018";"07/10/2018";"ESTADUAL";"AM";"AM";"AMAZONAS";5;"SENADOR";40000610062;123;"HISSA NAGIB ABRAHAO FILHO";"HISSA ABRAHÃO";"#NULO#";"64440249272";"NÃO DIVULGÁVEL";12;"APTO";"COLIGAÇÃO";12;"PDT";"PARTIDO DEMOCRÁTICO TRABALHISTA";-1;"#NULO#";"#NULO#";"#NULO#";40000050267;"EU VOTO NO AMAZONAS";"PDT / PRP / AVANTE / PP / PV / PR / SOLIDARIEDADE / PPS / PTB / PHS / PSL / PPL";"AM";"02/08/1980";"019205062267";2;"MASCULINO";8;"SUPERIOR COMPLETO";3;"CASADO(A)";"01";"BRANCA";257;"EMPRESÁRIO";4;"NÃO ELEITO"
"13/11/2024";"10:55:17";2018;2;"ELEIÇÃO ORDINÁRIA";1;297;"Eleições Gerais Estaduais 2018";"07/10/2018";"ESTADUAL";"AM";"AM";"AMAZONAS";7;"DEPUTADO ESTADUAL";40000609303;33319;"DOUGLAS PAZINI JUNGLKANS";"DOUGLAS PIU PIU";"#NULO#";"83926356200";"NÃO DIVULGÁVEL";12;"APTO";"PARTIDO ISOLADO";33;"PMN";"PARTIDO DA MOBILIZAÇÃO NACIONAL";-1;"#NULO#";"#NULO#";"#NULO#";40000050241;"PARTIDO ISOLADO";"PMN";"RR";"26/02/1986";"030295552267";2;"MASCULINO";6;"ENSINO MÉDIO COMPLETO";1;"SOLTEIRO(A)";"01";"BRANCA";257;"EMPRESÁRIO";4;"NÃO ELEITO"
"13/11/2024";"10:55:17";2018;2;"ELEIÇÃO ORDINÁRIA";1;297;"Eleições Gerais Estaduais 2018";"07/10/2018";"ESTADUAL";"AM";"AM";"AMAZONAS";7;"DEPUTADO ESTADUAL";40000617498;31777;"ROSINALDO FERREIRA DA SILVA";"ROSINALDO BUAL";"#NULO#";"58548106204";"NÃO DIVULGÁVEL";12;"APTO";"COLIGAÇÃO";31;"PHS";"PARTIDO HUMANISTA DA SOLIDARIEDADE";-1;"#NULO#";"#NULO#";"#NULO#";40000050463;"EU VOTO NO AMAZONAS V";"PHS / PTB / PSL";"AM";"02/08/1976";"017101162267";2;"MASCULINO";6;"ENSINO MÉDIO COMPLETO";1;"SOLTEIRO(A)";"03";"PARDA";257;"EMPRESÁRIO";5;"SUPLENTE"
"13/11/2024";"10:55:17";2018;2;"ELEIÇÃO ORDINÁRIA";1;297;"Eleições Gerais Estaduais 2018";"07/10/2018";"ESTADUAL";"AM";"AM";"AMAZONAS";7;"DEPUTADO ESTADUAL";40000609308;33456;"RANIEL FERNANDES DA COSTA";"RANIEL FERNANDES";"#NULO#";"41301382272";"NÃO DIVULGÁVEL";12;"APTO";"PARTIDO ISOLADO";33;"PMN";"PARTIDO DA MOBILIZAÇÃO NACIONAL";-1;"#NULO#";"#NULO#";"#NULO#";40000050241;"PARTIDO ISOLADO";"PMN";"AM";"28/07/1970";"011230442240";2;"MASCULINO";6;"ENSINO MÉDIO COMPLETO";3;"CASADO(A)";"03";"PARDA";257;"EMPRESÁRIO";4;"NÃO ELEITO"
"13/11/2024";"10:55:17";2018;2;"ELEIÇÃO ORDINÁRIA";1;297;"Eleições Gerais Estaduais 2018";"07/10/2018";"ESTADUAL";"AM";"AM";"AMAZONAS";7;"DEPUTADO ESTADUAL";40000623428;70222;"LEANDRO JOSÉ PERES DE ARAÚJO";"LEANDRO PAPA SOPA";"#NULO#";"30925118249";"NÃO DIVULGÁVEL";12;"APTO";"COLIGAÇÃO";70;"AVANTE";"AVANTE";-1;"#NULO#";"#NULO#";"#NULO#";40000050628;" EU VOTO NO AMAZONAS III ";"PDT / PRP / AVANTE";"AM";"23/02/1968";"000777362267";2;"MASCULINO";6;"ENSINO MÉDIO COMPLETO";1;"SOLTEIRO(A)";"03";"PARDA";257;"EMPRESÁRIO";5;"SUPLENTE"
"13/11/2024";"10:55:17";2018;2;"ELEIÇÃO ORDINÁRIA";1;297;"Eleições Gerais Estaduais 2018";"07/10/2018";"ESTADUAL";"AM";"AM";"AMAZONAS";6;"DEPUTADO FEDERAL";40000628257;7012;"MOISES DA SILVA NERIS";"MOISES NERIS";"#NULO#";"52254224204";"NÃO DIVULGÁVEL";3;"INAPTO";"COLIGAÇÃO";70;"AVANTE";"AVANTE";-1;"#NULO#";"#NULO#";"#NULO#";40000050626;"EU VOTO NO AMAZONAS II";"PPS / PPL / PRP / AVANTE";"AM";"19/05/1980";"018078132232";2;"MASCULINO";8;"SUPERIOR COMPLETO";3;"CASADO(A)";"03";"PARDA";257;"EMPRESÁRIO";4;"NÃO ELEITO"
"13/11/2024";"10:55:17";2018;2;"ELEIÇÃO ORDINÁRIA";1;297;"Eleições Gerais Estaduais 2018";"07/10/2018";"ESTADUAL";"AM";"AM";"AMAZONAS";7;"DEPUTADO ESTADUAL";40000612635;22202;"JOSE IRAN FIGUEIREDO DE LIMA";"IRAN DAS COMUNIDADES";"#NULO#";"44540264249";"NÃO DIVULGÁVEL";3;"INAPTO";"COLIGAÇÃO";22;"PR";"PARTIDO DA REPÚBLICA";-1;"#NULO#";"#NULO#";"#NULO#";40000050342;"EU VOTO NO AMAZONAS IV";"PP / PR / PPL / SOLIDARIEDADE";"CE";"01/02/1973";"013024932208";2;"MASCULINO";6;"ENSINO MÉDIO COMPLETO";3;"CASADO(A)";"03";"PARDA";257;"EMPRESÁRIO";-1;"#NULO#"
"13/11/2024";"10:55:17";2018;2;"ELEIÇÃO ORDINÁRIA";1;297;"Eleições Gerais Estaduais 2018";"07/10/2018";"ESTADUAL";"AM";"AM";"AMAZONAS";6;"DEPUTADO FEDERAL";40000610428;3345;"MAURICIO MARTINS MONTEIRO";"MAURICIO MARTINS";"#NULO#";"25488589287";"NÃO DIVULGÁVEL";12;"APTO";"COLIGAÇÃO";33;"PMN";"PARTIDO DA MOBILIZAÇÃO NACIONAL";-1;"#NULO#";"#NULO#";"#NULO#";40000050279;"RENOVA AMAZONAS";"PODE / PMN / PSB / PROS";"PB";"07/08/1968";"022826411368";2;"MASCULINO";6;"ENSINO MÉDIO COMPLETO";3;"CASADO(A)";"01";"BRANCA";257;"EMPRESÁRIO";4;"NÃO ELEITO"
"13/11/2024";"10:55:17";2018;2;"ELEIÇÃO ORDINÁRIA";1;297;"Eleições Gerais Estaduais 2018";"07/10/2018";"ESTADUAL";"AM";"AM";"AMAZONAS";7;"DEPUTADO ESTADUAL";40000609246;43233;"EVALDO PEREIRA COUTO";"EVALDO COUTO";"#NULO#";"16013450200";"NÃO DIVULGÁVEL";12;"APTO";"PARTIDO ISOLADO";43;"PV";"PARTIDO VERDE";-1;"#NULO#";"#NULO#";"#NULO#";40000050239;"PARTIDO ISOLADO";"PV";"AM";"18/02/1961";"000351412259";2;"MASCULINO";6;"ENSINO MÉDIO COMPLETO";3;"CASADO(A)";"03";"PARDA";257;"EMPRESÁRIO";5;"SUPLENTE"
"13/11/2024";"10:55:17";2018;2;"ELEIÇÃO ORDINÁRIA";1;297;"Eleições Gerais Estaduais 2018";"07/10/2018";"ESTADUAL";"AM";"AM";"AMAZONAS";7;"DEPUTADO ESTADUAL";40000609310;33666;"EDILSON FERREIRA";"EDILSON FERREIRA";"#NULO#";"68498268249";"NÃO DIVULGÁVEL";12;"APTO";"PARTIDO ISOLADO";33;"PMN";"PARTIDO DA MOBILIZAÇÃO NACIONAL";-1;"#NULO#";"#NULO#";"#NULO#";40000050241;"PARTIDO ISOLADO";"PMN";"AM";"18/05/1977";"017157832283";2;"MASCULINO";5;"ENSINO MÉDIO INCOMPLETO";3;"CASADO(A)";"03";"PARDA";257;"EMPRESÁRIO";4;"NÃO ELEITO"
"13/11/2024";"10:55:17";2018;2;"ELEIÇÃO ORDINÁRIA";1;297;"Eleições Gerais Estaduais 2018";"07/10/2018";"ESTADUAL";"AM";"AM";"AMAZONAS";7;"DEPUTADO ESTADUAL";40000627720;65555;"ANTONIO EDNES FERREIRA DE MENEZES";"ANTONIO RASTEIRA";"#NULO#";"09943064234";"NÃO DIVULGÁVEL";12;"APTO";"COLIGAÇÃO";65;"PC do B";"PARTIDO COMUNISTA DO BRASIL";-1;"#NULO#";"#NULO#";"#NULO#";40000050768;"O POVO FELIZ DE NOVO";"PC do B / PT";"AM";"22/08/1964";"010880062224";2;"MASCULINO";5;"ENSINO MÉDIO INCOMPLETO";3;"CASADO(A)";"03";"PARDA";257;"EMPRESÁRIO";5;"SUPLENTE"
"13/11/2024";"10:55:17";2018;2;"ELEIÇÃO ORDINÁRIA";1;297;"Eleições Gerais Estaduais 2018";"07/10/2018";"ESTADUAL";"AM";"AM";"AMAZONAS";7;"DEPUTADO ESTADUAL";40000619019;35125;"JOHNSON HELEN SOARES MICHILES";"JOHNSON MICHELES";"#NULO#";"45481288400";"NÃO DIVULGÁVEL";12;"APTO";"COLIGAÇÃO";35;"PMB";"PARTIDO DA MULHER BRASILEIRA";-1;"#NULO#";"#NULO#";"#NULO#";40000050493;"RENOVA AMAZONAS II";"PSB / PMB / PROS";"AM";"02/10/1964";"020467112275";2;"MASCULINO";8;"SUPERIOR COMPLETO";3;"CASADO(A)";"01";"BRANCA";257;"EMPRESÁRIO";5;"SUPLENTE"
"13/11/2024";"10:55:17";2018;2;"ELEIÇÃO ORDINÁRIA";1;297;"Eleições Gerais Estaduais 2018";"07/10/2018";"ESTADUAL";"AM";"AM";"AMAZONAS";7;"DEPUTADO ESTADUAL";40000609313;33101;"ANTONIO CESAR DANTAS AMARAL";"CESAR DANTAS";"#NULO#";"19363419215";"NÃO DIVULGÁVEL";12;"APTO";"PARTIDO ISOLADO";33;"PMN";"PARTIDO DA MOBILIZAÇÃO NACIONAL";-1;"#NULO#";"#NULO#";"#NULO#";40000050241;"PARTIDO ISOLADO";"PMN";"AM";"13/09/1962";"005258532275";2;"MASCULINO";7;"SUPERIOR INCOMPLETO";3;"CASADO(A)";"01";"BRANCA";257;"EMPRESÁRIO";4;"NÃO ELEITO"
"13/11/2024";"10:55:17";2018;2;"ELEIÇÃO ORDINÁRIA";1;297;"Eleições Gerais Estaduais 2018";"07/10/2018";"ESTADUAL";"AM";"AM";"AMAZONAS";7;"DEPUTADO ESTADUAL";40000610334;28456;"ALESSANDRO DE SOUZA E SOUZA";"ALESSANDRO SOUZA";"#NULO#";"75068460206";"NÃO DIVULGÁVEL";12;"APTO";"COLIGAÇÃO";28;"PRTB";"PARTIDO RENOVADOR TRABALHISTA BRASILEIRO";-1;"#NULO#";"#NULO#";"#NULO#";40000050272;"TRANSFORMAÇÃO POR UM NOVO AMAZONAS";"REDE / PSC / PRTB";"AM";"20/02/1981";"021434322283";2;"MASCULINO";3;"ENSINO FUNDAMENTAL INCOMPLETO";3;"CASADO(A)";"03";"PARDA";257;"EMPRESÁRIO";4;"NÃO ELEITO"
"13/11/2024";"10:55:17";2018;2;"ELEIÇÃO ORDINÁRIA";1;297;"Eleições Gerais Estaduais 2018";"07/10/2018";"ESTADUAL";"AM";"AM";"AMAZONAS";6;"DEPUTADO FEDERAL";40000618313;1512;"NELIA CONCEIÇÃO MADY";"LOURA DO CUPUAÇU";"#NULO#";"13597710263";"NÃO DIVULGÁVEL";12;"APTO";"COLIGAÇÃO";15;"MDB";"MOVIMENTO DEMOCRÁTICO BRASILEIRO";-1;"#NULO#";"#NULO#";"#NULO#";40000050474;"POR UM AMAZONAS MELHOR";"MDB / DC";"AM";"09/12/1959";"021789532232";4;"FEMININO";6;"ENSINO MÉDIO COMPLETO";1;"SOLTEIRO(A)";"01";"BRANCA";257;"EMPRESÁRIO";4;"NÃO ELEITO"
"13/11/2024";"10:55:17";2018;2;"ELEIÇÃO ORDINÁRIA";1;297;"Eleições Gerais Estaduais 2018";"07/10/2018";"ESTADUAL";"AM";"AM";"AMAZONAS";7;"DEPUTADO ESTADUAL";40000618307;27027;"SIDINA SOCORRO DOS SANTOS OLIVEIRA";"SOCORRO OLIVEIRA";"#NULO#";"27581896234";"NÃO DIVULGÁVEL";12;"APTO";"COLIGAÇÃO";27;"DC";"DEMOCRACIA CRISTÃ";-1;"#NULO#";"#NULO#";"#NULO#";40000050474;"POR UM AMAZONAS MELHOR";"MDB / DC";"AM";"23/06/1967";"003420292291";4;"FEMININO";6;"ENSINO MÉDIO COMPLETO";1;"SOLTEIRO(A)";"03";"PARDA";257;"EMPRESÁRIO";5;"SUPLENTE"
"13/11/2024";"10:55:17";2018;2;"ELEIÇÃO ORDINÁRIA";1;297;"Eleições Gerais Estaduais 2018";"07/10/2018";"ESTADUAL";"AM";"AM";"AMAZONAS";7;"DEPUTADO ESTADUAL";40000627707;65010;"MARIA BETANIA DO ESPIRITO SANTO";"MÃE BETANIA";"#NULO#";"47596333249";"NÃO DIVULGÁVEL";12;"APTO";"COLIGAÇÃO";65;"PC do B";"PARTIDO COMUNISTA DO BRASIL";-1;"#NULO#";"#NULO#";"#NULO#";40000050768;"O POVO FELIZ DE NOVO";"PC do B / PT";"PE";"06/03/1972";"046906780892";4;"FEMININO";6;"ENSINO MÉDIO COMPLETO";1;"SOLTEIRO(A)";"01";"BRANCA";257;"EMPRESÁRIO";5;"SUPLENTE"
"13/11/2024";"10:55:17";2018;2;"ELEIÇÃO ORDINÁRIA";1;297;"Eleições Gerais Estaduais 2018";"07/10/2018";"ESTADUAL";"AM";"AM";"AMAZONAS";7;"DEPUTADO ESTADUAL";40000611541;23007;"VALDINO BRITO MACIEL";"VALDINO CBMAN";"#NULO#";"34543830210";"NÃO DIVULGÁVEL";12;"APTO";"PARTIDO ISOLADO";23;"PPS";"PARTIDO POPULAR SOCIALISTA";-1;"#NULO#";"#NULO#";"#NULO#";40000050309;"PARTIDO ISOLADO";"PPS";"AM";"05/09/1969";"010552302283";2;"MASCULINO";6;"ENSINO MÉDIO COMPLETO";3;"CASADO(A)";"03";"PARDA";258;"BOMBEIRO MILITAR";5;"SUPLENTE"
"13/11/2024";"10:55:17";2018;2;"ELEIÇÃO ORDINÁRIA";1;297;"Eleições Gerais Estaduais 2018";"07/10/2018";"ESTADUAL";"AM";"AM";"AMAZONAS";7;"DEPUTADO ESTADUAL";40000627702;65147;"JULIO CESAR RAPOSO LISBOA";"LISBOA";"#NULO#";"19299222215";"NÃO DIVULGÁVEL";12;"APTO";"COLIGAÇÃO";65;"PC do B";"PARTIDO COMUNISTA DO BRASIL";-1;"#NULO#";"#NULO#";"#NULO#";40000050768;"O POVO FELIZ DE NOVO";"PC do B / PT";"AM";"27/11/1966";"024744601430";2;"MASCULINO";8;"SUPERIOR COMPLETO";3;"CASADO(A)";"03";"PARDA";265;"PROFESSOR DE ENSINO FUNDAMENTAL";5;"SUPLENTE"
"13/11/2024";"10:55:17";2018;2;"ELEIÇÃO ORDINÁRIA";1;297;"Eleições Gerais Estaduais 2018";"07/10/2018";"ESTADUAL";"AM";"AM";"AMAZONAS";6;"DEPUTADO FEDERAL";40000627878;1215;"TEODOLINDO SIMOES FILHO";"TEODOLINDO SIMOES FILHO";"#NULO#";"02716941220";"NÃO DIVULGÁVEL";3;"INAPTO";"COLIGAÇÃO";12;"PDT";"PARTIDO DEMOCRÁTICO TRABALHISTA";-1;"#NULO#";"#NULO#";"#NULO#";40000050278;"EU VOTO NO AMAZONAS I";"PDT / PP / PV / PR / SOLIDARIEDADE / PTB / PHS / PSL";"SP";"10/04/1949";"005240922216";2;"MASCULINO";8;"SUPERIOR COMPLETO";3;"CASADO(A)";"01";"BRANCA";266;"PROFESSOR DE ENSINO MÉDIO";4;"NÃO ELEITO"
"13/11/2024";"10:55:17";2018;2;"ELEIÇÃO ORDINÁRIA";1;297;"Eleições Gerais Estaduais 2018";"07/10/2018";"ESTADUAL";"AM";"AM";"AMAZONAS";7;"DEPUTADO ESTADUAL";40000604625;51005;"PAULO SERGIO CORDEIRO CARNEIRO";"PROF PAULINHO DO BOXE";"#NULO#";"15698786844";"NÃO DIVULGÁVEL";12;"APTO";"PARTIDO ISOLADO";51;"PATRIOTA";"PATRIOTA";-1;"#NULO#";"#NULO#";"#NULO#";40000050133;"PARTIDO ISOLADO";"PATRIOTA";"BA";"10/02/1967";"020073242208";2;"MASCULINO";8;"SUPERIOR COMPLETO";3;"CASADO(A)";"03";"PARDA";266;"PROFESSOR DE ENSINO MÉDIO";4;"NÃO ELEITO"
"13/11/2024";"10:55:17";2018;2;"ELEIÇÃO ORDINÁRIA";1;297;"Eleições Gerais Estaduais 2018";"07/10/2018";"ESTADUAL";"AM";"AM";"AMAZONAS";7;"DEPUTADO ESTADUAL";40000623447;70456;"JOSE CIDENEI LOBO DO NASCIMENTO";"DEDEI LOBO";"#NULO#";"23096110263";"NÃO DIVULGÁVEL";12;"APTO";"COLIGAÇÃO";70;"AVANTE";"AVANTE";-1;"#NULO#";"#NULO#";"#NULO#";40000050628;" EU VOTO NO AMAZONAS III ";"PDT / PRP / AVANTE";"AM";"10/11/1962";"002322112208";2;"MASCULINO";8;"SUPERIOR COMPLETO";3;"CASADO(A)";"03";"PARDA";266;"PROFESSOR DE ENSINO MÉDIO";5;"SUPLENTE"
"13/11/2024";"10:55:17";2018;2;"ELEIÇÃO ORDINÁRIA";1;297;"Eleições Gerais Estaduais 2018";"07/10/2018";"ESTADUAL";"AM";"AM";"AMAZONAS";7;"DEPUTADO ESTADUAL";40000609289;33500;"MARCILENI SILVA DOS SANTOS";"PROF. MARCILENI SANTOS";"#NULO#";"33617651291";"NÃO DIVULGÁVEL";12;"APTO";"PARTIDO ISOLADO";33;"PMN";"PARTIDO DA MOBILIZAÇÃO NACIONAL";-1;"#NULO#";"#NULO#";"#NULO#";40000050241;"PARTIDO ISOLADO";"PMN";"AM";"25/09/1968";"010274032208";4;"FEMININO";8;"SUPERIOR COMPLETO";1;"SOLTEIRO(A)";"03";"PARDA";266;"PROFESSOR DE ENSINO MÉDIO";4;"NÃO ELEITO"
"13/11/2024";"10:55:17";2018;2;"ELEIÇÃO ORDINÁRIA";1;297;"Eleições Gerais Estaduais 2018";"07/10/2018";"ESTADUAL";"AM";"AM";"AMAZONAS";6;"DEPUTADO FEDERAL";40000618309;1515;"GEDEAO TIMOTEO AMORIM";"PROFESSOR GEDEÃO";"#NULO#";"01196820287";"NÃO DIVULGÁVEL";12;"APTO";"COLIGAÇÃO";15;"MDB";"MOVIMENTO DEMOCRÁTICO BRASILEIRO";-1;"#NULO#";"#NULO#";"#NULO#";40000050474;"POR UM AMAZONAS MELHOR";"MDB / DC";"CE";"12/10/1952";"001550122283";2;"MASCULINO";8;"SUPERIOR COMPLETO";3;"CASADO(A)";"01";"BRANCA";277;"DEPUTADO";4;"NÃO ELEITO"
"13/11/2024";"10:55:17";2018;2;"ELEIÇÃO ORDINÁRIA";1;297;"Eleições Gerais Estaduais 2018";"07/10/2018";"ESTADUAL";"AM";"AM";"AMAZONAS";6;"DEPUTADO FEDERAL";40000610407;1111;"ATILA SIDNEY LINS DE ALBUQUERQUE";"ATILA LINS";"#NULO#";"00694584215";"NÃO DIVULGÁVEL";12;"APTO";"COLIGAÇÃO";11;"PP";"PROGRESSISTAS";-1;"#NULO#";"#NULO#";"#NULO#";40000050278;"EU VOTO NO AMAZONAS I";"PDT / PP / PV / PR / SOLIDARIEDADE / PTB / PHS / PSL";"AM";"22/11/1950";"004225492208";2;"MASCULINO";8;"SUPERIOR COMPLETO";3;"CASADO(A)";"01";"BRANCA";277;"DEPUTADO";2;"ELEITO POR QP"
"13/11/2024";"10:55:17";2018;2;"ELEIÇÃO ORDINÁRIA";1;297;"Eleições Gerais Estaduais 2018";"07/10/2018";"ESTADUAL";"AM";"AM";"AMAZONAS";7;"DEPUTADO ESTADUAL";40000608857;55555;"JOSUE CLAUDIO DE SOUZA NETO";"JOSUÉ NETO";"#NULO#";"43927009253";"NÃO DIVULGÁVEL";12;"APTO";"COLIGAÇÃO";55;"PSD";"PARTIDO SOCIAL DEMOCRÁTICO";-1;"#NULO#";"#NULO#";"#NULO#";40000050228;"AMAZONAS COM SEGURANÇA I";"PSD / PRB / DEM";"AM";"01/05/1975";"016035472208";2;"MASCULINO";8;"SUPERIOR COMPLETO";3;"CASADO(A)";"01";"BRANCA";277;"DEPUTADO";2;"ELEITO POR QP"
"13/11/2024";"10:55:17";2018;2;"ELEIÇÃO ORDINÁRIA";1;297;"Eleições Gerais Estaduais 2018";"07/10/2018";"ESTADUAL";"AM";"AM";"AMAZONAS";6;"DEPUTADO FEDERAL";40000610429;1313;"JOSE RICARDO WENDLING";"JOSÉ RICARDO";"#NULO#";"18660037200";"NÃO DIVULGÁVEL";12;"APTO";"COLIGAÇÃO";13;"PT";"PARTIDO DOS TRABALHADORES";-1;"#NULO#";"#NULO#";"#NULO#";40000050768;"O POVO FELIZ DE NOVO";"PC do B / PT";"RS";"23/06/1964";"004469272259";2;"MASCULINO";8;"SUPERIOR COMPLETO";3;"CASADO(A)";"01";"BRANCA";277;"DEPUTADO";2;"ELEITO POR QP"
"13/11/2024";"10:55:17";2018;2;"ELEIÇÃO ORDINÁRIA";1;297;"Eleições Gerais Estaduais 2018";"07/10/2018";"ESTADUAL";"AM";"AM";"AMAZONAS";7;"DEPUTADO ESTADUAL";40000612641;11123;"DERMILSON CARVALHO DAS CHAGAS";"DERMILSON CHAGAS";"#NULO#";"34476741215";"NÃO DIVULGÁVEL";12;"APTO";"COLIGAÇÃO";11;"PP";"PROGRESSISTAS";-1;"#NULO#";"#NULO#";"#NULO#";40000050342;"EU VOTO NO AMAZONAS IV";"PP / PR / PPL / SOLIDARIEDADE";"AM";"10/08/1970";"010546202208";2;"MASCULINO";7;"SUPERIOR INCOMPLETO";3;"CASADO(A)";"01";"BRANCA";277;"DEPUTADO";2;"ELEITO POR QP"
"13/11/2024";"10:55:17";2018;2;"ELEIÇÃO ORDINÁRIA";1;297;"Eleições Gerais Estaduais 2018";"07/10/2018";"ESTADUAL";"AM";"AM";"AMAZONAS";6;"DEPUTADO FEDERAL";40000608897;4545;"MARIA DA CONCEIÇÃO SAMPAIO MOURA";"CONCEIÇÃO SAMPAIO";"#NULO#";"23934409253";"NÃO DIVULGÁVEL";12;"APTO";"COLIGAÇÃO";45;"PSDB";"PARTIDO DA SOCIAL DEMOCRACIA BRASILEIRA";-1;"#NULO#";"#NULO#";"#NULO#";40000050229;"AMAZONAS COM SEGURANÇA ";"PSD / PRB / DEM / PTC / PSDB";"PA";"01/01/1966";"002946212216";4;"FEMININO";8;"SUPERIOR COMPLETO";3;"CASADO(A)";"03";"PARDA";277;"DEPUTADO";5;"SUPLENTE"
"13/11/2024";"10:55:17";2018;2;"ELEIÇÃO ORDINÁRIA";1;297;"Eleições Gerais Estaduais 2018";"07/10/2018";"ESTADUAL";"AM";"AM";"AMAZONAS";10;"2º SUPLENTE";40000627726;656;"JOANILSON PINTO MENDES";"JOANILSON MENDES";"#NULO#";"65710380210";"NÃO DIVULGÁVEL";12;"APTO";"COLIGAÇÃO";65;"PC do B";"PARTIDO COMUNISTA DO BRASIL";-1;"#NULO#";"#NULO#";"#NULO#";40000050768;"O POVO FELIZ DE NOVO";"PC do B / PT";"AM";"19/07/1979";"019534952275";2;"MASCULINO";8;"SUPERIOR COMPLETO";3;"CASADO(A)";"03";"PARDA";278;"VEREADOR";4;"NÃO ELEITO"
"13/11/2024";"10:55:17";2018;2;"ELEIÇÃO ORDINÁRIA";1;297;"Eleições Gerais Estaduais 2018";"07/10/2018";"ESTADUAL";"AM";"AM";"AMAZONAS";4;"VICE-GOVERNADOR";40000603710;55;"ARTHUR VIRGILIO DO CARMO RIBEIRO BISNETO";"ARTHUR BISNETO";"#NULO#";"64264246253";"NÃO DIVULGÁVEL";12;"APTO";"COLIGAÇÃO";45;"PSDB";"PARTIDO DA SOCIAL DEMOCRACIA BRASILEIRA";-1;"#NULO#";"#NULO#";"#NULO#";40000050103;"AMAZONAS COM SEGURANÇA";"PSD / PSDB / DEM / PRB / PTC / PATRIOTA";"AM";"01/10/1979";"019198622208";2;"MASCULINO";6;"ENSINO MÉDIO COMPLETO";9;"DIVORCIADO(A)";"01";"BRANCA";296;"SERVIDOR PÚBLICO FEDERAL";4;"NÃO ELEITO"
"13/11/2024";"10:55:17";2018;2;"ELEIÇÃO ORDINÁRIA";1;297;"Eleições Gerais Estaduais 2018";"07/10/2018";"ESTADUAL";"AM";"AM";"AMAZONAS";6;"DEPUTADO FEDERAL";40000602410;5001;"MARCELO FURTADO MACHADO LEITÃO";"MARCELO LEITÃO";"#NULO#";"01142427200";"NÃO DIVULGÁVEL";12;"APTO";"PARTIDO ISOLADO";50;"PSOL";"PARTIDO SOCIALISMO E LIBERDADE";-1;"#NULO#";"#NULO#";"#NULO#";40000050067;"PARTIDO ISOLADO";"PSOL";"AM";"01/12/1990";"035465882232";2;"MASCULINO";6;"ENSINO MÉDIO COMPLETO";1;"SOLTEIRO(A)";"01";"BRANCA";297;"SERVIDOR PÚBLICO ESTADUAL";4;"NÃO ELEITO"
"13/11/2024";"10:55:17";2018;2;"ELEIÇÃO ORDINÁRIA";1;297;"Eleições Gerais Estaduais 2018";"07/10/2018";"ESTADUAL";"AM";"AM";"AMAZONAS";7;"DEPUTADO ESTADUAL";40000618300;27127;"MARIA DE NAZARE PINHEIRO DA SILVA";"NAZARE PINHEIRO";"#NULO#";"04289307272";"NÃO DIVULGÁVEL";12;"APTO";"COLIGAÇÃO";27;"DC";"DEMOCRACIA CRISTÃ";-1;"#NULO#";"#NULO#";"#NULO#";40000050474;"POR UM AMAZONAS MELHOR";"MDB / DC";"AM";"27/10/1952";"006434512275";4;"FEMININO";8;"SUPERIOR COMPLETO";9;"DIVORCIADO(A)";"03";"PARDA";297;"SERVIDOR PÚBLICO ESTADUAL";5;"SUPLENTE"
"13/11/2024";"10:55:17";2018;2;"ELEIÇÃO ORDINÁRIA";1;297;"Eleições Gerais Estaduais 2018";"07/10/2018";"ESTADUAL";"AM";"AM";"AMAZONAS";7;"DEPUTADO ESTADUAL";40000612650;77789;"MARCIO DE MENEZES DIAS";"MARCINHO DIAS";"#NULO#";"67764835234";"NÃO DIVULGÁVEL";12;"APTO";"COLIGAÇÃO";77;"SOLIDARIEDADE";"SOLIDARIEDADE";-1;"#NULO#";"#NULO#";"#NULO#";40000050342;"EU VOTO NO AMAZONAS IV";"PP / PR / PPL / SOLIDARIEDADE";"AM";"16/11/1979";"019850702208";2;"MASCULINO";8;"SUPERIOR COMPLETO";3;"CASADO(A)";"03";"PARDA";298;"SERVIDOR PÚBLICO MUNICIPAL";5;"SUPLENTE"
"13/11/2024";"10:55:17";2018;2;"ELEIÇÃO ORDINÁRIA";1;297;"Eleições Gerais Estaduais 2018";"07/10/2018";"ESTADUAL";"AM";"AM";"AMAZONAS";6;"DEPUTADO FEDERAL";40000623409;2323;"ROSIDALVA PINTO DE AQUINO";"ROSIDALVA AQUINO";"#NULO#";"23152672268";"NÃO DIVULGÁVEL";12;"APTO";"COLIGAÇÃO";23;"PPS";"PARTIDO POPULAR SOCIALISTA";-1;"#NULO#";"#NULO#";"#NULO#";40000050626;"EU VOTO NO AMAZONAS II";"PPS / PPL / PRP / AVANTE";"PA";"12/03/1967";"014621562283";4;"FEMININO";8;"SUPERIOR COMPLETO";1;"SOLTEIRO(A)";"01";"BRANCA";298;"SERVIDOR PÚBLICO MUNICIPAL";4;"NÃO ELEITO"
"13/11/2024";"10:55:17";2018;2;"ELEIÇÃO ORDINÁRIA";1;297;"Eleições Gerais Estaduais 2018";"07/10/2018";"ESTADUAL";"AM";"AM";"AMAZONAS";7;"DEPUTADO ESTADUAL";40000627729;65112;"MANUEL ITELVINO DE AZEVEDO PEREIRA";"THEL MANUEL";"#NULO#";"51938430263";"NÃO DIVULGÁVEL";12;"APTO";"COLIGAÇÃO";65;"PC do B";"PARTIDO COMUNISTA DO BRASIL";-1;"#NULO#";"#NULO#";"#NULO#";40000050768;"O POVO FELIZ DE NOVO";"PC do B / PT";"AM";"08/07/1977";"017043092232";2;"MASCULINO";6;"ENSINO MÉDIO COMPLETO";3;"CASADO(A)";"03";"PARDA";303;"GERENTE";5;"SUPLENTE"
"13/11/2024";"10:55:17";2018;2;"ELEIÇÃO ORDINÁRIA";1;297;"Eleições Gerais Estaduais 2018";"07/10/2018";"ESTADUAL";"AM";"AM";"AMAZONAS";7;"DEPUTADO ESTADUAL";40000611557;23300;"AURELIANO GOMES JUNIOR";"PASTOR JUNIOR";"#NULO#";"62983628272";"NÃO DIVULGÁVEL";12;"APTO";"PARTIDO ISOLADO";23;"PPS";"PARTIDO POPULAR SOCIALISTA";-1;"#NULO#";"#NULO#";"#NULO#";40000050309;"PARTIDO ISOLADO";"PPS";"AM";"05/11/1978";"018712272240";2;"MASCULINO";8;"SUPERIOR COMPLETO";3;"CASADO(A)";"03";"PARDA";303;"GERENTE";5;"SUPLENTE"
"13/11/2024";"10:55:17";2018;2;"ELEIÇÃO ORDINÁRIA";1;297;"Eleições Gerais Estaduais 2018";"07/10/2018";"ESTADUAL";"AM";"AM";"AMAZONAS";9;"1º SUPLENTE";40000602402;500;"MARCIA MAMEDE DE BRITO";"MARCIA MAMEDE";"#NULO#";"04193710874";"NÃO DIVULGÁVEL";12;"APTO";"PARTIDO ISOLADO";50;"PSOL";"PARTIDO SOCIALISMO E LIBERDADE";-1;"#NULO#";"#NULO#";"#NULO#";40000050067;"PARTIDO ISOLADO";"PSOL";"SP";"16/04/1961";"099188480116";4;"FEMININO";6;"ENSINO MÉDIO COMPLETO";9;"DIVORCIADO(A)";"03";"PARDA";303;"GERENTE";4;"NÃO ELEITO"
"13/11/2024";"10:55:17";2018;2;"ELEIÇÃO ORDINÁRIA";1;297;"Eleições Gerais Estaduais 2018";"07/10/2018";"ESTADUAL";"AM";"AM";"AMAZONAS";7;"DEPUTADO ESTADUAL";40000610342;20432;"ANNE KAROLINE FERREIRA ALVES";"ANNE KAROLINE ALVES";"#NULO#";"02731627212";"NÃO DIVULGÁVEL";12;"APTO";"COLIGAÇÃO";20;"PSC";"PARTIDO SOCIAL CRISTÃO";-1;"#NULO#";"#NULO#";"#NULO#";40000050272;"TRANSFORMAÇÃO POR UM NOVO AMAZONAS";"REDE / PSC / PRTB";"AM";"07/12/1997";"040299712267";4;"FEMININO";6;"ENSINO MÉDIO COMPLETO";1;"SOLTEIRO(A)";"03";"PARDA";394;"AUXILIAR DE ESCRITÓRIO E ASSEMELHADOS";4;"NÃO ELEITO"
"13/11/2024";"10:55:17";2018;2;"ELEIÇÃO ORDINÁRIA";1;297;"Eleições Gerais Estaduais 2018";"07/10/2018";"ESTADUAL";"AM";"AM";"AMAZONAS";7;"DEPUTADO ESTADUAL";40000617521;14555;"JUCICLEIDE DAMASCENA DE SOUSA";"CLEIDE DAMASCENA";"#NULO#";"83861548291";"NÃO DIVULGÁVEL";12;"APTO";"COLIGAÇÃO";14;"PTB";"PARTIDO TRABALHISTA BRASILEIRO";-1;"#NULO#";"#NULO#";"#NULO#";40000050463;"EU VOTO NO AMAZONAS V";"PHS / PTB / PSL";"PA";"28/06/1976";"016424312208";4;"FEMININO";6;"ENSINO MÉDIO COMPLETO";3;"CASADO(A)";"03";"PARDA";394;"AUXILIAR DE ESCRITÓRIO E ASSEMELHADOS";5;"SUPLENTE"
"13/11/2024";"10:55:17";2018;2;"ELEIÇÃO ORDINÁRIA";1;297;"Eleições Gerais Estaduais 2018";"07/10/2018";"ESTADUAL";"AM";"AM";"AMAZONAS";7;"DEPUTADO ESTADUAL";40000623453;12321;"CARLA SILVA DE MELO";"CARLA SILVA";"#NULO#";"70233942220";"NÃO DIVULGÁVEL";12;"APTO";"COLIGAÇÃO";12;"PDT";"PARTIDO DEMOCRÁTICO TRABALHISTA";-1;"#NULO#";"#NULO#";"#NULO#";40000050628;" EU VOTO NO AMAZONAS III ";"PDT / PRP / AVANTE";"AM";"22/04/1983";"021711282232";4;"FEMININO";7;"SUPERIOR INCOMPLETO";1;"SOLTEIRO(A)";"01";"BRANCA";394;"AUXILIAR DE ESCRITÓRIO E ASSEMELHADOS";5;"SUPLENTE"
"13/11/2024";"10:55:17";2018;2;"ELEIÇÃO ORDINÁRIA";1;297;"Eleições Gerais Estaduais 2018";"07/10/2018";"ESTADUAL";"AM";"AM";"AMAZONAS";7;"DEPUTADO ESTADUAL";40000627732;65657;"SANJAY DE ABREU";"SANJAY ABREU";"#NULO#";"75887789204";"NÃO DIVULGÁVEL";12;"APTO";"COLIGAÇÃO";65;"PC do B";"PARTIDO COMUNISTA DO BRASIL";-1;"#NULO#";"#NULO#";"#NULO#";40000050768;"O POVO FELIZ DE NOVO";"PC do B / PT";"AM";"07/07/1982";"022259292259";2;"MASCULINO";8;"SUPERIOR COMPLETO";1;"SOLTEIRO(A)";"01";"BRANCA";403;"CORRETOR DE IMÓVEIS, SEGUROS, TÍTULOS E VALORES";4;"NÃO ELEITO"
"13/11/2024";"10:55:17";2018;2;"ELEIÇÃO ORDINÁRIA";1;297;"Eleições Gerais Estaduais 2018";"07/10/2018";"ESTADUAL";"AM";"AM";"AMAZONAS";7;"DEPUTADO ESTADUAL";40000609299;33173;"RUBEM MATULIO DE SOUZA";"RUBÃO MATULIO";"#NULO#";"21423342291";"NÃO DIVULGÁVEL";12;"APTO";"PARTIDO ISOLADO";33;"PMN";"PARTIDO DA MOBILIZAÇÃO NACIONAL";-1;"#NULO#";"#NULO#";"#NULO#";40000050241;"PARTIDO ISOLADO";"PMN";"AM";"23/03/1964";"001338532267";2;"MASCULINO";7;"SUPERIOR INCOMPLETO";3;"CASADO(A)";"01";"BRANCA";403;"CORRETOR DE IMÓVEIS, SEGUROS, TÍTULOS E VALORES";4;"NÃO ELEITO"
"13/11/2024";"10:55:17";2018;2;"ELEIÇÃO ORDINÁRIA";1;297;"Eleições Gerais Estaduais 2018";"07/10/2018";"ESTADUAL";"AM";"AM";"AMAZONAS";7;"DEPUTADO ESTADUAL";40000602432;50065;"SILVANA VIEIRA DA SILVA";"SILVANA VIEIRA";"#NULO#";"23973706204";"NÃO DIVULGÁVEL";12;"APTO";"PARTIDO ISOLADO";50;"PSOL";"PARTIDO SOCIALISMO E LIBERDADE";-1;"#NULO#";"#NULO#";"#NULO#";40000050067;"PARTIDO ISOLADO";"PSOL";"AM";"28/10/1963";"001089322232";4;"FEMININO";6;"ENSINO MÉDIO COMPLETO";1;"SOLTEIRO(A)";"03";"PARDA";403;"CORRETOR DE IMÓVEIS, SEGUROS, TÍTULOS E VALORES";4;"NÃO ELEITO"
"13/11/2024";"10:55:17";2018;2;"ELEIÇÃO ORDINÁRIA";1;297;"Eleições Gerais Estaduais 2018";"07/10/2018";"ESTADUAL";"AM";"AM";"AMAZONAS";7;"DEPUTADO ESTADUAL";40000609290;33310;"DAVID RODRIGUES PANTOJA";"DAVID RODRIGUES";"#NULO#";"01595093273";"NÃO DIVULGÁVEL";12;"APTO";"PARTIDO ISOLADO";33;"PMN";"PARTIDO DA MOBILIZAÇÃO NACIONAL";-1;"#NULO#";"#NULO#";"#NULO#";40000050241;"PARTIDO ISOLADO";"PMN";"AM";"04/05/1994";"041361852275";2;"MASCULINO";5;"ENSINO MÉDIO INCOMPLETO";3;"CASADO(A)";"03";"PARDA";411;"VENDEDOR DE COMÉRCIO VAREJISTA E ATACADISTA";4;"NÃO ELEITO"
"13/11/2024";"10:55:17";2018;2;"ELEIÇÃO ORDINÁRIA";1;297;"Eleições Gerais Estaduais 2018";"07/10/2018";"ESTADUAL";"AM";"AM";"AMAZONAS";7;"DEPUTADO ESTADUAL";40000602433;50255;"TANIA CRISTINA MORAES DOS SANTOS";"CRISTI SANTOS";"#NULO#";"90555120287";"NÃO DIVULGÁVEL";12;"APTO";"PARTIDO ISOLADO";50;"PSOL";"PARTIDO SOCIALISMO E LIBERDADE";-1;"#NULO#";"#NULO#";"#NULO#";40000050067;"PARTIDO ISOLADO";"PSOL";"AM";"16/07/1979";"031053342232";4;"FEMININO";6;"ENSINO MÉDIO COMPLETO";1;"SOLTEIRO(A)";"03";"PARDA";411;"VENDEDOR DE COMÉRCIO VAREJISTA E ATACADISTA";4;"NÃO ELEITO"
"13/11/2024";"10:55:17";2018;2;"ELEIÇÃO ORDINÁRIA";1;297;"Eleições Gerais Estaduais 2018";"07/10/2018";"ESTADUAL";"AM";"AM";"AMAZONAS";7;"DEPUTADO ESTADUAL";40000608210;13123;"EDIVAN CASTILHO FERREIRA";"EDIVAN CASTILHO";"#NULO#";"60082240272";"NÃO DIVULGÁVEL";12;"APTO";"COLIGAÇÃO";13;"PT";"PARTIDO DOS TRABALHADORES";-1;"#NULO#";"#NULO#";"#NULO#";40000050768;"O POVO FELIZ DE NOVO";"PC do B / PT";"AM";"02/05/1978";"019144702291";2;"MASCULINO";4;"ENSINO FUNDAMENTAL COMPLETO";3;"CASADO(A)";"02";"PRETA";537;"MOTORISTA PARTICULAR";5;"SUPLENTE"
"13/11/2024";"10:55:17";2018;2;"ELEIÇÃO ORDINÁRIA";1;297;"Eleições Gerais Estaduais 2018";"07/10/2018";"ESTADUAL";"AM";"AM";"AMAZONAS";7;"DEPUTADO ESTADUAL";40000608154;45678;"AMARIL DA SILVA PEREIRA";"AMARIL SILVA";"#NULO#";"20045697272";"NÃO DIVULGÁVEL";12;"APTO";"COLIGAÇÃO";45;"PSDB";"PARTIDO DA SOCIAL DEMOCRACIA BRASILEIRA";-1;"#NULO#";"#NULO#";"#NULO#";40000050212;"AMAZONAS COM SEGURANÇA II";"PSDB / PTC";"AM";"16/04/1963";"010127382208";2;"MASCULINO";6;"ENSINO MÉDIO COMPLETO";1;"SOLTEIRO(A)";"02";"PRETA";541;"MECÂNICO DE MANUTENÇÃO";5;"SUPLENTE"
"13/11/2024";"10:55:17";2018;2;"ELEIÇÃO ORDINÁRIA";1;297;"Eleições Gerais Estaduais 2018";"07/10/2018";"ESTADUAL";"AM";"AM";"AMAZONAS";7;"DEPUTADO ESTADUAL";40000611555;23100;"AFONSO ARAUJO BARBOSA";"PAVAO DO FUTEBOL";"#NULO#";"21432031287";"NÃO DIVULGÁVEL";12;"APTO";"PARTIDO ISOLADO";23;"PPS";"PARTIDO POPULAR SOCIALISTA";-1;"#NULO#";"#NULO#";"#NULO#";40000050309;"PARTIDO ISOLADO";"PPS";"AM";"10/08/1962";"000729792259";2;"MASCULINO";6;"ENSINO MÉDIO COMPLETO";3;"CASADO(A)";"03";"PARDA";541;"MECÂNICO DE MANUTENÇÃO";5;"SUPLENTE"
"13/11/2024";"10:55:17";2018;2;"ELEIÇÃO ORDINÁRIA";1;297;"Eleições Gerais Estaduais 2018";"07/10/2018";"ESTADUAL";"AM";"AM";"AMAZONAS";7;"DEPUTADO ESTADUAL";40000627730;65444;"MARLEANY DA SILVA SOARES";"MARLEANY SOARES";"#NULO#";"68883919220";"NÃO DIVULGÁVEL";12;"APTO";"COLIGAÇÃO";65;"PC do B";"PARTIDO COMUNISTA DO BRASIL";-1;"#NULO#";"#NULO#";"#NULO#";40000050768;"O POVO FELIZ DE NOVO";"PC do B / PT";"AM";"07/10/1977";"018840462291";4;"FEMININO";6;"ENSINO MÉDIO COMPLETO";1;"SOLTEIRO(A)";"03";"PARDA";581;"DONA DE CASA";4;"NÃO ELEITO"
"13/11/2024";"10:55:17";2018;2;"ELEIÇÃO ORDINÁRIA";1;297;"Eleições Gerais Estaduais 2018";"07/10/2018";"ESTADUAL";"AM";"AM";"AMAZONAS";7;"DEPUTADO ESTADUAL";40000617500;31102;"JOSIANE DA SILVA FROES";"JOSIANE FROES";"#NULO#";"96683082200";"NÃO DIVULGÁVEL";12;"APTO";"COLIGAÇÃO";31;"PHS";"PARTIDO HUMANISTA DA SOLIDARIEDADE";-1;"#NULO#";"#NULO#";"#NULO#";40000050463;"EU VOTO NO AMAZONAS V";"PHS / PTB / PSL";"PA";"14/10/1987";"032540442224";4;"FEMININO";6;"ENSINO MÉDIO COMPLETO";1;"SOLTEIRO(A)";"03";"PARDA";581;"DONA DE CASA";5;"SUPLENTE"
"13/11/2024";"10:55:17";2018;2;"ELEIÇÃO ORDINÁRIA";1;297;"Eleições Gerais Estaduais 2018";"07/10/2018";"ESTADUAL";"AM";"AM";"AMAZONAS";7;"DEPUTADO ESTADUAL";40000627731;65125;"ANA CRISTINA CAVALCANTE BEZERRA";"CRISTINA SALES";"#NULO#";"49328069220";"NÃO DIVULGÁVEL";12;"APTO";"COLIGAÇÃO";65;"PC do B";"PARTIDO COMUNISTA DO BRASIL";-1;"#NULO#";"#NULO#";"#NULO#";40000050768;"O POVO FELIZ DE NOVO";"PC do B / PT";"AM";"25/05/1977";"016514552267";4;"FEMININO";6;"ENSINO MÉDIO COMPLETO";1;"SOLTEIRO(A)";"03";"PARDA";581;"DONA DE CASA";5;"SUPLENTE"
"13/11/2024";"10:55:17";2018;2;"ELEIÇÃO ORDINÁRIA";1;297;"Eleições Gerais Estaduais 2018";"07/10/2018";"ESTADUAL";"AM";"AM";"AMAZONAS";6;"DEPUTADO FEDERAL";40000610426;1300;"REBECA RODRIGUES DE OLIVEIRA QUEIROZ";"REBECA QUEIROZ";"#NULO#";"01127213202";"NÃO DIVULGÁVEL";12;"APTO";"COLIGAÇÃO";13;"PT";"PARTIDO DOS TRABALHADORES";-1;"#NULO#";"#NULO#";"#NULO#";40000050768;"O POVO FELIZ DE NOVO";"PC do B / PT";"AM";"18/07/1996";"037637542216";4;"FEMININO";6;"ENSINO MÉDIO COMPLETO";1;"SOLTEIRO(A)";"02";"PRETA";601;"AGRICULTOR";5;"SUPLENTE"
"13/11/2024";"10:55:17";2018;2;"ELEIÇÃO ORDINÁRIA";1;297;"Eleições Gerais Estaduais 2018";"07/10/2018";"ESTADUAL";"AM";"AM";"AMAZONAS";7;"DEPUTADO ESTADUAL";40000627745;50014;"TEREZA PEINADO DA COSTA";"TEREZA PEINADO";"#NULO#";"67711898215";"NÃO DIVULGÁVEL";12;"APTO";"PARTIDO ISOLADO";50;"PSOL";"PARTIDO SOCIALISMO E LIBERDADE";-1;"#NULO#";"#NULO#";"#NULO#";40000050067;"PARTIDO ISOLADO";"PSOL";"AM";"22/08/1975";"020629202267";4;"FEMININO";4;"ENSINO FUNDAMENTAL COMPLETO";3;"CASADO(A)";"03";"PARDA";601;"AGRICULTOR";4;"NÃO ELEITO"
"13/11/2024";"10:55:17";2018;2;"ELEIÇÃO ORDINÁRIA";1;297;"Eleições Gerais Estaduais 2018";"07/10/2018";"ESTADUAL";"AM";"AM";"AMAZONAS";7;"DEPUTADO ESTADUAL";40000608169;36000;"HUMBERTO CAMPOS DE ANDRADE";"BETO DA FAZENDINHA";"#NULO#";"47515600268";"NÃO DIVULGÁVEL";12;"APTO";"COLIGAÇÃO";36;"PTC";"PARTIDO TRABALHISTA CRISTÃO";-1;"#NULO#";"#NULO#";"#NULO#";40000050212;"AMAZONAS COM SEGURANÇA II";"PSDB / PTC";"AM";"24/08/1975";"016904672224";2;"MASCULINO";6;"ENSINO MÉDIO COMPLETO";1;"SOLTEIRO(A)";"02";"PRETA";709;"TRABALHADOR DE CONSTRUÇÃO CIVIL";5;"SUPLENTE"
"13/11/2024";"10:55:17";2018;2;"ELEIÇÃO ORDINÁRIA";1;297;"Eleições Gerais Estaduais 2018";"07/10/2018";"ESTADUAL";"AM";"AM";"AMAZONAS";7;"DEPUTADO ESTADUAL";40000623451;12633;"ABEL DE FRANÇA PEDRAÇA FILHO";"PASTOR ABEL PEDRAÇA";"#NULO#";"09414452249";"NÃO DIVULGÁVEL";12;"APTO";"COLIGAÇÃO";12;"PDT";"PARTIDO DEMOCRÁTICO TRABALHISTA";-1;"#NULO#";"#NULO#";"#NULO#";40000050628;" EU VOTO NO AMAZONAS III ";"PDT / PRP / AVANTE";"AM";"23/04/1958";"010203292208";2;"MASCULINO";8;"SUPERIOR COMPLETO";3;"CASADO(A)";"03";"PARDA";910;"SACERDOTE OU MEMBRO DE ORDEM OU SEITA RELIGIOSA";5;"SUPLENTE"
"13/11/2024";"10:55:17";2018;2;"ELEIÇÃO ORDINÁRIA";1;297;"Eleições Gerais Estaduais 2018";"07/10/2018";"ESTADUAL";"AM";"AM";"AMAZONAS";7;"DEPUTADO ESTADUAL";40000619024;35035;"MANOEL PERES LOUREIRO";"MANOEL LOREIRO";"#NULO#";"59839864220";"NÃO DIVULGÁVEL";12;"APTO";"COLIGAÇÃO";35;"PMB";"PARTIDO DA MULHER BRASILEIRA";-1;"#NULO#";"#NULO#";"#NULO#";40000050493;"RENOVA AMAZONAS II";"PSB / PMB / PROS";"AM";"01/03/1960";"010882942240";2;"MASCULINO";6;"ENSINO MÉDIO COMPLETO";3;"CASADO(A)";"01";"BRANCA";921;"MILITAR REFORMADO";5;"SUPLENTE"
"13/11/2024";"10:55:17";2018;2;"ELEIÇÃO ORDINÁRIA";1;297;"Eleições Gerais Estaduais 2018";"07/10/2018";"ESTADUAL";"AM";"AM";"AMAZONAS";4;"VICE-GOVERNADOR";40000627734;65;"ALDEMIR DE CARVALHO CAETANO";"ALDEMIR CAETANO";"#NULO#";"11450681204";"NÃO DIVULGÁVEL";3;"INAPTO";"COLIGAÇÃO";65;"PC do B";"PARTIDO COMUNISTA DO BRASIL";-1;"#NULO#";"#NULO#";"#NULO#";40000050768;"O POVO FELIZ DE NOVO";"PC do B / PT";"AM";"09/04/1958";"000331722240";2;"MASCULINO";8;"SUPERIOR COMPLETO";9;"DIVORCIADO(A)";"03";"PARDA";923;"APOSENTADO (EXCETO SERVIDOR PÚBLICO)";-1;"#NULO#"
"13/11/2024";"10:55:17";2018;2;"ELEIÇÃO ORDINÁRIA";1;297;"Eleições Gerais Estaduais 2018";"07/10/2018";"ESTADUAL";"AM";"AM";"AMAZONAS";6;"DEPUTADO FEDERAL";40000608896;5500;"LUIZ FERNANDO SARMENTO NICOLAU";"LUIZ FERNANDO NICOLAU";"#NULO#";"00943134234";"NÃO DIVULGÁVEL";12;"APTO";"COLIGAÇÃO";55;"PSD";"PARTIDO SOCIAL DEMOCRÁTICO";-1;"#NULO#";"#NULO#";"#NULO#";40000050229;"AMAZONAS COM SEGURANÇA ";"PSD / PRB / DEM / PTC / PSDB";"RJ";"30/09/1946";"000764222216";2;"MASCULINO";8;"SUPERIOR COMPLETO";3;"CASADO(A)";"01";"BRANCA";923;"APOSENTADO (EXCETO SERVIDOR PÚBLICO)";5;"SUPLENTE"
"13/11/2024";"10:55:17";2018;2;"ELEIÇÃO ORDINÁRIA";1;297;"Eleições Gerais Estaduais 2018";"07/10/2018";"ESTADUAL";"AM";"AM";"AMAZONAS";7;"DEPUTADO ESTADUAL";40000604616;51300;"WENDEL ANDERSON DIAS BARBOSA";"WENDEL BARBOSA";"#NULO#";"01022956205";"NÃO DIVULGÁVEL";12;"APTO";"PARTIDO ISOLADO";51;"PATRIOTA";"PATRIOTA";-1;"#NULO#";"#NULO#";"#NULO#";40000050133;"PARTIDO ISOLADO";"PATRIOTA";"AM";"22/10/1994";"036432442208";2;"MASCULINO";6;"ENSINO MÉDIO COMPLETO";1;"SOLTEIRO(A)";"01";"BRANCA";931;"ESTUDANTE, BOLSISTA, ESTAGIÁRIO E ASSEMELHADOS";4;"NÃO ELEITO"
"13/11/2024";"10:55:17";2018;2;"ELEIÇÃO ORDINÁRIA";1;297;"Eleições Gerais Estaduais 2018";"07/10/2018";"ESTADUAL";"AM";"AM";"AMAZONAS";7;"DEPUTADO ESTADUAL";40000608874;25625;"CAMILA RAMOS FERREIRA";"CAMILA RAMOS";"#NULO#";"01444251228";"NÃO DIVULGÁVEL";3;"INAPTO";"COLIGAÇÃO";25;"DEM";"DEMOCRATAS";-1;"#NULO#";"#NULO#";"#NULO#";40000050228;"AMAZONAS COM SEGURANÇA I";"PSD / PRB / DEM";"AM";"21/05/1991";"034887552259";4;"FEMININO";6;"ENSINO MÉDIO COMPLETO";9;"DIVORCIADO(A)";"01";"BRANCA";931;"ESTUDANTE, BOLSISTA, ESTAGIÁRIO E ASSEMELHADOS";-1;"#NULO#"
"13/11/2024";"10:55:17";2018;2;"ELEIÇÃO ORDINÁRIA";1;297;"Eleições Gerais Estaduais 2018";"07/10/2018";"ESTADUAL";"AM";"AM";"AMAZONAS";7;"DEPUTADO ESTADUAL";40000608145;45537;"MARIA ELIZABETH MARTINS FREITAS";"ELIZABETH MARTINS";"#NULO#";"58406824204";"NÃO DIVULGÁVEL";12;"APTO";"COLIGAÇÃO";45;"PSDB";"PARTIDO DA SOCIAL DEMOCRACIA BRASILEIRA";-1;"#NULO#";"#NULO#";"#NULO#";40000050212;"AMAZONAS COM SEGURANÇA II";"PSDB / PTC";"AM";"30/10/1963";"010980672291";4;"FEMININO";7;"SUPERIOR INCOMPLETO";3;"CASADO(A)";"03";"PARDA";931;"ESTUDANTE, BOLSISTA, ESTAGIÁRIO E ASSEMELHADOS";5;"SUPLENTE"
"13/11/2024";"10:55:17";2018;2;"ELEIÇÃO ORDINÁRIA";1;297;"Eleições Gerais Estaduais 2018";"07/10/2018";"ESTADUAL";"AM";"AM";"AMAZONAS";7;"DEPUTADO ESTADUAL";40000602438;50001;"JOÃO FERREIRA MACHADO";"JOÃO MILAGRE";"#NULO#";"51402840225";"NÃO DIVULGÁVEL";12;"APTO";"PARTIDO ISOLADO";50;"PSOL";"PARTIDO SOCIALISMO E LIBERDADE";-1;"#NULO#";"#NULO#";"#NULO#";40000050067;"PARTIDO ISOLADO";"PSOL";"AM";"16/05/1955";"001175802275";2;"MASCULINO";6;"ENSINO MÉDIO COMPLETO";9;"DIVORCIADO(A)";"03";"PARDA";999;"OUTROS";4;"NÃO ELEITO"
"13/11/2024";"10:55:17";2018;2;"ELEIÇÃO ORDINÁRIA";1;297;"Eleições Gerais Estaduais 2018";"07/10/2018";"ESTADUAL";"AM";"AM";"AMAZONAS";6;"DEPUTADO FEDERAL";40000615434;3500;"ALEXANDRE ANDRADE CAVALCANTE";"ALEXANDRE CAVALCANTE";"#NULO#";"58799877287";"NÃO DIVULGÁVEL";12;"APTO";"PARTIDO ISOLADO";35;"PMB";"PARTIDO DA MULHER BRASILEIRA";-1;"#NULO#";"#NULO#";"#NULO#";40000050142;"PARTIDO ISOLADO";"PMB";"AM";"22/05/1976";"016649232208";2;"MASCULINO";6;"ENSINO MÉDIO COMPLETO";1;"SOLTEIRO(A)";"03";"PARDA";999;"OUTROS";4;"NÃO ELEITO"
"13/11/2024";"10:55:17";2018;2;"ELEIÇÃO ORDINÁRIA";1;297;"Eleições Gerais Estaduais 2018";"07/10/2018";"ESTADUAL";"AM";"AM";"AMAZONAS";7;"DEPUTADO ESTADUAL";40000618991;40376;"CLODOALDO DIAS DA SILVA";"MESTRE CLODOALDO";"#NULO#";"31520162200";"NÃO DIVULGÁVEL";12;"APTO";"COLIGAÇÃO";40;"PSB";"PARTIDO SOCIALISTA BRASILEIRO";-1;"#NULO#";"#NULO#";"#NULO#";40000050493;"RENOVA AMAZONAS II";"PSB / PMB / PROS";"AM";"02/08/1970";"011586002216";2;"MASCULINO";8;"SUPERIOR COMPLETO";1;"SOLTEIRO(A)";"03";"PARDA";999;"OUTROS";5;"SUPLENTE"
"13/11/2024";"10:55:17";2018;2;"ELEIÇÃO ORDINÁRIA";1;297;"Eleições Gerais Estaduais 2018";"07/10/2018";"ESTADUAL";"AM";"AM";"AMAZONAS";7;"DEPUTADO ESTADUAL";40000627705;65676;"CLECIO ARAUJO SILVA";"CLECIO ARAUJO";"#NULO#";"37531212315";"NÃO DIVULGÁVEL";12;"APTO";"COLIGAÇÃO";65;"PC do B";"PARTIDO COMUNISTA DO BRASIL";-1;"#NULO#";"#NULO#";"#NULO#";40000050768;"O POVO FELIZ DE NOVO";"PC do B / PT";"MA";"30/10/1968";"020520992291";2;"MASCULINO";8;"SUPERIOR COMPLETO";1;"SOLTEIRO(A)";"03";"PARDA";999;"OUTROS";5;"SUPLENTE"
"13/11/2024";"10:55:17";2018;2;"ELEIÇÃO ORDINÁRIA";1;297;"Eleições Gerais Estaduais 2018";"07/10/2018";"ESTADUAL";"AM";"AM";"AMAZONAS";7;"DEPUTADO ESTADUAL";40000608230;19123;"FABRICIO SILVA LIMA";"FABRICIO LIMA";"#NULO#";"51110903200";"NÃO DIVULGÁVEL";12;"APTO";"COLIGAÇÃO";19;"PODE";"PODEMOS";-1;"#NULO#";"#NULO#";"#NULO#";40000050214;"PODE";"PODE";"AM";"07/10/1975";"016884122240";2;"MASCULINO";6;"ENSINO MÉDIO COMPLETO";3;"CASADO(A)";"03";"PARDA";999;"OUTROS";5;"SUPLENTE"
"13/11/2024";"10:55:17";2018;2;"ELEIÇÃO ORDINÁRIA";1;297;"Eleições Gerais Estaduais 2018";"07/10/2018";"ESTADUAL";"AM";"AM";"AMAZONAS";7;"DEPUTADO ESTADUAL";40000608234;19321;"JUAN CARLOS BRANDESPIN ROLON";"JUAN ROLON DO RODEIO";"#NULO#";"58055452172";"NÃO DIVULGÁVEL";12;"APTO";"COLIGAÇÃO";19;"PODE";"PODEMOS";-1;"#NULO#";"#NULO#";"#NULO#";40000050214;"PODE";"PODE";"MT";"31/10/1978";"018725391821";2;"MASCULINO";6;"ENSINO MÉDIO COMPLETO";3;"CASADO(A)";"03";"PARDA";999;"OUTROS";5;"SUPLENTE"
"13/11/2024";"10:55:17";2018;2;"ELEIÇÃO ORDINÁRIA";1;297;"Eleições Gerais Estaduais 2018";"07/10/2018";"ESTADUAL";"AM";"AM";"AMAZONAS";7;"DEPUTADO ESTADUAL";40000610335;28222;"JORGE FERNANDES FERREIRA AFONSO";"JORGE AFONSO";"#NULO#";"24016470234";"NÃO DIVULGÁVEL";12;"APTO";"COLIGAÇÃO";28;"PRTB";"PARTIDO RENOVADOR TRABALHISTA BRASILEIRO";-1;"#NULO#";"#NULO#";"#NULO#";40000050272;"TRANSFORMAÇÃO POR UM NOVO AMAZONAS";"REDE / PSC / PRTB";"AM";"23/04/1966";"003227512208";2;"MASCULINO";6;"ENSINO MÉDIO COMPLETO";3;"CASADO(A)";"05";"INDÍGENA";999;"OUTROS";4;"NÃO ELEITO"
"13/11/2024";"10:55:17";2018;2;"ELEIÇÃO ORDINÁRIA";1;297;"Eleições Gerais Estaduais 2018";"07/10/2018";"ESTADUAL";"AM";"AM";"AMAZONAS";7;"DEPUTADO ESTADUAL";40000608223;13113;"VALDEMIR DE SOUZA SANTANA";"VALDEMIR";"#NULO#";"13069195253";"NÃO DIVULGÁVEL";12;"APTO";"COLIGAÇÃO";13;"PT";"PARTIDO DOS TRABALHADORES";-1;"#NULO#";"#NULO#";"#NULO#";40000050768;"O POVO FELIZ DE NOVO";"PC do B / PT";"AM";"05/12/1959";"002083192216";2;"MASCULINO";8;"SUPERIOR COMPLETO";1;"SOLTEIRO(A)";"02";"PRETA";999;"OUTROS";5;"SUPLENTE"
"13/11/2024";"10:55:17";2018;2;"ELEIÇÃO ORDINÁRIA";1;297;"Eleições Gerais Estaduais 2018";"07/10/2018";"ESTADUAL";"AM";"AM";"AMAZONAS";6;"DEPUTADO FEDERAL";40000623414;7077;"DAVID LIMA DA SILVA";"DAVI DOS FEIRANTES";"#NULO#";"61603120220";"NÃO DIVULGÁVEL";12;"APTO";"COLIGAÇÃO";70;"AVANTE";"AVANTE";-1;"#NULO#";"#NULO#";"#NULO#";40000050626;"EU VOTO NO AMAZONAS II";"PPS / PPL / PRP / AVANTE";"AM";"19/10/1978";"018295482275";2;"MASCULINO";8;"SUPERIOR COMPLETO";3;"CASADO(A)";"01";"BRANCA";999;"OUTROS";4;"NÃO ELEITO"
"13/11/2024";"10:55:17";2018;2;"ELEIÇÃO ORDINÁRIA";1;297;"Eleições Gerais Estaduais 2018";"07/10/2018";"ESTADUAL";"AM";"AM";"AMAZONAS";7;"DEPUTADO ESTADUAL";40000608889;10234;"ANTÔNIO ALVES DOS SANTOS FILHO";"PR. ANTÔNIO ALVES";"#NULO#";"05448883249";"NÃO DIVULGÁVEL";12;"APTO";"COLIGAÇÃO";10;"PRB";"PARTIDO REPUBLICANO BRASILEIRO";-1;"#NULO#";"#NULO#";"#NULO#";40000050228;"AMAZONAS COM SEGURANÇA I";"PSD / PRB / DEM";"AM";"13/01/1956";"003518752224";2;"MASCULINO";8;"SUPERIOR COMPLETO";3;"CASADO(A)";"03";"PARDA";999;"OUTROS";5;"SUPLENTE"
"13/11/2024";"10:55:17";2018;2;"ELEIÇÃO ORDINÁRIA";1;297;"Eleições Gerais Estaduais 2018";"07/10/2018";"ESTADUAL";"AM";"AM";"AMAZONAS";7;"DEPUTADO ESTADUAL";40000609321;33133;"JULIO CEZAR CASTRO LINS BARROSO";"JULIO LINS";"#NULO#";"02750154243";"NÃO DIVULGÁVEL";12;"APTO";"PARTIDO ISOLADO";33;"PMN";"PARTIDO DA MOBILIZAÇÃO NACIONAL";-1;"#NULO#";"#NULO#";"#NULO#";40000050241;"PARTIDO ISOLADO";"PMN";"AM";"16/04/1997";"039419492259";2;"MASCULINO";7;"SUPERIOR INCOMPLETO";1;"SOLTEIRO(A)";"01";"BRANCA";999;"OUTROS";4;"NÃO ELEITO"
"13/11/2024";"10:55:17";2018;2;"ELEIÇÃO ORDINÁRIA";1;297;"Eleições Gerais Estaduais 2018";"07/10/2018";"ESTADUAL";"AM";"AM";"AMAZONAS";7;"DEPUTADO ESTADUAL";40000619002;40140;"MOISES MONTEIRO RODRIGUES";"MOISES BAMBOLE";"#NULO#";"64662241200";"NÃO DIVULGÁVEL";12;"APTO";"COLIGAÇÃO";40;"PSB";"PARTIDO SOCIALISTA BRASILEIRO";-1;"#NULO#";"#NULO#";"#NULO#";40000050493;"RENOVA AMAZONAS II";"PSB / PMB / PROS";"AM";"18/12/1978";"019170792232";2;"MASCULINO";7;"SUPERIOR INCOMPLETO";1;"SOLTEIRO(A)";"01";"BRANCA";999;"OUTROS";5;"SUPLENTE"
"13/11/2024";"10:55:17";2018;2;"ELEIÇÃO ORDINÁRIA";1;297;"Eleições Gerais Estaduais 2018";"07/10/2018";"ESTADUAL";"AM";"AM";"AMAZONAS";7;"DEPUTADO ESTADUAL";40000608222;13301;"RONALD NASCIMENTO DE SEIXAS";"RONALD SEIXAS";"#NULO#";"59695528287";"NÃO DIVULGÁVEL";3;"INAPTO";"COLIGAÇÃO";13;"PT";"PARTIDO DOS TRABALHADORES";-1;"#NULO#";"#NULO#";"#NULO#";40000050768;"O POVO FELIZ DE NOVO";"PC do B / PT";"AM";"20/12/1977";"016873162259";2;"MASCULINO";7;"SUPERIOR INCOMPLETO";3;"CASADO(A)";"05";"INDÍGENA";999;"OUTROS";-1;"#NULO#"
"13/11/2024";"10:55:17";2018;2;"ELEIÇÃO ORDINÁRIA";1;297;"Eleições Gerais Estaduais 2018";"07/10/2018";"ESTADUAL";"AM";"AM";"AMAZONAS";7;"DEPUTADO ESTADUAL";40000623426;70234;"JAZIEL NUNES DE ALENCAR";"TORORÓ";"#NULO#";"22457119200";"NÃO DIVULGÁVEL";12;"APTO";"COLIGAÇÃO";70;"AVANTE";"AVANTE";-1;"#NULO#";"#NULO#";"#NULO#";40000050628;" EU VOTO NO AMAZONAS III ";"PDT / PRP / AVANTE";"AM";"16/06/1966";"005030682240";2;"MASCULINO";3;"ENSINO FUNDAMENTAL INCOMPLETO";3;"CASADO(A)";"03";"PARDA";999;"OUTROS";5;"SUPLENTE"
"13/11/2024";"10:55:17";2018;2;"ELEIÇÃO ORDINÁRIA";1;297;"Eleições Gerais Estaduais 2018";"07/10/2018";"ESTADUAL";"AM";"AM";"AMAZONAS";6;"DEPUTADO FEDERAL";40000610353;2000;"JAILENE COELHO DA SILVA";"JAILENE COELHO";"#NULO#";"04339532258";"NÃO DIVULGÁVEL";12;"APTO";"COLIGAÇÃO";20;"PSC";"PARTIDO SOCIAL CRISTÃO";-1;"#NULO#";"#NULO#";"#NULO#";40000050273;"TRANSFORMAÇÃO POR UM NOVO AMAZONAS";"REDE / PSC / PRTB";"AM";"01/02/1998";"040107722283";4;"FEMININO";6;"ENSINO MÉDIO COMPLETO";1;"SOLTEIRO(A)";"03";"PARDA";999;"OUTROS";4;"NÃO ELEITO"
"13/11/2024";"10:55:17";2018;2;"ELEIÇÃO ORDINÁRIA";1;297;"Eleições Gerais Estaduais 2018";"07/10/2018";"ESTADUAL";"AM";"AM";"AMAZONAS";7;"DEPUTADO ESTADUAL";40000628746;33555;"SORAIA TENORIO DA SILVA";"SORAIA SOARES";"#NULO#";"60330082272";"NÃO DIVULGÁVEL";12;"APTO";"PARTIDO ISOLADO";33;"PMN";"PARTIDO DA MOBILIZAÇÃO NACIONAL";-1;"#NULO#";"#NULO#";"#NULO#";40000050241;"PARTIDO ISOLADO";"PMN";"PA";"23/12/1973";"017460772283";4;"FEMININO";6;"ENSINO MÉDIO COMPLETO";1;"SOLTEIRO(A)";"01";"BRANCA";999;"OUTROS";4;"NÃO ELEITO"
"13/11/2024";"10:55:17";2018;2;"ELEIÇÃO ORDINÁRIA";1;297;"Eleições Gerais Estaduais 2018";"07/10/2018";"ESTADUAL";"AM";"AM";"AMAZONAS";7;"DEPUTADO ESTADUAL";40000612680;54190;"MANUELA DA SILVA DIAS";"MANUELA DIAS";"#NULO#";"79025889204";"NÃO DIVULGÁVEL";3;"INAPTO";"COLIGAÇÃO";54;"PPL";"PARTIDO PÁTRIA LIVRE";-1;"#NULO#";"#NULO#";"#NULO#";40000050342;"EU VOTO NO AMAZONAS IV";"PP / PR / PPL / SOLIDARIEDADE";"AM";"02/02/1984";"022632212224";4;"FEMININO";6;"ENSINO MÉDIO COMPLETO";1;"SOLTEIRO(A)";"03";"PARDA";999;"OUTROS";-1;"#NULO#"
"13/11/2024";"10:55:17";2018;2;"ELEIÇÃO ORDINÁRIA";1;297;"Eleições Gerais Estaduais 2018";"07/10/2018";"ESTADUAL";"AM";"AM";"AMAZONAS";7;"DEPUTADO ESTADUAL";40000608171;36999;"LUIZA FRANCISCA GOMES DE MOURA";"LUIZA MOURA";"#NULO#";"21592136249";"NÃO DIVULGÁVEL";12;"APTO";"COLIGAÇÃO";36;"PTC";"PARTIDO TRABALHISTA CRISTÃO";-1;"#NULO#";"#NULO#";"#NULO#";40000050212;"AMAZONAS COM SEGURANÇA II";"PSDB / PTC";"AM";"11/05/1965";"001946012232";4;"FEMININO";8;"SUPERIOR COMPLETO";1;"SOLTEIRO(A)";"03";"PARDA";999;"OUTROS";5;"SUPLENTE"
"13/11/2024";"10:55:17";2018;2;"ELEIÇÃO ORDINÁRIA";1;297;"Eleições Gerais Estaduais 2018";"07/10/2018";"ESTADUAL";"AM";"AM";"AMAZONAS";6;"DEPUTADO FEDERAL";40000604886;3512;"SOLIANE DA SILVA BARROSO";"SOLI BARROSO";"#NULO#";"52097455204";"NÃO DIVULGÁVEL";3;"INAPTO";"PARTIDO ISOLADO";35;"PMB";"PARTIDO DA MULHER BRASILEIRA";-1;"#NULO#";"#NULO#";"#NULO#";40000050142;"PARTIDO ISOLADO";"PMB";"PA";"22/03/1982";"020245802275";4;"FEMININO";6;"ENSINO MÉDIO COMPLETO";3;"CASADO(A)";"03";"PARDA";999;"OUTROS";-1;"#NULO#"
"13/11/2024";"10:55:17";2018;2;"ELEIÇÃO ORDINÁRIA";1;297;"Eleições Gerais Estaduais 2018";"07/10/2018";"ESTADUAL";"AM";"AM";"AMAZONAS";6;"DEPUTADO FEDERAL";40000627724;6522;"RITA FERREIRA DE SOUZA";"RITA FERREIRA";"#NULO#";"33676542215";"NÃO DIVULGÁVEL";12;"APTO";"COLIGAÇÃO";65;"PC do B";"PARTIDO COMUNISTA DO BRASIL";-1;"#NULO#";"#NULO#";"#NULO#";40000050768;"O POVO FELIZ DE NOVO";"PC do B / PT";"AM";"21/01/1968";"010654462216";4;"FEMININO";6;"ENSINO MÉDIO COMPLETO";1;"SOLTEIRO(A)";"02";"PRETA";999;"OUTROS";5;"SUPLENTE"
"13/11/2024";"10:55:17";2018;2;"ELEIÇÃO ORDINÁRIA";1;297;"Eleições Gerais Estaduais 2018";"07/10/2018";"ESTADUAL";"AM";"AM";"AMAZONAS";7;"DEPUTADO ESTADUAL";40000611549;23312;"OZILENE SILVA TAVARES";"MISSIONARIA LENE TAVARES";"#NULO#";"20031653200";"NÃO DIVULGÁVEL";12;"APTO";"PARTIDO ISOLADO";23;"PPS";"PARTIDO POPULAR SOCIALISTA";-1;"#NULO#";"#NULO#";"#NULO#";40000050309;"PARTIDO ISOLADO";"PPS";"AM";"02/07/1967";"002782042690";4;"FEMININO";6;"ENSINO MÉDIO COMPLETO";3;"CASADO(A)";"03";"PARDA";999;"OUTROS";5;"SUPLENTE"
"13/11/2024";"10:55:17";2018;2;"ELEIÇÃO ORDINÁRIA";1;297;"Eleições Gerais Estaduais 2018";"07/10/2018";"ESTADUAL";"AM";"AM";"AMAZONAS";7;"DEPUTADO ESTADUAL";40000609265;43403;"ERICKA SOARES VIEIRA";"ERICKA SOARES";"#NULO#";"51159597200";"NÃO DIVULGÁVEL";3;"INAPTO";"PARTIDO ISOLADO";43;"PV";"PARTIDO VERDE";-1;"#NULO#";"#NULO#";"#NULO#";40000050239;"PARTIDO ISOLADO";"PV";"AM";"28/06/1979";"018890882216";4;"FEMININO";8;"SUPERIOR COMPLETO";3;"CASADO(A)";"03";"PARDA";999;"OUTROS";-1;"#NULO#"
"13/11/2024";"10:55:17";2018;2;"ELEIÇÃO ORDINÁRIA";1;297;"Eleições Gerais Estaduais 2018";"07/10/2018";"ESTADUAL";"AM";"AM";"AMAZONAS";7;"DEPUTADO ESTADUAL";40000623431;44665;"MARIA LILIANE DA COSTA BARBOSA PIRO";"LILY PIRO";"#NULO#";"40629694249";"NÃO DIVULGÁVEL";12;"APTO";"COLIGAÇÃO";44;"PRP";"PARTIDO REPUBLICANO PROGRESSISTA";-1;"#NULO#";"#NULO#";"#NULO#";40000050628;" EU VOTO NO AMAZONAS III ";"PDT / PRP / AVANTE";"PA";"07/03/1972";"012007342208";4;"FEMININO";8;"SUPERIOR COMPLETO";3;"CASADO(A)";"01";"BRANCA";999;"OUTROS";5;"SUPLENTE"
"13/11/2024";"10:55:17";2018;2;"ELEIÇÃO ORDINÁRIA";1;297;"Eleições Gerais Estaduais 2018";"07/10/2018";"ESTADUAL";"AM";"AM";"AMAZONAS";7;"DEPUTADO ESTADUAL";40000609240;43222;"AFONSO LUIZ COSTA LINS JUNIOR";"AFONSO LINS ";"#NULO#";"32156138249";"NÃO DIVULGÁVEL";12;"APTO";"PARTIDO ISOLADO";43;"PV";"PARTIDO VERDE";-1;"#NULO#";"#NULO#";"#NULO#";40000050239;"PARTIDO ISOLADO";"PV";"AM";"01/11/1967";"005095222208";2;"MASCULINO";8;"SUPERIOR COMPLETO";3;"CASADO(A)";"01";"BRANCA";101;"ENGENHEIRO";5;"SUPLENTE"
"13/11/2024";"10:55:17";2018;2;"ELEIÇÃO ORDINÁRIA";1;297;"Eleições Gerais Estaduais 2018";"07/10/2018";"ESTADUAL";"AM";"AM";"AMAZONAS";7;"DEPUTADO ESTADUAL";40000612673;22000;"CLEVERSON REDIVO";"DR. CLEVERSON REDIVO";"#NULO#";"58083260100";"NÃO DIVULGÁVEL";12;"APTO";"COLIGAÇÃO";22;"PR";"PARTIDO DA REPÚBLICA";-1;"#NULO#";"#NULO#";"#NULO#";40000050342;"EU VOTO NO AMAZONAS IV";"PP / PR / PPL / SOLIDARIEDADE";"AM";"24/11/1975";"020239082240";2;"MASCULINO";8;"SUPERIOR COMPLETO";1;"SOLTEIRO(A)";"03";"PARDA";111;"MÉDICO";5;"SUPLENTE"
"13/11/2024";"10:55:17";2018;2;"ELEIÇÃO ORDINÁRIA";1;297;"Eleições Gerais Estaduais 2018";"07/10/2018";"ESTADUAL";"AM";"AM";"AMAZONAS";7;"DEPUTADO ESTADUAL";40000617503;31741;"TATIANA SOUZA ARRUDA";"TATIANA ARRUDA";"#NULO#";"58048421291";"NÃO DIVULGÁVEL";12;"APTO";"COLIGAÇÃO";31;"PHS";"PARTIDO HUMANISTA DA SOLIDARIEDADE";-1;"#NULO#";"#NULO#";"#NULO#";40000050463;"EU VOTO NO AMAZONAS V";"PHS / PTB / PSL";"SP";"22/07/1975";"016782082291";4;"FEMININO";8;"SUPERIOR COMPLETO";3;"CASADO(A)";"03";"PARDA";111;"MÉDICO";5;"SUPLENTE"
"13/11/2024";"10:55:17";2018;2;"ELEIÇÃO ORDINÁRIA";1;297;"Eleições Gerais Estaduais 2018";"07/10/2018";"ESTADUAL";"AM";"AM";"AMAZONAS";6;"DEPUTADO FEDERAL";40000610358;2828;"JUCINEI SOUZA SILVA";"JUCINEI SILVA";"#NULO#";"34572082200";"NÃO DIVULGÁVEL";12;"APTO";"COLIGAÇÃO";28;"PRTB";"PARTIDO RENOVADOR TRABALHISTA BRASILEIRO";-1;"#NULO#";"#NULO#";"#NULO#";40000050273;"TRANSFORMAÇÃO POR UM NOVO AMAZONAS";"REDE / PSC / PRTB";"AM";"02/06/1970";"011154662275";2;"MASCULINO";8;"SUPERIOR COMPLETO";9;"DIVORCIADO(A)";"03";"PARDA";113;"ENFERMEIRO";4;"NÃO ELEITO"
"13/11/2024";"10:55:17";2018;2;"ELEIÇÃO ORDINÁRIA";1;297;"Eleições Gerais Estaduais 2018";"07/10/2018";"ESTADUAL";"AM";"AM";"AMAZONAS";7;"DEPUTADO ESTADUAL";40000611547;23203;"MARIA DO SOCORRO DE FATIMA DA SILVA ALVES DUTRA";"ENFERMEIRA SOCORRO DUTRA";"#NULO#";"19290292253";"NÃO DIVULGÁVEL";12;"APTO";"PARTIDO ISOLADO";23;"PPS";"PARTIDO POPULAR SOCIALISTA";-1;"#NULO#";"#NULO#";"#NULO#";40000050309;"PARTIDO ISOLADO";"PPS";"AM";"03/01/1965";"002373442208";4;"FEMININO";8;"SUPERIOR COMPLETO";9;"DIVORCIADO(A)";"03";"PARDA";113;"ENFERMEIRO";5;"SUPLENTE"
"13/11/2024";"10:55:17";2018;2;"ELEIÇÃO ORDINÁRIA";1;297;"Eleições Gerais Estaduais 2018";"07/10/2018";"ESTADUAL";"AM";"AM";"AMAZONAS";6;"DEPUTADO FEDERAL";40000608899;3636;"ALESSANDRO MAGNO DE FIGUEIREDO LACERDA";"PROF. ALESSANDRO";"#NULO#";"56193610391";"NÃO DIVULGÁVEL";12;"APTO";"COLIGAÇÃO";36;"PTC";"PARTIDO TRABALHISTA CRISTÃO";-1;"#NULO#";"#NULO#";"#NULO#";40000050229;"AMAZONAS COM SEGURANÇA ";"PSD / PRB / DEM / PTC / PSDB";"CE";"28/07/1975";"038751220744";2;"MASCULINO";8;"SUPERIOR COMPLETO";1;"SOLTEIRO(A)";"04";"AMARELA";114;"FISIOTERAPEUTA E TERAPEUTA OCUPACIONAL";5;"SUPLENTE"
"13/11/2024";"10:55:17";2018;2;"ELEIÇÃO ORDINÁRIA";1;297;"Eleições Gerais Estaduais 2018";"07/10/2018";"ESTADUAL";"AM";"AM";"AMAZONAS";7;"DEPUTADO ESTADUAL";40000612645;11000;"VALDINO PINHEIRO CAMPOS";"DR CAMPOS";"#NULO#";"22945210215";"NÃO DIVULGÁVEL";12;"APTO";"COLIGAÇÃO";11;"PP";"PROGRESSISTAS";-1;"#NULO#";"#NULO#";"#NULO#";40000050342;"EU VOTO NO AMAZONAS IV";"PP / PR / PPL / SOLIDARIEDADE";"AM";"14/02/1964";"004815652232";2;"MASCULINO";8;"SUPERIOR COMPLETO";3;"CASADO(A)";"04";"AMARELA";124;"CONTADOR";5;"SUPLENTE"
"13/11/2024";"10:55:17";2018;2;"ELEIÇÃO ORDINÁRIA";1;297;"Eleições Gerais Estaduais 2018";"07/10/2018";"ESTADUAL";"AM";"AM";"AMAZONAS";7;"DEPUTADO ESTADUAL";40000608160;36555;"AIDANOR SOARES MACIEL";"ALDENOR MACIEL";"#NULO#";"22443967204";"NÃO DIVULGÁVEL";12;"APTO";"COLIGAÇÃO";36;"PTC";"PARTIDO TRABALHISTA CRISTÃO";-1;"#NULO#";"#NULO#";"#NULO#";40000050212;"AMAZONAS COM SEGURANÇA II";"PSDB / PTC";"AM";"18/11/1966";"001914602208";2;"MASCULINO";8;"SUPERIOR COMPLETO";3;"CASADO(A)";"01";"BRANCA";125;"ADMINISTRADOR";5;"SUPLENTE"
"13/11/2024";"10:55:17";2018;2;"ELEIÇÃO ORDINÁRIA";1;297;"Eleições Gerais Estaduais 2018";"07/10/2018";"ESTADUAL";"AM";"AM";"AMAZONAS";7;"DEPUTADO ESTADUAL";40000608209;13500;"EDIVALDO TEIXEIRA LORDEIRO";"EDI TEIXEIRA";"#NULO#";"80778747115";"NÃO DIVULGÁVEL";12;"APTO";"COLIGAÇÃO";13;"PT";"PARTIDO DOS TRABALHADORES";-1;"#NULO#";"#NULO#";"#NULO#";40000050768;"O POVO FELIZ DE NOVO";"PC do B / PT";"MG";"18/06/1975";"013108422054";2;"MASCULINO";3;"ENSINO FUNDAMENTAL INCOMPLETO";3;"CASADO(A)";"03";"PARDA";130;"ARTISTA DE CIRCO";5;"SUPLENTE"
"13/11/2024";"10:55:17";2018;2;"ELEIÇÃO ORDINÁRIA";1;297;"Eleições Gerais Estaduais 2018";"07/10/2018";"ESTADUAL";"AM";"AM";"AMAZONAS";7;"DEPUTADO ESTADUAL";40000612653;77123;"VINICIUS MARTINS DE MEIRA";"DR. VINICIUS";"#NULO#";"33720428672";"NÃO DIVULGÁVEL";12;"APTO";"COLIGAÇÃO";77;"SOLIDARIEDADE";"SOLIDARIEDADE";-1;"#NULO#";"#NULO#";"#NULO#";40000050342;"EU VOTO NO AMAZONAS IV";"PP / PR / PPL / SOLIDARIEDADE";"MG";"12/07/1960";"097411470272";2;"MASCULINO";8;"SUPERIOR COMPLETO";3;"CASADO(A)";"01";"BRANCA";131;"ADVOGADO";5;"SUPLENTE"
"13/11/2024";"10:55:17";2018;2;"ELEIÇÃO ORDINÁRIA";1;297;"Eleições Gerais Estaduais 2018";"07/10/2018";"ESTADUAL";"AM";"AM";"AMAZONAS";7;"DEPUTADO ESTADUAL";40000617501;14123;"VERA LUCIA DA SILVA CASTELO BRANCO MAUES";"VERA CASTELO BRANCO";"#NULO#";"07596545220";"NÃO DIVULGÁVEL";12;"APTO";"COLIGAÇÃO";14;"PTB";"PARTIDO TRABALHISTA BRASILEIRO";-1;"#NULO#";"#NULO#";"#NULO#";40000050463;"EU VOTO NO AMAZONAS V";"PHS / PTB / PSL";"MG";"15/01/1951";"001508972208";4;"FEMININO";8;"SUPERIOR COMPLETO";9;"DIVORCIADO(A)";"03";"PARDA";131;"ADVOGADO";5;"SUPLENTE"
"13/11/2024";"10:55:17";2018;2;"ELEIÇÃO ORDINÁRIA";1;297;"Eleições Gerais Estaduais 2018";"07/10/2018";"ESTADUAL";"AM";"AM";"AMAZONAS";7;"DEPUTADO ESTADUAL";40000608147;45111;"SHEILA PATRICIA RODRIGUES DA SILVA";"SHEILA LEITE";"#NULO#";"34327371220";"NÃO DIVULGÁVEL";12;"APTO";"COLIGAÇÃO";45;"PSDB";"PARTIDO DA SOCIAL DEMOCRACIA BRASILEIRA";-1;"#NULO#";"#NULO#";"#NULO#";40000050212;"AMAZONAS COM SEGURANÇA II";"PSDB / PTC";"AM";"19/04/1972";"013048302291";4;"FEMININO";8;"SUPERIOR COMPLETO";3;"CASADO(A)";"01";"BRANCA";131;"ADVOGADO";5;"SUPLENTE"
"13/11/2024";"10:55:17";2018;2;"ELEIÇÃO ORDINÁRIA";1;297;"Eleições Gerais Estaduais 2018";"07/10/2018";"ESTADUAL";"AM";"AM";"AMAZONAS";7;"DEPUTADO ESTADUAL";40000604603;51800;"MARY LIGIA FERREIRA PACHECO DE SOUZA";"MARY LIGIA";"#NULO#";"27357759253";"NÃO DIVULGÁVEL";12;"APTO";"PARTIDO ISOLADO";51;"PATRIOTA";"PATRIOTA";-1;"#NULO#";"#NULO#";"#NULO#";40000050133;"PARTIDO ISOLADO";"PATRIOTA";"AM";"06/01/1967";"000200482240";4;"FEMININO";8;"SUPERIOR COMPLETO";3;"CASADO(A)";"03";"PARDA";134;"ASSISTENTE SOCIAL";4;"NÃO ELEITO"
"13/11/2024";"10:55:17";2018;2;"ELEIÇÃO ORDINÁRIA";1;297;"Eleições Gerais Estaduais 2018";"07/10/2018";"ESTADUAL";"AM";"AM";"AMAZONAS";7;"DEPUTADO ESTADUAL";40000612670;77192;"MARIA MAIA PINTO";"ASSISTENTE SOCIAL MARIA MAIA";"#NULO#";"32279760215";"NÃO DIVULGÁVEL";12;"APTO";"COLIGAÇÃO";77;"SOLIDARIEDADE";"SOLIDARIEDADE";-1;"#NULO#";"#NULO#";"#NULO#";40000050342;"EU VOTO NO AMAZONAS IV";"PP / PR / PPL / SOLIDARIEDADE";"AM";"19/09/1969";"004522062305";4;"FEMININO";8;"SUPERIOR COMPLETO";1;"SOLTEIRO(A)";"01";"BRANCA";134;"ASSISTENTE SOCIAL";5;"SUPLENTE"
"13/11/2024";"10:55:17";2018;2;"ELEIÇÃO ORDINÁRIA";1;297;"Eleições Gerais Estaduais 2018";"07/10/2018";"ESTADUAL";"AM";"AM";"AMAZONAS";6;"DEPUTADO FEDERAL";40000610435;9040;"MASSAMI MIKI";"MASSAMI MIKI";"#NULO#";"12263028234";"NÃO DIVULGÁVEL";12;"APTO";"COLIGAÇÃO";90;"PROS";"PARTIDO REPUBLICANO DA ORDEM SOCIAL";-1;"#NULO#";"#NULO#";"#NULO#";40000050279;"RENOVA AMAZONAS";"PODE / PMN / PSB / PROS";"RR";"19/05/1962";"001145632208";2;"MASCULINO";8;"SUPERIOR COMPLETO";1;"SOLTEIRO(A)";"01";"BRANCA";142;"PROFESSOR DE ENSINO SUPERIOR";4;"NÃO ELEITO"
"13/11/2024";"10:55:17";2018;2;"ELEIÇÃO ORDINÁRIA";1;297;"Eleições Gerais Estaduais 2018";"07/10/2018";"ESTADUAL";"AM";"AM";"AMAZONAS";9;"1º SUPLENTE";40000610065;222;"ALUISIO AUGUSTO DE QUEIROZ BRAGA";"ALUISIO BRAGA";"#NULO#";"11825987653";"NÃO DIVULGÁVEL";12;"APTO";"COLIGAÇÃO";22;"PR";"PARTIDO DA REPÚBLICA";-1;"#NULO#";"#NULO#";"#NULO#";40000050267;"EU VOTO NO AMAZONAS";"PDT / PRP / AVANTE / PP / PV / PR / SOLIDARIEDADE / PPS / PTB / PHS / PSL / PPL";"AM";"16/12/1949";"001617322208";2;"MASCULINO";8;"SUPERIOR COMPLETO";3;"CASADO(A)";"03";"PARDA";142;"PROFESSOR DE ENSINO SUPERIOR";4;"NÃO ELEITO"
"13/11/2024";"10:55:17";2018;2;"ELEIÇÃO ORDINÁRIA";1;297;"Eleições Gerais Estaduais 2018";"07/10/2018";"ESTADUAL";"AM";"AM";"AMAZONAS";7;"DEPUTADO ESTADUAL";40000610299;18456;"GERSEN JOSE DOS SANTOS LUCIANO";"GERSEM BANIWA";"#NULO#";"23858354287";"NÃO DIVULGÁVEL";3;"INAPTO";"COLIGAÇÃO";18;"REDE";"REDE SUSTENTABILIDADE";-1;"#NULO#";"#NULO#";"#NULO#";40000050272;"TRANSFORMAÇÃO POR UM NOVO AMAZONAS";"REDE / PSC / PRTB";"AM";"11/07/1964";"003193242216";2;"MASCULINO";8;"SUPERIOR COMPLETO";3;"CASADO(A)";"05";"INDÍGENA";142;"PROFESSOR DE ENSINO SUPERIOR";-1;"#NULO#"
"13/11/2024";"10:55:17";2018;2;"ELEIÇÃO ORDINÁRIA";1;297;"Eleições Gerais Estaduais 2018";"07/10/2018";"ESTADUAL";"AM";"AM";"AMAZONAS";7;"DEPUTADO ESTADUAL";40000608142;45555;"KLINGER DE SOUZA EVANGELISTA";"KLINGER EVANGELISTA";"#NULO#";"33592349287";"NÃO DIVULGÁVEL";3;"INAPTO";"COLIGAÇÃO";45;"PSDB";"PARTIDO DA SOCIAL DEMOCRACIA BRASILEIRA";-1;"#NULO#";"#NULO#";"#NULO#";40000050212;"AMAZONAS COM SEGURANÇA II";"PSDB / PTC";"AM";"14/02/1970";"013180302240";2;"MASCULINO";6;"ENSINO MÉDIO COMPLETO";3;"CASADO(A)";"03";"PARDA";156;"TÉCNICO DE ELETRICIDADE, ELETRÔNICA E TELECOMUNICAÇÕES";-1;"#NULO#"
"13/11/2024";"10:55:17";2018;2;"ELEIÇÃO ORDINÁRIA";1;297;"Eleições Gerais Estaduais 2018";"07/10/2018";"ESTADUAL";"AM";"AM";"AMAZONAS";7;"DEPUTADO ESTADUAL";40000610307;18102;"DOUGLAS MELO DE ALENCAR";"DOULAS MELO";"#NULO#";"03886769496";"NÃO DIVULGÁVEL";12;"APTO";"COLIGAÇÃO";18;"REDE";"REDE SUSTENTABILIDADE";-1;"#NULO#";"#NULO#";"#NULO#";40000050272;"TRANSFORMAÇÃO POR UM NOVO AMAZONAS";"REDE / PSC / PRTB";"SP";"13/08/1980";"058196290833";2;"MASCULINO";6;"ENSINO MÉDIO COMPLETO";1;"SOLTEIRO(A)";"03";"PARDA";166;"LOCUTOR E COMENTARISTA DE RÁDIO E TELEVISÃO E RADIALISTA";4;"NÃO ELEITO"
"13/11/2024";"10:55:17";2018;2;"ELEIÇÃO ORDINÁRIA";1;297;"Eleições Gerais Estaduais 2018";"07/10/2018";"ESTADUAL";"AM";"AM";"AMAZONAS";6;"DEPUTADO FEDERAL";40000604576;5154;"JADELVONE NOGUEIRA DELTRUDES";"JARDEL DO AMAZONAS";"#NULO#";"44179669234";"NÃO DIVULGÁVEL";3;"INAPTO";"PARTIDO ISOLADO";51;"PATRIOTA";"PATRIOTA";-1;"#NULO#";"#NULO#";"#NULO#";40000050133;"PARTIDO ISOLADO";"PATRIOTA";"AM";"09/05/1975";"015112352275";2;"MASCULINO";6;"ENSINO MÉDIO COMPLETO";3;"CASADO(A)";"03";"PARDA";169;"COMERCIANTE";-1;"#NULO#"
"13/11/2024";"10:55:17";2018;2;"ELEIÇÃO ORDINÁRIA";1;297;"Eleições Gerais Estaduais 2018";"07/10/2018";"ESTADUAL";"AM";"AM";"AMAZONAS";7;"DEPUTADO ESTADUAL";40000609249;43111;"JOSE ALEXANDRE SOUTO LOUREIRO DE CASTRO";"XANDE LOUREIRO MUNIZ";"#NULO#";"71489193200";"NÃO DIVULGÁVEL";12;"APTO";"PARTIDO ISOLADO";43;"PV";"PARTIDO VERDE";-1;"#NULO#";"#NULO#";"#NULO#";40000050239;"PARTIDO ISOLADO";"PV";"AM";"06/01/1982";"020386282216";2;"MASCULINO";7;"SUPERIOR INCOMPLETO";3;"CASADO(A)";"03";"PARDA";169;"COMERCIANTE";5;"SUPLENTE"
"13/11/2024";"10:55:17";2018;2;"ELEIÇÃO ORDINÁRIA";1;297;"Eleições Gerais Estaduais 2018";"07/10/2018";"ESTADUAL";"AM";"AM";"AMAZONAS";7;"DEPUTADO ESTADUAL";40000617510;17180;"JORGE MIGUEL OLIVEIRA SOUZA";"JORGE MIGUEL";"#NULO#";"94216100163";"NÃO DIVULGÁVEL";12;"APTO";"COLIGAÇÃO";17;"PSL";"PARTIDO SOCIAL LIBERAL";-1;"#NULO#";"#NULO#";"#NULO#";40000050463;"EU VOTO NO AMAZONAS V";"PHS / PTB / PSL";"MT";"27/03/1979";"021968151821";2;"MASCULINO";3;"ENSINO FUNDAMENTAL INCOMPLETO";3;"CASADO(A)";"03";"PARDA";169;"COMERCIANTE";5;"SUPLENTE"
"13/11/2024";"10:55:17";2018;2;"ELEIÇÃO ORDINÁRIA";1;297;"Eleições Gerais Estaduais 2018";"07/10/2018";"ESTADUAL";"AM";"AM";"AMAZONAS";7;"DEPUTADO ESTADUAL";40000618292;27007;"GERSON JEREMIAS GUERRA";"GERSON GUERRA";"#NULO#";"13392832200";"NÃO DIVULGÁVEL";12;"APTO";"COLIGAÇÃO";27;"DC";"DEMOCRACIA CRISTÃ";-1;"#NULO#";"#NULO#";"#NULO#";40000050474;"POR UM AMAZONAS MELHOR";"MDB / DC";"AM";"05/03/1958";"000873892267";2;"MASCULINO";8;"SUPERIOR COMPLETO";3;"CASADO(A)";"01";"BRANCA";171;"JORNALISTA E REDATOR";5;"SUPLENTE"
"13/11/2024";"10:55:17";2018;2;"ELEIÇÃO ORDINÁRIA";1;297;"Eleições Gerais Estaduais 2018";"07/10/2018";"ESTADUAL";"AM";"AM";"AMAZONAS";7;"DEPUTADO ESTADUAL";40000610316;28555;"ROSÂNGELA DOVAL DE ALMEIDA";"ROSA DOVAL";"#NULO#";"31719171220";"NÃO DIVULGÁVEL";12;"APTO";"COLIGAÇÃO";28;"PRTB";"PARTIDO RENOVADOR TRABALHISTA BRASILEIRO";-1;"#NULO#";"#NULO#";"#NULO#";40000050272;"TRANSFORMAÇÃO POR UM NOVO AMAZONAS";"REDE / PSC / PRTB";"AM";"20/09/1966";"006170952216";4;"FEMININO";8;"SUPERIOR COMPLETO";1;"SOLTEIRO(A)";"01";"BRANCA";171;"JORNALISTA E REDATOR";4;"NÃO ELEITO"
"13/11/2024";"10:55:17";2018;2;"ELEIÇÃO ORDINÁRIA";1;297;"Eleições Gerais Estaduais 2018";"07/10/2018";"ESTADUAL";"AM";"AM";"AMAZONAS";7;"DEPUTADO ESTADUAL";40000618992;40015;"DENISON NASCIMENTO DE REZENDE";"RONALDINHO";"#NULO#";"90501179291";"NÃO DIVULGÁVEL";12;"APTO";"COLIGAÇÃO";40;"PSB";"PARTIDO SOCIALISTA BRASILEIRO";-1;"#NULO#";"#NULO#";"#NULO#";40000050493;"RENOVA AMAZONAS II";"PSB / PMB / PROS";"AM";"20/02/1986";"023010832259";2;"MASCULINO";6;"ENSINO MÉDIO COMPLETO";1;"SOLTEIRO(A)";"03";"PARDA";172;"PUBLICITÁRIO";5;"SUPLENTE"
"13/11/2024";"10:55:17";2018;2;"ELEIÇÃO ORDINÁRIA";1;297;"Eleições Gerais Estaduais 2018";"07/10/2018";"ESTADUAL";"AM";"AM";"AMAZONAS";7;"DEPUTADO ESTADUAL";40000609261;43143;"ERINALDO DA SILVA OLIVEIRA";"SOLDADO NALDO OLIVEIRA";"#NULO#";"50845314220";"NÃO DIVULGÁVEL";12;"APTO";"PARTIDO ISOLADO";43;"PV";"PARTIDO VERDE";-1;"#NULO#";"#NULO#";"#NULO#";40000050239;"PARTIDO ISOLADO";"PV";"PA";"13/04/1980";"020376712259";2;"MASCULINO";6;"ENSINO MÉDIO COMPLETO";1;"SOLTEIRO(A)";"03";"PARDA";190;"FOTÓGRAFO E ASSEMELHADOS";5;"SUPLENTE"
"13/11/2024";"10:55:17";2018;2;"ELEIÇÃO ORDINÁRIA";1;297;"Eleições Gerais Estaduais 2018";"07/10/2018";"ESTADUAL";"AM";"AM";"AMAZONAS";7;"DEPUTADO ESTADUAL";40000619022;90777;"RODINEI MOURA RAMOS";"RODINEI DO MOTOTAXI";"#NULO#";"62520067268";"NÃO DIVULGÁVEL";3;"INAPTO";"COLIGAÇÃO";90;"PROS";"PARTIDO REPUBLICANO DA ORDEM SOCIAL";-1;"#NULO#";"#NULO#";"#NULO#";40000050493;"RENOVA AMAZONAS II";"PSB / PMB / PROS";"PA";"28/10/1977";"033165061384";2;"MASCULINO";7;"SUPERIOR INCOMPLETO";3;"CASADO(A)";"03";"PARDA";221;"MOTOBOY";-1;"#NULO#"
"13/11/2024";"10:55:17";2018;2;"ELEIÇÃO ORDINÁRIA";1;297;"Eleições Gerais Estaduais 2018";"07/10/2018";"ESTADUAL";"AM";"AM";"AMAZONAS";7;"DEPUTADO ESTADUAL";40000608213;13789;"FRANCISCO LUCIANO DOS SANTOS VIEIRA";"LUCIANO VIEIRA";"#NULO#";"79845762204";"NÃO DIVULGÁVEL";12;"APTO";"COLIGAÇÃO";13;"PT";"PARTIDO DOS TRABALHADORES";-1;"#NULO#";"#NULO#";"#NULO#";40000050768;"O POVO FELIZ DE NOVO";"PC do B / PT";"AM";"26/01/1985";"022858582208";2;"MASCULINO";4;"ENSINO FUNDAMENTAL COMPLETO";1;"SOLTEIRO(A)";"03";"PARDA";221;"MOTOBOY";5;"SUPLENTE"
"13/11/2024";"10:55:17";2018;2;"ELEIÇÃO ORDINÁRIA";1;297;"Eleições Gerais Estaduais 2018";"07/10/2018";"ESTADUAL";"AM";"AM";"AMAZONAS";6;"DEPUTADO FEDERAL";40000604884;3555;"MARCO ANTONIO PASSOS MESQUITA DA SILVA";"CORONEL MESQUITA";"#NULO#";"32322453234";"NÃO DIVULGÁVEL";12;"APTO";"PARTIDO ISOLADO";35;"PMB";"PARTIDO DA MULHER BRASILEIRA";-1;"#NULO#";"#NULO#";"#NULO#";40000050142;"PARTIDO ISOLADO";"PMB";"RR";"21/11/1969";"017054202267";2;"MASCULINO";8;"SUPERIOR COMPLETO";9;"DIVORCIADO(A)";"03";"PARDA";233;"POLICIAL MILITAR";4;"NÃO ELEITO"
"13/11/2024";"10:55:17";2018;2;"ELEIÇÃO ORDINÁRIA";1;297;"Eleições Gerais Estaduais 2018";"07/10/2018";"ESTADUAL";"AM";"AM";"AMAZONAS";7;"DEPUTADO ESTADUAL";40000604597;51112;"JOSE LUIZ MONTEIRO FILHO";"SARGENTO MONTEIRO FILHO";"#NULO#";"47513675287";"NÃO DIVULGÁVEL";12;"APTO";"PARTIDO ISOLADO";51;"PATRIOTA";"PATRIOTA";-1;"#NULO#";"#NULO#";"#NULO#";40000050133;"PARTIDO ISOLADO";"PATRIOTA";"AM";"15/03/1973";"010749562208";2;"MASCULINO";6;"ENSINO MÉDIO COMPLETO";1;"SOLTEIRO(A)";"02";"PRETA";233;"POLICIAL MILITAR";4;"NÃO ELEITO"
"13/11/2024";"10:55:17";2018;2;"ELEIÇÃO ORDINÁRIA";1;297;"Eleições Gerais Estaduais 2018";"07/10/2018";"ESTADUAL";"AM";"AM";"AMAZONAS";7;"DEPUTADO ESTADUAL";40000604623;51060;"KÁTIA CRISTINA FRÓS SOUSA";"KÁRIA FRÓS";"#NULO#";"73376736200";"NÃO DIVULGÁVEL";3;"INAPTO";"PARTIDO ISOLADO";51;"PATRIOTA";"PATRIOTA";-1;"#NULO#";"#NULO#";"#NULO#";40000050133;"PARTIDO ISOLADO";"PATRIOTA";"PA";"04/09/1983";"021047612283";4;"FEMININO";8;"SUPERIOR COMPLETO";1;"SOLTEIRO(A)";"03";"PARDA";233;"POLICIAL MILITAR";-1;"#NULO#"
"13/11/2024";"10:55:17";2018;2;"ELEIÇÃO ORDINÁRIA";1;297;"Eleições Gerais Estaduais 2018";"07/10/2018";"ESTADUAL";"AM";"AM";"AMAZONAS";6;"DEPUTADO FEDERAL";40000602421;5016;"MARTA LUISA MORAES MASSULO";"MARTA MASSULO";"#NULO#";"51999080220";"NÃO DIVULGÁVEL";12;"APTO";"PARTIDO ISOLADO";50;"PSOL";"PARTIDO SOCIALISMO E LIBERDADE";-1;"#NULO#";"#NULO#";"#NULO#";40000050067;"PARTIDO ISOLADO";"PSOL";"AM";"19/04/1980";"021182952275";4;"FEMININO";6;"ENSINO MÉDIO COMPLETO";3;"CASADO(A)";"03";"PARDA";235;"PROFESSOR E INSTRUTOR DE FORMAÇÃO PROFISSIONAL";4;"NÃO ELEITO"
"13/11/2024";"10:55:17";2018;2;"ELEIÇÃO ORDINÁRIA";1;297;"Eleições Gerais Estaduais 2018";"07/10/2018";"ESTADUAL";"AM";"AM";"AMAZONAS";7;"DEPUTADO ESTADUAL";40000610314;18333;"LEOMAR FERREIRA DIAS";"LEOMAR CASTRO";"#NULO#";"63989271253";"NÃO DIVULGÁVEL";12;"APTO";"COLIGAÇÃO";18;"REDE";"REDE SUSTENTABILIDADE";-1;"#NULO#";"#NULO#";"#NULO#";40000050272;"TRANSFORMAÇÃO POR UM NOVO AMAZONAS";"REDE / PSC / PRTB";"AM";"31/10/1970";"014110042208";4;"FEMININO";6;"ENSINO MÉDIO COMPLETO";3;"CASADO(A)";"03";"PARDA";243;"TÉCNICO DE ENFERMAGEM E ASSEMELHADOS (EXCETO ENFERMEIRO)";4;"NÃO ELEITO"
"13/11/2024";"10:55:17";2018;2;"ELEIÇÃO ORDINÁRIA";1;297;"Eleições Gerais Estaduais 2018";"07/10/2018";"ESTADUAL";"AM";"AM";"AMAZONAS";7;"DEPUTADO ESTADUAL";40000623438;70123;"CARLOS ALEXANDRE FERREIRA SILVA";"ALEXANDRE DA CARBRÁS";"#NULO#";"40732649234";"NÃO DIVULGÁVEL";12;"APTO";"COLIGAÇÃO";70;"AVANTE";"AVANTE";-1;"#NULO#";"#NULO#";"#NULO#";40000050628;" EU VOTO NO AMAZONAS III ";"PDT / PRP / AVANTE";"AM";"07/10/1975";"013974562240";2;"MASCULINO";8;"SUPERIOR COMPLETO";1;"SOLTEIRO(A)";"03";"PARDA";257;"EMPRESÁRIO";5;"SUPLENTE"
"13/11/2024";"10:55:17";2018;2;"ELEIÇÃO ORDINÁRIA";1;297;"Eleições Gerais Estaduais 2018";"07/10/2018";"ESTADUAL";"AM";"AM";"AMAZONAS";6;"DEPUTADO FEDERAL";40000618312;1500;"JOÃO BOSCO DA SILVA BARROS";"CABEÇA DA CIRANDA";"#NULO#";"58821333272";"NÃO DIVULGÁVEL";12;"APTO";"COLIGAÇÃO";15;"MDB";"MOVIMENTO DEMOCRÁTICO BRASILEIRO";-1;"#NULO#";"#NULO#";"#NULO#";40000050474;"POR UM AMAZONAS MELHOR";"MDB / DC";"AM";"29/12/1977";"016216652224";2;"MASCULINO";6;"ENSINO MÉDIO COMPLETO";1;"SOLTEIRO(A)";"01";"BRANCA";257;"EMPRESÁRIO";4;"NÃO ELEITO"
"13/11/2024";"10:55:17";2018;2;"ELEIÇÃO ORDINÁRIA";1;297;"Eleições Gerais Estaduais 2018";"07/10/2018";"ESTADUAL";"AM";"AM";"AMAZONAS";7;"DEPUTADO ESTADUAL";40000608858;55558;"CARLOS EDUARDO LIMA MONTREZOL";"CARLINHOS PITBULL";"#NULO#";"62749951291";"NÃO DIVULGÁVEL";12;"APTO";"COLIGAÇÃO";55;"PSD";"PARTIDO SOCIAL DEMOCRÁTICO";-1;"#NULO#";"#NULO#";"#NULO#";40000050228;"AMAZONAS COM SEGURANÇA I";"PSD / PRB / DEM";"AM";"04/01/1979";"018272592224";2;"MASCULINO";6;"ENSINO MÉDIO COMPLETO";1;"SOLTEIRO(A)";"01";"BRANCA";257;"EMPRESÁRIO";5;"SUPLENTE"
"13/11/2024";"10:55:17";2018;2;"ELEIÇÃO ORDINÁRIA";1;297;"Eleições Gerais Estaduais 2018";"07/10/2018";"ESTADUAL";"AM";"AM";"AMAZONAS";7;"DEPUTADO ESTADUAL";40000618275;15258;"MAGNUM CABRAL DE AQUINO";"MAGNUM GAGUINHO";"#NULO#";"74180347253";"NÃO DIVULGÁVEL";12;"APTO";"COLIGAÇÃO";15;"MDB";"MOVIMENTO DEMOCRÁTICO BRASILEIRO";-1;"#NULO#";"#NULO#";"#NULO#";40000050474;"POR UM AMAZONAS MELHOR";"MDB / DC";"AM";"26/02/1983";"022241492232";2;"MASCULINO";6;"ENSINO MÉDIO COMPLETO";3;"CASADO(A)";"03";"PARDA";257;"EMPRESÁRIO";5;"SUPLENTE"
"13/11/2024";"10:55:17";2018;2;"ELEIÇÃO ORDINÁRIA";1;297;"Eleições Gerais Estaduais 2018";"07/10/2018";"ESTADUAL";"AM";"AM";"AMAZONAS";6;"DEPUTADO FEDERAL";40000618310;1555;"GERSON JOSE FEITOSA DE OLIVEIRA";"GERSON FEITOSA";"#NULO#";"83547720206";"NÃO DIVULGÁVEL";3;"INAPTO";"COLIGAÇÃO";15;"MDB";"MOVIMENTO DEMOCRÁTICO BRASILEIRO";-1;"#NULO#";"#NULO#";"#NULO#";40000050474;"POR UM AMAZONAS MELHOR";"MDB / DC";"AM";"06/02/1986";"022728602208";2;"MASCULINO";8;"SUPERIOR COMPLETO";3;"CASADO(A)";"03";"PARDA";257;"EMPRESÁRIO";4;"NÃO ELEITO"
"13/11/2024";"10:55:17";2018;2;"ELEIÇÃO ORDINÁRIA";1;297;"Eleições Gerais Estaduais 2018";"07/10/2018";"ESTADUAL";"AM";"AM";"AMAZONAS";7;"DEPUTADO ESTADUAL";40000611542;23423;"JANDER SOUZA DE CASTRO";"J. CASTRO";"#NULO#";"27482804234";"NÃO DIVULGÁVEL";12;"APTO";"PARTIDO ISOLADO";23;"PPS";"PARTIDO POPULAR SOCIALISTA";-1;"#NULO#";"#NULO#";"#NULO#";40000050309;"PARTIDO ISOLADO";"PPS";"AM";"08/07/1967";"006521032275";2;"MASCULINO";6;"ENSINO MÉDIO COMPLETO";7;"SEPARADO(A) JUDICIALMENTE";"03";"PARDA";257;"EMPRESÁRIO";5;"SUPLENTE"
"13/11/2024";"10:55:17";2018;2;"ELEIÇÃO ORDINÁRIA";1;297;"Eleições Gerais Estaduais 2018";"07/10/2018";"ESTADUAL";"AM";"AM";"AMAZONAS";7;"DEPUTADO ESTADUAL";40000619016;90456;"GAMALIEL ALENCAR DA SILVA";"GAMALIEL SILVA";"#NULO#";"00080317200";"NÃO DIVULGÁVEL";12;"APTO";"COLIGAÇÃO";90;"PROS";"PARTIDO REPUBLICANO DA ORDEM SOCIAL";-1;"#NULO#";"#NULO#";"#NULO#";40000050493;"RENOVA AMAZONAS II";"PSB / PMB / PROS";"AM";"09/10/1989";"032782212275";2;"MASCULINO";5;"ENSINO MÉDIO INCOMPLETO";1;"SOLTEIRO(A)";"03";"PARDA";257;"EMPRESÁRIO";5;"SUPLENTE"
"13/11/2024";"10:55:17";2018;2;"ELEIÇÃO ORDINÁRIA";1;297;"Eleições Gerais Estaduais 2018";"07/10/2018";"ESTADUAL";"AM";"AM";"AMAZONAS";7;"DEPUTADO ESTADUAL";40000619020;90090;"LUIZ CARLOS DIAS DOS SANTOS";"LUIZ DO GESSO";"#NULO#";"59444100278";"NÃO DIVULGÁVEL";12;"APTO";"COLIGAÇÃO";90;"PROS";"PARTIDO REPUBLICANO DA ORDEM SOCIAL";-1;"#NULO#";"#NULO#";"#NULO#";40000050493;"RENOVA AMAZONAS II";"PSB / PMB / PROS";"AM";"19/07/1976";"016853372275";2;"MASCULINO";5;"ENSINO MÉDIO INCOMPLETO";3;"CASADO(A)";"03";"PARDA";257;"EMPRESÁRIO";5;"SUPLENTE"
"13/11/2024";"10:55:17";2018;2;"ELEIÇÃO ORDINÁRIA";1;297;"Eleições Gerais Estaduais 2018";"07/10/2018";"ESTADUAL";"AM";"AM";"AMAZONAS";7;"DEPUTADO ESTADUAL";40000618286;27366;"CESAR AUGUSTO DE LIMA FERREIRA";"CÉSAR FERREIRA - CESÃO";"#NULO#";"28528964272";"NÃO DIVULGÁVEL";12;"APTO";"COLIGAÇÃO";27;"DC";"DEMOCRACIA CRISTÃ";-1;"#NULO#";"#NULO#";"#NULO#";40000050474;"POR UM AMAZONAS MELHOR";"MDB / DC";"AM";"02/09/1967";"002881522275";2;"MASCULINO";8;"SUPERIOR COMPLETO";3;"CASADO(A)";"03";"PARDA";257;"EMPRESÁRIO";5;"SUPLENTE"
"13/11/2024";"10:55:17";2018;2;"ELEIÇÃO ORDINÁRIA";1;297;"Eleições Gerais Estaduais 2018";"07/10/2018";"ESTADUAL";"AM";"AM";"AMAZONAS";7;"DEPUTADO ESTADUAL";40000608217;13999;"MANOEL PESTANA DA GAMA";"DR. PESTANA";"#NULO#";"00160512204";"NÃO DIVULGÁVEL";12;"APTO";"COLIGAÇÃO";13;"PT";"PARTIDO DOS TRABALHADORES";-1;"#NULO#";"#NULO#";"#NULO#";40000050768;"O POVO FELIZ DE NOVO";"PC do B / PT";"AM";"23/08/1943";"003894652275";2;"MASCULINO";8;"SUPERIOR COMPLETO";3;"CASADO(A)";"01";"BRANCA";257;"EMPRESÁRIO";5;"SUPLENTE"
"13/11/2024";"10:55:17";2018;2;"ELEIÇÃO ORDINÁRIA";1;297;"Eleições Gerais Estaduais 2018";"07/10/2018";"ESTADUAL";"AM";"AM";"AMAZONAS";7;"DEPUTADO ESTADUAL";40000611536;23000;"JESUS ALVES DOS SANTOS";"JESUS ALVES";"#NULO#";"40745376215";"NÃO DIVULGÁVEL";12;"APTO";"PARTIDO ISOLADO";23;"PPS";"PARTIDO POPULAR SOCIALISTA";-1;"#NULO#";"#NULO#";"#NULO#";40000050309;"PARTIDO ISOLADO";"PPS";"AM";"08/08/1974";"015009712283";2;"MASCULINO";8;"SUPERIOR COMPLETO";3;"CASADO(A)";"02";"PRETA";257;"EMPRESÁRIO";5;"SUPLENTE"
"13/11/2024";"10:55:17";2018;2;"ELEIÇÃO ORDINÁRIA";1;297;"Eleições Gerais Estaduais 2018";"07/10/2018";"ESTADUAL";"AM";"AM";"AMAZONAS";7;"DEPUTADO ESTADUAL";40000618266;15015;"ADEMILSON DE SOUSA COSTA";"DEDÉ";"#NULO#";"52369935200";"NÃO DIVULGÁVEL";12;"APTO";"COLIGAÇÃO";15;"MDB";"MOVIMENTO DEMOCRÁTICO BRASILEIRO";-1;"#NULO#";"#NULO#";"#NULO#";40000050474;"POR UM AMAZONAS MELHOR";"MDB / DC";"PA";"16/02/1977";"018473802267";2;"MASCULINO";7;"SUPERIOR INCOMPLETO";1;"SOLTEIRO(A)";"03";"PARDA";257;"EMPRESÁRIO";5;"SUPLENTE"
"13/11/2024";"10:55:17";2018;2;"ELEIÇÃO ORDINÁRIA";1;297;"Eleições Gerais Estaduais 2018";"07/10/2018";"ESTADUAL";"AM";"AM";"AMAZONAS";7;"DEPUTADO ESTADUAL";40000629651;27024;"RAIMUNDO NONATO DA SILVA BARBOSA";"RAIMUNDO BARBOSA RATINHO";"#NULO#";"23867086249";"NÃO DIVULGÁVEL";12;"APTO";"COLIGAÇÃO";27;"DC";"DEMOCRACIA CRISTÃ";-1;"#NULO#";"#NULO#";"#NULO#";40000050474;"POR UM AMAZONAS MELHOR";"MDB / DC";"AM";"11/09/1967";"005776332232";2;"MASCULINO";7;"SUPERIOR INCOMPLETO";3;"CASADO(A)";"02";"PRETA";257;"EMPRESÁRIO";5;"SUPLENTE"
"13/11/2024";"10:55:17";2018;2;"ELEIÇÃO ORDINÁRIA";1;297;"Eleições Gerais Estaduais 2018";"07/10/2018";"ESTADUAL";"AM";"AM";"AMAZONAS";7;"DEPUTADO ESTADUAL";40000604595;51321;"JOEDE SANTOS MELO";"JOEDE MELO";"#NULO#";"88782794200";"NÃO DIVULGÁVEL";12;"APTO";"PARTIDO ISOLADO";51;"PATRIOTA";"PATRIOTA";-1;"#NULO#";"#NULO#";"#NULO#";40000050133;"PARTIDO ISOLADO";"PATRIOTA";"AM";"17/05/1966";"023545342283";2;"MASCULINO";4;"ENSINO FUNDAMENTAL COMPLETO";3;"CASADO(A)";"03";"PARDA";257;"EMPRESÁRIO";4;"NÃO ELEITO"
"13/11/2024";"10:55:17";2018;2;"ELEIÇÃO ORDINÁRIA";1;297;"Eleições Gerais Estaduais 2018";"07/10/2018";"ESTADUAL";"AM";"AM";"AMAZONAS";7;"DEPUTADO ESTADUAL";40000611525;23231;"ADALMARA SANTOS DA SILVA";"MARA SILVA";"#NULO#";"40483908215";"NÃO DIVULGÁVEL";3;"INAPTO";"PARTIDO ISOLADO";23;"PPS";"PARTIDO POPULAR SOCIALISTA";-1;"#NULO#";"#NULO#";"#NULO#";40000050309;"PARTIDO ISOLADO";"PPS";"AM";"28/02/1970";"010749602283";4;"FEMININO";8;"SUPERIOR COMPLETO";9;"DIVORCIADO(A)";"01";"BRANCA";257;"EMPRESÁRIO";4;"NÃO ELEITO"
"13/11/2024";"10:55:17";2018;2;"ELEIÇÃO ORDINÁRIA";1;297;"Eleições Gerais Estaduais 2018";"07/10/2018";"ESTADUAL";"AM";"AM";"AMAZONAS";6;"DEPUTADO FEDERAL";40000628265;1522;"MARIA DO PERPETUO SOCORRO CARDOSO ALMEIDA";"SOCORRO DO CAFÉ";"#NULO#";"12407585291";"NÃO DIVULGÁVEL";12;"APTO";"COLIGAÇÃO";15;"MDB";"MOVIMENTO DEMOCRÁTICO BRASILEIRO";-1;"#NULO#";"#NULO#";"#NULO#";40000050474;"POR UM AMAZONAS MELHOR";"MDB / DC";"PA";"02/04/1959";"000303452232";4;"FEMININO";6;"ENSINO MÉDIO COMPLETO";1;"SOLTEIRO(A)";"03";"PARDA";257;"EMPRESÁRIO";4;"NÃO ELEITO"
"13/11/2024";"10:55:17";2018;2;"ELEIÇÃO ORDINÁRIA";1;297;"Eleições Gerais Estaduais 2018";"07/10/2018";"ESTADUAL";"AM";"AM";"AMAZONAS";6;"DEPUTADO FEDERAL";40000628091;1200;"KATIA SILENE DA SILVA MACHADO";"KATIA MACHADO";"#NULO#";"46472436215";"NÃO DIVULGÁVEL";3;"INAPTO";"PARTIDO ISOLADO";12;"PDT";"PARTIDO DEMOCRÁTICO TRABALHISTA";-1;"#NULO#";"#NULO#";"#NULO#";40000050781;"PARTIDO ISOLADO";"PDT";"AM";"03/04/1975";"015794972208";4;"FEMININO";6;"ENSINO MÉDIO COMPLETO";3;"CASADO(A)";"03";"PARDA";257;"EMPRESÁRIO";4;"NÃO ELEITO"
"13/11/2024";"10:55:17";2018;2;"ELEIÇÃO ORDINÁRIA";1;297;"Eleições Gerais Estaduais 2018";"07/10/2018";"ESTADUAL";"AM";"AM";"AMAZONAS";4;"VICE-GOVERNADOR";40000610063;12;"REBECCA MARTINS GARCIA";"REBECCA GARCIA";"#NULO#";"43935117272";"NÃO DIVULGÁVEL";12;"APTO";"COLIGAÇÃO";11;"PP";"PROGRESSISTAS";-1;"#NULO#";"#NULO#";"#NULO#";40000050267;"EU VOTO NO AMAZONAS";"PDT / PRP / AVANTE / PP / PV / PR / SOLIDARIEDADE / PPS / PTB / PHS / PSL / PPL";"AM";"28/04/1973";"016271842208";4;"FEMININO";8;"SUPERIOR COMPLETO";3;"CASADO(A)";"03";"PARDA";257;"EMPRESÁRIO";6;"2º TURNO"
"13/11/2024";"10:55:17";2018;2;"ELEIÇÃO ORDINÁRIA";1;297;"Eleições Gerais Estaduais 2018";"07/10/2018";"ESTADUAL";"AM";"AM";"AMAZONAS";7;"DEPUTADO ESTADUAL";40000608220;13333;"PERINNER JOAO FERNANDES ASSIS";"PROFESSOR PERINNER ASSIS";"#NULO#";"74315951234";"NÃO DIVULGÁVEL";12;"APTO";"COLIGAÇÃO";13;"PT";"PARTIDO DOS TRABALHADORES";-1;"#NULO#";"#NULO#";"#NULO#";40000050768;"O POVO FELIZ DE NOVO";"PC do B / PT";"AM";"28/02/1982";"017384212240";2;"MASCULINO";8;"SUPERIOR COMPLETO";3;"CASADO(A)";"03";"PARDA";266;"PROFESSOR DE ENSINO MÉDIO";5;"SUPLENTE"
"13/11/2024";"10:55:17";2018;2;"ELEIÇÃO ORDINÁRIA";1;297;"Eleições Gerais Estaduais 2018";"07/10/2018";"ESTADUAL";"AM";"AM";"AMAZONAS";6;"DEPUTADO FEDERAL";40000610434;4010;"CRISTIANE JEAN BALIEIRO";"CRISTIANE BALIEIRO";"#NULO#";"76986764200";"NÃO DIVULGÁVEL";12;"APTO";"COLIGAÇÃO";40;"PSB";"PARTIDO SOCIALISTA BRASILEIRO";-1;"#NULO#";"#NULO#";"#NULO#";40000050279;"RENOVA AMAZONAS";"PODE / PMN / PSB / PROS";"AM";"25/07/1981";"022539042224";4;"FEMININO";8;"SUPERIOR COMPLETO";1;"SOLTEIRO(A)";"01";"BRANCA";266;"PROFESSOR DE ENSINO MÉDIO";4;"NÃO ELEITO"
"13/11/2024";"10:55:17";2018;2;"ELEIÇÃO ORDINÁRIA";1;297;"Eleições Gerais Estaduais 2018";"07/10/2018";"ESTADUAL";"AM";"AM";"AMAZONAS";7;"DEPUTADO ESTADUAL";40000627747;50151;"JULIANA VARSÓVIA OLIVEIRA PEIXOTO";"AQUILES";"#NULO#";"60377070220";"NÃO DIVULGÁVEL";3;"INAPTO";"PARTIDO ISOLADO";50;"PSOL";"PARTIDO SOCIALISMO E LIBERDADE";-1;"#NULO#";"#NULO#";"#NULO#";40000050067;"PARTIDO ISOLADO";"PSOL";"AM";"22/04/1978";"017741062283";4;"FEMININO";8;"SUPERIOR COMPLETO";1;"SOLTEIRO(A)";"03";"PARDA";266;"PROFESSOR DE ENSINO MÉDIO";-1;"#NULO#"
"13/11/2024";"10:55:17";2018;2;"ELEIÇÃO ORDINÁRIA";1;297;"Eleições Gerais Estaduais 2018";"07/10/2018";"ESTADUAL";"AM";"AM";"AMAZONAS";6;"DEPUTADO FEDERAL";40000610424;1912;"FRANCISCO DE SOUZA";"FRANCISCO SOUZA";"#NULO#";"03160521249";"NÃO DIVULGÁVEL";12;"APTO";"COLIGAÇÃO";19;"PODE";"PODEMOS";-1;"#NULO#";"#NULO#";"#NULO#";40000050279;"RENOVA AMAZONAS";"PODE / PMN / PSB / PROS";"CE";"03/11/1952";"005583162208";2;"MASCULINO";8;"SUPERIOR COMPLETO";3;"CASADO(A)";"03";"PARDA";277;"DEPUTADO";4;"NÃO ELEITO"
"13/11/2024";"10:55:17";2018;2;"ELEIÇÃO ORDINÁRIA";1;297;"Eleições Gerais Estaduais 2018";"07/10/2018";"ESTADUAL";"AM";"AM";"AMAZONAS";7;"DEPUTADO ESTADUAL";40000608862;55369;"MARIO BASTOS DOS SANTOS";"MARIO BASTOS";"#NULO#";"11190353253";"NÃO DIVULGÁVEL";12;"APTO";"COLIGAÇÃO";55;"PSD";"PARTIDO SOCIAL DEMOCRÁTICO";-1;"#NULO#";"#NULO#";"#NULO#";40000050228;"AMAZONAS COM SEGURANÇA I";"PSD / PRB / DEM";"AM";"23/02/1959";"000853162208";2;"MASCULINO";6;"ENSINO MÉDIO COMPLETO";3;"CASADO(A)";"03";"PARDA";277;"DEPUTADO";5;"SUPLENTE"
"13/11/2024";"10:55:17";2018;2;"ELEIÇÃO ORDINÁRIA";1;297;"Eleições Gerais Estaduais 2018";"07/10/2018";"ESTADUAL";"AM";"AM";"AMAZONAS";7;"DEPUTADO ESTADUAL";40000608225;19000;"ABDALA HABIB FRAXE JUNIOR";"ABDALA";"#NULO#";"33460825200";"NÃO DIVULGÁVEL";12;"APTO";"COLIGAÇÃO";19;"PODE";"PODEMOS";-1;"#NULO#";"#NULO#";"#NULO#";40000050214;"PODE";"PODE";"RR";"19/09/1969";"010155292259";2;"MASCULINO";8;"SUPERIOR COMPLETO";3;"CASADO(A)";"03";"PARDA";277;"DEPUTADO";2;"ELEITO POR QP"
"13/11/2024";"10:55:17";2018;2;"ELEIÇÃO ORDINÁRIA";1;297;"Eleições Gerais Estaduais 2018";"07/10/2018";"ESTADUAL";"AM";"AM";"AMAZONAS";7;"DEPUTADO ESTADUAL";40000608207;13633;"SINESIO DA SILVA CAMPOS";"PROFESSOR SINESIO";"#NULO#";"13537954204";"NÃO DIVULGÁVEL";12;"APTO";"COLIGAÇÃO";13;"PT";"PARTIDO DOS TRABALHADORES";-1;"#NULO#";"#NULO#";"#NULO#";40000050768;"O POVO FELIZ DE NOVO";"PC do B / PT";"PA";"03/12/1963";"002697812259";2;"MASCULINO";8;"SUPERIOR COMPLETO";3;"CASADO(A)";"01";"BRANCA";277;"DEPUTADO";2;"ELEITO POR QP"
"13/11/2024";"10:55:17";2018;2;"ELEIÇÃO ORDINÁRIA";1;297;"Eleições Gerais Estaduais 2018";"07/10/2018";"ESTADUAL";"AM";"AM";"AMAZONAS";7;"DEPUTADO ESTADUAL";40000618264;15123;"ALESSANDRA CAMPELO DA SILVA";"ALESSANDRA CAMPELO";"#NULO#";"45601941220";"NÃO DIVULGÁVEL";12;"APTO";"COLIGAÇÃO";15;"MDB";"MOVIMENTO DEMOCRÁTICO BRASILEIRO";-1;"#NULO#";"#NULO#";"#NULO#";40000050474;"POR UM AMAZONAS MELHOR";"MDB / DC";"AM";"01/11/1974";"015572882291";4;"FEMININO";8;"SUPERIOR COMPLETO";9;"DIVORCIADO(A)";"01";"BRANCA";277;"DEPUTADO";2;"ELEITO POR QP"
"13/11/2024";"10:55:17";2018;2;"ELEIÇÃO ORDINÁRIA";1;297;"Eleições Gerais Estaduais 2018";"07/10/2018";"ESTADUAL";"AM";"AM";"AMAZONAS";7;"DEPUTADO ESTADUAL";40000609241;43333;"FRANÇOIS VIEIRA DA SILVA MATOS";"PROF. FRANSUÁ";"#NULO#";"59086580220";"NÃO DIVULGÁVEL";12;"APTO";"PARTIDO ISOLADO";43;"PV";"PARTIDO VERDE";-1;"#NULO#";"#NULO#";"#NULO#";40000050239;"PARTIDO ISOLADO";"PV";"MA";"02/04/1976";"016468372267";2;"MASCULINO";8;"SUPERIOR COMPLETO";9;"DIVORCIADO(A)";"03";"PARDA";278;"VEREADOR";5;"SUPLENTE"
"13/11/2024";"10:55:17";2018;2;"ELEIÇÃO ORDINÁRIA";1;297;"Eleições Gerais Estaduais 2018";"07/10/2018";"ESTADUAL";"AM";"AM";"AMAZONAS";7;"DEPUTADO ESTADUAL";40000608236;19666;"MAURO TEIXEIRA PIRES JUNIOR";"MAURO TEIXEIRA";"#NULO#";"44146795249";"NÃO DIVULGÁVEL";12;"APTO";"COLIGAÇÃO";19;"PODE";"PODEMOS";-1;"#NULO#";"#NULO#";"#NULO#";40000050214;"PODE";"PODE";"SP";"07/07/1974";"015904222291";2;"MASCULINO";8;"SUPERIOR COMPLETO";3;"CASADO(A)";"03";"PARDA";278;"VEREADOR";5;"SUPLENTE"
"13/11/2024";"10:55:17";2018;2;"ELEIÇÃO ORDINÁRIA";1;297;"Eleições Gerais Estaduais 2018";"07/10/2018";"ESTADUAL";"AM";"AM";"AMAZONAS";5;"SENADOR";40000603706;455;"FRANCISCO PLINIO VALERIO TOMAZ";"PLINIO VALERIO";"#NULO#";"03537250215";"NÃO DIVULGÁVEL";12;"APTO";"COLIGAÇÃO";45;"PSDB";"PARTIDO DA SOCIAL DEMOCRACIA BRASILEIRA";-1;"#NULO#";"#NULO#";"#NULO#";40000050103;"AMAZONAS COM SEGURANÇA";"PSD / PSDB / DEM / PRB / PTC / PATRIOTA";"AM";"31/01/1955";"000854162267";2;"MASCULINO";8;"SUPERIOR COMPLETO";3;"CASADO(A)";"01";"BRANCA";278;"VEREADOR";1;"ELEITO"
"13/11/2024";"10:55:17";2018;2;"ELEIÇÃO ORDINÁRIA";1;297;"Eleições Gerais Estaduais 2018";"07/10/2018";"ESTADUAL";"AM";"AM";"AMAZONAS";7;"DEPUTADO ESTADUAL";40000612658;22400;"JOANA DARC DOS SANTOS CORDEIRO";"JOANA DARC PROTETORA ANIMAIS";"#NULO#";"00103649271";"NÃO DIVULGÁVEL";12;"APTO";"COLIGAÇÃO";22;"PR";"PARTIDO DA REPÚBLICA";-1;"#NULO#";"#NULO#";"#NULO#";40000050342;"EU VOTO NO AMAZONAS IV";"PP / PR / PPL / SOLIDARIEDADE";"AM";"03/08/1989";"033700972240";4;"FEMININO";8;"SUPERIOR COMPLETO";1;"SOLTEIRO(A)";"03";"PARDA";278;"VEREADOR";3;"ELEITO POR MÉDIA"
"13/11/2024";"10:55:17";2018;2;"ELEIÇÃO ORDINÁRIA";1;297;"Eleições Gerais Estaduais 2018";"07/10/2018";"ESTADUAL";"AM";"AM";"AMAZONAS";7;"DEPUTADO ESTADUAL";40000617518;17888;"ROGÉRIO MENDES FERNANDES";"SARGENTO ROGÉRIO";"#NULO#";"68262191234";"NÃO DIVULGÁVEL";12;"APTO";"COLIGAÇÃO";17;"PSL";"PARTIDO SOCIAL LIBERAL";-1;"#NULO#";"#NULO#";"#NULO#";40000050463;"EU VOTO NO AMAZONAS V";"PHS / PTB / PSL";"AM";"07/03/1982";"020146752224";2;"MASCULINO";8;"SUPERIOR COMPLETO";1;"SOLTEIRO(A)";"03";"PARDA";295;"MEMBRO DAS FORÇAS ARMADAS";5;"SUPLENTE"
"13/11/2024";"10:55:17";2018;2;"ELEIÇÃO ORDINÁRIA";1;297;"Eleições Gerais Estaduais 2018";"07/10/2018";"ESTADUAL";"AM";"AM";"AMAZONAS";7;"DEPUTADO ESTADUAL";40000612649;77456;"JOSÉ WYLLACE BEZERRA CAVALCANTE";"JOSÉ WYLLACE";"#NULO#";"47477679249";"NÃO DIVULGÁVEL";12;"APTO";"COLIGAÇÃO";77;"SOLIDARIEDADE";"SOLIDARIEDADE";-1;"#NULO#";"#NULO#";"#NULO#";40000050342;"EU VOTO NO AMAZONAS IV";"PP / PR / PPL / SOLIDARIEDADE";"AM";"06/09/1974";"015426192208";2;"MASCULINO";8;"SUPERIOR COMPLETO";1;"SOLTEIRO(A)";"01";"BRANCA";296;"SERVIDOR PÚBLICO FEDERAL";5;"SUPLENTE"
"13/11/2024";"10:55:17";2018;2;"ELEIÇÃO ORDINÁRIA";1;297;"Eleições Gerais Estaduais 2018";"07/10/2018";"ESTADUAL";"AM";"AM";"AMAZONAS";6;"DEPUTADO FEDERAL";40000610410;1212;"WESLEY SIRLAM LIMA DE AGUIAR";"DELEGADO WESLEY";"#NULO#";"56722265234";"NÃO DIVULGÁVEL";12;"APTO";"COLIGAÇÃO";12;"PDT";"PARTIDO DEMOCRÁTICO TRABALHISTA";-1;"#NULO#";"#NULO#";"#NULO#";40000050278;"EU VOTO NO AMAZONAS I";"PDT / PP / PV / PR / SOLIDARIEDADE / PTB / PHS / PSL";"AM";"10/07/1976";"016100442216";2;"MASCULINO";8;"SUPERIOR COMPLETO";3;"CASADO(A)";"01";"BRANCA";296;"SERVIDOR PÚBLICO FEDERAL";5;"SUPLENTE"
"13/11/2024";"10:55:17";2018;2;"ELEIÇÃO ORDINÁRIA";1;297;"Eleições Gerais Estaduais 2018";"07/10/2018";"ESTADUAL";"AM";"AM";"AMAZONAS";10;"2º SUPLENTE";40000610395;180;"PERSEVERANDO DA TRINDADE GARCIA FILHO";"PERSEVERANDO GARCIA";"#NULO#";"18859780225";"NÃO DIVULGÁVEL";12;"APTO";"COLIGAÇÃO";28;"PRTB";"PARTIDO RENOVADOR TRABALHISTA BRASILEIRO";-1;"#NULO#";"#NULO#";"#NULO#";40000050276;"TRANSFORMAÇÃO POR UM NOVO AMAZONAS";"REDE / PRTB / PSC";"AM";"22/04/1960";"000832822208";2;"MASCULINO";8;"SUPERIOR COMPLETO";3;"CASADO(A)";"03";"PARDA";297;"SERVIDOR PÚBLICO ESTADUAL";4;"NÃO ELEITO"
"13/11/2024";"10:55:17";2018;2;"ELEIÇÃO ORDINÁRIA";1;297;"Eleições Gerais Estaduais 2018";"07/10/2018";"ESTADUAL";"AM";"AM";"AMAZONAS";7;"DEPUTADO ESTADUAL";40000608884;25633;"LINDEMBERG RODRIGUES FURTADO";"BERG FURTADO DA ENDEMIAS";"#NULO#";"07611382268";"NÃO DIVULGÁVEL";12;"APTO";"COLIGAÇÃO";25;"DEM";"DEMOCRATAS";-1;"#NULO#";"#NULO#";"#NULO#";40000050228;"AMAZONAS COM SEGURANÇA I";"PSD / PRB / DEM";"AM";"23/03/1957";"006187592259";2;"MASCULINO";8;"SUPERIOR COMPLETO";3;"CASADO(A)";"03";"PARDA";297;"SERVIDOR PÚBLICO ESTADUAL";5;"SUPLENTE"
"13/11/2024";"10:55:17";2018;2;"ELEIÇÃO ORDINÁRIA";1;297;"Eleições Gerais Estaduais 2018";"07/10/2018";"ESTADUAL";"AM";"AM";"AMAZONAS";6;"DEPUTADO FEDERAL";40000627710;6533;"LUIZ CARLOS DE JESUS CHAGAS";"CARLINHOS";"#NULO#";"01760718220";"NÃO DIVULGÁVEL";12;"APTO";"COLIGAÇÃO";65;"PC do B";"PARTIDO COMUNISTA DO BRASIL";-1;"#NULO#";"#NULO#";"#NULO#";40000050768;"O POVO FELIZ DE NOVO";"PC do B / PT";"AM";"11/10/1953";"002487802224";2;"MASCULINO";8;"SUPERIOR COMPLETO";9;"DIVORCIADO(A)";"03";"PARDA";298;"SERVIDOR PÚBLICO MUNICIPAL";5;"SUPLENTE"
"13/11/2024";"10:55:17";2018;2;"ELEIÇÃO ORDINÁRIA";1;297;"Eleições Gerais Estaduais 2018";"07/10/2018";"ESTADUAL";"AM";"AM";"AMAZONAS";7;"DEPUTADO ESTADUAL";40000608224;13601;"WALDEMIR JOSE DA SILVA";"WALDEMIR JOSE";"#NULO#";"23369540282";"NÃO DIVULGÁVEL";12;"APTO";"COLIGAÇÃO";13;"PT";"PARTIDO DOS TRABALHADORES";-1;"#NULO#";"#NULO#";"#NULO#";40000050768;"O POVO FELIZ DE NOVO";"PC do B / PT";"AM";"18/11/1963";"006274642216";2;"MASCULINO";8;"SUPERIOR COMPLETO";3;"CASADO(A)";"01";"BRANCA";298;"SERVIDOR PÚBLICO MUNICIPAL";5;"SUPLENTE"
"13/11/2024";"10:55:17";2018;2;"ELEIÇÃO ORDINÁRIA";1;297;"Eleições Gerais Estaduais 2018";"07/10/2018";"ESTADUAL";"AM";"AM";"AMAZONAS";7;"DEPUTADO ESTADUAL";40000619000;40444;"MARIO JORGE BOUEZ ABRAHIM";"MARIO ABRAHIM";"#NULO#";"13779552817";"NÃO DIVULGÁVEL";12;"APTO";"COLIGAÇÃO";40;"PSB";"PARTIDO SOCIALISTA BRASILEIRO";-1;"#NULO#";"#NULO#";"#NULO#";40000050493;"RENOVA AMAZONAS II";"PSB / PMB / PROS";"AM";"23/09/1968";"014883242240";2;"MASCULINO";8;"SUPERIOR COMPLETO";3;"CASADO(A)";"03";"PARDA";395;"BANCÁRIO E ECONOMIÁRIO";5;"SUPLENTE"
"13/11/2024";"10:55:17";2018;2;"ELEIÇÃO ORDINÁRIA";1;297;"Eleições Gerais Estaduais 2018";"07/10/2018";"ESTADUAL";"AM";"AM";"AMAZONAS";6;"DEPUTADO FEDERAL";40000604888;3522;"ELISANGELA LIRA DE SOUZA";"LILI LIRA";"#NULO#";"51644657287";"NÃO DIVULGÁVEL";12;"APTO";"PARTIDO ISOLADO";35;"PMB";"PARTIDO DA MULHER BRASILEIRA";-1;"#NULO#";"#NULO#";"#NULO#";40000050142;"PARTIDO ISOLADO";"PMB";"AM";"09/06/1979";"020382672275";4;"FEMININO";6;"ENSINO MÉDIO COMPLETO";3;"CASADO(A)";"03";"PARDA";397;"RECEPCIONISTA";4;"NÃO ELEITO"
"13/11/2024";"10:55:17";2018;2;"ELEIÇÃO ORDINÁRIA";1;297;"Eleições Gerais Estaduais 2018";"07/10/2018";"ESTADUAL";"AM";"AM";"AMAZONAS";7;"DEPUTADO ESTADUAL";40000609285;33287;"JOÃO BATISTA ALVES DA SILVA";"BATISTA";"#NULO#";"21502528215";"NÃO DIVULGÁVEL";3;"INAPTO";"PARTIDO ISOLADO";33;"PMN";"PARTIDO DA MOBILIZAÇÃO NACIONAL";-1;"#NULO#";"#NULO#";"#NULO#";40000050241;"PARTIDO ISOLADO";"PMN";"AM";"28/01/1963";"003479032208";2;"MASCULINO";7;"SUPERIOR INCOMPLETO";3;"CASADO(A)";"03";"PARDA";401;"SUPERVISOR, INSPETOR E AGENTE DE COMPRAS E VENDAS";4;"NÃO ELEITO"
"13/11/2024";"10:55:17";2018;2;"ELEIÇÃO ORDINÁRIA";1;297;"Eleições Gerais Estaduais 2018";"07/10/2018";"ESTADUAL";"AM";"AM";"AMAZONAS";7;"DEPUTADO ESTADUAL";40000612659;22033;"LUIZ ANDRADE DE SOUSA";"ANDRADE DOS RODOVIARIOS";"#NULO#";"59838833215";"NÃO DIVULGÁVEL";3;"INAPTO";"COLIGAÇÃO";22;"PR";"PARTIDO DA REPÚBLICA";-1;"#NULO#";"#NULO#";"#NULO#";40000050342;"EU VOTO NO AMAZONAS IV";"PP / PR / PPL / SOLIDARIEDADE";"PA";"11/08/1977";"017425632283";2;"MASCULINO";6;"ENSINO MÉDIO COMPLETO";1;"SOLTEIRO(A)";"02";"PRETA";531;"MOTORISTA DE VEÍCULOS DE TRANSPORTE COLETIVO DE PASSAGEIROS";4;"NÃO ELEITO"
"13/11/2024";"10:55:17";2018;2;"ELEIÇÃO ORDINÁRIA";1;297;"Eleições Gerais Estaduais 2018";"07/10/2018";"ESTADUAL";"AM";"AM";"AMAZONAS";7;"DEPUTADO ESTADUAL";40000626326;17001;"WILLIAM GONÇALVES PINTO";"WILLIAM O GANSO";"#NULO#";"24072109215";"NÃO DIVULGÁVEL";3;"INAPTO";"COLIGAÇÃO";17;"PSL";"PARTIDO SOCIAL LIBERAL";-1;"#NULO#";"#NULO#";"#NULO#";40000050463;"EU VOTO NO AMAZONAS V";"PHS / PTB / PSL";"AM";"19/12/1966";"005353982208";2;"MASCULINO";4;"ENSINO FUNDAMENTAL COMPLETO";3;"CASADO(A)";"01";"BRANCA";536;"TAXISTA";-1;"#NULO#"
"13/11/2024";"10:55:17";2018;2;"ELEIÇÃO ORDINÁRIA";1;297;"Eleições Gerais Estaduais 2018";"07/10/2018";"ESTADUAL";"AM";"AM";"AMAZONAS";6;"DEPUTADO FEDERAL";40000604883;3599;"ALEXANDRE MATIAS DE MOURA";"ALEXANDRE MATIAS";"#NULO#";"19356435847";"NÃO DIVULGÁVEL";12;"APTO";"PARTIDO ISOLADO";35;"PMB";"PARTIDO DA MULHER BRASILEIRA";-1;"#NULO#";"#NULO#";"#NULO#";40000050142;"PARTIDO ISOLADO";"PMB";"AL";"04/07/1974";"270636020116";2;"MASCULINO";6;"ENSINO MÉDIO COMPLETO";9;"DIVORCIADO(A)";"02";"PRETA";537;"MOTORISTA PARTICULAR";4;"NÃO ELEITO"
"13/11/2024";"10:55:17";2018;2;"ELEIÇÃO ORDINÁRIA";1;297;"Eleições Gerais Estaduais 2018";"07/10/2018";"ESTADUAL";"AM";"AM";"AMAZONAS";6;"DEPUTADO FEDERAL";40000618321;2700;"JEFFERSON QUEIROZ FONTES DA CONCEIÇÃO";"JEFFERSON FONTES";"#NULO#";"62228820210";"NÃO DIVULGÁVEL";12;"APTO";"COLIGAÇÃO";27;"DC";"DEMOCRACIA CRISTÃ";-1;"#NULO#";"#NULO#";"#NULO#";40000050474;"POR UM AMAZONAS MELHOR";"MDB / DC";"AM";"11/09/1978";"018436702267";2;"MASCULINO";5;"ENSINO MÉDIO INCOMPLETO";3;"CASADO(A)";"03";"PARDA";537;"MOTORISTA PARTICULAR";4;"NÃO ELEITO"
"13/11/2024";"10:55:17";2018;2;"ELEIÇÃO ORDINÁRIA";1;297;"Eleições Gerais Estaduais 2018";"07/10/2018";"ESTADUAL";"AM";"AM";"AMAZONAS";7;"DEPUTADO ESTADUAL";40000611526;23444;"VALERIA CAMPOS SOBREIRA";"VALERIA GANZAROLLI";"#NULO#";"00831856238";"NÃO DIVULGÁVEL";12;"APTO";"PARTIDO ISOLADO";23;"PPS";"PARTIDO POPULAR SOCIALISTA";-1;"#NULO#";"#NULO#";"#NULO#";40000050309;"PARTIDO ISOLADO";"PPS";"AM";"28/03/1993";"035472132283";4;"FEMININO";6;"ENSINO MÉDIO COMPLETO";1;"SOLTEIRO(A)";"02";"PRETA";537;"MOTORISTA PARTICULAR";5;"SUPLENTE"
"13/11/2024";"10:55:17";2018;2;"ELEIÇÃO ORDINÁRIA";1;297;"Eleições Gerais Estaduais 2018";"07/10/2018";"ESTADUAL";"AM";"AM";"AMAZONAS";7;"DEPUTADO ESTADUAL";40000627746;50444;"MARIA ELIETE NUNES DA SILVA";"PASTORA ELIETE";"#NULO#";"57648301253";"NÃO DIVULGÁVEL";12;"APTO";"PARTIDO ISOLADO";50;"PSOL";"PARTIDO SOCIALISMO E LIBERDADE";-1;"#NULO#";"#NULO#";"#NULO#";40000050067;"PARTIDO ISOLADO";"PSOL";"AM";"11/09/1977";"016941602283";4;"FEMININO";6;"ENSINO MÉDIO COMPLETO";3;"CASADO(A)";"01";"BRANCA";910;"SACERDOTE OU MEMBRO DE ORDEM OU SEITA RELIGIOSA";4;"NÃO ELEITO"
"13/11/2024";"10:55:17";2018;2;"ELEIÇÃO ORDINÁRIA";1;297;"Eleições Gerais Estaduais 2018";"07/10/2018";"ESTADUAL";"AM";"AM";"AMAZONAS";7;"DEPUTADO ESTADUAL";40000617520;17345;"LOREN CARLA DOS SANTOS PIRES";"LOREN CAYALI";"#NULO#";"01108551246";"NÃO DIVULGÁVEL";12;"APTO";"COLIGAÇÃO";17;"PSL";"PARTIDO SOCIAL LIBERAL";-1;"#NULO#";"#NULO#";"#NULO#";40000050463;"EU VOTO NO AMAZONAS V";"PHS / PTB / PSL";"AM";"26/08/1997";"039160542283";4;"FEMININO";6;"ENSINO MÉDIO COMPLETO";1;"SOLTEIRO(A)";"03";"PARDA";931;"ESTUDANTE, BOLSISTA, ESTAGIÁRIO E ASSEMELHADOS";5;"SUPLENTE"
"13/11/2024";"10:55:17";2018;2;"ELEIÇÃO ORDINÁRIA";1;297;"Eleições Gerais Estaduais 2018";"07/10/2018";"ESTADUAL";"AM";"AM";"AMAZONAS";7;"DEPUTADO ESTADUAL";40000610341;20127;"ROGERIO LUIZ CUNHA SERRÃO";"ROGERIO SERRÃO";"#NULO#";"81192371291";"NÃO DIVULGÁVEL";3;"INAPTO";"COLIGAÇÃO";20;"PSC";"PARTIDO SOCIAL CRISTÃO";-1;"#NULO#";"#NULO#";"#NULO#";40000050272;"TRANSFORMAÇÃO POR UM NOVO AMAZONAS";"REDE / PSC / PRTB";"PA";"27/11/1986";"049485541376";2;"MASCULINO";6;"ENSINO MÉDIO COMPLETO";3;"CASADO(A)";"03";"PARDA";999;"OUTROS";-1;"#NULO#"
"13/11/2024";"10:55:17";2018;2;"ELEIÇÃO ORDINÁRIA";1;297;"Eleições Gerais Estaduais 2018";"07/10/2018";"ESTADUAL";"AM";"AM";"AMAZONAS";7;"DEPUTADO ESTADUAL";40000604607;51444;"PABLO STEPHANO FERNANDES DE QUEIROZ";"PABLO QUEIROZ";"#NULO#";"01185984224";"NÃO DIVULGÁVEL";12;"APTO";"PARTIDO ISOLADO";51;"PATRIOTA";"PATRIOTA";-1;"#NULO#";"#NULO#";"#NULO#";40000050133;"PARTIDO ISOLADO";"PATRIOTA";"AM";"24/04/1993";"034913252240";2;"MASCULINO";6;"ENSINO MÉDIO COMPLETO";1;"SOLTEIRO(A)";"03";"PARDA";999;"OUTROS";4;"NÃO ELEITO"
"13/11/2024";"10:55:17";2018;2;"ELEIÇÃO ORDINÁRIA";1;297;"Eleições Gerais Estaduais 2018";"07/10/2018";"ESTADUAL";"AM";"AM";"AMAZONAS";7;"DEPUTADO ESTADUAL";40000610329;20221;"ALISON SALES CASTELO BRANCO";"ALISON CASTELO BRANCO";"#NULO#";"00301162280";"NÃO DIVULGÁVEL";12;"APTO";"COLIGAÇÃO";20;"PSC";"PARTIDO SOCIAL CRISTÃO";-1;"#NULO#";"#NULO#";"#NULO#";40000050272;"TRANSFORMAÇÃO POR UM NOVO AMAZONAS";"REDE / PSC / PRTB";"AC";"14/03/1989";"033607292208";2;"MASCULINO";6;"ENSINO MÉDIO COMPLETO";1;"SOLTEIRO(A)";"01";"BRANCA";999;"OUTROS";4;"NÃO ELEITO"
"13/11/2024";"10:55:17";2018;2;"ELEIÇÃO ORDINÁRIA";1;297;"Eleições Gerais Estaduais 2018";"07/10/2018";"ESTADUAL";"AM";"AM";"AMAZONAS";7;"DEPUTADO ESTADUAL";40000619014;90555;"EDNEI ARAUJO DA SILVA";"EDNEI SILVA";"#NULO#";"68173830215";"NÃO DIVULGÁVEL";12;"APTO";"COLIGAÇÃO";90;"PROS";"PARTIDO REPUBLICANO DA ORDEM SOCIAL";-1;"#NULO#";"#NULO#";"#NULO#";40000050493;"RENOVA AMAZONAS II";"PSB / PMB / PROS";"AM";"03/03/1982";"003375662585";2;"MASCULINO";6;"ENSINO MÉDIO COMPLETO";1;"SOLTEIRO(A)";"03";"PARDA";999;"OUTROS";5;"SUPLENTE"
"13/11/2024";"10:55:17";2018;2;"ELEIÇÃO ORDINÁRIA";1;297;"Eleições Gerais Estaduais 2018";"07/10/2018";"ESTADUAL";"AM";"AM";"AMAZONAS";6;"DEPUTADO FEDERAL";40000610350;1818;"FRANCISCO CARLOS BORGES DE SOUZA";"PEBA";"#NULO#";"00605761701";"NÃO DIVULGÁVEL";12;"APTO";"COLIGAÇÃO";18;"REDE";"REDE SUSTENTABILIDADE";-1;"#NULO#";"#NULO#";"#NULO#";40000050273;"TRANSFORMAÇÃO POR UM NOVO AMAZONAS";"REDE / PSC / PRTB";"AM";"15/01/1959";"003650402259";2;"MASCULINO";6;"ENSINO MÉDIO COMPLETO";1;"SOLTEIRO(A)";"02";"PRETA";999;"OUTROS";4;"NÃO ELEITO"
"13/11/2024";"10:55:17";2018;2;"ELEIÇÃO ORDINÁRIA";1;297;"Eleições Gerais Estaduais 2018";"07/10/2018";"ESTADUAL";"AM";"AM";"AMAZONAS";7;"DEPUTADO ESTADUAL";40000611545;23009;"MARCELO FREDERICO LABORDA";"MARCELO LABORDA";"#NULO#";"27466841287";"NÃO DIVULGÁVEL";12;"APTO";"PARTIDO ISOLADO";23;"PPS";"PARTIDO POPULAR SOCIALISTA";-1;"#NULO#";"#NULO#";"#NULO#";40000050309;"PARTIDO ISOLADO";"PPS";"AM";"25/09/1968";"012054492267";2;"MASCULINO";6;"ENSINO MÉDIO COMPLETO";3;"CASADO(A)";"01";"BRANCA";999;"OUTROS";5;"SUPLENTE"
"13/11/2024";"10:55:17";2018;2;"ELEIÇÃO ORDINÁRIA";1;297;"Eleições Gerais Estaduais 2018";"07/10/2018";"ESTADUAL";"AM";"AM";"AMAZONAS";7;"DEPUTADO ESTADUAL";40000623464;12000;"RODRIGO BATISTA DE CASTRO";"RODRIGO CASTRO";"#NULO#";"07198775632";"NÃO DIVULGÁVEL";12;"APTO";"COLIGAÇÃO";12;"PDT";"PARTIDO DEMOCRÁTICO TRABALHISTA";-1;"#NULO#";"#NULO#";"#NULO#";40000050628;" EU VOTO NO AMAZONAS III ";"PDT / PRP / AVANTE";"RJ";"08/02/1985";"157133370213";2;"MASCULINO";6;"ENSINO MÉDIO COMPLETO";3;"CASADO(A)";"01";"BRANCA";999;"OUTROS";5;"SUPLENTE"
"13/11/2024";"10:55:17";2018;2;"ELEIÇÃO ORDINÁRIA";1;297;"Eleições Gerais Estaduais 2018";"07/10/2018";"ESTADUAL";"AM";"AM";"AMAZONAS";7;"DEPUTADO ESTADUAL";40000611559;23711;"GERALDO RIBEIRO DA SILVA JUNIOR";"JUNIOR RIBEIRO";"#NULO#";"25938410363";"NÃO DIVULGÁVEL";12;"APTO";"PARTIDO ISOLADO";23;"PPS";"PARTIDO POPULAR SOCIALISTA";-1;"#NULO#";"#NULO#";"#NULO#";40000050309;"PARTIDO ISOLADO";"PPS";"CE";"30/03/1966";"006233762275";2;"MASCULINO";6;"ENSINO MÉDIO COMPLETO";3;"CASADO(A)";"01";"BRANCA";999;"OUTROS";5;"SUPLENTE"
"13/11/2024";"10:55:17";2018;2;"ELEIÇÃO ORDINÁRIA";1;297;"Eleições Gerais Estaduais 2018";"07/10/2018";"ESTADUAL";"AM";"AM";"AMAZONAS";7;"DEPUTADO ESTADUAL";40000612644;11777;"SINESIO ISAQUE";"SINÉSIO TROVÃO";"#NULO#";"61374440230";"NÃO DIVULGÁVEL";12;"APTO";"COLIGAÇÃO";11;"PP";"PROGRESSISTAS";-1;"#NULO#";"#NULO#";"#NULO#";40000050342;"EU VOTO NO AMAZONAS IV";"PP / PR / PPL / SOLIDARIEDADE";"AM";"03/11/1975";"014922102208";2;"MASCULINO";6;"ENSINO MÉDIO COMPLETO";3;"CASADO(A)";"02";"PRETA";999;"OUTROS";5;"SUPLENTE"
"13/11/2024";"10:55:17";2018;2;"ELEIÇÃO ORDINÁRIA";1;297;"Eleições Gerais Estaduais 2018";"07/10/2018";"ESTADUAL";"AM";"AM";"AMAZONAS";6;"DEPUTADO FEDERAL";40000610354;2860;"ROBERTO DA SILVA";"ROBERTO DA SILVA";"#NULO#";"26945916200";"NÃO DIVULGÁVEL";12;"APTO";"COLIGAÇÃO";28;"PRTB";"PARTIDO RENOVADOR TRABALHISTA BRASILEIRO";-1;"#NULO#";"#NULO#";"#NULO#";40000050273;"TRANSFORMAÇÃO POR UM NOVO AMAZONAS";"REDE / PSC / PRTB";"AM";"27/03/1967";"004180382208";2;"MASCULINO";5;"ENSINO MÉDIO INCOMPLETO";3;"CASADO(A)";"03";"PARDA";999;"OUTROS";4;"NÃO ELEITO"
"13/11/2024";"10:55:17";2018;2;"ELEIÇÃO ORDINÁRIA";1;297;"Eleições Gerais Estaduais 2018";"07/10/2018";"ESTADUAL";"AM";"AM";"AMAZONAS";7;"DEPUTADO ESTADUAL";40000611552;23888;"FIDEL DOS SANTOS NOBRE";"APOSTOLO FIDEL";"#NULO#";"73660329215";"NÃO DIVULGÁVEL";12;"APTO";"PARTIDO ISOLADO";23;"PPS";"PARTIDO POPULAR SOCIALISTA";-1;"#NULO#";"#NULO#";"#NULO#";40000050309;"PARTIDO ISOLADO";"PPS";"AM";"20/10/1983";"022154432240";2;"MASCULINO";8;"SUPERIOR COMPLETO";3;"CASADO(A)";"02";"PRETA";999;"OUTROS";5;"SUPLENTE"
"13/11/2024";"10:55:17";2018;2;"ELEIÇÃO ORDINÁRIA";1;297;"Eleições Gerais Estaduais 2018";"07/10/2018";"ESTADUAL";"AM";"AM";"AMAZONAS";7;"DEPUTADO ESTADUAL";40000608170;36144;"JULIO CESAR ALBUQUERQUE FERREIRA";"JULIO CESAR DA MUNDIAL";"#NULO#";"78922798220";"NÃO DIVULGÁVEL";12;"APTO";"COLIGAÇÃO";36;"PTC";"PARTIDO TRABALHISTA CRISTÃO";-1;"#NULO#";"#NULO#";"#NULO#";40000050212;"AMAZONAS COM SEGURANÇA II";"PSDB / PTC";"AM";"25/08/1982";"022704332275";2;"MASCULINO";4;"ENSINO FUNDAMENTAL COMPLETO";3;"CASADO(A)";"01";"BRANCA";999;"OUTROS";5;"SUPLENTE"
"13/11/2024";"10:55:17";2018;2;"ELEIÇÃO ORDINÁRIA";1;297;"Eleições Gerais Estaduais 2018";"07/10/2018";"ESTADUAL";"AM";"AM";"AMAZONAS";7;"DEPUTADO ESTADUAL";40000608221;13127;"RAIMUNDO NONATO CORREIA SANTIAGO";"RAIMUNDO SANTIAGO";"#NULO#";"89574486249";"NÃO DIVULGÁVEL";12;"APTO";"COLIGAÇÃO";13;"PT";"PARTIDO DOS TRABALHADORES";-1;"#NULO#";"#NULO#";"#NULO#";40000050768;"O POVO FELIZ DE NOVO";"PC do B / PT";"AM";"12/12/1985";"031053352216";2;"MASCULINO";4;"ENSINO FUNDAMENTAL COMPLETO";3;"CASADO(A)";"02";"PRETA";999;"OUTROS";5;"SUPLENTE"
"13/11/2024";"10:55:17";2018;2;"ELEIÇÃO ORDINÁRIA";1;297;"Eleições Gerais Estaduais 2018";"07/10/2018";"ESTADUAL";"AM";"AM";"AMAZONAS";7;"DEPUTADO ESTADUAL";40000609294;33223;"SANDRO SÉRGIO PEDROSA DA SILVA";"AP. PEDROSA";"#NULO#";"62307797220";"NÃO DIVULGÁVEL";12;"APTO";"PARTIDO ISOLADO";33;"PMN";"PARTIDO DA MOBILIZAÇÃO NACIONAL";-1;"#NULO#";"#NULO#";"#NULO#";40000050241;"PARTIDO ISOLADO";"PMN";"AM";"10/03/1973";"010802592224";2;"MASCULINO";3;"ENSINO FUNDAMENTAL INCOMPLETO";3;"CASADO(A)";"03";"PARDA";999;"OUTROS";4;"NÃO ELEITO"
"13/11/2024";"10:55:17";2018;2;"ELEIÇÃO ORDINÁRIA";1;297;"Eleições Gerais Estaduais 2018";"07/10/2018";"ESTADUAL";"AM";"AM";"AMAZONAS";7;"DEPUTADO ESTADUAL";40000627709;65111;"PAULO HENRIQUE REGIS DA CUNHA";"ZÉ BONITINHO";"#NULO#";"63133741268";"NÃO DIVULGÁVEL";12;"APTO";"COLIGAÇÃO";65;"PC do B";"PARTIDO COMUNISTA DO BRASIL";-1;"#NULO#";"#NULO#";"#NULO#";40000050768;"O POVO FELIZ DE NOVO";"PC do B / PT";"AM";"23/02/1972";"016067232216";2;"MASCULINO";3;"ENSINO FUNDAMENTAL INCOMPLETO";3;"CASADO(A)";"03";"PARDA";999;"OUTROS";5;"SUPLENTE"
"13/11/2024";"10:55:17";2018;2;"ELEIÇÃO ORDINÁRIA";1;297;"Eleições Gerais Estaduais 2018";"07/10/2018";"ESTADUAL";"AM";"AM";"AMAZONAS";6;"DEPUTADO FEDERAL";40000628372;1255;"ALINI SANTANA DE OLIVEIRA DA SILVA";"PROFESSORA ALINI SANTANA";"#NULO#";"66327920225";"NÃO DIVULGÁVEL";3;"INAPTO";"PARTIDO ISOLADO";12;"PDT";"PARTIDO DEMOCRÁTICO TRABALHISTA";-1;"#NULO#";"#NULO#";"#NULO#";40000050781;"PARTIDO ISOLADO";"PDT";"AM";"06/03/1982";"019952122208";4;"FEMININO";8;"SUPERIOR COMPLETO";3;"CASADO(A)";"03";"PARDA";999;"OUTROS";-1;"#NULO#"
"13/11/2024";"10:55:17";2018;2;"ELEIÇÃO ORDINÁRIA";1;297;"Eleições Gerais Estaduais 2018";"07/10/2018";"ESTADUAL";"AM";"AM";"AMAZONAS";7;"DEPUTADO ESTADUAL";40000629222;19255;"MARIA PEREIRA DANTAS";"MARIA DANTAS";"#NULO#";"73505900249";"NÃO DIVULGÁVEL";12;"APTO";"COLIGAÇÃO";19;"PODE";"PODEMOS";-1;"#NULO#";"#NULO#";"#NULO#";40000050214;"PODE";"PODE";"PA";"15/08/1982";"038540031376";4;"FEMININO";6;"ENSINO MÉDIO COMPLETO";1;"SOLTEIRO(A)";"03";"PARDA";999;"OUTROS";5;"SUPLENTE"
"13/11/2024";"10:55:17";2018;2;"ELEIÇÃO ORDINÁRIA";1;297;"Eleições Gerais Estaduais 2018";"07/10/2018";"ESTADUAL";"AM";"AM";"AMAZONAS";7;"DEPUTADO ESTADUAL";40000612660;22014;"MARIA SILVA CALDEIRA DE SOUZA";"CALDEIRA";"#NULO#";"19290853204";"NÃO DIVULGÁVEL";12;"APTO";"COLIGAÇÃO";22;"PR";"PARTIDO DA REPÚBLICA";-1;"#NULO#";"#NULO#";"#NULO#";40000050342;"EU VOTO NO AMAZONAS IV";"PP / PR / PPL / SOLIDARIEDADE";"PA";"30/09/1964";"001823912240";4;"FEMININO";8;"SUPERIOR COMPLETO";9;"DIVORCIADO(A)";"02";"PRETA";999;"OUTROS";5;"SUPLENTE"
"13/11/2024";"10:55:17";2018;2;"ELEIÇÃO ORDINÁRIA";1;297;"Eleições Gerais Estaduais 2018";"07/10/2018";"ESTADUAL";"AM";"AM";"AMAZONAS";7;"DEPUTADO ESTADUAL";40000612672;11888;"VERONICA MARIA MOREIRA DE MAGALHAES";"VERONICA MAGALHAES";"#NULO#";"44365225472";"NÃO DIVULGÁVEL";12;"APTO";"COLIGAÇÃO";11;"PP";"PROGRESSISTAS";-1;"#NULO#";"#NULO#";"#NULO#";40000050342;"EU VOTO NO AMAZONAS IV";"PP / PR / PPL / SOLIDARIEDADE";"PE";"15/08/1966";"013800092046";4;"FEMININO";8;"SUPERIOR COMPLETO";1;"SOLTEIRO(A)";"03";"PARDA";999;"OUTROS";5;"SUPLENTE"
"13/11/2024";"10:55:17";2018;2;"ELEIÇÃO ORDINÁRIA";1;297;"Eleições Gerais Estaduais 2018";"07/10/2018";"ESTADUAL";"AM";"AM";"AMAZONAS";6;"DEPUTADO FEDERAL";40000602405;5088;"ALZIRA ANTONIA DE SOUZA NOGUEIRA";"ALZIRA NOGUEIRA";"#NULO#";"33788030291";"NÃO DIVULGÁVEL";12;"APTO";"PARTIDO ISOLADO";50;"PSOL";"PARTIDO SOCIALISMO E LIBERDADE";-1;"#NULO#";"#NULO#";"#NULO#";40000050067;"PARTIDO ISOLADO";"PSOL";"AM";"30/04/1969";"010126672283";4;"FEMININO";6;"ENSINO MÉDIO COMPLETO";3;"CASADO(A)";"01";"BRANCA";999;"OUTROS";4;"NÃO ELEITO"
"13/11/2024";"10:55:17";2018;2;"ELEIÇÃO ORDINÁRIA";1;297;"Eleições Gerais Estaduais 2018";"07/10/2018";"ESTADUAL";"AM";"AM";"AMAZONAS";7;"DEPUTADO ESTADUAL";40000629575;19254;"MARIA EVA RODRIGUES DA SILVA";"EVA RODRIGUES";"#NULO#";"52469700272";"NÃO DIVULGÁVEL";12;"APTO";"COLIGAÇÃO";19;"PODE";"PODEMOS";-1;"#NULO#";"#NULO#";"#NULO#";40000050214;"PODE";"PODE";"AM";"25/11/1975";"018415602216";4;"FEMININO";6;"ENSINO MÉDIO COMPLETO";3;"CASADO(A)";"03";"PARDA";999;"OUTROS";5;"SUPLENTE"
"13/11/2024";"10:55:17";2018;2;"ELEIÇÃO ORDINÁRIA";1;297;"Eleições Gerais Estaduais 2018";"07/10/2018";"ESTADUAL";"AM";"AM";"AMAZONAS";6;"DEPUTADO FEDERAL";40000623404;5450;"FABIANA CAMPOS SILVA WILKENS";"FABIANA CAMPOS";"#NULO#";"61804975249";"NÃO DIVULGÁVEL";12;"APTO";"COLIGAÇÃO";54;"PPL";"PARTIDO PÁTRIA LIVRE";-1;"#NULO#";"#NULO#";"#NULO#";40000050626;"EU VOTO NO AMAZONAS II";"PPS / PPL / PRP / AVANTE";"BA";"04/12/1974";"014645782259";4;"FEMININO";8;"SUPERIOR COMPLETO";3;"CASADO(A)";"01";"BRANCA";999;"OUTROS";4;"NÃO ELEITO"
"13/11/2024";"10:55:17";2018;2;"ELEIÇÃO ORDINÁRIA";1;297;"Eleições Gerais Estaduais 2018";"07/10/2018";"ESTADUAL";"AM";"AM";"AMAZONAS";7;"DEPUTADO ESTADUAL";40000617651;77654;"LINCOLN ROBERT DA COSTA SOUZA";"LINCOLN TERRINHA";"#NULO#";"62277570206";"NÃO DIVULGÁVEL";3;"INAPTO";"COLIGAÇÃO";77;"SOLIDARIEDADE";"SOLIDARIEDADE";-1;"#NULO#";"#NULO#";"#NULO#";40000050342;"EU VOTO NO AMAZONAS IV";"PP / PR / PPL / SOLIDARIEDADE";"RO";"12/05/1978";"016529632240";2;"MASCULINO";8;"SUPERIOR COMPLETO";3;"CASADO(A)";"03";"PARDA";101;"ENGENHEIRO";-1;"#NULO#"
"13/11/2024";"10:55:17";2018;2;"ELEIÇÃO ORDINÁRIA";1;297;"Eleições Gerais Estaduais 2018";"07/10/2018";"ESTADUAL";"AM";"AM";"AMAZONAS";7;"DEPUTADO ESTADUAL";40000608887;25678;"RAIMUNDO NONATO BELO SOARES";"PROF. NONATO BELO";"#NULO#";"21418179272";"NÃO DIVULGÁVEL";12;"APTO";"COLIGAÇÃO";25;"DEM";"DEMOCRATAS";-1;"#NULO#";"#NULO#";"#NULO#";40000050228;"AMAZONAS COM SEGURANÇA I";"PSD / PRB / DEM";"AM";"07/11/1962";"003061592208";2;"MASCULINO";8;"SUPERIOR COMPLETO";9;"DIVORCIADO(A)";"01";"BRANCA";101;"ENGENHEIRO";5;"SUPLENTE"
"13/11/2024";"10:55:17";2018;2;"ELEIÇÃO ORDINÁRIA";1;297;"Eleições Gerais Estaduais 2018";"07/10/2018";"ESTADUAL";"AM";"AM";"AMAZONAS";7;"DEPUTADO ESTADUAL";40000602427;50349;"LOURISVAL PEREIRA DA CONCEIÇÃO";"LOURISVAL PEREIRA";"#NULO#";"58029842287";"NÃO DIVULGÁVEL";12;"APTO";"PARTIDO ISOLADO";50;"PSOL";"PARTIDO SOCIALISMO E LIBERDADE";-1;"#NULO#";"#NULO#";"#NULO#";40000050067;"PARTIDO ISOLADO";"PSOL";"MA";"23/07/1976";"016771722291";2;"MASCULINO";8;"SUPERIOR COMPLETO";1;"SOLTEIRO(A)";"03";"PARDA";109;"AGENTE DE SAÚDE E SANITARISTA";4;"NÃO ELEITO"
"13/11/2024";"10:55:17";2018;2;"ELEIÇÃO ORDINÁRIA";1;297;"Eleições Gerais Estaduais 2018";"07/10/2018";"ESTADUAL";"AM";"AM";"AMAZONAS";7;"DEPUTADO ESTADUAL";40000623425;44777;"FRANCISCO DO NASCIMENTO GOMES";"DR. GOMES";"#NULO#";"06026885234";"NÃO DIVULGÁVEL";12;"APTO";"COLIGAÇÃO";44;"PRP";"PARTIDO REPUBLICANO PROGRESSISTA";-1;"#NULO#";"#NULO#";"#NULO#";40000050628;" EU VOTO NO AMAZONAS III ";"PDT / PRP / AVANTE";"AC";"08/09/1956";"006461272216";2;"MASCULINO";7;"SUPERIOR INCOMPLETO";3;"CASADO(A)";"01";"BRANCA";111;"MÉDICO";3;"ELEITO POR MÉDIA"
"13/11/2024";"10:55:17";2018;2;"ELEIÇÃO ORDINÁRIA";1;297;"Eleições Gerais Estaduais 2018";"07/10/2018";"ESTADUAL";"AM";"AM";"AMAZONAS";7;"DEPUTADO ESTADUAL";40000612668;77888;"GERALDO PEREIRA DOS SANTOS";"GERALDO SANTOS";"#NULO#";"34730893204";"NÃO DIVULGÁVEL";12;"APTO";"COLIGAÇÃO";77;"SOLIDARIEDADE";"SOLIDARIEDADE";-1;"#NULO#";"#NULO#";"#NULO#";40000050342;"EU VOTO NO AMAZONAS IV";"PP / PR / PPL / SOLIDARIEDADE";"AM";"14/01/1969";"011053002232";2;"MASCULINO";8;"SUPERIOR COMPLETO";3;"CASADO(A)";"03";"PARDA";113;"ENFERMEIRO";5;"SUPLENTE"
"13/11/2024";"10:55:17";2018;2;"ELEIÇÃO ORDINÁRIA";1;297;"Eleições Gerais Estaduais 2018";"07/10/2018";"ESTADUAL";"AM";"AM";"AMAZONAS";7;"DEPUTADO ESTADUAL";40000609307;33671;"EDUARDO ARAUJO DE CARVALHO JUNIOR";"EDUARDO JUNIOR";"#NULO#";"71365320278";"NÃO DIVULGÁVEL";12;"APTO";"PARTIDO ISOLADO";33;"PMN";"PARTIDO DA MOBILIZAÇÃO NACIONAL";-1;"#NULO#";"#NULO#";"#NULO#";40000050241;"PARTIDO ISOLADO";"PMN";"AM";"19/01/1982";"020078642216";2;"MASCULINO";6;"ENSINO MÉDIO COMPLETO";1;"SOLTEIRO(A)";"03";"PARDA";114;"FISIOTERAPEUTA E TERAPEUTA OCUPACIONAL";4;"NÃO ELEITO"
"13/11/2024";"10:55:17";2018;2;"ELEIÇÃO ORDINÁRIA";1;297;"Eleições Gerais Estaduais 2018";"07/10/2018";"ESTADUAL";"AM";"AM";"AMAZONAS";7;"DEPUTADO ESTADUAL";40000625503;31456;"NELSON RAIMUNDO DE OLIVEIRA AZEDO";"NELSON AZEDO";"#NULO#";"02758431220";"NÃO DIVULGÁVEL";12;"APTO";"COLIGAÇÃO";31;"PHS";"PARTIDO HUMANISTA DA SOLIDARIEDADE";-1;"#NULO#";"#NULO#";"#NULO#";40000050463;"EU VOTO NO AMAZONAS V";"PHS / PTB / PSL";"AM";"25/09/1950";"001804162224";2;"MASCULINO";8;"SUPERIOR COMPLETO";3;"CASADO(A)";"03";"PARDA";115;"ODONTÓLOGO";5;"SUPLENTE"
"13/11/2024";"10:55:17";2018;2;"ELEIÇÃO ORDINÁRIA";1;297;"Eleições Gerais Estaduais 2018";"07/10/2018";"ESTADUAL";"AM";"AM";"AMAZONAS";7;"DEPUTADO ESTADUAL";40000629064;33001;"ANA CARLOS DA SILVA";"ANA CARLOS";"#NULO#";"34750878200";"NÃO DIVULGÁVEL";12;"APTO";"PARTIDO ISOLADO";33;"PMN";"PARTIDO DA MOBILIZAÇÃO NACIONAL";-1;"#NULO#";"#NULO#";"#NULO#";40000050241;"PARTIDO ISOLADO";"PMN";"AM";"24/08/1970";"012302452275";4;"FEMININO";8;"SUPERIOR COMPLETO";1;"SOLTEIRO(A)";"03";"PARDA";117;"FARMACÊUTICO";4;"NÃO ELEITO"
"13/11/2024";"10:55:17";2018;2;"ELEIÇÃO ORDINÁRIA";1;297;"Eleições Gerais Estaduais 2018";"07/10/2018";"ESTADUAL";"AM";"AM";"AMAZONAS";7;"DEPUTADO ESTADUAL";40000617494;31031;"MAURICIO WILKER DE AZEVEDO BARRETO";"WILKER BARRETO";"#NULO#";"57514240268";"NÃO DIVULGÁVEL";12;"APTO";"COLIGAÇÃO";31;"PHS";"PARTIDO HUMANISTA DA SOLIDARIEDADE";-1;"#NULO#";"#NULO#";"#NULO#";40000050463;"EU VOTO NO AMAZONAS V";"PHS / PTB / PSL";"AM";"01/08/1976";"016497712267";2;"MASCULINO";8;"SUPERIOR COMPLETO";3;"CASADO(A)";"01";"BRANCA";121;"ECONOMISTA";2;"ELEITO POR QP"
"13/11/2024";"10:55:17";2018;2;"ELEIÇÃO ORDINÁRIA";1;297;"Eleições Gerais Estaduais 2018";"07/10/2018";"ESTADUAL";"AM";"AM";"AMAZONAS";10;"2º SUPLENTE";40000610068;123;"MARCELO NEVES SALDANHA";"MARCELO SALDANHA";"#NULO#";"51861321287";"NÃO DIVULGÁVEL";12;"APTO";"COLIGAÇÃO";44;"PRP";"PARTIDO REPUBLICANO PROGRESSISTA";-1;"#NULO#";"#NULO#";"#NULO#";40000050267;"EU VOTO NO AMAZONAS";"PDT / PRP / AVANTE / PP / PV / PR / SOLIDARIEDADE / PPS / PTB / PHS / PSL / PPL";"AM";"09/01/1981";"020768912259";2;"MASCULINO";8;"SUPERIOR COMPLETO";1;"SOLTEIRO(A)";"01";"BRANCA";125;"ADMINISTRADOR";4;"NÃO ELEITO"
"13/11/2024";"10:55:17";2018;2;"ELEIÇÃO ORDINÁRIA";1;297;"Eleições Gerais Estaduais 2018";"07/10/2018";"ESTADUAL";"AM";"AM";"AMAZONAS";7;"DEPUTADO ESTADUAL";40000608860;55666;"JAMES DE SOUZA E SOUZA";"JAMES BALA";"#NULO#";"61081418249";"NÃO DIVULGÁVEL";12;"APTO";"COLIGAÇÃO";55;"PSD";"PARTIDO SOCIAL DEMOCRÁTICO";-1;"#NULO#";"#NULO#";"#NULO#";40000050228;"AMAZONAS COM SEGURANÇA I";"PSD / PRB / DEM";"AM";"17/02/1978";"016859622267";2;"MASCULINO";3;"ENSINO FUNDAMENTAL INCOMPLETO";3;"CASADO(A)";"01";"BRANCA";125;"ADMINISTRADOR";5;"SUPLENTE"
"13/11/2024";"10:55:17";2018;2;"ELEIÇÃO ORDINÁRIA";1;297;"Eleições Gerais Estaduais 2018";"07/10/2018";"ESTADUAL";"AM";"AM";"AMAZONAS";7;"DEPUTADO ESTADUAL";40000619007;90333;"ADRIANA MOURA DE MENDONÇA";"ADRIANA MOURA";"#NULO#";"58103805653";"NÃO DIVULGÁVEL";12;"APTO";"COLIGAÇÃO";90;"PROS";"PARTIDO REPUBLICANO DA ORDEM SOCIAL";-1;"#NULO#";"#NULO#";"#NULO#";40000050493;"RENOVA AMAZONAS II";"PSB / PMB / PROS";"MG";"09/07/1965";"030345910205";4;"FEMININO";8;"SUPERIOR COMPLETO";9;"DIVORCIADO(A)";"01";"BRANCA";125;"ADMINISTRADOR";5;"SUPLENTE"
"13/11/2024";"10:55:17";2018;2;"ELEIÇÃO ORDINÁRIA";1;297;"Eleições Gerais Estaduais 2018";"07/10/2018";"ESTADUAL";"AM";"AM";"AMAZONAS";7;"DEPUTADO ESTADUAL";40000612677;54324;"MARIA ASSUNÇÃO DA SILVA BARBOSA";"SUZY BARBOSA";"#NULO#";"64819272268";"NÃO DIVULGÁVEL";3;"INAPTO";"COLIGAÇÃO";54;"PPL";"PARTIDO PÁTRIA LIVRE";-1;"#NULO#";"#NULO#";"#NULO#";40000050342;"EU VOTO NO AMAZONAS IV";"PP / PR / PPL / SOLIDARIEDADE";"AM";"25/08/1980";"019453132224";4;"FEMININO";8;"SUPERIOR COMPLETO";3;"CASADO(A)";"03";"PARDA";125;"ADMINISTRADOR";-1;"#NULO#"
"13/11/2024";"10:55:17";2018;2;"ELEIÇÃO ORDINÁRIA";1;297;"Eleições Gerais Estaduais 2018";"07/10/2018";"ESTADUAL";"AM";"AM";"AMAZONAS";5;"SENADOR";40000604138;333;"MARCO ANTONIO SOUZA RIBEIRO DA COSTA";"CHICO PRETO";"#NULO#";"09331269803";"NÃO DIVULGÁVEL";3;"INAPTO";"COLIGAÇÃO";33;"PMN";"PARTIDO DA MOBILIZAÇÃO NACIONAL";-1;"#NULO#";"#NULO#";"#NULO#";40000050119;"RENOVA AMAZONAS";"PODE / PMN / PMB / PSB / PROS / PT";"AM";"25/06/1969";"010203822267";2;"MASCULINO";8;"SUPERIOR COMPLETO";3;"CASADO(A)";"01";"BRANCA";131;"ADVOGADO";-1;"#NULO#"
"13/11/2024";"10:55:17";2018;2;"ELEIÇÃO ORDINÁRIA";1;297;"Eleições Gerais Estaduais 2018";"07/10/2018";"ESTADUAL";"AM";"AM";"AMAZONAS";6;"DEPUTADO FEDERAL";40000627713;6556;"JULIO ALBERTO CORREA SALAS";"JULIO SALAS";"#NULO#";"58870091287";"NÃO DIVULGÁVEL";12;"APTO";"COLIGAÇÃO";65;"PC do B";"PARTIDO COMUNISTA DO BRASIL";-1;"#NULO#";"#NULO#";"#NULO#";40000050768;"O POVO FELIZ DE NOVO";"PC do B / PT";"AM";"20/02/1976";"015720632224";2;"MASCULINO";8;"SUPERIOR COMPLETO";3;"CASADO(A)";"03";"PARDA";131;"ADVOGADO";5;"SUPLENTE"
"13/11/2024";"10:55:17";2018;2;"ELEIÇÃO ORDINÁRIA";1;297;"Eleições Gerais Estaduais 2018";"07/10/2018";"ESTADUAL";"AM";"AM";"AMAZONAS";7;"DEPUTADO ESTADUAL";40000625748;45234;"JOSE MARIO FROTA MOREIRA";"MARIO FROTA";"#NULO#";"03912868204";"NÃO DIVULGÁVEL";12;"APTO";"COLIGAÇÃO";45;"PSDB";"PARTIDO DA SOCIAL DEMOCRACIA BRASILEIRA";-1;"#NULO#";"#NULO#";"#NULO#";40000050212;"AMAZONAS COM SEGURANÇA II";"PSDB / PTC";"CE";"22/02/1943";"004865942240";2;"MASCULINO";8;"SUPERIOR COMPLETO";3;"CASADO(A)";"03";"PARDA";131;"ADVOGADO";5;"SUPLENTE"
"13/11/2024";"10:55:17";2018;2;"ELEIÇÃO ORDINÁRIA";1;297;"Eleições Gerais Estaduais 2018";"07/10/2018";"ESTADUAL";"AM";"AM";"AMAZONAS";7;"DEPUTADO ESTADUAL";40000611522;23123;"JANAINA CHAGAS CAMARA";"JANAÍNA CHAGAS";"#NULO#";"81356579272";"NÃO DIVULGÁVEL";12;"APTO";"PARTIDO ISOLADO";23;"PPS";"PARTIDO POPULAR SOCIALISTA";-1;"#NULO#";"#NULO#";"#NULO#";40000050309;"PARTIDO ISOLADO";"PPS";"AM";"06/05/1984";"022866252267";4;"FEMININO";8;"SUPERIOR COMPLETO";1;"SOLTEIRO(A)";"01";"BRANCA";131;"ADVOGADO";5;"SUPLENTE"
"13/11/2024";"10:55:17";2018;2;"ELEIÇÃO ORDINÁRIA";1;297;"Eleições Gerais Estaduais 2018";"07/10/2018";"ESTADUAL";"AM";"AM";"AMAZONAS";7;"DEPUTADO ESTADUAL";40000610298;18018;"ALICE ARLINDA SANTOS SOBRAL";"ALICE SOBRAL";"#NULO#";"02034304764";"NÃO DIVULGÁVEL";12;"APTO";"COLIGAÇÃO";18;"REDE";"REDE SUSTENTABILIDADE";-1;"#NULO#";"#NULO#";"#NULO#";40000050272;"TRANSFORMAÇÃO POR UM NOVO AMAZONAS";"REDE / PSC / PRTB";"RJ";"06/05/1972";"079323660396";4;"FEMININO";8;"SUPERIOR COMPLETO";3;"CASADO(A)";"01";"BRANCA";131;"ADVOGADO";4;"NÃO ELEITO"
"13/11/2024";"10:55:17";2018;2;"ELEIÇÃO ORDINÁRIA";1;297;"Eleições Gerais Estaduais 2018";"07/10/2018";"ESTADUAL";"AM";"AM";"AMAZONAS";7;"DEPUTADO ESTADUAL";40000627763;33289;"TALITA GADELHA ALMEIDA";"TALITA";"#NULO#";"88819116200";"NÃO DIVULGÁVEL";3;"INAPTO";"PARTIDO ISOLADO";33;"PMN";"PARTIDO DA MOBILIZAÇÃO NACIONAL";-1;"#NULO#";"#NULO#";"#NULO#";40000050241;"PARTIDO ISOLADO";"PMN";"AM";"26/04/1987";"023614262291";4;"FEMININO";8;"SUPERIOR COMPLETO";1;"SOLTEIRO(A)";"03";"PARDA";132;"PSICÓLOGO";-1;"#NULO#"
"13/11/2024";"10:55:17";2018;2;"ELEIÇÃO ORDINÁRIA";1;297;"Eleições Gerais Estaduais 2018";"07/10/2018";"ESTADUAL";"AM";"AM";"AMAZONAS";6;"DEPUTADO FEDERAL";40000604577;5100;"JAMYS CASTELO BRANCO SCHMIDT";"JAMYS CASTELO BRANCO";"#NULO#";"69346526220";"NÃO DIVULGÁVEL";12;"APTO";"PARTIDO ISOLADO";51;"PATRIOTA";"PATRIOTA";-1;"#NULO#";"#NULO#";"#NULO#";40000050133;"PARTIDO ISOLADO";"PATRIOTA";"AM";"23/07/1981";"020278802224";2;"MASCULINO";8;"SUPERIOR COMPLETO";1;"SOLTEIRO(A)";"01";"BRANCA";134;"ASSISTENTE SOCIAL";4;"NÃO ELEITO"
"13/11/2024";"10:55:17";2018;2;"ELEIÇÃO ORDINÁRIA";1;297;"Eleições Gerais Estaduais 2018";"07/10/2018";"ESTADUAL";"AM";"AM";"AMAZONAS";6;"DEPUTADO FEDERAL";40000610419;4300;"GERMANE ENCARNAÇÃO DA SILVA";"GERMANE";"#NULO#";"26949075200";"NÃO DIVULGÁVEL";3;"INAPTO";"COLIGAÇÃO";43;"PV";"PARTIDO VERDE";-1;"#NULO#";"#NULO#";"#NULO#";40000050278;"EU VOTO NO AMAZONAS I";"PDT / PP / PV / PR / SOLIDARIEDADE / PTB / PHS / PSL";"AM";"28/05/1967";"004440272275";4;"FEMININO";8;"SUPERIOR COMPLETO";1;"SOLTEIRO(A)";"03";"PARDA";134;"ASSISTENTE SOCIAL";-1;"#NULO#"
"13/11/2024";"10:55:17";2018;2;"ELEIÇÃO ORDINÁRIA";1;297;"Eleições Gerais Estaduais 2018";"07/10/2018";"ESTADUAL";"AM";"AM";"AMAZONAS";6;"DEPUTADO FEDERAL";40000627748;4477;"ISAC PEREIRA DOS SANTOS";"PROFESSOR ISAC SANTOS";"#NULO#";"67972047200";"NÃO DIVULGÁVEL";12;"APTO";"COLIGAÇÃO";44;"PRP";"PARTIDO REPUBLICANO PROGRESSISTA";-1;"#NULO#";"#NULO#";"#NULO#";40000050626;"EU VOTO NO AMAZONAS II";"PPS / PPL / PRP / AVANTE";"AM";"10/01/1980";"018845402216";2;"MASCULINO";8;"SUPERIOR COMPLETO";9;"DIVORCIADO(A)";"03";"PARDA";142;"PROFESSOR DE ENSINO SUPERIOR";4;"NÃO ELEITO"
"13/11/2024";"10:55:17";2018;2;"ELEIÇÃO ORDINÁRIA";1;297;"Eleições Gerais Estaduais 2018";"07/10/2018";"ESTADUAL";"AM";"AM";"AMAZONAS";7;"DEPUTADO ESTADUAL";40000627703;65656;"ERONILDO BRAGA BEZERRA";"ERON BEZERRA";"#NULO#";"02622041268";"NÃO DIVULGÁVEL";12;"APTO";"COLIGAÇÃO";65;"PC do B";"PARTIDO COMUNISTA DO BRASIL";-1;"#NULO#";"#NULO#";"#NULO#";40000050768;"O POVO FELIZ DE NOVO";"PC do B / PT";"AM";"09/02/1953";"002802472232";2;"MASCULINO";8;"SUPERIOR COMPLETO";3;"CASADO(A)";"03";"PARDA";142;"PROFESSOR DE ENSINO SUPERIOR";5;"SUPLENTE"
"13/11/2024";"10:55:17";2018;2;"ELEIÇÃO ORDINÁRIA";1;297;"Eleições Gerais Estaduais 2018";"07/10/2018";"ESTADUAL";"AM";"AM";"AMAZONAS";5;"SENADOR";40000602401;500;"LUIZ FERNANDO DE SOUZA SANTOS";"LUIZ FERNANDO SANTOS";"#NULO#";"28429338268";"NÃO DIVULGÁVEL";12;"APTO";"PARTIDO ISOLADO";50;"PSOL";"PARTIDO SOCIALISMO E LIBERDADE";-1;"#NULO#";"#NULO#";"#NULO#";40000050067;"PARTIDO ISOLADO";"PSOL";"AM";"06/05/1966";"002523062208";2;"MASCULINO";8;"SUPERIOR COMPLETO";3;"CASADO(A)";"03";"PARDA";142;"PROFESSOR DE ENSINO SUPERIOR";4;"NÃO ELEITO"
"13/11/2024";"10:55:17";2018;2;"ELEIÇÃO ORDINÁRIA";1;297;"Eleições Gerais Estaduais 2018";"07/10/2018";"ESTADUAL";"AM";"AM";"AMAZONAS";7;"DEPUTADO ESTADUAL";40000608208;13535;"DENIS DA SILVA PEREIRA";"PROFESSOR DENIS";"#NULO#";"03815677610";"NÃO DIVULGÁVEL";12;"APTO";"COLIGAÇÃO";13;"PT";"PARTIDO DOS TRABALHADORES";-1;"#NULO#";"#NULO#";"#NULO#";40000050768;"O POVO FELIZ DE NOVO";"PC do B / PT";"PA";"28/11/1975";"132058840272";2;"MASCULINO";8;"SUPERIOR COMPLETO";1;"SOLTEIRO(A)";"01";"BRANCA";142;"PROFESSOR DE ENSINO SUPERIOR";5;"SUPLENTE"
"13/11/2024";"10:55:17";2018;2;"ELEIÇÃO ORDINÁRIA";1;297;"Eleições Gerais Estaduais 2018";"07/10/2018";"ESTADUAL";"AM";"AM";"AMAZONAS";6;"DEPUTADO FEDERAL";40000602418;5011;"MARCELO AUGUSTO LEMOS DOS SANTOS";"MARCELO AUGUSTO";"#NULO#";"66834023291";"NÃO DIVULGÁVEL";12;"APTO";"PARTIDO ISOLADO";50;"PSOL";"PARTIDO SOCIALISMO E LIBERDADE";-1;"#NULO#";"#NULO#";"#NULO#";40000050067;"PARTIDO ISOLADO";"PSOL";"AM";"18/01/1977";"017918622267";2;"MASCULINO";6;"ENSINO MÉDIO COMPLETO";1;"SOLTEIRO(A)";"03";"PARDA";164;"MÚSICO";4;"NÃO ELEITO"
"13/11/2024";"10:55:17";2018;2;"ELEIÇÃO ORDINÁRIA";1;297;"Eleições Gerais Estaduais 2018";"07/10/2018";"ESTADUAL";"AM";"AM";"AMAZONAS";7;"DEPUTADO ESTADUAL";40000602443;50100;"FRANCISCO OZIEL BALBINO MACHADO";"OZIEL MACHADO";"#NULO#";"64400247287";"NÃO DIVULGÁVEL";12;"APTO";"PARTIDO ISOLADO";50;"PSOL";"PARTIDO SOCIALISMO E LIBERDADE";-1;"#NULO#";"#NULO#";"#NULO#";40000050067;"PARTIDO ISOLADO";"PSOL";"AC";"04/10/1963";"038194842283";2;"MASCULINO";6;"ENSINO MÉDIO COMPLETO";1;"SOLTEIRO(A)";"02";"PRETA";166;"LOCUTOR E COMENTARISTA DE RÁDIO E TELEVISÃO E RADIALISTA";4;"NÃO ELEITO"
"13/11/2024";"10:55:17";2018;2;"ELEIÇÃO ORDINÁRIA";1;297;"Eleições Gerais Estaduais 2018";"07/10/2018";"ESTADUAL";"AM";"AM";"AMAZONAS";7;"DEPUTADO ESTADUAL";40000608153;45777;"ALEXIS DEMOSTENES UCHOA";"ALEXIS UCHOA";"#NULO#";"12645010210";"NÃO DIVULGÁVEL";12;"APTO";"COLIGAÇÃO";45;"PSDB";"PARTIDO DA SOCIAL DEMOCRACIA BRASILEIRA";-1;"#NULO#";"#NULO#";"#NULO#";40000050212;"AMAZONAS COM SEGURANÇA II";"PSDB / PTC";"PA";"07/12/1961";"002357682224";2;"MASCULINO";8;"SUPERIOR COMPLETO";3;"CASADO(A)";"03";"PARDA";166;"LOCUTOR E COMENTARISTA DE RÁDIO E TELEVISÃO E RADIALISTA";5;"SUPLENTE"
"13/11/2024";"10:55:17";2018;2;"ELEIÇÃO ORDINÁRIA";1;297;"Eleições Gerais Estaduais 2018";"07/10/2018";"ESTADUAL";"AM";"AM";"AMAZONAS";7;"DEPUTADO ESTADUAL";40000608211;13126;"EDSON DE ARAUJO SANTOS";"EDSON DO COMERCIO";"#NULO#";"63678900259";"NÃO DIVULGÁVEL";12;"APTO";"COLIGAÇÃO";13;"PT";"PARTIDO DOS TRABALHADORES";-1;"#NULO#";"#NULO#";"#NULO#";40000050768;"O POVO FELIZ DE NOVO";"PC do B / PT";"AM";"12/09/1977";"016134482267";2;"MASCULINO";6;"ENSINO MÉDIO COMPLETO";1;"SOLTEIRO(A)";"03";"PARDA";169;"COMERCIANTE";5;"SUPLENTE"
"13/11/2024";"10:55:17";2018;2;"ELEIÇÃO ORDINÁRIA";1;297;"Eleições Gerais Estaduais 2018";"07/10/2018";"ESTADUAL";"AM";"AM";"AMAZONAS";7;"DEPUTADO ESTADUAL";40000627708;65123;"ESAU DE ALMEIDA CRUZ";"ESAÚ ALMEIDA";"#NULO#";"27501833249";"NÃO DIVULGÁVEL";12;"APTO";"COLIGAÇÃO";65;"PC do B";"PARTIDO COMUNISTA DO BRASIL";-1;"#NULO#";"#NULO#";"#NULO#";40000050768;"O POVO FELIZ DE NOVO";"PC do B / PT";"AM";"26/05/1967";"005111692224";2;"MASCULINO";6;"ENSINO MÉDIO COMPLETO";3;"CASADO(A)";"03";"PARDA";170;"COMERCIÁRIO";5;"SUPLENTE"
"13/11/2024";"10:55:17";2018;2;"ELEIÇÃO ORDINÁRIA";1;297;"Eleições Gerais Estaduais 2018";"07/10/2018";"ESTADUAL";"AM";"AM";"AMAZONAS";7;"DEPUTADO ESTADUAL";40000604585;51333;"DEYVISON COLARES BARRETO";"DEYVISON BARRETO";"#NULO#";"76071553253";"NÃO DIVULGÁVEL";12;"APTO";"PARTIDO ISOLADO";51;"PATRIOTA";"PATRIOTA";-1;"#NULO#";"#NULO#";"#NULO#";40000050133;"PARTIDO ISOLADO";"PATRIOTA";"AM";"17/07/1983";"022203712208";2;"MASCULINO";6;"ENSINO MÉDIO COMPLETO";1;"SOLTEIRO(A)";"03";"PARDA";171;"JORNALISTA E REDATOR";4;"NÃO ELEITO"
"13/11/2024";"10:55:17";2018;2;"ELEIÇÃO ORDINÁRIA";1;297;"Eleições Gerais Estaduais 2018";"07/10/2018";"ESTADUAL";"AM";"AM";"AMAZONAS";7;"DEPUTADO ESTADUAL";40000617482;31007;"CILEIDE MOUSSALLEM RODRIGUES";"CILEIDE RAINHA DAS COMUNIDADES";"#NULO#";"26328160259";"NÃO DIVULGÁVEL";12;"APTO";"COLIGAÇÃO";31;"PHS";"PARTIDO HUMANISTA DA SOLIDARIEDADE";-1;"#NULO#";"#NULO#";"#NULO#";40000050463;"EU VOTO NO AMAZONAS V";"PHS / PTB / PSL";"PA";"26/01/1968";"033385001392";4;"FEMININO";8;"SUPERIOR COMPLETO";3;"CASADO(A)";"01";"BRANCA";171;"JORNALISTA E REDATOR";5;"SUPLENTE"
"13/11/2024";"10:55:17";2018;2;"ELEIÇÃO ORDINÁRIA";1;297;"Eleições Gerais Estaduais 2018";"07/10/2018";"ESTADUAL";"AM";"AM";"AMAZONAS";7;"DEPUTADO ESTADUAL";40000611532;23789;"ANTONIO ADEZIO MARQUES DE SOUZA";"BAIXINHO O GAROTINHO";"#NULO#";"20163541272";"NÃO DIVULGÁVEL";12;"APTO";"PARTIDO ISOLADO";23;"PPS";"PARTIDO POPULAR SOCIALISTA";-1;"#NULO#";"#NULO#";"#NULO#";40000050309;"PARTIDO ISOLADO";"PPS";"AM";"08/04/1963";"001516932208";2;"MASCULINO";5;"ENSINO MÉDIO INCOMPLETO";9;"DIVORCIADO(A)";"03";"PARDA";190;"FOTÓGRAFO E ASSEMELHADOS";5;"SUPLENTE"
"13/11/2024";"10:55:17";2018;2;"ELEIÇÃO ORDINÁRIA";1;297;"Eleições Gerais Estaduais 2018";"07/10/2018";"ESTADUAL";"AM";"AM";"AMAZONAS";7;"DEPUTADO ESTADUAL";40000618729;33235;"MARIA KAROLINE DE SOUZA NASCIMENTO";"KAREN KAROLINE";"#NULO#";"04050281210";"NÃO DIVULGÁVEL";12;"APTO";"PARTIDO ISOLADO";33;"PMN";"PARTIDO DA MOBILIZAÇÃO NACIONAL";-1;"#NULO#";"#NULO#";"#NULO#";40000050241;"PARTIDO ISOLADO";"PMN";"AM";"23/05/1995";"038805532275";4;"FEMININO";5;"ENSINO MÉDIO INCOMPLETO";1;"SOLTEIRO(A)";"03";"PARDA";190;"FOTÓGRAFO E ASSEMELHADOS";4;"NÃO ELEITO"
"13/11/2024";"10:55:17";2018;2;"ELEIÇÃO ORDINÁRIA";1;297;"Eleições Gerais Estaduais 2018";"07/10/2018";"ESTADUAL";"AM";"AM";"AMAZONAS";10;"2º SUPLENTE";40000602444;508;"EDILSON PEREIRA DE SOUZA";"EDILSON PEREIRA";"#NULO#";"55888321249";"NÃO DIVULGÁVEL";12;"APTO";"PARTIDO ISOLADO";50;"PSOL";"PARTIDO SOCIALISMO E LIBERDADE";-1;"#NULO#";"#NULO#";"#NULO#";40000050067;"PARTIDO ISOLADO";"PSOL";"AM";"25/10/1975";"015976692267";2;"MASCULINO";6;"ENSINO MÉDIO COMPLETO";1;"SOLTEIRO(A)";"03";"PARDA";206;"INDUSTRIAL";4;"NÃO ELEITO"
"13/11/2024";"10:55:17";2018;2;"ELEIÇÃO ORDINÁRIA";1;297;"Eleições Gerais Estaduais 2018";"07/10/2018";"ESTADUAL";"AM";"AM";"AMAZONAS";9;"1º SUPLENTE";40000610069;123;"AFRANIO BARÃO GOMES";"AFRÂNIO GOMES";"#NULO#";"51759047287";"NÃO DIVULGÁVEL";12;"APTO";"COLIGAÇÃO";12;"PDT";"PARTIDO DEMOCRÁTICO TRABALHISTA";-1;"#NULO#";"#NULO#";"#NULO#";40000050267;"EU VOTO NO AMAZONAS";"PDT / PRP / AVANTE / PP / PV / PR / SOLIDARIEDADE / PPS / PTB / PHS / PSL / PPL";"AM";"15/01/1980";"020923402267";2;"MASCULINO";6;"ENSINO MÉDIO COMPLETO";3;"CASADO(A)";"03";"PARDA";206;"INDUSTRIAL";4;"NÃO ELEITO"
"13/11/2024";"10:55:17";2018;2;"ELEIÇÃO ORDINÁRIA";1;297;"Eleições Gerais Estaduais 2018";"07/10/2018";"ESTADUAL";"AM";"AM";"AMAZONAS";7;"DEPUTADO ESTADUAL";40000619008;90789;"ALBERTO PADILHA DE SOUZA JUNIOR";"JUNIOR PADILHA";"#NULO#";"50853058253";"NÃO DIVULGÁVEL";12;"APTO";"COLIGAÇÃO";90;"PROS";"PARTIDO REPUBLICANO DA ORDEM SOCIAL";-1;"#NULO#";"#NULO#";"#NULO#";40000050493;"RENOVA AMAZONAS II";"PSB / PMB / PROS";"AM";"17/10/1976";"015738382283";2;"MASCULINO";8;"SUPERIOR COMPLETO";1;"SOLTEIRO(A)";"03";"PARDA";206;"INDUSTRIAL";5;"SUPLENTE"
"13/11/2024";"10:55:17";2018;2;"ELEIÇÃO ORDINÁRIA";1;297;"Eleições Gerais Estaduais 2018";"07/10/2018";"ESTADUAL";"AM";"AM";"AMAZONAS";7;"DEPUTADO ESTADUAL";40000608864;55777;"JOAO WELLINGTON DE MEDEIROS CURSINO";"TONY MEDEIROS";"#NULO#";"16149793249";"NÃO DIVULGÁVEL";12;"APTO";"COLIGAÇÃO";55;"PSD";"PARTIDO SOCIAL DEMOCRÁTICO";-1;"#NULO#";"#NULO#";"#NULO#";40000050228;"AMAZONAS COM SEGURANÇA I";"PSD / PRB / DEM";"AM";"02/11/1964";"003067682283";2;"MASCULINO";8;"SUPERIOR COMPLETO";1;"SOLTEIRO(A)";"03";"PARDA";215;"ARTISTA PLÁSTICO E ASSEMELHADOS";5;"SUPLENTE"
"13/11/2024";"10:55:17";2018;2;"ELEIÇÃO ORDINÁRIA";1;297;"Eleições Gerais Estaduais 2018";"07/10/2018";"ESTADUAL";"AM";"AM";"AMAZONAS";7;"DEPUTADO ESTADUAL";40000627715;65174;"MANOEL EDIVAN DE SOUSA";"PROFESSOR EDIVAN SOUSA";"#NULO#";"20540558249";"NÃO DIVULGÁVEL";12;"APTO";"COLIGAÇÃO";65;"PC do B";"PARTIDO COMUNISTA DO BRASIL";-1;"#NULO#";"#NULO#";"#NULO#";40000050768;"O POVO FELIZ DE NOVO";"PC do B / PT";"PA";"08/06/1966";"006242232259";2;"MASCULINO";6;"ENSINO MÉDIO COMPLETO";1;"SOLTEIRO(A)";"03";"PARDA";226;"OPERADOR DE INSTALAÇÃO DE PRODUÇÃO DE ENERGIA ELÉTRICA E NUCLEAR";5;"SUPLENTE"
"13/11/2024";"10:55:17";2018;2;"ELEIÇÃO ORDINÁRIA";1;297;"Eleições Gerais Estaduais 2018";"07/10/2018";"ESTADUAL";"AM";"AM";"AMAZONAS";7;"DEPUTADO ESTADUAL";40000604587;51190;"ELIELSON MOREIRA DO NASCIMENTO";"POLICIAL MOREIRA";"#NULO#";"58115722200";"NÃO DIVULGÁVEL";12;"APTO";"PARTIDO ISOLADO";51;"PATRIOTA";"PATRIOTA";-1;"#NULO#";"#NULO#";"#NULO#";40000050133;"PARTIDO ISOLADO";"PATRIOTA";"AM";"05/05/1976";"016755142267";2;"MASCULINO";6;"ENSINO MÉDIO COMPLETO";1;"SOLTEIRO(A)";"03";"PARDA";233;"POLICIAL MILITAR";4;"NÃO ELEITO"
"13/11/2024";"10:55:17";2018;2;"ELEIÇÃO ORDINÁRIA";1;297;"Eleições Gerais Estaduais 2018";"07/10/2018";"ESTADUAL";"AM";"AM";"AMAZONAS";7;"DEPUTADO ESTADUAL";40000604598;51401;"LUCIO MARCOS TORRES DA SILVA";"SARGENTO LUCIO TORRES";"#NULO#";"64641929220";"NÃO DIVULGÁVEL";12;"APTO";"PARTIDO ISOLADO";51;"PATRIOTA";"PATRIOTA";-1;"#NULO#";"#NULO#";"#NULO#";40000050133;"PARTIDO ISOLADO";"PATRIOTA";"AM";"19/03/1979";"018858392224";2;"MASCULINO";6;"ENSINO MÉDIO COMPLETO";9;"DIVORCIADO(A)";"02";"PRETA";233;"POLICIAL MILITAR";4;"NÃO ELEITO"
"13/11/2024";"10:55:17";2018;2;"ELEIÇÃO ORDINÁRIA";1;297;"Eleições Gerais Estaduais 2018";"07/10/2018";"ESTADUAL";"AM";"AM";"AMAZONAS";7;"DEPUTADO ESTADUAL";40000618296;27888;"LINDOMAR GONÇALVES DE VASCONCELOS";"CORONEL LINDOMAR BRITO";"#NULO#";"05933350826";"NÃO DIVULGÁVEL";12;"APTO";"COLIGAÇÃO";27;"DC";"DEMOCRACIA CRISTÃ";-1;"#NULO#";"#NULO#";"#NULO#";40000050474;"POR UM AMAZONAS MELHOR";"MDB / DC";"AM";"21/10/1963";"003605162275";2;"MASCULINO";8;"SUPERIOR COMPLETO";3;"CASADO(A)";"01";"BRANCA";233;"POLICIAL MILITAR";5;"SUPLENTE"
"13/11/2024";"10:55:17";2018;2;"ELEIÇÃO ORDINÁRIA";1;297;"Eleições Gerais Estaduais 2018";"07/10/2018";"ESTADUAL";"AM";"AM";"AMAZONAS";6;"DEPUTADO FEDERAL";40000629571;5155;"ANDREIA DANTAS DE SOUZA LIMA ";"ANDREIA DANTAS";"#NULO#";"40735060215";"NÃO DIVULGÁVEL";3;"INAPTO";"PARTIDO ISOLADO";51;"PATRIOTA";"PATRIOTA";-1;"#NULO#";"#NULO#";"#NULO#";40000050133;"PARTIDO ISOLADO";"PATRIOTA";"AM";"05/01/1972";"035191902224";4;"FEMININO";8;"SUPERIOR COMPLETO";3;"CASADO(A)";"03";"PARDA";233;"POLICIAL MILITAR";4;"NÃO ELEITO"
"13/11/2024";"10:55:17";2018;2;"ELEIÇÃO ORDINÁRIA";1;297;"Eleições Gerais Estaduais 2018";"07/10/2018";"ESTADUAL";"AM";"AM";"AMAZONAS";7;"DEPUTADO ESTADUAL";40000617496;31661;"ONEIDE MARIA GUIMARAES COELHO";"NEIDINHA NAVEGANTE CONTAINERS";"#NULO#";"28405048200";"NÃO DIVULGÁVEL";12;"APTO";"COLIGAÇÃO";31;"PHS";"PARTIDO HUMANISTA DA SOLIDARIEDADE";-1;"#NULO#";"#NULO#";"#NULO#";40000050463;"EU VOTO NO AMAZONAS V";"PHS / PTB / PSL";"AM";"26/10/1961";"005139322259";4;"FEMININO";6;"ENSINO MÉDIO COMPLETO";3;"CASADO(A)";"03";"PARDA";236;"RELOJOEIRO E MONTADOR DE INSTRUMENTO DE PRECISÃO";5;"SUPLENTE"
"13/11/2024";"10:55:17";2018;2;"ELEIÇÃO ORDINÁRIA";1;297;"Eleições Gerais Estaduais 2018";"07/10/2018";"ESTADUAL";"AM";"AM";"AMAZONAS";7;"DEPUTADO ESTADUAL";40000609291;33531;"PAULO CESAR BRASIL FERNANDES";"PAULO BRASIL";"#NULO#";"28410319268";"NÃO DIVULGÁVEL";12;"APTO";"PARTIDO ISOLADO";33;"PMN";"PARTIDO DA MOBILIZAÇÃO NACIONAL";-1;"#NULO#";"#NULO#";"#NULO#";40000050241;"PARTIDO ISOLADO";"PMN";"RO";"13/07/1967";"010211722216";2;"MASCULINO";6;"ENSINO MÉDIO COMPLETO";3;"CASADO(A)";"03";"PARDA";243;"TÉCNICO DE ENFERMAGEM E ASSEMELHADOS (EXCETO ENFERMEIRO)";4;"NÃO ELEITO"
"13/11/2024";"10:55:17";2018;2;"ELEIÇÃO ORDINÁRIA";1;297;"Eleições Gerais Estaduais 2018";"07/10/2018";"ESTADUAL";"AM";"AM";"AMAZONAS";7;"DEPUTADO ESTADUAL";40000610340;20234;"WILLIAM CEZAR QUEIROZ DA SILVA";"WILLIAM CEZAR";"#NULO#";"69375143287";"NÃO DIVULGÁVEL";12;"APTO";"COLIGAÇÃO";20;"PSC";"PARTIDO SOCIAL CRISTÃO";-1;"#NULO#";"#NULO#";"#NULO#";40000050272;"TRANSFORMAÇÃO POR UM NOVO AMAZONAS";"REDE / PSC / PRTB";"AM";"31/05/1982";"020418082267";2;"MASCULINO";6;"ENSINO MÉDIO COMPLETO";3;"CASADO(A)";"05";"INDÍGENA";254;"VIGILANTE";4;"NÃO ELEITO"
"13/11/2024";"10:55:17";2018;2;"ELEIÇÃO ORDINÁRIA";1;297;"Eleições Gerais Estaduais 2018";"07/10/2018";"ESTADUAL";"AM";"AM";"AMAZONAS";6;"DEPUTADO FEDERAL";40000623402;5477;"MARIO COSTA RODRIGUES";"MARIO COSTA";"#NULO#";"82597316220";"NÃO DIVULGÁVEL";12;"APTO";"COLIGAÇÃO";54;"PPL";"PARTIDO PÁTRIA LIVRE";-1;"#NULO#";"#NULO#";"#NULO#";40000050626;"EU VOTO NO AMAZONAS II";"PPS / PPL / PRP / AVANTE";"AM";"06/08/1986";"023607752208";2;"MASCULINO";6;"ENSINO MÉDIO COMPLETO";1;"SOLTEIRO(A)";"03";"PARDA";257;"EMPRESÁRIO";4;"NÃO ELEITO"
"13/11/2024";"10:55:17";2018;2;"ELEIÇÃO ORDINÁRIA";1;297;"Eleições Gerais Estaduais 2018";"07/10/2018";"ESTADUAL";"AM";"AM";"AMAZONAS";6;"DEPUTADO FEDERAL";40000618319;2799;"DAVI RAMOS DE MORAES";"DAVI RAMOS";"#NULO#";"84629312234";"NÃO DIVULGÁVEL";12;"APTO";"COLIGAÇÃO";27;"DC";"DEMOCRACIA CRISTÃ";-1;"#NULO#";"#NULO#";"#NULO#";40000050474;"POR UM AMAZONAS MELHOR";"MDB / DC";"AM";"08/12/1985";"023237442291";2;"MASCULINO";6;"ENSINO MÉDIO COMPLETO";3;"CASADO(A)";"03";"PARDA";257;"EMPRESÁRIO";4;"NÃO ELEITO"
"13/11/2024";"10:55:17";2018;2;"ELEIÇÃO ORDINÁRIA";1;297;"Eleições Gerais Estaduais 2018";"07/10/2018";"ESTADUAL";"AM";"AM";"AMAZONAS";7;"DEPUTADO ESTADUAL";40000623455;12121;"ERICK ALBERT BRANDÃO EDUARDO LINS";"ERICK ALBERT";"#NULO#";"47329670278";"NÃO DIVULGÁVEL";12;"APTO";"COLIGAÇÃO";12;"PDT";"PARTIDO DEMOCRÁTICO TRABALHISTA";-1;"#NULO#";"#NULO#";"#NULO#";40000050628;" EU VOTO NO AMAZONAS III ";"PDT / PRP / AVANTE";"AM";"15/02/1975";"016168862208";2;"MASCULINO";8;"SUPERIOR COMPLETO";1;"SOLTEIRO(A)";"03";"PARDA";257;"EMPRESÁRIO";5;"SUPLENTE"
"13/11/2024";"10:55:17";2018;2;"ELEIÇÃO ORDINÁRIA";1;297;"Eleições Gerais Estaduais 2018";"07/10/2018";"ESTADUAL";"AM";"AM";"AMAZONAS";7;"DEPUTADO ESTADUAL";40000612657;22777;"FRANCISCO NONATO DE OLIVEIRA";"NONATO OLIVEIRA";"#NULO#";"59037210287";"NÃO DIVULGÁVEL";12;"APTO";"COLIGAÇÃO";22;"PR";"PARTIDO DA REPÚBLICA";-1;"#NULO#";"#NULO#";"#NULO#";40000050342;"EU VOTO NO AMAZONAS IV";"PP / PR / PPL / SOLIDARIEDADE";"AM";"03/07/1976";"014053482291";2;"MASCULINO";6;"ENSINO MÉDIO COMPLETO";3;"CASADO(A)";"03";"PARDA";257;"EMPRESÁRIO";5;"SUPLENTE"
"13/11/2024";"10:55:17";2018;2;"ELEIÇÃO ORDINÁRIA";1;297;"Eleições Gerais Estaduais 2018";"07/10/2018";"ESTADUAL";"AM";"AM";"AMAZONAS";7;"DEPUTADO ESTADUAL";40000618294;27133;"IOLADIO BATISTA DA SILVA FILHO";"IOLADIO BATISTA";"#NULO#";"22553010249";"NÃO DIVULGÁVEL";12;"APTO";"COLIGAÇÃO";27;"DC";"DEMOCRACIA CRISTÃ";-1;"#NULO#";"#NULO#";"#NULO#";40000050474;"POR UM AMAZONAS MELHOR";"MDB / DC";"PA";"19/05/1969";"003401972690";2;"MASCULINO";6;"ENSINO MÉDIO COMPLETO";3;"CASADO(A)";"03";"PARDA";257;"EMPRESÁRIO";5;"SUPLENTE"
"13/11/2024";"10:55:17";2018;2;"ELEIÇÃO ORDINÁRIA";1;297;"Eleições Gerais Estaduais 2018";"07/10/2018";"ESTADUAL";"AM";"AM";"AMAZONAS";7;"DEPUTADO ESTADUAL";40000618290;27522;"FRANK CARLOS OLIVEIRA DE SOUZA";"PASTOR FRANK CARLOS";"#NULO#";"64359506287";"NÃO DIVULGÁVEL";12;"APTO";"COLIGAÇÃO";27;"DC";"DEMOCRACIA CRISTÃ";-1;"#NULO#";"#NULO#";"#NULO#";40000050474;"POR UM AMAZONAS MELHOR";"MDB / DC";"PA";"28/08/1978";"018900952208";2;"MASCULINO";6;"ENSINO MÉDIO COMPLETO";3;"CASADO(A)";"03";"PARDA";257;"EMPRESÁRIO";5;"SUPLENTE"
"13/11/2024";"10:55:17";2018;2;"ELEIÇÃO ORDINÁRIA";1;297;"Eleições Gerais Estaduais 2018";"07/10/2018";"ESTADUAL";"AM";"AM";"AMAZONAS";6;"DEPUTADO FEDERAL";40000608901;3600;"FRANCISCO WALLACE DANTAS DA SILVA";"WALLACE DANTAS";"#NULO#";"34266100272";"NÃO DIVULGÁVEL";12;"APTO";"COLIGAÇÃO";36;"PTC";"PARTIDO TRABALHISTA CRISTÃO";-1;"#NULO#";"#NULO#";"#NULO#";40000050229;"AMAZONAS COM SEGURANÇA ";"PSD / PRB / DEM / PTC / PSDB";"AM";"02/06/1972";"013114102275";2;"MASCULINO";6;"ENSINO MÉDIO COMPLETO";3;"CASADO(A)";"03";"PARDA";257;"EMPRESÁRIO";5;"SUPLENTE"
"13/11/2024";"10:55:17";2018;2;"ELEIÇÃO ORDINÁRIA";1;297;"Eleições Gerais Estaduais 2018";"07/10/2018";"ESTADUAL";"AM";"AM";"AMAZONAS";6;"DEPUTADO FEDERAL";40000623407;4455;"JONATHAS TURY DE OLIVEIRA";"JONATHAS TURY";"#NULO#";"71490442200";"NÃO DIVULGÁVEL";12;"APTO";"COLIGAÇÃO";44;"PRP";"PARTIDO REPUBLICANO PROGRESSISTA";-1;"#NULO#";"#NULO#";"#NULO#";40000050626;"EU VOTO NO AMAZONAS II";"PPS / PPL / PRP / AVANTE";"AM";"16/10/1982";"021058112232";2;"MASCULINO";6;"ENSINO MÉDIO COMPLETO";3;"CASADO(A)";"02";"PRETA";257;"EMPRESÁRIO";4;"NÃO ELEITO"
"13/11/2024";"10:55:17";2018;2;"ELEIÇÃO ORDINÁRIA";1;297;"Eleições Gerais Estaduais 2018";"07/10/2018";"ESTADUAL";"AM";"AM";"AMAZONAS";7;"DEPUTADO ESTADUAL";40000617492;31000;"LUIS FELIPE SILVA DE SOUZA";"FELIPE SOUZA";"#NULO#";"38487365272";"NÃO DIVULGÁVEL";12;"APTO";"COLIGAÇÃO";31;"PHS";"PARTIDO HUMANISTA DA SOLIDARIEDADE";-1;"#NULO#";"#NULO#";"#NULO#";40000050463;"EU VOTO NO AMAZONAS V";"PHS / PTB / PSL";"AM";"04/10/1971";"011055762267";2;"MASCULINO";8;"SUPERIOR COMPLETO";3;"CASADO(A)";"03";"PARDA";257;"EMPRESÁRIO";3;"ELEITO POR MÉDIA"
"13/11/2024";"10:55:17";2018;2;"ELEIÇÃO ORDINÁRIA";1;297;"Eleições Gerais Estaduais 2018";"07/10/2018";"ESTADUAL";"AM";"AM";"AMAZONAS";7;"DEPUTADO ESTADUAL";40000618273;15678;"JUCIMAR DE OLIVEIRA VELOSO";"PAPI";"#NULO#";"16150945200";"NÃO DIVULGÁVEL";12;"APTO";"COLIGAÇÃO";15;"MDB";"MOVIMENTO DEMOCRÁTICO BRASILEIRO";-1;"#NULO#";"#NULO#";"#NULO#";40000050474;"POR UM AMAZONAS MELHOR";"MDB / DC";"AM";"14/12/1963";"010030982208";2;"MASCULINO";8;"SUPERIOR COMPLETO";3;"CASADO(A)";"01";"BRANCA";257;"EMPRESÁRIO";5;"SUPLENTE"
"13/11/2024";"10:55:17";2018;2;"ELEIÇÃO ORDINÁRIA";1;297;"Eleições Gerais Estaduais 2018";"07/10/2018";"ESTADUAL";"AM";"AM";"AMAZONAS";7;"DEPUTADO ESTADUAL";40000604609;51777;"RICARDO ALEXANDRE SILVA DA COSTA";"RICARDO ALEXANDRE";"#NULO#";"50851195253";"NÃO DIVULGÁVEL";12;"APTO";"PARTIDO ISOLADO";51;"PATRIOTA";"PATRIOTA";-1;"#NULO#";"#NULO#";"#NULO#";40000050133;"PARTIDO ISOLADO";"PATRIOTA";"AM";"26/05/1975";"016246352275";2;"MASCULINO";7;"SUPERIOR INCOMPLETO";3;"CASADO(A)";"03";"PARDA";257;"EMPRESÁRIO";4;"NÃO ELEITO"
"13/11/2024";"10:55:17";2018;2;"ELEIÇÃO ORDINÁRIA";1;297;"Eleições Gerais Estaduais 2018";"07/10/2018";"ESTADUAL";"AM";"AM";"AMAZONAS";7;"DEPUTADO ESTADUAL";40000618285;27111;"ARNOLD DAS CHAGAS VILHENA";"BOIADEIRO";"#NULO#";"64487849268";"NÃO DIVULGÁVEL";12;"APTO";"COLIGAÇÃO";27;"DC";"DEMOCRACIA CRISTÃ";-1;"#NULO#";"#NULO#";"#NULO#";40000050474;"POR UM AMAZONAS MELHOR";"MDB / DC";"AM";"05/01/1980";"019407162259";2;"MASCULINO";7;"SUPERIOR INCOMPLETO";1;"SOLTEIRO(A)";"03";"PARDA";257;"EMPRESÁRIO";5;"SUPLENTE"
"13/11/2024";"10:55:17";2018;2;"ELEIÇÃO ORDINÁRIA";1;297;"Eleições Gerais Estaduais 2018";"07/10/2018";"ESTADUAL";"AM";"AM";"AMAZONAS";7;"DEPUTADO ESTADUAL";40000618299;27000;"MARCOS ANTONIO DO NASCIMENTO PEREIRA";"MARCOS DO BARRA VERMELHA";"#NULO#";"40629910200";"NÃO DIVULGÁVEL";12;"APTO";"COLIGAÇÃO";27;"DC";"DEMOCRACIA CRISTÃ";-1;"#NULO#";"#NULO#";"#NULO#";40000050474;"POR UM AMAZONAS MELHOR";"MDB / DC";"AM";"06/11/1971";"013030382283";2;"MASCULINO";4;"ENSINO FUNDAMENTAL COMPLETO";1;"SOLTEIRO(A)";"01";"BRANCA";257;"EMPRESÁRIO";5;"SUPLENTE"
"13/11/2024";"10:55:17";2018;2;"ELEIÇÃO ORDINÁRIA";1;297;"Eleições Gerais Estaduais 2018";"07/10/2018";"ESTADUAL";"AM";"AM";"AMAZONAS";7;"DEPUTADO ESTADUAL";40000618297;27333;"LAURA RODRIGUES TAVARES";"LAURA TAVARES";"#NULO#";"15847667272";"NÃO DIVULGÁVEL";12;"APTO";"COLIGAÇÃO";27;"DC";"DEMOCRACIA CRISTÃ";-1;"#NULO#";"#NULO#";"#NULO#";40000050474;"POR UM AMAZONAS MELHOR";"MDB / DC";"AM";"04/07/1959";"001426532224";4;"FEMININO";5;"ENSINO MÉDIO INCOMPLETO";1;"SOLTEIRO(A)";"02";"PRETA";257;"EMPRESÁRIO";5;"SUPLENTE"
"13/11/2024";"10:55:17";2018;2;"ELEIÇÃO ORDINÁRIA";1;297;"Eleições Gerais Estaduais 2018";"07/10/2018";"ESTADUAL";"AM";"AM";"AMAZONAS";7;"DEPUTADO ESTADUAL";40000618281;15775;"TEREZINHA DE JESUS DA SILVA CANDIDO";"TEREZINHA DE JESUS CANDIDO";"#NULO#";"31084028204";"NÃO DIVULGÁVEL";12;"APTO";"COLIGAÇÃO";15;"MDB";"MOVIMENTO DEMOCRÁTICO BRASILEIRO";-1;"#NULO#";"#NULO#";"#NULO#";40000050474;"POR UM AMAZONAS MELHOR";"MDB / DC";"AM";"07/02/1956";"001700542259";4;"FEMININO";8;"SUPERIOR COMPLETO";3;"CASADO(A)";"03";"PARDA";257;"EMPRESÁRIO";5;"SUPLENTE"
"13/11/2024";"10:55:17";2018;2;"ELEIÇÃO ORDINÁRIA";1;297;"Eleições Gerais Estaduais 2018";"07/10/2018";"ESTADUAL";"AM";"AM";"AMAZONAS";7;"DEPUTADO ESTADUAL";40000608156;45999;"JEFFERSON TAVARES DE MACEDO";"JEFFERSON MACEDO";"#NULO#";"64923800291";"NÃO DIVULGÁVEL";12;"APTO";"COLIGAÇÃO";45;"PSDB";"PARTIDO DA SOCIAL DEMOCRACIA BRASILEIRA";-1;"#NULO#";"#NULO#";"#NULO#";40000050212;"AMAZONAS COM SEGURANÇA II";"PSDB / PTC";"AM";"04/12/1978";"017764972216";2;"MASCULINO";8;"SUPERIOR COMPLETO";1;"SOLTEIRO(A)";"03";"PARDA";265;"PROFESSOR DE ENSINO FUNDAMENTAL";5;"SUPLENTE"
"13/11/2024";"10:55:17";2018;2;"ELEIÇÃO ORDINÁRIA";1;297;"Eleições Gerais Estaduais 2018";"07/10/2018";"ESTADUAL";"AM";"AM";"AMAZONAS";7;"DEPUTADO ESTADUAL";40000608235;19036;"LEANDRO ANJOS SILVA";"PROFESSOR LEANDRO ANJOS";"#NULO#";"86883356215";"NÃO DIVULGÁVEL";12;"APTO";"COLIGAÇÃO";19;"PODE";"PODEMOS";-1;"#NULO#";"#NULO#";"#NULO#";40000050214;"PODE";"PODE";"MA";"05/04/1987";"023353072240";2;"MASCULINO";8;"SUPERIOR COMPLETO";3;"CASADO(A)";"03";"PARDA";265;"PROFESSOR DE ENSINO FUNDAMENTAL";5;"SUPLENTE"
"13/11/2024";"10:55:17";2018;2;"ELEIÇÃO ORDINÁRIA";1;297;"Eleições Gerais Estaduais 2018";"07/10/2018";"ESTADUAL";"AM";"AM";"AMAZONAS";4;"VICE-GOVERNADOR";40000600836;16;"MARIA AUXILIADORA OLIVEIRA DE CASTRO";"MARIA AUXILIADORA";"#NULO#";"22992111287";"NÃO DIVULGÁVEL";12;"APTO";"PARTIDO ISOLADO";16;"PSTU";"PARTIDO SOCIALISTA DOS TRABALHADORES UNIFICADO";-1;"#NULO#";"#NULO#";"#NULO#";40000050030;"PARTIDO ISOLADO";"PSTU";"AM";"19/05/1960";"001812042216";4;"FEMININO";6;"ENSINO MÉDIO COMPLETO";9;"DIVORCIADO(A)";"01";"BRANCA";265;"PROFESSOR DE ENSINO FUNDAMENTAL";4;"NÃO ELEITO"
"13/11/2024";"10:55:17";2018;2;"ELEIÇÃO ORDINÁRIA";1;297;"Eleições Gerais Estaduais 2018";"07/10/2018";"ESTADUAL";"AM";"AM";"AMAZONAS";6;"DEPUTADO FEDERAL";40000602413;5051;"MARCOS ANTÔNIO DE QUEIROZ";"PROFESSOR QUEIROZ";"#NULO#";"64505065472";"NÃO DIVULGÁVEL";12;"APTO";"PARTIDO ISOLADO";50;"PSOL";"PARTIDO SOCIALISMO E LIBERDADE";-1;"#NULO#";"#NULO#";"#NULO#";40000050067;"PARTIDO ISOLADO";"PSOL";"PB";"14/03/1968";"013702702208";2;"MASCULINO";8;"SUPERIOR COMPLETO";1;"SOLTEIRO(A)";"01";"BRANCA";266;"PROFESSOR DE ENSINO MÉDIO";4;"NÃO ELEITO"
"13/11/2024";"10:55:17";2018;2;"ELEIÇÃO ORDINÁRIA";1;297;"Eleições Gerais Estaduais 2018";"07/10/2018";"ESTADUAL";"AM";"AM";"AMAZONAS";7;"DEPUTADO ESTADUAL";40000609309;33444;"JOSE GERALDO MENDONÇA VIEIRA";"PROF. GERALDO MENDONÇA";"#NULO#";"12008915204";"NÃO DIVULGÁVEL";12;"APTO";"PARTIDO ISOLADO";33;"PMN";"PARTIDO DA MOBILIZAÇÃO NACIONAL";-1;"#NULO#";"#NULO#";"#NULO#";40000050241;"PARTIDO ISOLADO";"PMN";"AM";"06/12/1956";"003534462240";2;"MASCULINO";8;"SUPERIOR COMPLETO";3;"CASADO(A)";"03";"PARDA";266;"PROFESSOR DE ENSINO MÉDIO";4;"NÃO ELEITO"
"13/11/2024";"10:55:17";2018;2;"ELEIÇÃO ORDINÁRIA";1;297;"Eleições Gerais Estaduais 2018";"07/10/2018";"ESTADUAL";"AM";"AM";"AMAZONAS";7;"DEPUTADO ESTADUAL";40000604605;51001;"MILTONIR FRANCISCO BARBOSA CORREA LIMA";"PROFESSOR MILTONIR LIMA";"#NULO#";"22210547334";"NÃO DIVULGÁVEL";12;"APTO";"PARTIDO ISOLADO";51;"PATRIOTA";"PATRIOTA";-1;"#NULO#";"#NULO#";"#NULO#";40000050133;"PARTIDO ISOLADO";"PATRIOTA";"AM";"10/10/1959";"001515282046";2;"MASCULINO";8;"SUPERIOR COMPLETO";3;"CASADO(A)";"01";"BRANCA";266;"PROFESSOR DE ENSINO MÉDIO";4;"NÃO ELEITO"
"13/11/2024";"10:55:17";2018;2;"ELEIÇÃO ORDINÁRIA";1;297;"Eleições Gerais Estaduais 2018";"07/10/2018";"ESTADUAL";"AM";"AM";"AMAZONAS";7;"DEPUTADO ESTADUAL";40000612654;22333;"ALCIMAR MACIEL PEREIRA";"CABO MACIEL";"#NULO#";"34651535291";"NÃO DIVULGÁVEL";12;"APTO";"COLIGAÇÃO";22;"PR";"PARTIDO DA REPÚBLICA";-1;"#NULO#";"#NULO#";"#NULO#";40000050342;"EU VOTO NO AMAZONAS IV";"PP / PR / PPL / SOLIDARIEDADE";"AM";"07/06/1972";"012073402275";2;"MASCULINO";6;"ENSINO MÉDIO COMPLETO";3;"CASADO(A)";"03";"PARDA";277;"DEPUTADO";2;"ELEITO POR QP"
"13/11/2024";"10:55:17";2018;2;"ELEIÇÃO ORDINÁRIA";1;297;"Eleições Gerais Estaduais 2018";"07/10/2018";"ESTADUAL";"AM";"AM";"AMAZONAS";5;"SENADOR";40000610064;222;"ALFREDO PEREIRA DO NASCIMENTO";"ALFREDO NASCIMENTO";"#NULO#";"05727600430";"NÃO DIVULGÁVEL";12;"APTO";"COLIGAÇÃO";22;"PR";"PARTIDO DA REPÚBLICA";-1;"#NULO#";"#NULO#";"#NULO#";40000050267;"EU VOTO NO AMAZONAS";"PDT / PRP / AVANTE / PP / PV / PR / SOLIDARIEDADE / PPS / PTB / PHS / PSL / PPL";"RN";"05/05/1952";"002872972283";2;"MASCULINO";8;"SUPERIOR COMPLETO";3;"CASADO(A)";"03";"PARDA";277;"DEPUTADO";4;"NÃO ELEITO"
"13/11/2024";"10:55:17";2018;2;"ELEIÇÃO ORDINÁRIA";1;297;"Eleições Gerais Estaduais 2018";"07/10/2018";"ESTADUAL";"AM";"AM";"AMAZONAS";6;"DEPUTADO FEDERAL";40000608905;1010;"SILAS CÂMARA";"SILAS CÂMARA";"#NULO#";"13512951287";"NÃO DIVULGÁVEL";12;"APTO";"COLIGAÇÃO";10;"PRB";"PARTIDO REPUBLICANO BRASILEIRO";-1;"#NULO#";"#NULO#";"#NULO#";40000050229;"AMAZONAS COM SEGURANÇA ";"PSD / PRB / DEM / PTC / PSDB";"AC";"15/12/1962";"013588982224";2;"MASCULINO";8;"SUPERIOR COMPLETO";3;"CASADO(A)";"03";"PARDA";277;"DEPUTADO";2;"ELEITO POR QP"
"13/11/2024";"10:55:17";2018;2;"ELEIÇÃO ORDINÁRIA";1;297;"Eleições Gerais Estaduais 2018";"07/10/2018";"ESTADUAL";"AM";"AM";"AMAZONAS";6;"DEPUTADO FEDERAL";40000608895;5555;"SIDNEY RICARDO DE OLIVEIRA LEITE";"SIDNEY LEITE";"#NULO#";"24067857268";"NÃO DIVULGÁVEL";12;"APTO";"COLIGAÇÃO";55;"PSD";"PARTIDO SOCIAL DEMOCRÁTICO";-1;"#NULO#";"#NULO#";"#NULO#";40000050229;"AMAZONAS COM SEGURANÇA ";"PSD / PRB / DEM / PTC / PSDB";"AM";"08/04/1967";"001393522291";2;"MASCULINO";8;"SUPERIOR COMPLETO";3;"CASADO(A)";"03";"PARDA";277;"DEPUTADO";3;"ELEITO POR MÉDIA"
"13/11/2024";"10:55:17";2018;2;"ELEIÇÃO ORDINÁRIA";1;297;"Eleições Gerais Estaduais 2018";"07/10/2018";"ESTADUAL";"AM";"AM";"AMAZONAS";6;"DEPUTADO FEDERAL";40000608902;2525;"PAUDERNEY TOMAZ AVELINO";"PAUDERNEY AVELINO ";"#NULO#";"03465268253";"NÃO DIVULGÁVEL";12;"APTO";"COLIGAÇÃO";25;"DEM";"DEMOCRATAS";-1;"#NULO#";"#NULO#";"#NULO#";40000050229;"AMAZONAS COM SEGURANÇA ";"PSD / PRB / DEM / PTC / PSDB";"AM";"24/09/1954";"014124412267";2;"MASCULINO";8;"SUPERIOR COMPLETO";3;"CASADO(A)";"03";"PARDA";277;"DEPUTADO";5;"SUPLENTE"
"13/11/2024";"10:55:17";2018;2;"ELEIÇÃO ORDINÁRIA";1;297;"Eleições Gerais Estaduais 2018";"07/10/2018";"ESTADUAL";"AM";"AM";"AMAZONAS";7;"DEPUTADO ESTADUAL";40000612665;11666;"BELARMINO LINS DE ALBUQUERQUE";"BELARMINO LINS";"#NULO#";"00521663253";"NÃO DIVULGÁVEL";12;"APTO";"COLIGAÇÃO";11;"PP";"PROGRESSISTAS";-1;"#NULO#";"#NULO#";"#NULO#";40000050342;"EU VOTO NO AMAZONAS IV";"PP / PR / PPL / SOLIDARIEDADE";"AM";"01/01/1946";"005813582216";2;"MASCULINO";8;"SUPERIOR COMPLETO";3;"CASADO(A)";"01";"BRANCA";277;"DEPUTADO";2;"ELEITO POR QP"
"13/11/2024";"10:55:17";2018;2;"ELEIÇÃO ORDINÁRIA";1;297;"Eleições Gerais Estaduais 2018";"07/10/2018";"ESTADUAL";"AM";"AM";"AMAZONAS";6;"DEPUTADO FEDERAL";40000610418;1414;"REIZO FELICIO DA SILVA CASTELO BRANCO MAUES";"REIZO CASTELO BRANCO";"#NULO#";"91397804220";"NÃO DIVULGÁVEL";12;"APTO";"COLIGAÇÃO";14;"PTB";"PARTIDO TRABALHISTA BRASILEIRO";-1;"#NULO#";"#NULO#";"#NULO#";40000050278;"EU VOTO NO AMAZONAS I";"PDT / PP / PV / PR / SOLIDARIEDADE / PTB / PHS / PSL";"AM";"26/11/1986";"023856032232";2;"MASCULINO";6;"ENSINO MÉDIO COMPLETO";3;"CASADO(A)";"01";"BRANCA";278;"VEREADOR";5;"SUPLENTE"
"13/11/2024";"10:55:17";2018;2;"ELEIÇÃO ORDINÁRIA";1;297;"Eleições Gerais Estaduais 2018";"07/10/2018";"ESTADUAL";"AM";"AM";"AMAZONAS";7;"DEPUTADO ESTADUAL";40000608891;10123;"JOÃO LUIZ ALMEIDA DA SILVA";"JOÃO LUIZ";"#NULO#";"02491356716";"NÃO DIVULGÁVEL";12;"APTO";"COLIGAÇÃO";10;"PRB";"PARTIDO REPUBLICANO BRASILEIRO";-1;"#NULO#";"#NULO#";"#NULO#";40000050228;"AMAZONAS COM SEGURANÇA I";"PSD / PRB / DEM";"RJ";"29/06/1972";"038217281376";2;"MASCULINO";6;"ENSINO MÉDIO COMPLETO";3;"CASADO(A)";"03";"PARDA";278;"VEREADOR";3;"ELEITO POR MÉDIA"
"13/11/2024";"10:55:17";2018;2;"ELEIÇÃO ORDINÁRIA";1;297;"Eleições Gerais Estaduais 2018";"07/10/2018";"ESTADUAL";"AM";"AM";"AMAZONAS";7;"DEPUTADO ESTADUAL";40000612646;11222;"ÁLVARO JOÃO CAMPELO DA MATA";"ÁLVARO CAMPELO";"#NULO#";"49315781287";"NÃO DIVULGÁVEL";12;"APTO";"COLIGAÇÃO";11;"PP";"PROGRESSISTAS";-1;"#NULO#";"#NULO#";"#NULO#";40000050342;"EU VOTO NO AMAZONAS IV";"PP / PR / PPL / SOLIDARIEDADE";"AM";"19/11/1975";"015836832259";2;"MASCULINO";8;"SUPERIOR COMPLETO";3;"CASADO(A)";"03";"PARDA";278;"VEREADOR";3;"ELEITO POR MÉDIA"
"13/11/2024";"10:55:17";2018;2;"ELEIÇÃO ORDINÁRIA";1;297;"Eleições Gerais Estaduais 2018";"07/10/2018";"ESTADUAL";"AM";"AM";"AMAZONAS";7;"DEPUTADO ESTADUAL";40000608866;55455;"JOSÉ LUIS MACIEL DE OLIVEIRA";"JOSE LUIS";"#NULO#";"99121573204";"NÃO DIVULGÁVEL";12;"APTO";"COLIGAÇÃO";55;"PSD";"PARTIDO SOCIAL DEMOCRÁTICO";-1;"#NULO#";"#NULO#";"#NULO#";40000050228;"AMAZONAS COM SEGURANÇA I";"PSD / PRB / DEM";"AM";"27/07/1989";"032689332208";2;"MASCULINO";8;"SUPERIOR COMPLETO";3;"CASADO(A)";"03";"PARDA";278;"VEREADOR";5;"SUPLENTE"
"13/11/2024";"10:55:17";2018;2;"ELEIÇÃO ORDINÁRIA";1;297;"Eleições Gerais Estaduais 2018";"07/10/2018";"ESTADUAL";"AM";"AM";"AMAZONAS";7;"DEPUTADO ESTADUAL";40000623459;12123;"GILBERTO BORGES DOS SANTOS JUNIOR";"JUNIOR RESGATE";"#NULO#";"11710229721";"NÃO DIVULGÁVEL";12;"APTO";"COLIGAÇÃO";12;"PDT";"PARTIDO DEMOCRÁTICO TRABALHISTA";-1;"#NULO#";"#NULO#";"#NULO#";40000050628;" EU VOTO NO AMAZONAS III ";"PDT / PRP / AVANTE";"RJ";"25/12/1988";"035121862267";2;"MASCULINO";8;"SUPERIOR COMPLETO";3;"CASADO(A)";"03";"PARDA";278;"VEREADOR";5;"SUPLENTE"
"13/11/2024";"10:55:17";2018;2;"ELEIÇÃO ORDINÁRIA";1;297;"Eleições Gerais Estaduais 2018";"07/10/2018";"ESTADUAL";"AM";"AM";"AMAZONAS";7;"DEPUTADO ESTADUAL";40000627744;50777;"ALCENIR SEIXAS DOS SANTOS";"CHEFE ALCENIR";"#NULO#";"07208767700";"NÃO DIVULGÁVEL";12;"APTO";"PARTIDO ISOLADO";50;"PSOL";"PARTIDO SOCIALISMO E LIBERDADE";-1;"#NULO#";"#NULO#";"#NULO#";40000050067;"PARTIDO ISOLADO";"PSOL";"RJ";"23/11/1977";"090343940388";2;"MASCULINO";8;"SUPERIOR COMPLETO";9;"DIVORCIADO(A)";"02";"PRETA";295;"MEMBRO DAS FORÇAS ARMADAS";4;"NÃO ELEITO"
"13/11/2024";"10:55:17";2018;2;"ELEIÇÃO ORDINÁRIA";1;297;"Eleições Gerais Estaduais 2018";"07/10/2018";"ESTADUAL";"AM";"AM";"AMAZONAS";7;"DEPUTADO ESTADUAL";40000617507;17000;"FABIO DE OLIVEIRA HUSS";"MAJOR FABIO HUSS";"#NULO#";"05355517706";"NÃO DIVULGÁVEL";12;"APTO";"COLIGAÇÃO";17;"PSL";"PARTIDO SOCIAL LIBERAL";-1;"#NULO#";"#NULO#";"#NULO#";40000050463;"EU VOTO NO AMAZONAS V";"PHS / PTB / PSL";"RJ";"02/07/1980";"107881830370";2;"MASCULINO";8;"SUPERIOR COMPLETO";1;"SOLTEIRO(A)";"01";"BRANCA";295;"MEMBRO DAS FORÇAS ARMADAS";5;"SUPLENTE"
"13/11/2024";"10:55:17";2018;2;"ELEIÇÃO ORDINÁRIA";1;297;"Eleições Gerais Estaduais 2018";"07/10/2018";"ESTADUAL";"AM";"AM";"AMAZONAS";7;"DEPUTADO ESTADUAL";40000610309;18007;"CLEUDSON DE OLIVEIRA E SILVA";"CLEUDSON OLIVEIRA";"#NULO#";"61329827287";"NÃO DIVULGÁVEL";12;"APTO";"COLIGAÇÃO";18;"REDE";"REDE SUSTENTABILIDADE";-1;"#NULO#";"#NULO#";"#NULO#";40000050272;"TRANSFORMAÇÃO POR UM NOVO AMAZONAS";"REDE / PSC / PRTB";"AM";"31/08/1978";"017750702291";2;"MASCULINO";8;"SUPERIOR COMPLETO";3;"CASADO(A)";"03";"PARDA";296;"SERVIDOR PÚBLICO FEDERAL";4;"NÃO ELEITO"
"13/11/2024";"10:55:17";2018;2;"ELEIÇÃO ORDINÁRIA";1;297;"Eleições Gerais Estaduais 2018";"07/10/2018";"ESTADUAL";"AM";"AM";"AMAZONAS";7;"DEPUTADO ESTADUAL";40000618295;27100;"JORGE DE SOUZA AMORIM FILHO";"JORGE AMORIM";"#NULO#";"40569942268";"NÃO DIVULGÁVEL";12;"APTO";"COLIGAÇÃO";27;"DC";"DEMOCRACIA CRISTÃ";-1;"#NULO#";"#NULO#";"#NULO#";40000050474;"POR UM AMAZONAS MELHOR";"MDB / DC";"AM";"26/12/1972";"012337172208";2;"MASCULINO";8;"SUPERIOR COMPLETO";1;"SOLTEIRO(A)";"03";"PARDA";297;"SERVIDOR PÚBLICO ESTADUAL";5;"SUPLENTE"
"13/11/2024";"10:55:17";2018;2;"ELEIÇÃO ORDINÁRIA";1;297;"Eleições Gerais Estaduais 2018";"07/10/2018";"ESTADUAL";"AM";"AM";"AMAZONAS";7;"DEPUTADO ESTADUAL";40000610324;20020;"JESUS ALECXANDRE GOMES DE SOUZA";"JESUS ALECXANDRE";"#NULO#";"59091657200";"NÃO DIVULGÁVEL";12;"APTO";"COLIGAÇÃO";20;"PSC";"PARTIDO SOCIAL CRISTÃO";-1;"#NULO#";"#NULO#";"#NULO#";40000050272;"TRANSFORMAÇÃO POR UM NOVO AMAZONAS";"REDE / PSC / PRTB";"AM";"15/01/1975";"016036212224";2;"MASCULINO";6;"ENSINO MÉDIO COMPLETO";3;"CASADO(A)";"03";"PARDA";303;"GERENTE";4;"NÃO ELEITO"
"13/11/2024";"10:55:17";2018;2;"ELEIÇÃO ORDINÁRIA";1;297;"Eleições Gerais Estaduais 2018";"07/10/2018";"ESTADUAL";"AM";"AM";"AMAZONAS";7;"DEPUTADO ESTADUAL";40000609251;43100;"JANDER SILVA TABOSA DOS REIS";"JANDER TABOSA";"#NULO#";"88639550263";"NÃO DIVULGÁVEL";12;"APTO";"PARTIDO ISOLADO";43;"PV";"PARTIDO VERDE";-1;"#NULO#";"#NULO#";"#NULO#";40000050239;"PARTIDO ISOLADO";"PV";"AM";"19/05/1986";"023579402240";2;"MASCULINO";8;"SUPERIOR COMPLETO";3;"CASADO(A)";"03";"PARDA";303;"GERENTE";5;"SUPLENTE"
"13/11/2024";"10:55:17";2018;2;"ELEIÇÃO ORDINÁRIA";1;297;"Eleições Gerais Estaduais 2018";"07/10/2018";"ESTADUAL";"AM";"AM";"AMAZONAS";3;"GOVERNADOR";40000602447;50;"NINDBERG BARBOSA DOS SANTOS";"BERG DA UGT";"#NULO#";"14041030234";"NÃO DIVULGÁVEL";12;"APTO";"PARTIDO ISOLADO";50;"PSOL";"PARTIDO SOCIALISMO E LIBERDADE";-1;"#NULO#";"#NULO#";"#NULO#";40000050067;"PARTIDO ISOLADO";"PSOL";"AM";"08/11/1961";"004811672240";2;"MASCULINO";8;"SUPERIOR COMPLETO";1;"SOLTEIRO(A)";"03";"PARDA";395;"BANCÁRIO E ECONOMIÁRIO";4;"NÃO ELEITO"
"13/11/2024";"10:55:17";2018;2;"ELEIÇÃO ORDINÁRIA";1;297;"Eleições Gerais Estaduais 2018";"07/10/2018";"ESTADUAL";"AM";"AM";"AMAZONAS";7;"DEPUTADO ESTADUAL";40000609279;43001;"MARLY NASCIMENTO NOGUEIRA RODRIGUES";"MARLY DA LIGA";"#NULO#";"59309440244";"NÃO DIVULGÁVEL";12;"APTO";"PARTIDO ISOLADO";43;"PV";"PARTIDO VERDE";-1;"#NULO#";"#NULO#";"#NULO#";40000050239;"PARTIDO ISOLADO";"PV";"AM";"18/05/1974";"017273572291";4;"FEMININO";6;"ENSINO MÉDIO COMPLETO";3;"CASADO(A)";"03";"PARDA";411;"VENDEDOR DE COMÉRCIO VAREJISTA E ATACADISTA";5;"SUPLENTE"
"13/11/2024";"10:55:17";2018;2;"ELEIÇÃO ORDINÁRIA";1;297;"Eleições Gerais Estaduais 2018";"07/10/2018";"ESTADUAL";"AM";"AM";"AMAZONAS";7;"DEPUTADO ESTADUAL";40000618272;15369;"JOSE MARCELO DE SOUZA BARBOSA";"MARCELO BARBOSA";"#NULO#";"20056702272";"NÃO DIVULGÁVEL";12;"APTO";"COLIGAÇÃO";15;"MDB";"MOVIMENTO DEMOCRÁTICO BRASILEIRO";-1;"#NULO#";"#NULO#";"#NULO#";40000050474;"POR UM AMAZONAS MELHOR";"MDB / DC";"AM";"16/11/1970";"011626172283";2;"MASCULINO";6;"ENSINO MÉDIO COMPLETO";3;"CASADO(A)";"01";"BRANCA";531;"MOTORISTA DE VEÍCULOS DE TRANSPORTE COLETIVO DE PASSAGEIROS";5;"SUPLENTE"
"13/11/2024";"10:55:17";2018;2;"ELEIÇÃO ORDINÁRIA";1;297;"Eleições Gerais Estaduais 2018";"07/10/2018";"ESTADUAL";"AM";"AM";"AMAZONAS";7;"DEPUTADO ESTADUAL";40000610312;18190;"VARLEI MARQUES DE PAULA";"BATATA DO ALTERNATIVO";"#NULO#";"44430310220";"NÃO DIVULGÁVEL";12;"APTO";"COLIGAÇÃO";18;"REDE";"REDE SUSTENTABILIDADE";-1;"#NULO#";"#NULO#";"#NULO#";40000050272;"TRANSFORMAÇÃO POR UM NOVO AMAZONAS";"REDE / PSC / PRTB";"AM";"15/06/1970";"018206332267";2;"MASCULINO";3;"ENSINO FUNDAMENTAL INCOMPLETO";1;"SOLTEIRO(A)";"03";"PARDA";531;"MOTORISTA DE VEÍCULOS DE TRANSPORTE COLETIVO DE PASSAGEIROS";4;"NÃO ELEITO"
"13/11/2024";"10:55:17";2018;2;"ELEIÇÃO ORDINÁRIA";1;297;"Eleições Gerais Estaduais 2018";"07/10/2018";"ESTADUAL";"AM";"AM";"AMAZONAS";7;"DEPUTADO ESTADUAL";40000609322;33803;"JANSELE FATIMA FERREIRA COUTINHO";"JANSELE COUTINHO";"#NULO#";"86382314234";"NÃO DIVULGÁVEL";12;"APTO";"PARTIDO ISOLADO";33;"PMN";"PARTIDO DA MOBILIZAÇÃO NACIONAL";-1;"#NULO#";"#NULO#";"#NULO#";40000050241;"PARTIDO ISOLADO";"PMN";"AM";"13/05/1982";"023305352259";4;"FEMININO";4;"ENSINO FUNDAMENTAL COMPLETO";3;"CASADO(A)";"03";"PARDA";581;"DONA DE CASA";4;"NÃO ELEITO"
"13/11/2024";"10:55:17";2018;2;"ELEIÇÃO ORDINÁRIA";1;297;"Eleições Gerais Estaduais 2018";"07/10/2018";"ESTADUAL";"AM";"AM";"AMAZONAS";7;"DEPUTADO ESTADUAL";40000610319;28777;"MARIA ALMEIDA CLARINDO FILHA";"CABLOCA DO AMAZONAS";"#NULO#";"74112490259";"NÃO DIVULGÁVEL";12;"APTO";"COLIGAÇÃO";28;"PRTB";"PARTIDO RENOVADOR TRABALHISTA BRASILEIRO";-1;"#NULO#";"#NULO#";"#NULO#";40000050272;"TRANSFORMAÇÃO POR UM NOVO AMAZONAS";"REDE / PSC / PRTB";"AM";"28/11/1981";"003104452615";4;"FEMININO";7;"SUPERIOR INCOMPLETO";1;"SOLTEIRO(A)";"01";"BRANCA";601;"AGRICULTOR";4;"NÃO ELEITO"
"13/11/2024";"10:55:17";2018;2;"ELEIÇÃO ORDINÁRIA";1;297;"Eleições Gerais Estaduais 2018";"07/10/2018";"ESTADUAL";"AM";"AM";"AMAZONAS";7;"DEPUTADO ESTADUAL";40000618305;27258;"PEDRO HAMILTON PRADO BRASIL";"PEDRO HAMILTON - PESCADOR";"#NULO#";"44197462204";"NÃO DIVULGÁVEL";12;"APTO";"COLIGAÇÃO";27;"DC";"DEMOCRACIA CRISTÃ";-1;"#NULO#";"#NULO#";"#NULO#";40000050474;"POR UM AMAZONAS MELHOR";"MDB / DC";"AM";"25/10/1972";"016053382291";2;"MASCULINO";5;"ENSINO MÉDIO INCOMPLETO";9;"DIVORCIADO(A)";"03";"PARDA";604;"PESCADOR";5;"SUPLENTE"
"13/11/2024";"10:55:17";2018;2;"ELEIÇÃO ORDINÁRIA";1;297;"Eleições Gerais Estaduais 2018";"07/10/2018";"ESTADUAL";"AM";"AM";"AMAZONAS";7;"DEPUTADO ESTADUAL";40000608152;45689;"RAIMUNDO DUARTE LUNA";"LUNA";"#NULO#";"85554790291";"NÃO DIVULGÁVEL";3;"INAPTO";"COLIGAÇÃO";45;"PSDB";"PARTIDO DA SOCIAL DEMOCRACIA BRASILEIRA";-1;"#NULO#";"#NULO#";"#NULO#";40000050212;"AMAZONAS COM SEGURANÇA II";"PSDB / PTC";"AM";"09/05/1966";"013602792291";2;"MASCULINO";5;"ENSINO MÉDIO INCOMPLETO";3;"CASADO(A)";"03";"PARDA";703;"ELETRICISTA E ASSEMELHADOS";-1;"#NULO#"
"13/11/2024";"10:55:17";2018;2;"ELEIÇÃO ORDINÁRIA";1;297;"Eleições Gerais Estaduais 2018";"07/10/2018";"ESTADUAL";"AM";"AM";"AMAZONAS";7;"DEPUTADO ESTADUAL";40000617481;31030;"CARLOS ALBERTO DA SILVA CARVALHO";"CARLOS CARVALHO";"#NULO#";"12259551220";"NÃO DIVULGÁVEL";12;"APTO";"COLIGAÇÃO";31;"PHS";"PARTIDO HUMANISTA DA SOLIDARIEDADE";-1;"#NULO#";"#NULO#";"#NULO#";40000050463;"EU VOTO NO AMAZONAS V";"PHS / PTB / PSL";"AM";"19/11/1959";"001341262208";2;"MASCULINO";8;"SUPERIOR COMPLETO";3;"CASADO(A)";"03";"PARDA";910;"SACERDOTE OU MEMBRO DE ORDEM OU SEITA RELIGIOSA";5;"SUPLENTE"
"13/11/2024";"10:55:17";2018;2;"ELEIÇÃO ORDINÁRIA";1;297;"Eleições Gerais Estaduais 2018";"07/10/2018";"ESTADUAL";"AM";"AM";"AMAZONAS";7;"DEPUTADO ESTADUAL";40000608219;13455;"PEDRO MALTA DE ARAUJO";"PEDRO MALTA ";"#NULO#";"02610329253";"NÃO DIVULGÁVEL";12;"APTO";"COLIGAÇÃO";13;"PT";"PARTIDO DOS TRABALHADORES";-1;"#NULO#";"#NULO#";"#NULO#";40000050768;"O POVO FELIZ DE NOVO";"PC do B / PT";"AM";"11/08/1952";"000410622240";2;"MASCULINO";8;"SUPERIOR COMPLETO";1;"SOLTEIRO(A)";"03";"PARDA";923;"APOSENTADO (EXCETO SERVIDOR PÚBLICO)";5;"SUPLENTE"
"13/11/2024";"10:55:17";2018;2;"ELEIÇÃO ORDINÁRIA";1;297;"Eleições Gerais Estaduais 2018";"07/10/2018";"ESTADUAL";"AM";"AM";"AMAZONAS";7;"DEPUTADO ESTADUAL";40000627679;43843;"AUGUSTA NASCIMENTO DE CASTRO";"AUGUSTA CASTRO";"#NULO#";"03559411203";"NÃO DIVULGÁVEL";3;"INAPTO";"PARTIDO ISOLADO";43;"PV";"PARTIDO VERDE";-1;"#NULO#";"#NULO#";"#NULO#";40000050239;"PARTIDO ISOLADO";"PV";"AM";"24/04/1992";"038052032224";4;"FEMININO";6;"ENSINO MÉDIO COMPLETO";1;"SOLTEIRO(A)";"01";"BRANCA";931;"ESTUDANTE, BOLSISTA, ESTAGIÁRIO E ASSEMELHADOS";-1;"#NULO#"
"13/11/2024";"10:55:17";2018;2;"ELEIÇÃO ORDINÁRIA";1;297;"Eleições Gerais Estaduais 2018";"07/10/2018";"ESTADUAL";"AM";"AM";"AMAZONAS";7;"DEPUTADO ESTADUAL";40000608144;45456;"HULDA MARIA BARAUNA CORREA";"HULDA";"#NULO#";"51855666200";"NÃO DIVULGÁVEL";12;"APTO";"COLIGAÇÃO";45;"PSDB";"PARTIDO DA SOCIAL DEMOCRACIA BRASILEIRA";-1;"#NULO#";"#NULO#";"#NULO#";40000050212;"AMAZONAS COM SEGURANÇA II";"PSDB / PTC";"AM";"04/10/1980";"019146982216";4;"FEMININO";4;"ENSINO FUNDAMENTAL COMPLETO";1;"SOLTEIRO(A)";"01";"BRANCA";931;"ESTUDANTE, BOLSISTA, ESTAGIÁRIO E ASSEMELHADOS";5;"SUPLENTE"
"13/11/2024";"10:55:17";2018;2;"ELEIÇÃO ORDINÁRIA";1;297;"Eleições Gerais Estaduais 2018";"07/10/2018";"ESTADUAL";"AM";"AM";"AMAZONAS";6;"DEPUTADO FEDERAL";40000628094;1202;"HENDRIK DA ROCHA GADELHA";"HENDRIK GADELHA";"#NULO#";"01151455245";"NÃO DIVULGÁVEL";3;"INAPTO";"PARTIDO ISOLADO";12;"PDT";"PARTIDO DEMOCRÁTICO TRABALHISTA";-1;"#NULO#";"#NULO#";"#NULO#";40000050781;"PARTIDO ISOLADO";"PDT";"AM";"17/03/1993";"034456742208";2;"MASCULINO";6;"ENSINO MÉDIO COMPLETO";1;"SOLTEIRO(A)";"03";"PARDA";999;"OUTROS";4;"NÃO ELEITO"
"13/11/2024";"10:55:17";2018;2;"ELEIÇÃO ORDINÁRIA";1;297;"Eleições Gerais Estaduais 2018";"07/10/2018";"ESTADUAL";"AM";"AM";"AMAZONAS";7;"DEPUTADO ESTADUAL";40000609316;33650;"GASPAR PROFIRO DA SILVA";"PR. GASPAR";"#NULO#";"12020419220";"NÃO DIVULGÁVEL";3;"INAPTO";"PARTIDO ISOLADO";33;"PMN";"PARTIDO DA MOBILIZAÇÃO NACIONAL";-1;"#NULO#";"#NULO#";"#NULO#";40000050241;"PARTIDO ISOLADO";"PMN";"AM";"01/04/1960";"010622572283";2;"MASCULINO";6;"ENSINO MÉDIO COMPLETO";3;"CASADO(A)";"03";"PARDA";999;"OUTROS";4;"NÃO ELEITO"
"13/11/2024";"10:55:17";2018;2;"ELEIÇÃO ORDINÁRIA";1;297;"Eleições Gerais Estaduais 2018";"07/10/2018";"ESTADUAL";"AM";"AM";"AMAZONAS";7;"DEPUTADO ESTADUAL";40000627844;70999;"ELIANDRO JORGE NOGUEIRA DE ARAUJO";"LICO ARAUJO ";"#NULO#";"24026867234";"NÃO DIVULGÁVEL";3;"INAPTO";"COLIGAÇÃO";70;"AVANTE";"AVANTE";-1;"#NULO#";"#NULO#";"#NULO#";40000050628;" EU VOTO NO AMAZONAS III ";"PDT / PRP / AVANTE";"AM";"14/03/1965";"004041632216";2;"MASCULINO";6;"ENSINO MÉDIO COMPLETO";1;"SOLTEIRO(A)";"03";"PARDA";999;"OUTROS";4;"NÃO ELEITO"
"13/11/2024";"10:55:17";2018;2;"ELEIÇÃO ORDINÁRIA";1;297;"Eleições Gerais Estaduais 2018";"07/10/2018";"ESTADUAL";"AM";"AM";"AMAZONAS";7;"DEPUTADO ESTADUAL";40000609262;43444;"JOAO MEDEIROS CAMPELO";"JOAO CAMPELO";"#NULO#";"34291792204";"NÃO DIVULGÁVEL";12;"APTO";"PARTIDO ISOLADO";43;"PV";"PARTIDO VERDE";-1;"#NULO#";"#NULO#";"#NULO#";40000050239;"PARTIDO ISOLADO";"PV";"AM";"01/02/1969";"010447732232";2;"MASCULINO";6;"ENSINO MÉDIO COMPLETO";1;"SOLTEIRO(A)";"03";"PARDA";999;"OUTROS";5;"SUPLENTE"
"13/11/2024";"10:55:17";2018;2;"ELEIÇÃO ORDINÁRIA";1;297;"Eleições Gerais Estaduais 2018";"07/10/2018";"ESTADUAL";"AM";"AM";"AMAZONAS";7;"DEPUTADO ESTADUAL";40000623429;44555;"MARCOS PEREIRA SARMENTO";"MARCÃO";"#NULO#";"38225166272";"NÃO DIVULGÁVEL";12;"APTO";"COLIGAÇÃO";44;"PRP";"PARTIDO REPUBLICANO PROGRESSISTA";-1;"#NULO#";"#NULO#";"#NULO#";40000050628;" EU VOTO NO AMAZONAS III ";"PDT / PRP / AVANTE";"AM";"06/05/1972";"012756002283";2;"MASCULINO";6;"ENSINO MÉDIO COMPLETO";1;"SOLTEIRO(A)";"03";"PARDA";999;"OUTROS";5;"SUPLENTE"
"13/11/2024";"10:55:17";2018;2;"ELEIÇÃO ORDINÁRIA";1;297;"Eleições Gerais Estaduais 2018";"07/10/2018";"ESTADUAL";"AM";"AM";"AMAZONAS";7;"DEPUTADO ESTADUAL";40000608247;19019;"TIAGO DO VALE FALCÃO";"TIAGO FALCAO";"#NULO#";"78308615287";"NÃO DIVULGÁVEL";12;"APTO";"COLIGAÇÃO";19;"PODE";"PODEMOS";-1;"#NULO#";"#NULO#";"#NULO#";40000050214;"PODE";"PODE";"AM";"07/08/1984";"022603212224";2;"MASCULINO";8;"SUPERIOR COMPLETO";1;"SOLTEIRO(A)";"03";"PARDA";999;"OUTROS";5;"SUPLENTE"
"13/11/2024";"10:55:17";2018;2;"ELEIÇÃO ORDINÁRIA";1;297;"Eleições Gerais Estaduais 2018";"07/10/2018";"ESTADUAL";"AM";"AM";"AMAZONAS";7;"DEPUTADO ESTADUAL";40000608227;19441;"CHARLES ARRUDA HOLANDA";"CHARLES HOLANDA";"#NULO#";"44159390234";"NÃO DIVULGÁVEL";12;"APTO";"COLIGAÇÃO";19;"PODE";"PODEMOS";-1;"#NULO#";"#NULO#";"#NULO#";40000050214;"PODE";"PODE";"AM";"22/07/1974";"013611292216";2;"MASCULINO";6;"ENSINO MÉDIO COMPLETO";3;"CASADO(A)";"03";"PARDA";999;"OUTROS";5;"SUPLENTE"
"13/11/2024";"10:55:17";2018;2;"ELEIÇÃO ORDINÁRIA";1;297;"Eleições Gerais Estaduais 2018";"07/10/2018";"ESTADUAL";"AM";"AM";"AMAZONAS";7;"DEPUTADO ESTADUAL";40000629574;19799;"JEFFERSON AMARANTE PACHECO";"JEFFERSON PACHECO";"#NULO#";"66360480263";"NÃO DIVULGÁVEL";12;"APTO";"COLIGAÇÃO";19;"PODE";"PODEMOS";-1;"#NULO#";"#NULO#";"#NULO#";40000050214;"PODE";"PODE";"AM";"22/02/1980";"018594772283";2;"MASCULINO";6;"ENSINO MÉDIO COMPLETO";3;"CASADO(A)";"01";"BRANCA";999;"OUTROS";5;"SUPLENTE"
"13/11/2024";"10:55:17";2018;2;"ELEIÇÃO ORDINÁRIA";1;297;"Eleições Gerais Estaduais 2018";"07/10/2018";"ESTADUAL";"AM";"AM";"AMAZONAS";7;"DEPUTADO ESTADUAL";40000609266;43789;"JOSE RIBAMAR FONTES BELEZA";"BELEZA";"#NULO#";"07582501268";"NÃO DIVULGÁVEL";3;"INAPTO";"PARTIDO ISOLADO";43;"PV";"PARTIDO VERDE";-1;"#NULO#";"#NULO#";"#NULO#";40000050239;"PARTIDO ISOLADO";"PV";"AM";"19/12/1956";"001773322216";2;"MASCULINO";4;"ENSINO FUNDAMENTAL COMPLETO";3;"CASADO(A)";"01";"BRANCA";999;"OUTROS";4;"NÃO ELEITO"
"13/11/2024";"10:55:17";2018;2;"ELEIÇÃO ORDINÁRIA";1;297;"Eleições Gerais Estaduais 2018";"07/10/2018";"ESTADUAL";"AM";"AM";"AMAZONAS";7;"DEPUTADO ESTADUAL";40000609270;43239;"MESSIAS MARQUES DA SILVA";"MESSIAS MARQUES";"#NULO#";"23938293268";"NÃO DIVULGÁVEL";3;"INAPTO";"PARTIDO ISOLADO";43;"PV";"PARTIDO VERDE";-1;"#NULO#";"#NULO#";"#NULO#";40000050239;"PARTIDO ISOLADO";"PV";"AM";"02/02/1965";"005729442208";2;"MASCULINO";3;"ENSINO FUNDAMENTAL INCOMPLETO";3;"CASADO(A)";"03";"PARDA";999;"OUTROS";-1;"#NULO#"
"13/11/2024";"10:55:17";2018;2;"ELEIÇÃO ORDINÁRIA";1;297;"Eleições Gerais Estaduais 2018";"07/10/2018";"ESTADUAL";"AM";"AM";"AMAZONAS";7;"DEPUTADO ESTADUAL";40000604604;51542;"MICILENE DE OLIVEIRA SILVA";"MICILENE SILVA";"#NULO#";"90947215204";"NÃO DIVULGÁVEL";12;"APTO";"PARTIDO ISOLADO";51;"PATRIOTA";"PATRIOTA";-1;"#NULO#";"#NULO#";"#NULO#";40000050133;"PARTIDO ISOLADO";"PATRIOTA";"AM";"06/12/1982";"021799832208";4;"FEMININO";6;"ENSINO MÉDIO COMPLETO";1;"SOLTEIRO(A)";"03";"PARDA";999;"OUTROS";4;"NÃO ELEITO"
"13/11/2024";"10:55:17";2018;2;"ELEIÇÃO ORDINÁRIA";1;297;"Eleições Gerais Estaduais 2018";"07/10/2018";"ESTADUAL";"AM";"AM";"AMAZONAS";7;"DEPUTADO ESTADUAL";40000602429;50550;"MARIA AUXILIADORA CORREA DE SOUZA";"MARIA AUXILIADORA";"#NULO#";"23113880297";"NÃO DIVULGÁVEL";12;"APTO";"PARTIDO ISOLADO";50;"PSOL";"PARTIDO SOCIALISMO E LIBERDADE";-1;"#NULO#";"#NULO#";"#NULO#";40000050067;"PARTIDO ISOLADO";"PSOL";"AM";"16/07/1963";"004386002208";4;"FEMININO";8;"SUPERIOR COMPLETO";1;"SOLTEIRO(A)";"03";"PARDA";999;"OUTROS";4;"NÃO ELEITO"
"13/11/2024";"10:55:17";2018;2;"ELEIÇÃO ORDINÁRIA";1;297;"Eleições Gerais Estaduais 2018";"07/10/2018";"ESTADUAL";"AM";"AM";"AMAZONAS";7;"DEPUTADO ESTADUAL";40000623458;12200;"FRANCINETE SOARES DE LIMA";"FRANCINETE SOARES";"#NULO#";"46413316268";"NÃO DIVULGÁVEL";12;"APTO";"COLIGAÇÃO";12;"PDT";"PARTIDO DEMOCRÁTICO TRABALHISTA";-1;"#NULO#";"#NULO#";"#NULO#";40000050628;" EU VOTO NO AMAZONAS III ";"PDT / PRP / AVANTE";"AM";"04/10/1972";"022974602216";4;"FEMININO";8;"SUPERIOR COMPLETO";1;"SOLTEIRO(A)";"03";"PARDA";999;"OUTROS";5;"SUPLENTE"
"13/11/2024";"10:55:17";2018;2;"ELEIÇÃO ORDINÁRIA";1;297;"Eleições Gerais Estaduais 2018";"07/10/2018";"ESTADUAL";"AM";"AM";"AMAZONAS";7;"DEPUTADO ESTADUAL";40000609267;43567;"AUCENORA NOGUEIRA ENCARNAÇÃO";"NORA NOGUEIRA";"#NULO#";"34722394253";"NÃO DIVULGÁVEL";12;"APTO";"PARTIDO ISOLADO";43;"PV";"PARTIDO VERDE";-1;"#NULO#";"#NULO#";"#NULO#";40000050239;"PARTIDO ISOLADO";"PV";"AM";"17/08/1971";"012018702283";4;"FEMININO";6;"ENSINO MÉDIO COMPLETO";3;"CASADO(A)";"03";"PARDA";999;"OUTROS";5;"SUPLENTE"
"13/11/2024";"10:55:17";2018;2;"ELEIÇÃO ORDINÁRIA";1;297;"Eleições Gerais Estaduais 2018";"07/10/2018";"ESTADUAL";"AM";"AM";"AMAZONAS";7;"DEPUTADO ESTADUAL";40000611561;23800;"LICIANY MOURA LIMA";"LICIANY LIMA";"#NULO#";"44205104200";"NÃO DIVULGÁVEL";12;"APTO";"PARTIDO ISOLADO";23;"PPS";"PARTIDO POPULAR SOCIALISTA";-1;"#NULO#";"#NULO#";"#NULO#";40000050309;"PARTIDO ISOLADO";"PPS";"AM";"05/07/1975";"014757332283";4;"FEMININO";6;"ENSINO MÉDIO COMPLETO";3;"CASADO(A)";"01";"BRANCA";999;"OUTROS";5;"SUPLENTE"
"13/11/2024";"10:55:17";2018;2;"ELEIÇÃO ORDINÁRIA";1;297;"Eleições Gerais Estaduais 2018";"07/10/2018";"ESTADUAL";"AM";"AM";"AMAZONAS";7;"DEPUTADO ESTADUAL";40000629570;25335;"ALISSANDRA CARVALHO DA SILVA";"ALISSANDRA DOS FEIRANTES";"#NULO#";"47617993234";"NÃO DIVULGÁVEL";12;"APTO";"COLIGAÇÃO";25;"DEM";"DEMOCRATAS";-1;"#NULO#";"#NULO#";"#NULO#";40000050228;"AMAZONAS COM SEGURANÇA I";"PSD / PRB / DEM";"AM";"26/03/1974";"013131332283";4;"FEMININO";8;"SUPERIOR COMPLETO";3;"CASADO(A)";"03";"PARDA";999;"OUTROS";5;"SUPLENTE"
"13/11/2024";"10:55:17";2018;2;"ELEIÇÃO ORDINÁRIA";1;297;"Eleições Gerais Estaduais 2018";"07/10/2018";"ESTADUAL";"AM";"AM";"AMAZONAS";7;"DEPUTADO ESTADUAL";40000608885;25001;"MARLENE ALVES DA SILVA";"MARLENE ALVES";"#NULO#";"29116406249";"NÃO DIVULGÁVEL";12;"APTO";"COLIGAÇÃO";25;"DEM";"DEMOCRATAS";-1;"#NULO#";"#NULO#";"#NULO#";40000050228;"AMAZONAS COM SEGURANÇA I";"PSD / PRB / DEM";"AM";"13/10/1966";"000627102208";4;"FEMININO";7;"SUPERIOR INCOMPLETO";3;"CASADO(A)";"03";"PARDA";999;"OUTROS";5;"SUPLENTE"
"13/11/2024";"10:55:17";2018;2;"ELEIÇÃO ORDINÁRIA";1;297;"Eleições Gerais Estaduais 2018";"07/10/2018";"ESTADUAL";"AM";"AM";"AMAZONAS";7;"DEPUTADO ESTADUAL";40000611558;23555;"FERNANDO ANDERSON BARROSO MAIA";"ANDERSON MAIA";"#NULO#";"51318253268";"NÃO DIVULGÁVEL";12;"APTO";"PARTIDO ISOLADO";23;"PPS";"PARTIDO POPULAR SOCIALISTA";-1;"#NULO#";"#NULO#";"#NULO#";40000050309;"PARTIDO ISOLADO";"PPS";"AM";"03/02/1980";"020264532240";2;"MASCULINO";8;"SUPERIOR COMPLETO";3;"CASADO(A)";"03";"PARDA";102;"ARQUITETO";5;"SUPLENTE"
"13/11/2024";"10:55:17";2018;2;"ELEIÇÃO ORDINÁRIA";1;297;"Eleições Gerais Estaduais 2018";"07/10/2018";"ESTADUAL";"AM";"AM";"AMAZONAS";7;"DEPUTADO ESTADUAL";40000602446;50789;"MARIA SOCORRO LIMA DE SOUZA";"ENFERMEIRA SOCORRO";"#NULO#";"24260770268";"NÃO DIVULGÁVEL";12;"APTO";"PARTIDO ISOLADO";50;"PSOL";"PARTIDO SOCIALISMO E LIBERDADE";-1;"#NULO#";"#NULO#";"#NULO#";40000050067;"PARTIDO ISOLADO";"PSOL";"AM";"10/01/1964";"001156902208";4;"FEMININO";8;"SUPERIOR COMPLETO";9;"DIVORCIADO(A)";"03";"PARDA";113;"ENFERMEIRO";4;"NÃO ELEITO"
"13/11/2024";"10:55:17";2018;2;"ELEIÇÃO ORDINÁRIA";1;297;"Eleições Gerais Estaduais 2018";"07/10/2018";"ESTADUAL";"AM";"AM";"AMAZONAS";6;"DEPUTADO FEDERAL";40000610417;3147;"JUCI PAULA GOES DE ARAUJO";"ENFERMEIRA PAULINHA";"#NULO#";"93125127220";"NÃO DIVULGÁVEL";12;"APTO";"COLIGAÇÃO";31;"PHS";"PARTIDO HUMANISTA DA SOLIDARIEDADE";-1;"#NULO#";"#NULO#";"#NULO#";40000050278;"EU VOTO NO AMAZONAS I";"PDT / PP / PV / PR / SOLIDARIEDADE / PTB / PHS / PSL";"AM";"03/04/1987";"030964022240";4;"FEMININO";8;"SUPERIOR COMPLETO";3;"CASADO(A)";"03";"PARDA";113;"ENFERMEIRO";5;"SUPLENTE"
"13/11/2024";"10:55:17";2018;2;"ELEIÇÃO ORDINÁRIA";1;297;"Eleições Gerais Estaduais 2018";"07/10/2018";"ESTADUAL";"AM";"AM";"AMAZONAS";7;"DEPUTADO ESTADUAL";40000617490;31222;"JUCINARA OLIVEIRA DA SILVA RODRIGUES";"ENFERMEIRA JUCINARA";"#NULO#";"32074565291";"NÃO DIVULGÁVEL";12;"APTO";"COLIGAÇÃO";31;"PHS";"PARTIDO HUMANISTA DA SOLIDARIEDADE";-1;"#NULO#";"#NULO#";"#NULO#";40000050463;"EU VOTO NO AMAZONAS V";"PHS / PTB / PSL";"AM";"19/03/1969";"010550132259";4;"FEMININO";8;"SUPERIOR COMPLETO";3;"CASADO(A)";"03";"PARDA";113;"ENFERMEIRO";5;"SUPLENTE"
"13/11/2024";"10:55:17";2018;2;"ELEIÇÃO ORDINÁRIA";1;297;"Eleições Gerais Estaduais 2018";"07/10/2018";"ESTADUAL";"AM";"AM";"AMAZONAS";7;"DEPUTADO ESTADUAL";40000602430;50333;"ALTOMIRO LUCENA ROMÃO";"MIRO LUCENA";"#NULO#";"59951559204";"NÃO DIVULGÁVEL";12;"APTO";"PARTIDO ISOLADO";50;"PSOL";"PARTIDO SOCIALISMO E LIBERDADE";-1;"#NULO#";"#NULO#";"#NULO#";40000050067;"PARTIDO ISOLADO";"PSOL";"RN";"13/05/1972";"020083242267";2;"MASCULINO";8;"SUPERIOR COMPLETO";3;"CASADO(A)";"03";"PARDA";115;"ODONTÓLOGO";4;"NÃO ELEITO"
"13/11/2024";"10:55:17";2018;2;"ELEIÇÃO ORDINÁRIA";1;297;"Eleições Gerais Estaduais 2018";"07/10/2018";"ESTADUAL";"AM";"AM";"AMAZONAS";7;"DEPUTADO ESTADUAL";40000623433;70300;"RITA DE CÁSSIA GUIMARÃES PINHEIRO DA SILVA";"RITA DE CÁSSIA ROCHA";"#NULO#";"43903258253";"NÃO DIVULGÁVEL";12;"APTO";"COLIGAÇÃO";70;"AVANTE";"AVANTE";-1;"#NULO#";"#NULO#";"#NULO#";40000050628;" EU VOTO NO AMAZONAS III ";"PDT / PRP / AVANTE";"PA";"29/07/1973";"011442662224";4;"FEMININO";8;"SUPERIOR COMPLETO";3;"CASADO(A)";"03";"PARDA";118;"FONOAUDIÓLOGO";5;"SUPLENTE"
"13/11/2024";"10:55:17";2018;2;"ELEIÇÃO ORDINÁRIA";1;297;"Eleições Gerais Estaduais 2018";"07/10/2018";"ESTADUAL";"AM";"AM";"AMAZONAS";7;"DEPUTADO ESTADUAL";40000609247;43043;"WANDERLEY CALDEIRA MONTEIRO";"WANDERLEY MONTEIRO";"#NULO#";"98696700244";"NÃO DIVULGÁVEL";12;"APTO";"PARTIDO ISOLADO";43;"PV";"PARTIDO VERDE";-1;"#NULO#";"#NULO#";"#NULO#";40000050239;"PARTIDO ISOLADO";"PV";"AM";"14/10/1992";"034897252291";2;"MASCULINO";8;"SUPERIOR COMPLETO";1;"SOLTEIRO(A)";"03";"PARDA";125;"ADMINISTRADOR";5;"SUPLENTE"
"13/11/2024";"10:55:17";2018;2;"ELEIÇÃO ORDINÁRIA";1;297;"Eleições Gerais Estaduais 2018";"07/10/2018";"ESTADUAL";"AM";"AM";"AMAZONAS";7;"DEPUTADO ESTADUAL";40000609273;43012;"VALDIRA MENDES DE SOUZA";"VALDIRA MENDES";"#NULO#";"59334568291";"NÃO DIVULGÁVEL";3;"INAPTO";"PARTIDO ISOLADO";43;"PV";"PARTIDO VERDE";-1;"#NULO#";"#NULO#";"#NULO#";40000050239;"PARTIDO ISOLADO";"PV";"AM";"16/04/1977";"017132512275";4;"FEMININO";8;"SUPERIOR COMPLETO";1;"SOLTEIRO(A)";"03";"PARDA";125;"ADMINISTRADOR";-1;"#NULO#"
"13/11/2024";"10:55:17";2018;2;"ELEIÇÃO ORDINÁRIA";1;297;"Eleições Gerais Estaduais 2018";"07/10/2018";"ESTADUAL";"AM";"AM";"AMAZONAS";6;"DEPUTADO FEDERAL";40000623401;4434;"HARBEN GOMES AVELAR";"DR. HARBEN AVELAR";"#NULO#";"85705322291";"NÃO DIVULGÁVEL";12;"APTO";"COLIGAÇÃO";44;"PRP";"PARTIDO REPUBLICANO PROGRESSISTA";-1;"#NULO#";"#NULO#";"#NULO#";40000050626;"EU VOTO NO AMAZONAS II";"PPS / PPL / PRP / AVANTE";"AM";"11/02/1987";"030662802208";2;"MASCULINO";8;"SUPERIOR COMPLETO";1;"SOLTEIRO(A)";"03";"PARDA";131;"ADVOGADO";4;"NÃO ELEITO"
"13/11/2024";"10:55:17";2018;2;"ELEIÇÃO ORDINÁRIA";1;297;"Eleições Gerais Estaduais 2018";"07/10/2018";"ESTADUAL";"AM";"AM";"AMAZONAS";6;"DEPUTADO FEDERAL";40000610436;3321;"ELSON MARCELO LIMA DE SOUZA";"MARCELO AMIL";"#NULO#";"74829297204";"NÃO DIVULGÁVEL";12;"APTO";"COLIGAÇÃO";33;"PMN";"PARTIDO DA MOBILIZAÇÃO NACIONAL";-1;"#NULO#";"#NULO#";"#NULO#";40000050279;"RENOVA AMAZONAS";"PODE / PMN / PSB / PROS";"AM";"24/02/1983";"022794092232";2;"MASCULINO";8;"SUPERIOR COMPLETO";1;"SOLTEIRO(A)";"01";"BRANCA";131;"ADVOGADO";4;"NÃO ELEITO"
"13/11/2024";"10:55:17";2018;2;"ELEIÇÃO ORDINÁRIA";1;297;"Eleições Gerais Estaduais 2018";"07/10/2018";"ESTADUAL";"AM";"AM";"AMAZONAS";9;"1º SUPLENTE";40000603707;455;"JOSE MARIO FROTA MOREIRA";"MARIO FROTA";"#NULO#";"03912868204";"NÃO DIVULGÁVEL";3;"INAPTO";"COLIGAÇÃO";45;"PSDB";"PARTIDO DA SOCIAL DEMOCRACIA BRASILEIRA";-1;"#NULO#";"#NULO#";"#NULO#";40000050103;"AMAZONAS COM SEGURANÇA";"PSD / PSDB / DEM / PRB / PTC / PATRIOTA";"CE";"22/02/1943";"004865942240";2;"MASCULINO";6;"ENSINO MÉDIO COMPLETO";3;"CASADO(A)";"03";"PARDA";131;"ADVOGADO";-1;"#NULO#"
"13/11/2024";"10:55:17";2018;2;"ELEIÇÃO ORDINÁRIA";1;297;"Eleições Gerais Estaduais 2018";"07/10/2018";"ESTADUAL";"AM";"AM";"AMAZONAS";7;"DEPUTADO ESTADUAL";40000608231;19333;"FRANCISCO DEMETRIUS PINHEIRO DE OLIVEIRA";"DR. DEMETRIUS PINHEIRO";"#NULO#";"02955348422";"NÃO DIVULGÁVEL";12;"APTO";"COLIGAÇÃO";19;"PODE";"PODEMOS";-1;"#NULO#";"#NULO#";"#NULO#";40000050214;"PODE";"PODE";"PE";"06/12/1974";"044541340817";2;"MASCULINO";8;"SUPERIOR COMPLETO";3;"CASADO(A)";"03";"PARDA";131;"ADVOGADO";5;"SUPLENTE"
"13/11/2024";"10:55:17";2018;2;"ELEIÇÃO ORDINÁRIA";1;297;"Eleições Gerais Estaduais 2018";"07/10/2018";"ESTADUAL";"AM";"AM";"AMAZONAS";7;"DEPUTADO ESTADUAL";40000618270;15115;"GIOVANNI TAVARES RODRIGUES";"DR. GIOVANNI TAVARES";"#NULO#";"61445614200";"NÃO DIVULGÁVEL";12;"APTO";"COLIGAÇÃO";15;"MDB";"MOVIMENTO DEMOCRÁTICO BRASILEIRO";-1;"#NULO#";"#NULO#";"#NULO#";40000050474;"POR UM AMAZONAS MELHOR";"MDB / DC";"AM";"05/07/1977";"016995842283";2;"MASCULINO";8;"SUPERIOR COMPLETO";3;"CASADO(A)";"01";"BRANCA";131;"ADVOGADO";5;"SUPLENTE"
"13/11/2024";"10:55:17";2018;2;"ELEIÇÃO ORDINÁRIA";1;297;"Eleições Gerais Estaduais 2018";"07/10/2018";"ESTADUAL";"AM";"AM";"AMAZONAS";7;"DEPUTADO ESTADUAL";40000618278;15444;"MARIA ELIZABETH DOS SANTOS OLIVEIRA";"ELIZABETH OLIVEIRA";"#NULO#";"17113083315";"NÃO DIVULGÁVEL";12;"APTO";"COLIGAÇÃO";15;"MDB";"MOVIMENTO DEMOCRÁTICO BRASILEIRO";-1;"#NULO#";"#NULO#";"#NULO#";40000050474;"POR UM AMAZONAS MELHOR";"MDB / DC";"AM";"02/03/1964";"014122472224";4;"FEMININO";8;"SUPERIOR COMPLETO";9;"DIVORCIADO(A)";"03";"PARDA";131;"ADVOGADO";5;"SUPLENTE"
"13/11/2024";"10:55:17";2018;2;"ELEIÇÃO ORDINÁRIA";1;297;"Eleições Gerais Estaduais 2018";"07/10/2018";"ESTADUAL";"AM";"AM";"AMAZONAS";7;"DEPUTADO ESTADUAL";40000608202;13456;"ANA CLAUDIA CHAVES BANDEIRA DE MELO";"ANA CLAUDIA";"#NULO#";"51692368249";"NÃO DIVULGÁVEL";12;"APTO";"COLIGAÇÃO";13;"PT";"PARTIDO DOS TRABALHADORES";-1;"#NULO#";"#NULO#";"#NULO#";40000050768;"O POVO FELIZ DE NOVO";"PC do B / PT";"AM";"06/11/1980";"020786092232";4;"FEMININO";8;"SUPERIOR COMPLETO";3;"CASADO(A)";"02";"PRETA";133;"SOCIÓLOGO";5;"SUPLENTE"
"13/11/2024";"10:55:17";2018;2;"ELEIÇÃO ORDINÁRIA";1;297;"Eleições Gerais Estaduais 2018";"07/10/2018";"ESTADUAL";"AM";"AM";"AMAZONAS";7;"DEPUTADO ESTADUAL";40000611537;23022;"PATRICIA DE ARAUJO POMPEU";"PATRÍCIA POMPEU";"#NULO#";"57231648215";"NÃO DIVULGÁVEL";12;"APTO";"PARTIDO ISOLADO";23;"PPS";"PARTIDO POPULAR SOCIALISTA";-1;"#NULO#";"#NULO#";"#NULO#";40000050309;"PARTIDO ISOLADO";"PPS";"AM";"22/04/1977";"014641742275";4;"FEMININO";8;"SUPERIOR COMPLETO";3;"CASADO(A)";"01";"BRANCA";134;"ASSISTENTE SOCIAL";5;"SUPLENTE"
"13/11/2024";"10:55:17";2018;2;"ELEIÇÃO ORDINÁRIA";1;297;"Eleições Gerais Estaduais 2018";"07/10/2018";"ESTADUAL";"AM";"AM";"AMAZONAS";7;"DEPUTADO ESTADUAL";40000608875;25777;"ENILDO BATISTA LOPES";"PROF. ENILDO";"#NULO#";"20270577220";"NÃO DIVULGÁVEL";12;"APTO";"COLIGAÇÃO";25;"DEM";"DEMOCRATAS";-1;"#NULO#";"#NULO#";"#NULO#";40000050228;"AMAZONAS COM SEGURANÇA I";"PSD / PRB / DEM";"AM";"05/03/1964";"005956632232";2;"MASCULINO";8;"SUPERIOR COMPLETO";3;"CASADO(A)";"03";"PARDA";142;"PROFESSOR DE ENSINO SUPERIOR";5;"SUPLENTE"
"13/11/2024";"10:55:17";2018;2;"ELEIÇÃO ORDINÁRIA";1;297;"Eleições Gerais Estaduais 2018";"07/10/2018";"ESTADUAL";"AM";"AM";"AMAZONAS";7;"DEPUTADO ESTADUAL";40000611527;23080;"FRANCISCO SOARES CALHEIROS";"DOUTOR FRANCISCO CALHEIROS";"#NULO#";"28543246253";"NÃO DIVULGÁVEL";12;"APTO";"PARTIDO ISOLADO";23;"PPS";"PARTIDO POPULAR SOCIALISTA";-1;"#NULO#";"#NULO#";"#NULO#";40000050309;"PARTIDO ISOLADO";"PPS";"AM";"28/11/1968";"010250702208";2;"MASCULINO";8;"SUPERIOR COMPLETO";3;"CASADO(A)";"01";"BRANCA";142;"PROFESSOR DE ENSINO SUPERIOR";5;"SUPLENTE"
"13/11/2024";"10:55:17";2018;2;"ELEIÇÃO ORDINÁRIA";1;297;"Eleições Gerais Estaduais 2018";"07/10/2018";"ESTADUAL";"AM";"AM";"AMAZONAS";7;"DEPUTADO ESTADUAL";40000610313;18123;"MARIA JOSEILDA DA SILVA PINHEIRO";"BRANCA PINHEIRO";"#NULO#";"63335530268";"NÃO DIVULGÁVEL";12;"APTO";"COLIGAÇÃO";18;"REDE";"REDE SUSTENTABILIDADE";-1;"#NULO#";"#NULO#";"#NULO#";40000050272;"TRANSFORMAÇÃO POR UM NOVO AMAZONAS";"REDE / PSC / PRTB";"AM";"01/09/1979";"015531852267";4;"FEMININO";8;"SUPERIOR COMPLETO";1;"SOLTEIRO(A)";"01";"BRANCA";142;"PROFESSOR DE ENSINO SUPERIOR";4;"NÃO ELEITO"
"13/11/2024";"10:55:17";2018;2;"ELEIÇÃO ORDINÁRIA";1;297;"Eleições Gerais Estaduais 2018";"07/10/2018";"ESTADUAL";"AM";"AM";"AMAZONAS";7;"DEPUTADO ESTADUAL";40000604611;51007;"ROBSON NASCIMENTO MATOS";"ROBSON MATOS";"#NULO#";"32441304291";"NÃO DIVULGÁVEL";12;"APTO";"PARTIDO ISOLADO";51;"PATRIOTA";"PATRIOTA";-1;"#NULO#";"#NULO#";"#NULO#";40000050133;"PARTIDO ISOLADO";"PATRIOTA";"MA";"14/12/1969";"012787912240";2;"MASCULINO";6;"ENSINO MÉDIO COMPLETO";1;"SOLTEIRO(A)";"02";"PRETA";169;"COMERCIANTE";4;"NÃO ELEITO"
"13/11/2024";"10:55:17";2018;2;"ELEIÇÃO ORDINÁRIA";1;297;"Eleições Gerais Estaduais 2018";"07/10/2018";"ESTADUAL";"AM";"AM";"AMAZONAS";3;"GOVERNADOR";40000610391;20;"WILSON MIRANDA LIMA";"WILSON LIMA";"#NULO#";"44250070263";"NÃO DIVULGÁVEL";12;"APTO";"COLIGAÇÃO";20;"PSC";"PARTIDO SOCIAL CRISTÃO";-1;"#NULO#";"#NULO#";"#NULO#";40000050275;"TRANSFORMAÇÃO POR UM NOVO AMAZONAS";"PSC / PRTB / REDE";"PA";"26/06/1976";"029928161384";2;"MASCULINO";8;"SUPERIOR COMPLETO";3;"CASADO(A)";"03";"PARDA";171;"JORNALISTA E REDATOR";6;"2º TURNO"
"13/11/2024";"10:55:17";2018;2;"ELEIÇÃO ORDINÁRIA";1;297;"Eleições Gerais Estaduais 2018";"07/10/2018";"ESTADUAL";"AM";"AM";"AMAZONAS";7;"DEPUTADO ESTADUAL";40000608867;55123;"LILIANE ARAUJO DE ALMEIDA";"LILIANE ARAÚJO";"#NULO#";"71172092249";"NÃO DIVULGÁVEL";12;"APTO";"COLIGAÇÃO";55;"PSD";"PARTIDO SOCIAL DEMOCRÁTICO";-1;"#NULO#";"#NULO#";"#NULO#";40000050228;"AMAZONAS COM SEGURANÇA I";"PSD / PRB / DEM";"AM";"15/06/1982";"020710622232";4;"FEMININO";8;"SUPERIOR COMPLETO";3;"CASADO(A)";"03";"PARDA";171;"JORNALISTA E REDATOR";5;"SUPLENTE"
"13/11/2024";"10:55:17";2018;2;"ELEIÇÃO ORDINÁRIA";1;297;"Eleições Gerais Estaduais 2018";"07/10/2018";"ESTADUAL";"AM";"AM";"AMAZONAS";7;"DEPUTADO ESTADUAL";40000619023;35431;"ANTONIA SUELY PINHEIRO SAMPAIO";"SUELY PINHEIRO";"#NULO#";"38386216204";"NÃO DIVULGÁVEL";12;"APTO";"COLIGAÇÃO";35;"PMB";"PARTIDO DA MULHER BRASILEIRA";-1;"#NULO#";"#NULO#";"#NULO#";40000050493;"RENOVA AMAZONAS II";"PSB / PMB / PROS";"AM";"12/11/1969";"010699282275";4;"FEMININO";3;"ENSINO FUNDAMENTAL INCOMPLETO";1;"SOLTEIRO(A)";"03";"PARDA";176;"COZINHEIRO";5;"SUPLENTE"
"13/11/2024";"10:55:17";2018;2;"ELEIÇÃO ORDINÁRIA";1;297;"Eleições Gerais Estaduais 2018";"07/10/2018";"ESTADUAL";"AM";"AM";"AMAZONAS";7;"DEPUTADO ESTADUAL";40000604613;51400;"ROZANGELA MELGUEIRO FREITAS";"ROZANGELA MELGUEIRO";"#NULO#";"63383497291";"NÃO DIVULGÁVEL";12;"APTO";"PARTIDO ISOLADO";51;"PATRIOTA";"PATRIOTA";-1;"#NULO#";"#NULO#";"#NULO#";40000050133;"PARTIDO ISOLADO";"PATRIOTA";"AM";"24/04/1978";"018491032208";4;"FEMININO";6;"ENSINO MÉDIO COMPLETO";3;"CASADO(A)";"01";"BRANCA";185;"ESCRITOR E CRÍTICO";4;"NÃO ELEITO"
"13/11/2024";"10:55:17";2018;2;"ELEIÇÃO ORDINÁRIA";1;297;"Eleições Gerais Estaduais 2018";"07/10/2018";"ESTADUAL";"AM";"AM";"AMAZONAS";7;"DEPUTADO ESTADUAL";40000608872;25235;"ALEXANDRE DELFINO GOMES";"ALEXANDRE GOMES";"#NULO#";"65368568215";"NÃO DIVULGÁVEL";12;"APTO";"COLIGAÇÃO";25;"DEM";"DEMOCRATAS";-1;"#NULO#";"#NULO#";"#NULO#";40000050228;"AMAZONAS COM SEGURANÇA I";"PSD / PRB / DEM";"AM";"11/08/1981";"019327282259";2;"MASCULINO";3;"ENSINO FUNDAMENTAL INCOMPLETO";1;"SOLTEIRO(A)";"03";"PARDA";190;"FOTÓGRAFO E ASSEMELHADOS";5;"SUPLENTE"
"13/11/2024";"10:55:17";2018;2;"ELEIÇÃO ORDINÁRIA";1;297;"Eleições Gerais Estaduais 2018";"07/10/2018";"ESTADUAL";"AM";"AM";"AMAZONAS";7;"DEPUTADO ESTADUAL";40000612663;11012;"ALGEMIRO FERREIRA LIMA FILHO";"PROF ALGEMIRO LIMA";"#NULO#";"41625420234";"NÃO DIVULGÁVEL";12;"APTO";"COLIGAÇÃO";11;"PP";"PROGRESSISTAS";-1;"#NULO#";"#NULO#";"#NULO#";40000050342;"EU VOTO NO AMAZONAS IV";"PP / PR / PPL / SOLIDARIEDADE";"AM";"16/04/1972";"014114392291";2;"MASCULINO";8;"SUPERIOR COMPLETO";1;"SOLTEIRO(A)";"04";"AMARELA";230;"PEDAGOGO";5;"SUPLENTE"
"13/11/2024";"10:55:17";2018;2;"ELEIÇÃO ORDINÁRIA";1;297;"Eleições Gerais Estaduais 2018";"07/10/2018";"ESTADUAL";"AM";"AM";"AMAZONAS";6;"DEPUTADO FEDERAL";40000610349;1800;"MAILSON GOMES DE MACEDO";"MAILSON TAXISTA";"#NULO#";"59101377272";"NÃO DIVULGÁVEL";12;"APTO";"COLIGAÇÃO";18;"REDE";"REDE SUSTENTABILIDADE";-1;"#NULO#";"#NULO#";"#NULO#";40000050273;"TRANSFORMAÇÃO POR UM NOVO AMAZONAS";"REDE / PSC / PRTB";"AM";"01/03/1967";"001905162232";2;"MASCULINO";8;"SUPERIOR COMPLETO";3;"CASADO(A)";"02";"PRETA";230;"PEDAGOGO";4;"NÃO ELEITO"
"13/11/2024";"10:55:17";2018;2;"ELEIÇÃO ORDINÁRIA";1;297;"Eleições Gerais Estaduais 2018";"07/10/2018";"ESTADUAL";"AM";"AM";"AMAZONAS";7;"DEPUTADO ESTADUAL";40000618987;40789;"MARIO SERGIO LEITE DE MELO";"DELEGADO MARIO MELO";"#NULO#";"89253566515";"NÃO DIVULGÁVEL";12;"APTO";"COLIGAÇÃO";40;"PSB";"PARTIDO SOCIALISTA BRASILEIRO";-1;"#NULO#";"#NULO#";"#NULO#";40000050493;"RENOVA AMAZONAS II";"PSB / PMB / PROS";"BA";"05/06/1975";"076922000566";2;"MASCULINO";8;"SUPERIOR COMPLETO";1;"SOLTEIRO(A)";"03";"PARDA";232;"POLICIAL CIVIL";5;"SUPLENTE"
"13/11/2024";"10:55:17";2018;2;"ELEIÇÃO ORDINÁRIA";1;297;"Eleições Gerais Estaduais 2018";"07/10/2018";"ESTADUAL";"AM";"AM";"AMAZONAS";7;"DEPUTADO ESTADUAL";40000617504;17177;"CLÉCIO DE ASSIS SILVA DE SALES";"CORONEL SALES MORENO";"#NULO#";"13014129291";"NÃO DIVULGÁVEL";12;"APTO";"COLIGAÇÃO";17;"PSL";"PARTIDO SOCIAL LIBERAL";-1;"#NULO#";"#NULO#";"#NULO#";40000050463;"EU VOTO NO AMAZONAS V";"PHS / PTB / PSL";"AM";"04/10/1962";"003634522232";2;"MASCULINO";8;"SUPERIOR COMPLETO";9;"DIVORCIADO(A)";"03";"PARDA";233;"POLICIAL MILITAR";5;"SUPLENTE"
"13/11/2024";"10:55:17";2018;2;"ELEIÇÃO ORDINÁRIA";1;297;"Eleições Gerais Estaduais 2018";"07/10/2018";"ESTADUAL";"AM";"AM";"AMAZONAS";9;"1º SUPLENTE";40000604140;333;"AUGUSTO CEZAR SILVA DE MENEZES";"AUGUSTO CEZAR";"#NULO#";"46400125272";"NÃO DIVULGÁVEL";3;"INAPTO";"COLIGAÇÃO";33;"PMN";"PARTIDO DA MOBILIZAÇÃO NACIONAL";-1;"#NULO#";"#NULO#";"#NULO#";40000050119;"RENOVA AMAZONAS";"PODE / PMN / PMB / PSB / PROS / PT";"AM";"29/11/1973";"013253182224";2;"MASCULINO";8;"SUPERIOR COMPLETO";3;"CASADO(A)";"01";"BRANCA";233;"POLICIAL MILITAR";-1;"#NULO#"
"13/11/2024";"10:55:17";2018;2;"ELEIÇÃO ORDINÁRIA";1;297;"Eleições Gerais Estaduais 2018";"07/10/2018";"ESTADUAL";"AM";"AM";"AMAZONAS";7;"DEPUTADO ESTADUAL";40000612664;77190;"AUDINEY OLIVEIRA FERREIRA PINTO";"CEL AUDINEY";"#NULO#";"38220792272";"NÃO DIVULGÁVEL";12;"APTO";"COLIGAÇÃO";77;"SOLIDARIEDADE";"SOLIDARIEDADE";-1;"#NULO#";"#NULO#";"#NULO#";40000050342;"EU VOTO NO AMAZONAS IV";"PP / PR / PPL / SOLIDARIEDADE";"RR";"17/04/1971";"012890312267";2;"MASCULINO";6;"ENSINO MÉDIO COMPLETO";1;"SOLTEIRO(A)";"03";"PARDA";233;"POLICIAL MILITAR";5;"SUPLENTE"
"13/11/2024";"10:55:17";2018;2;"ELEIÇÃO ORDINÁRIA";1;297;"Eleições Gerais Estaduais 2018";"07/10/2018";"ESTADUAL";"AM";"AM";"AMAZONAS";6;"DEPUTADO FEDERAL";40000623415;2332;"ARNOLDO FONSECA PAES";"MAJOR FONSECA PAES";"#NULO#";"24256765204";"NÃO DIVULGÁVEL";12;"APTO";"COLIGAÇÃO";23;"PPS";"PARTIDO POPULAR SOCIALISTA";-1;"#NULO#";"#NULO#";"#NULO#";40000050626;"EU VOTO NO AMAZONAS II";"PPS / PPL / PRP / AVANTE";"AM";"16/05/1965";"010571472275";2;"MASCULINO";8;"SUPERIOR COMPLETO";3;"CASADO(A)";"01";"BRANCA";233;"POLICIAL MILITAR";4;"NÃO ELEITO"
"13/11/2024";"10:55:17";2018;2;"ELEIÇÃO ORDINÁRIA";1;297;"Eleições Gerais Estaduais 2018";"07/10/2018";"ESTADUAL";"AM";"AM";"AMAZONAS";7;"DEPUTADO ESTADUAL";40000618279;15321;"PEDRO DE BRITO CARDIAL";"PEDRO CARDIAL";"#NULO#";"33680043287";"NÃO DIVULGÁVEL";12;"APTO";"COLIGAÇÃO";15;"MDB";"MOVIMENTO DEMOCRÁTICO BRASILEIRO";-1;"#NULO#";"#NULO#";"#NULO#";40000050474;"POR UM AMAZONAS MELHOR";"MDB / DC";"AM";"27/01/1969";"011472372259";2;"MASCULINO";8;"SUPERIOR COMPLETO";3;"CASADO(A)";"03";"PARDA";233;"POLICIAL MILITAR";5;"SUPLENTE"
"13/11/2024";"10:55:17";2018;2;"ELEIÇÃO ORDINÁRIA";1;297;"Eleições Gerais Estaduais 2018";"07/10/2018";"ESTADUAL";"AM";"AM";"AMAZONAS";7;"DEPUTADO ESTADUAL";40000629572;51171;"EDINELZA FERREIRA DE SOUZA";"EDNELZA SOUZA";"#NULO#";"60623470268";"NÃO DIVULGÁVEL";3;"INAPTO";"PARTIDO ISOLADO";51;"PATRIOTA";"PATRIOTA";-1;"#NULO#";"#NULO#";"#NULO#";40000050133;"PARTIDO ISOLADO";"PATRIOTA";"AM";"05/06/1975";"041234292240";4;"FEMININO";6;"ENSINO MÉDIO COMPLETO";1;"SOLTEIRO(A)";"03";"PARDA";233;"POLICIAL MILITAR";4;"NÃO ELEITO"
"13/11/2024";"10:55:17";2018;2;"ELEIÇÃO ORDINÁRIA";1;297;"Eleições Gerais Estaduais 2018";"07/10/2018";"ESTADUAL";"AM";"AM";"AMAZONAS";7;"DEPUTADO ESTADUAL";40000617480;31567;"ANTONIO DE MATOS BARBOSA";"ANTÔNIO MATOS";"#NULO#";"24073237268";"NÃO DIVULGÁVEL";12;"APTO";"COLIGAÇÃO";31;"PHS";"PARTIDO HUMANISTA DA SOLIDARIEDADE";-1;"#NULO#";"#NULO#";"#NULO#";40000050463;"EU VOTO NO AMAZONAS V";"PHS / PTB / PSL";"AM";"08/10/1965";"004449182259";2;"MASCULINO";6;"ENSINO MÉDIO COMPLETO";3;"CASADO(A)";"03";"PARDA";235;"PROFESSOR E INSTRUTOR DE FORMAÇÃO PROFISSIONAL";5;"SUPLENTE"
"13/11/2024";"10:55:17";2018;2;"ELEIÇÃO ORDINÁRIA";1;297;"Eleições Gerais Estaduais 2018";"07/10/2018";"ESTADUAL";"AM";"AM";"AMAZONAS";7;"DEPUTADO ESTADUAL";40000617512;17444;"LAODICEIA GOMES MACHADO BATISTA";"EMFERMEIRA LAODICEIA MACHADO";"#NULO#";"78994845291";"NÃO DIVULGÁVEL";12;"APTO";"COLIGAÇÃO";17;"PSL";"PARTIDO SOCIAL LIBERAL";-1;"#NULO#";"#NULO#";"#NULO#";40000050463;"EU VOTO NO AMAZONAS V";"PHS / PTB / PSL";"AM";"07/01/1979";"020750942232";4;"FEMININO";8;"SUPERIOR COMPLETO";3;"CASADO(A)";"03";"PARDA";243;"TÉCNICO DE ENFERMAGEM E ASSEMELHADOS (EXCETO ENFERMEIRO)";5;"SUPLENTE"
"13/11/2024";"10:55:17";2018;2;"ELEIÇÃO ORDINÁRIA";1;297;"Eleições Gerais Estaduais 2018";"07/10/2018";"ESTADUAL";"AM";"AM";"AMAZONAS";6;"DEPUTADO FEDERAL";40000628102;1226;"TIAGO DA SILVA GONDIM";"TIAGO GONDIM";"#NULO#";"65576063287";"NÃO DIVULGÁVEL";3;"INAPTO";"PARTIDO ISOLADO";12;"PDT";"PARTIDO DEMOCRÁTICO TRABALHISTA";-1;"#NULO#";"#NULO#";"#NULO#";40000050781;"PARTIDO ISOLADO";"PDT";"AM";"11/01/1980";"019696002208";2;"MASCULINO";8;"SUPERIOR COMPLETO";1;"SOLTEIRO(A)";"03";"PARDA";257;"EMPRESÁRIO";4;"NÃO ELEITO"
"13/11/2024";"10:55:17";2018;2;"ELEIÇÃO ORDINÁRIA";1;297;"Eleições Gerais Estaduais 2018";"07/10/2018";"ESTADUAL";"AM";"AM";"AMAZONAS";7;"DEPUTADO ESTADUAL";40000602440;50222;"JUCELINO VIEIRA DO NASCIMENTO";"JUCELINO NASCIMENTO";"#NULO#";"60094109249";"NÃO DIVULGÁVEL";12;"APTO";"PARTIDO ISOLADO";50;"PSOL";"PARTIDO SOCIALISMO E LIBERDADE";-1;"#NULO#";"#NULO#";"#NULO#";40000050067;"PARTIDO ISOLADO";"PSOL";"AM";"10/06/1975";"015596812283";2;"MASCULINO";6;"ENSINO MÉDIO COMPLETO";3;"CASADO(A)";"03";"PARDA";257;"EMPRESÁRIO";4;"NÃO ELEITO"
"13/11/2024";"10:55:17";2018;2;"ELEIÇÃO ORDINÁRIA";1;297;"Eleições Gerais Estaduais 2018";"07/10/2018";"ESTADUAL";"AM";"AM";"AMAZONAS";7;"DEPUTADO ESTADUAL";40000602424;50250;"JOÃO MACIEL DA SILVA";"JOÃO MACIEL";"#NULO#";"16026403272";"NÃO DIVULGÁVEL";12;"APTO";"PARTIDO ISOLADO";50;"PSOL";"PARTIDO SOCIALISMO E LIBERDADE";-1;"#NULO#";"#NULO#";"#NULO#";40000050067;"PARTIDO ISOLADO";"PSOL";"MA";"31/03/1963";"001272682232";2;"MASCULINO";6;"ENSINO MÉDIO COMPLETO";3;"CASADO(A)";"03";"PARDA";257;"EMPRESÁRIO";4;"NÃO ELEITO"
"13/11/2024";"10:55:17";2018;2;"ELEIÇÃO ORDINÁRIA";1;297;"Eleições Gerais Estaduais 2018";"07/10/2018";"ESTADUAL";"AM";"AM";"AMAZONAS";7;"DEPUTADO ESTADUAL";40000609258;43190;"AUGUSTO RICARDO BARROS DE OLIVEIRA";"RICARDO BARROS";"#NULO#";"78016797253";"NÃO DIVULGÁVEL";12;"APTO";"PARTIDO ISOLADO";43;"PV";"PARTIDO VERDE";-1;"#NULO#";"#NULO#";"#NULO#";40000050239;"PARTIDO ISOLADO";"PV";"AM";"31/10/1980";"022631782208";2;"MASCULINO";6;"ENSINO MÉDIO COMPLETO";1;"SOLTEIRO(A)";"01";"BRANCA";257;"EMPRESÁRIO";5;"SUPLENTE"
"13/11/2024";"10:55:17";2018;2;"ELEIÇÃO ORDINÁRIA";1;297;"Eleições Gerais Estaduais 2018";"07/10/2018";"ESTADUAL";"AM";"AM";"AMAZONAS";7;"DEPUTADO ESTADUAL";40000604602;51666;"MARIO ROBERTO DIAS PEDROSA";"MARIO PEDROSA";"#NULO#";"24064807200";"NÃO DIVULGÁVEL";12;"APTO";"PARTIDO ISOLADO";51;"PATRIOTA";"PATRIOTA";-1;"#NULO#";"#NULO#";"#NULO#";40000050133;"PARTIDO ISOLADO";"PATRIOTA";"AM";"11/09/1963";"002528112283";2;"MASCULINO";8;"SUPERIOR COMPLETO";3;"CASADO(A)";"03";"PARDA";257;"EMPRESÁRIO";4;"NÃO ELEITO"
"13/11/2024";"10:55:17";2018;2;"ELEIÇÃO ORDINÁRIA";1;297;"Eleições Gerais Estaduais 2018";"07/10/2018";"ESTADUAL";"AM";"AM";"AMAZONAS";7;"DEPUTADO ESTADUAL";40000610302;18741;"MOACIR RAMOS DE LIMA";"MOACIR RAMOS DE LIMA";"#NULO#";"92501559215";"NÃO DIVULGÁVEL";12;"APTO";"COLIGAÇÃO";18;"REDE";"REDE SUSTENTABILIDADE";-1;"#NULO#";"#NULO#";"#NULO#";40000050272;"TRANSFORMAÇÃO POR UM NOVO AMAZONAS";"REDE / PSC / PRTB";"AM";"02/03/1988";"030967522208";2;"MASCULINO";6;"ENSINO MÉDIO COMPLETO";1;"SOLTEIRO(A)";"02";"PRETA";257;"EMPRESÁRIO";4;"NÃO ELEITO"
"13/11/2024";"10:55:17";2018;2;"ELEIÇÃO ORDINÁRIA";1;297;"Eleições Gerais Estaduais 2018";"07/10/2018";"ESTADUAL";"AM";"AM";"AMAZONAS";7;"DEPUTADO ESTADUAL";40000619018;90900;"HENRIQUE JOSÉ MENDONÇA DE OLIVEIRA";"HENRIQUE FILHO";"#NULO#";"01191032221";"NÃO DIVULGÁVEL";12;"APTO";"COLIGAÇÃO";90;"PROS";"PARTIDO REPUBLICANO DA ORDEM SOCIAL";-1;"#NULO#";"#NULO#";"#NULO#";40000050493;"RENOVA AMAZONAS II";"PSB / PMB / PROS";"AM";"06/08/1990";"034248792208";2;"MASCULINO";8;"SUPERIOR COMPLETO";1;"SOLTEIRO(A)";"01";"BRANCA";257;"EMPRESÁRIO";5;"SUPLENTE"
"13/11/2024";"10:55:17";2018;2;"ELEIÇÃO ORDINÁRIA";1;297;"Eleições Gerais Estaduais 2018";"07/10/2018";"ESTADUAL";"AM";"AM";"AMAZONAS";6;"DEPUTADO FEDERAL";40000608893;5588;"CLAUDOMIRO PICANCO CARVALHO FILHO";"DODÓ CARVALHO";"#NULO#";"16680294215";"NÃO DIVULGÁVEL";12;"APTO";"COLIGAÇÃO";55;"PSD";"PARTIDO SOCIAL DEMOCRÁTICO";-1;"#NULO#";"#NULO#";"#NULO#";40000050229;"AMAZONAS COM SEGURANÇA ";"PSD / PRB / DEM / PTC / PSDB";"AM";"17/01/1965";"000296912208";2;"MASCULINO";6;"ENSINO MÉDIO COMPLETO";3;"CASADO(A)";"01";"BRANCA";257;"EMPRESÁRIO";5;"SUPLENTE"
"13/11/2024";"10:55:17";2018;2;"ELEIÇÃO ORDINÁRIA";1;297;"Eleições Gerais Estaduais 2018";"07/10/2018";"ESTADUAL";"AM";"AM";"AMAZONAS";7;"DEPUTADO ESTADUAL";40000611524;23234;"ARIDINEI OLIVEIRA DE CASTRO CARNEIRO";"ARIDINEI CARNEIRO";"#NULO#";"20009348204";"NÃO DIVULGÁVEL";12;"APTO";"PARTIDO ISOLADO";23;"PPS";"PARTIDO POPULAR SOCIALISTA";-1;"#NULO#";"#NULO#";"#NULO#";40000050309;"PARTIDO ISOLADO";"PPS";"AM";"20/10/1967";"040936532283";2;"MASCULINO";6;"ENSINO MÉDIO COMPLETO";3;"CASADO(A)";"01";"BRANCA";257;"EMPRESÁRIO";5;"SUPLENTE"
"13/11/2024";"10:55:17";2018;2;"ELEIÇÃO ORDINÁRIA";1;297;"Eleições Gerais Estaduais 2018";"07/10/2018";"ESTADUAL";"AM";"AM";"AMAZONAS";7;"DEPUTADO ESTADUAL";40000610305;18128;"CARLOS FIGUEIRA RODRIGUES";"CARLOS BATATAIS";"#NULO#";"85540781287";"NÃO DIVULGÁVEL";12;"APTO";"COLIGAÇÃO";18;"REDE";"REDE SUSTENTABILIDADE";-1;"#NULO#";"#NULO#";"#NULO#";40000050272;"TRANSFORMAÇÃO POR UM NOVO AMAZONAS";"REDE / PSC / PRTB";"AM";"08/06/1987";"023312832216";2;"MASCULINO";6;"ENSINO MÉDIO COMPLETO";3;"CASADO(A)";"02";"PRETA";257;"EMPRESÁRIO";4;"NÃO ELEITO"
"13/11/2024";"10:55:17";2018;2;"ELEIÇÃO ORDINÁRIA";1;297;"Eleições Gerais Estaduais 2018";"07/10/2018";"ESTADUAL";"AM";"AM";"AMAZONAS";6;"DEPUTADO FEDERAL";40000618311;1545;"JANILSON LUIZ MENDES PEREIRA";"JANILSON MENDES";"#NULO#";"03689492220";"NÃO DIVULGÁVEL";12;"APTO";"COLIGAÇÃO";15;"MDB";"MOVIMENTO DEMOCRÁTICO BRASILEIRO";-1;"#NULO#";"#NULO#";"#NULO#";40000050474;"POR UM AMAZONAS MELHOR";"MDB / DC";"AM";"28/09/1954";"002447212259";2;"MASCULINO";8;"SUPERIOR COMPLETO";1;"SOLTEIRO(A)";"02";"PRETA";257;"EMPRESÁRIO";4;"NÃO ELEITO"
"13/11/2024";"10:55:17";2018;2;"ELEIÇÃO ORDINÁRIA";1;297;"Eleições Gerais Estaduais 2018";"07/10/2018";"ESTADUAL";"AM";"AM";"AMAZONAS";7;"DEPUTADO ESTADUAL";40000609263;43555;"ROBERTO MAIA CIDADE FILHO";"ROBERTO CIDADE";"#NULO#";"83912495220";"NÃO DIVULGÁVEL";12;"APTO";"PARTIDO ISOLADO";43;"PV";"PARTIDO VERDE";-1;"#NULO#";"#NULO#";"#NULO#";40000050239;"PARTIDO ISOLADO";"PV";"AM";"02/10/1986";"031415252232";2;"MASCULINO";7;"SUPERIOR INCOMPLETO";3;"CASADO(A)";"01";"BRANCA";257;"EMPRESÁRIO";2;"ELEITO POR QP"
"13/11/2024";"10:55:17";2018;2;"ELEIÇÃO ORDINÁRIA";1;297;"Eleições Gerais Estaduais 2018";"07/10/2018";"ESTADUAL";"AM";"AM";"AMAZONAS";7;"DEPUTADO ESTADUAL";40000618298;27444;"LUIZ CARLOS DOS SANTOS";"MAGRÃO";"#NULO#";"73859230115";"NÃO DIVULGÁVEL";12;"APTO";"COLIGAÇÃO";27;"DC";"DEMOCRACIA CRISTÃ";-1;"#NULO#";"#NULO#";"#NULO#";40000050474;"POR UM AMAZONAS MELHOR";"MDB / DC";"PR";"26/07/1952";"034451702267";2;"MASCULINO";4;"ENSINO FUNDAMENTAL COMPLETO";9;"DIVORCIADO(A)";"01";"BRANCA";257;"EMPRESÁRIO";5;"SUPLENTE"
"13/11/2024";"10:55:17";2018;2;"ELEIÇÃO ORDINÁRIA";2;298;"Eleições Gerais Estaduais 2018";"28/10/2018";"ESTADUAL";"AM";"AM";"AMAZONAS";4;"VICE-GOVERNADOR";40000610063;12;"REBECCA MARTINS GARCIA";"REBECCA GARCIA";"#NULO#";"43935117272";"NÃO DIVULGÁVEL";12;"APTO";"COLIGAÇÃO";11;"PP";"PROGRESSISTAS";-1;"#NULO#";"#NULO#";"#NULO#";40000050267;"EU VOTO NO AMAZONAS";"PDT / PRP / AVANTE / PP / PV / PR / SOLIDARIEDADE / PPS / PTB / PHS / PSL / PPL";"AM";"28/04/1973";"016271842208";4;"FEMININO";8;"SUPERIOR COMPLETO";3;"CASADO(A)";"03";"PARDA";257;"EMPRESÁRIO";4;"NÃO ELEITO"
"13/11/2024";"10:55:17";2018;2;"ELEIÇÃO ORDINÁRIA";1;297;"Eleições Gerais Estaduais 2018";"07/10/2018";"ESTADUAL";"AM";"AM";"AMAZONAS";7;"DEPUTADO ESTADUAL";40000623440;70170;"MIRLA FERNANDES DE ARAÚJO";"MIRLA ARAUJO";"#NULO#";"79023819268";"NÃO DIVULGÁVEL";12;"APTO";"COLIGAÇÃO";70;"AVANTE";"AVANTE";-1;"#NULO#";"#NULO#";"#NULO#";40000050628;" EU VOTO NO AMAZONAS III ";"PDT / PRP / AVANTE";"AM";"17/06/1985";"022627792208";4;"FEMININO";7;"SUPERIOR INCOMPLETO";3;"CASADO(A)";"01";"BRANCA";257;"EMPRESÁRIO";5;"SUPLENTE"
"13/11/2024";"10:55:17";2018;2;"ELEIÇÃO ORDINÁRIA";1;297;"Eleições Gerais Estaduais 2018";"07/10/2018";"ESTADUAL";"AM";"AM";"AMAZONAS";6;"DEPUTADO FEDERAL";40000602412;5070;"PAULO FERRAZ ALVES";"PAULO FERRAZ ALVES";"#NULO#";"29084253272";"NÃO DIVULGÁVEL";3;"INAPTO";"PARTIDO ISOLADO";50;"PSOL";"PARTIDO SOCIALISMO E LIBERDADE";-1;"#NULO#";"#NULO#";"#NULO#";40000050067;"PARTIDO ISOLADO";"PSOL";"AM";"23/09/1967";"004056552283";2;"MASCULINO";8;"SUPERIOR COMPLETO";9;"DIVORCIADO(A)";"03";"PARDA";265;"PROFESSOR DE ENSINO FUNDAMENTAL";-1;"#NULO#"
"13/11/2024";"10:55:17";2018;2;"ELEIÇÃO ORDINÁRIA";1;297;"Eleições Gerais Estaduais 2018";"07/10/2018";"ESTADUAL";"AM";"AM";"AMAZONAS";7;"DEPUTADO ESTADUAL";40000609295;33233;"HELITON NOGUEIRA DE SOUZA";"PROF. HELITON NOGUEIRA";"#NULO#";"34469567272";"NÃO DIVULGÁVEL";12;"APTO";"PARTIDO ISOLADO";33;"PMN";"PARTIDO DA MOBILIZAÇÃO NACIONAL";-1;"#NULO#";"#NULO#";"#NULO#";40000050241;"PARTIDO ISOLADO";"PMN";"AM";"05/06/1971";"012181942232";2;"MASCULINO";8;"SUPERIOR COMPLETO";1;"SOLTEIRO(A)";"03";"PARDA";266;"PROFESSOR DE ENSINO MÉDIO";4;"NÃO ELEITO"
"13/11/2024";"10:55:17";2018;2;"ELEIÇÃO ORDINÁRIA";1;297;"Eleições Gerais Estaduais 2018";"07/10/2018";"ESTADUAL";"AM";"AM";"AMAZONAS";6;"DEPUTADO FEDERAL";40000610356;2002;"WILSON CARVALHO MOTA";"CEL. MOTA";"#NULO#";"46977848715";"NÃO DIVULGÁVEL";3;"INAPTO";"COLIGAÇÃO";20;"PSC";"PARTIDO SOCIAL CRISTÃO";-1;"#NULO#";"#NULO#";"#NULO#";40000050273;"TRANSFORMAÇÃO POR UM NOVO AMAZONAS";"REDE / PSC / PRTB";"CE";"24/02/1952";"026801581228";2;"MASCULINO";8;"SUPERIOR COMPLETO";9;"DIVORCIADO(A)";"01";"BRANCA";266;"PROFESSOR DE ENSINO MÉDIO";-1;"#NULO#"
"13/11/2024";"10:55:17";2018;2;"ELEIÇÃO ORDINÁRIA";1;297;"Eleições Gerais Estaduais 2018";"07/10/2018";"ESTADUAL";"AM";"AM";"AMAZONAS";7;"DEPUTADO ESTADUAL";40000608248;19222;"VALQUINDAR FERREIRA MAR JUNIOR";"PROF. JUNIOR MAR";"#NULO#";"83117539204";"NÃO DIVULGÁVEL";12;"APTO";"COLIGAÇÃO";19;"PODE";"PODEMOS";-1;"#NULO#";"#NULO#";"#NULO#";40000050214;"PODE";"PODE";"AM";"08/01/1986";"023027782291";2;"MASCULINO";8;"SUPERIOR COMPLETO";3;"CASADO(A)";"01";"BRANCA";266;"PROFESSOR DE ENSINO MÉDIO";5;"SUPLENTE"
"13/11/2024";"10:55:17";2018;2;"ELEIÇÃO ORDINÁRIA";1;297;"Eleições Gerais Estaduais 2018";"07/10/2018";"ESTADUAL";"AM";"AM";"AMAZONAS";7;"DEPUTADO ESTADUAL";40000602423;50500;"EVANDRO LIMA DE AZEVEDO";"EVANDRO AZEVEDO";"#NULO#";"31348416220";"NÃO DIVULGÁVEL";12;"APTO";"PARTIDO ISOLADO";50;"PSOL";"PARTIDO SOCIALISMO E LIBERDADE";-1;"#NULO#";"#NULO#";"#NULO#";40000050067;"PARTIDO ISOLADO";"PSOL";"AM";"09/02/1968";"010084952291";2;"MASCULINO";8;"SUPERIOR COMPLETO";3;"CASADO(A)";"02";"PRETA";266;"PROFESSOR DE ENSINO MÉDIO";4;"NÃO ELEITO"
"13/11/2024";"10:55:17";2018;2;"ELEIÇÃO ORDINÁRIA";1;297;"Eleições Gerais Estaduais 2018";"07/10/2018";"ESTADUAL";"AM";"AM";"AMAZONAS";7;"DEPUTADO ESTADUAL";40000627704;65777;"ELIZONEIDE RODRIGUES SILVA";"PROF. ELIZONEIDE AFRO INDIGENA";"#NULO#";"33401535315";"NÃO DIVULGÁVEL";12;"APTO";"COLIGAÇÃO";65;"PC do B";"PARTIDO COMUNISTA DO BRASIL";-1;"#NULO#";"#NULO#";"#NULO#";40000050768;"O POVO FELIZ DE NOVO";"PC do B / PT";"MA";"09/05/1964";"018317992259";4;"FEMININO";8;"SUPERIOR COMPLETO";5;"VIÚVO(A)";"02";"PRETA";266;"PROFESSOR DE ENSINO MÉDIO";5;"SUPLENTE"
"13/11/2024";"10:55:17";2018;2;"ELEIÇÃO ORDINÁRIA";1;297;"Eleições Gerais Estaduais 2018";"07/10/2018";"ESTADUAL";"AM";"AM";"AMAZONAS";5;"SENADOR";40000618261;155;"CARLOS EDUARDO DE SOUZA BRAGA";"EDUARDO BRAGA";"#NULO#";"07810423215";"NÃO DIVULGÁVEL";12;"APTO";"PARTIDO ISOLADO";15;"MDB";"MOVIMENTO DEMOCRÁTICO BRASILEIRO";-1;"#NULO#";"#NULO#";"#NULO#";40000050473;"PARTIDO ISOLADO";"MDB";"PA";"06/12/1960";"002430682216";2;"MASCULINO";8;"SUPERIOR COMPLETO";3;"CASADO(A)";"01";"BRANCA";276;"SENADOR";1;"ELEITO"
"13/11/2024";"10:55:17";2018;2;"ELEIÇÃO ORDINÁRIA";1;297;"Eleições Gerais Estaduais 2018";"07/10/2018";"ESTADUAL";"AM";"AM";"AMAZONAS";6;"DEPUTADO FEDERAL";40000610420;4343;"ORLANDO GUALBERTO CIDADE FILHO";"ORLANDO CIDADE";"#NULO#";"04862678220";"NÃO DIVULGÁVEL";12;"APTO";"COLIGAÇÃO";43;"PV";"PARTIDO VERDE";-1;"#NULO#";"#NULO#";"#NULO#";40000050278;"EU VOTO NO AMAZONAS I";"PDT / PP / PV / PR / SOLIDARIEDADE / PTB / PHS / PSL";"AM";"16/06/1953";"010656732216";2;"MASCULINO";8;"SUPERIOR COMPLETO";3;"CASADO(A)";"03";"PARDA";277;"DEPUTADO";5;"SUPLENTE"
"13/11/2024";"10:55:17";2018;2;"ELEIÇÃO ORDINÁRIA";1;297;"Eleições Gerais Estaduais 2018";"07/10/2018";"ESTADUAL";"AM";"AM";"AMAZONAS";7;"DEPUTADO ESTADUAL";40000618984;40333;"PLATINY SOARES LOPES";"PLATINY SOARES";"#NULO#";"00678835241";"NÃO DIVULGÁVEL";12;"APTO";"COLIGAÇÃO";40;"PSB";"PARTIDO SOCIALISTA BRASILEIRO";-1;"#NULO#";"#NULO#";"#NULO#";40000050493;"RENOVA AMAZONAS II";"PSB / PMB / PROS";"AM";"01/05/1992";"034785552283";2;"MASCULINO";8;"SUPERIOR COMPLETO";1;"SOLTEIRO(A)";"01";"BRANCA";277;"DEPUTADO";5;"SUPLENTE"
"13/11/2024";"10:55:17";2018;2;"ELEIÇÃO ORDINÁRIA";1;297;"Eleições Gerais Estaduais 2018";"07/10/2018";"ESTADUAL";"AM";"AM";"AMAZONAS";7;"DEPUTADO ESTADUAL";40000623452;12111;"ADJUTO RODRIGUES AFONSO";"ADJUTO AFONSO";"#NULO#";"01882090268";"NÃO DIVULGÁVEL";12;"APTO";"COLIGAÇÃO";12;"PDT";"PARTIDO DEMOCRÁTICO TRABALHISTA";-1;"#NULO#";"#NULO#";"#NULO#";40000050628;" EU VOTO NO AMAZONAS III ";"PDT / PRP / AVANTE";"AM";"16/06/1952";"004088702208";2;"MASCULINO";8;"SUPERIOR COMPLETO";3;"CASADO(A)";"03";"PARDA";277;"DEPUTADO";2;"ELEITO POR QP"
"13/11/2024";"10:55:17";2018;2;"ELEIÇÃO ORDINÁRIA";1;297;"Eleições Gerais Estaduais 2018";"07/10/2018";"ESTADUAL";"AM";"AM";"AMAZONAS";4;"VICE-GOVERNADOR";40000629602;40;"MARCO ANTONIO RIBEIRO DA COSTA";"CHICO PRETO";"#NULO#";"09331269803";"NÃO DIVULGÁVEL";12;"APTO";"COLIGAÇÃO";33;"PMN";"PARTIDO DA MOBILIZAÇÃO NACIONAL";-1;"#NULO#";"#NULO#";"#NULO#";40000050119;"RENOVA AMAZONAS";"PODE / PMN / PMB / PSB / PROS / PT";"AM";"25/06/1969";"010203822267";2;"MASCULINO";8;"SUPERIOR COMPLETO";3;"CASADO(A)";"01";"BRANCA";278;"VEREADOR";4;"NÃO ELEITO"
"13/11/2024";"10:55:17";2018;2;"ELEIÇÃO ORDINÁRIA";1;297;"Eleições Gerais Estaduais 2018";"07/10/2018";"ESTADUAL";"AM";"AM";"AMAZONAS";7;"DEPUTADO ESTADUAL";40000608865;55222;"GILMAR DE OLIVEIRA NASCIMENTO";"GILMAR NASCIMENTO";"#NULO#";"13009729200";"NÃO DIVULGÁVEL";12;"APTO";"COLIGAÇÃO";55;"PSD";"PARTIDO SOCIAL DEMOCRÁTICO";-1;"#NULO#";"#NULO#";"#NULO#";40000050228;"AMAZONAS COM SEGURANÇA I";"PSD / PRB / DEM";"AM";"16/12/1962";"000848432232";2;"MASCULINO";8;"SUPERIOR COMPLETO";3;"CASADO(A)";"01";"BRANCA";278;"VEREADOR";5;"SUPLENTE"
"13/11/2024";"10:55:17";2018;2;"ELEIÇÃO ORDINÁRIA";1;297;"Eleições Gerais Estaduais 2018";"07/10/2018";"ESTADUAL";"AM";"AM";"AMAZONAS";7;"DEPUTADO ESTADUAL";40000612640;22122;"FRED WILLIS MOTA FONSECA";"FRED MOTA";"#NULO#";"13018060210";"NÃO DIVULGÁVEL";12;"APTO";"COLIGAÇÃO";22;"PR";"PARTIDO DA REPÚBLICA";-1;"#NULO#";"#NULO#";"#NULO#";40000050342;"EU VOTO NO AMAZONAS IV";"PP / PR / PPL / SOLIDARIEDADE";"AM";"01/11/1960";"001384632259";2;"MASCULINO";7;"SUPERIOR INCOMPLETO";3;"CASADO(A)";"03";"PARDA";278;"VEREADOR";5;"SUPLENTE"
"13/11/2024";"10:55:17";2018;2;"ELEIÇÃO ORDINÁRIA";1;297;"Eleições Gerais Estaduais 2018";"07/10/2018";"ESTADUAL";"AM";"AM";"AMAZONAS";7;"DEPUTADO ESTADUAL";40000608148;45222;"THEREZINHA RUIZ DE OLIVEIRA";"PROF. THEREZINHA RUIZ";"#NULO#";"12416703234";"NÃO DIVULGÁVEL";12;"APTO";"COLIGAÇÃO";45;"PSDB";"PARTIDO DA SOCIAL DEMOCRACIA BRASILEIRA";-1;"#NULO#";"#NULO#";"#NULO#";40000050212;"AMAZONAS COM SEGURANÇA II";"PSDB / PTC";"AM";"18/03/1953";"001136812208";4;"FEMININO";8;"SUPERIOR COMPLETO";5;"VIÚVO(A)";"01";"BRANCA";278;"VEREADOR";2;"ELEITO POR QP"
"13/11/2024";"10:55:17";2018;2;"ELEIÇÃO ORDINÁRIA";1;297;"Eleições Gerais Estaduais 2018";"07/10/2018";"ESTADUAL";"AM";"AM";"AMAZONAS";7;"DEPUTADO ESTADUAL";40000608869;55678;"LUCIANA LIMA DE MELO";"LUCIANA";"#NULO#";"69913978220";"NÃO DIVULGÁVEL";12;"APTO";"COLIGAÇÃO";55;"PSD";"PARTIDO SOCIAL DEMOCRÁTICO";-1;"#NULO#";"#NULO#";"#NULO#";40000050228;"AMAZONAS COM SEGURANÇA I";"PSD / PRB / DEM";"AC";"22/12/1978";"018131102275";4;"FEMININO";7;"SUPERIOR INCOMPLETO";1;"SOLTEIRO(A)";"01";"BRANCA";292;"AGENTE ADMINISTRATIVO";5;"SUPLENTE"
"13/11/2024";"10:55:17";2018;2;"ELEIÇÃO ORDINÁRIA";1;297;"Eleições Gerais Estaduais 2018";"07/10/2018";"ESTADUAL";"AM";"AM";"AMAZONAS";7;"DEPUTADO ESTADUAL";40000623454;12456;"CELSO ODILON PAULA DE CASTRO";"CELSO CASTRO";"#NULO#";"12643416287";"NÃO DIVULGÁVEL";12;"APTO";"COLIGAÇÃO";12;"PDT";"PARTIDO DEMOCRÁTICO TRABALHISTA";-1;"#NULO#";"#NULO#";"#NULO#";40000050628;" EU VOTO NO AMAZONAS III ";"PDT / PRP / AVANTE";"AM";"07/02/1958";"003113962259";2;"MASCULINO";8;"SUPERIOR COMPLETO";1;"SOLTEIRO(A)";"03";"PARDA";296;"SERVIDOR PÚBLICO FEDERAL";5;"SUPLENTE"
"13/11/2024";"10:55:17";2018;2;"ELEIÇÃO ORDINÁRIA";1;297;"Eleições Gerais Estaduais 2018";"07/10/2018";"ESTADUAL";"AM";"AM";"AMAZONAS";6;"DEPUTADO FEDERAL";40000627977;1234;"RAFAEL OLIVEIRA GALVAO";"RAFAEL GALVÃO";"#NULO#";"04259162780";"NÃO DIVULGÁVEL";3;"INAPTO";"COLIGAÇÃO";12;"PDT";"PARTIDO DEMOCRÁTICO TRABALHISTA";-1;"#NULO#";"#NULO#";"#NULO#";40000050278;"EU VOTO NO AMAZONAS I";"PDT / PP / PV / PR / SOLIDARIEDADE / PTB / PHS / PSL";"RJ";"29/04/1975";"093450340361";2;"MASCULINO";7;"SUPERIOR INCOMPLETO";3;"CASADO(A)";"02";"PRETA";296;"SERVIDOR PÚBLICO FEDERAL";4;"NÃO ELEITO"
"13/11/2024";"10:55:17";2018;2;"ELEIÇÃO ORDINÁRIA";1;297;"Eleições Gerais Estaduais 2018";"07/10/2018";"ESTADUAL";"AM";"AM";"AMAZONAS";7;"DEPUTADO ESTADUAL";40000602431;50653;"ROGÉRIO PEIXOTO SOARES";"ROGÉRIO SOARES";"#NULO#";"44563965200";"NÃO DIVULGÁVEL";3;"INAPTO";"PARTIDO ISOLADO";50;"PSOL";"PARTIDO SOCIALISMO E LIBERDADE";-1;"#NULO#";"#NULO#";"#NULO#";40000050067;"PARTIDO ISOLADO";"PSOL";"AM";"10/07/1973";"016237192267";2;"MASCULINO";6;"ENSINO MÉDIO COMPLETO";3;"CASADO(A)";"01";"BRANCA";297;"SERVIDOR PÚBLICO ESTADUAL";4;"NÃO ELEITO"
"13/11/2024";"10:55:17";2018;2;"ELEIÇÃO ORDINÁRIA";1;297;"Eleições Gerais Estaduais 2018";"07/10/2018";"ESTADUAL";"AM";"AM";"AMAZONAS";6;"DEPUTADO FEDERAL";40000618322;2730;"SILVIO PEIXOTO DE OLIVEIRA";"PEIXOTO";"#NULO#";"62309838268";"NÃO DIVULGÁVEL";3;"INAPTO";"COLIGAÇÃO";27;"DC";"DEMOCRACIA CRISTÃ";-1;"#NULO#";"#NULO#";"#NULO#";40000050474;"POR UM AMAZONAS MELHOR";"MDB / DC";"AM";"13/04/1976";"014579922283";2;"MASCULINO";6;"ENSINO MÉDIO COMPLETO";3;"CASADO(A)";"03";"PARDA";297;"SERVIDOR PÚBLICO ESTADUAL";-1;"#NULO#"
"13/11/2024";"10:55:17";2018;2;"ELEIÇÃO ORDINÁRIA";1;297;"Eleições Gerais Estaduais 2018";"07/10/2018";"ESTADUAL";"AM";"AM";"AMAZONAS";7;"DEPUTADO ESTADUAL";40000611528;23125;"EDIVALDO BARRETO DOS SANTOS";"EDIVALDO BARRETO";"#NULO#";"20245157204";"NÃO DIVULGÁVEL";12;"APTO";"PARTIDO ISOLADO";23;"PPS";"PARTIDO POPULAR SOCIALISTA";-1;"#NULO#";"#NULO#";"#NULO#";40000050309;"PARTIDO ISOLADO";"PPS";"AM";"03/10/1962";"000225152208";2;"MASCULINO";8;"SUPERIOR COMPLETO";3;"CASADO(A)";"03";"PARDA";297;"SERVIDOR PÚBLICO ESTADUAL";5;"SUPLENTE"
"13/11/2024";"10:55:17";2018;2;"ELEIÇÃO ORDINÁRIA";1;297;"Eleições Gerais Estaduais 2018";"07/10/2018";"ESTADUAL";"AM";"AM";"AMAZONAS";7;"DEPUTADO ESTADUAL";40000617508;17007;"FERNANDO LUCAS CARVALHO BORGES";"FERNANDO BORGES";"#NULO#";"04390058410";"NÃO DIVULGÁVEL";12;"APTO";"COLIGAÇÃO";17;"PSL";"PARTIDO SOCIAL LIBERAL";-1;"#NULO#";"#NULO#";"#NULO#";40000050463;"EU VOTO NO AMAZONAS V";"PHS / PTB / PSL";"PE";"11/03/1982";"063746390850";2;"MASCULINO";8;"SUPERIOR COMPLETO";3;"CASADO(A)";"01";"BRANCA";297;"SERVIDOR PÚBLICO ESTADUAL";5;"SUPLENTE"
"13/11/2024";"10:55:17";2018;2;"ELEIÇÃO ORDINÁRIA";1;297;"Eleições Gerais Estaduais 2018";"07/10/2018";"ESTADUAL";"AM";"AM";"AMAZONAS";6;"DEPUTADO FEDERAL";40000610406;7700;"FRANCISCO RIBEIRO DE MELO NETO";"MELO NETO";"#NULO#";"41858891272";"NÃO DIVULGÁVEL";3;"INAPTO";"COLIGAÇÃO";77;"SOLIDARIEDADE";"SOLIDARIEDADE";-1;"#NULO#";"#NULO#";"#NULO#";40000050278;"EU VOTO NO AMAZONAS I";"PDT / PP / PV / PR / SOLIDARIEDADE / PTB / PHS / PSL";"AM";"16/10/1972";"012888652267";2;"MASCULINO";6;"ENSINO MÉDIO COMPLETO";1;"SOLTEIRO(A)";"03";"PARDA";298;"SERVIDOR PÚBLICO MUNICIPAL";4;"NÃO ELEITO"
"13/11/2024";"10:55:17";2018;2;"ELEIÇÃO ORDINÁRIA";1;297;"Eleições Gerais Estaduais 2018";"07/10/2018";"ESTADUAL";"AM";"AM";"AMAZONAS";7;"DEPUTADO ESTADUAL";40000600838;16016;"CARLOS VANDIO GOMES DE ARAÚJO";"CARLOS VANDIO";"#NULO#";"64743209234";"NÃO DIVULGÁVEL";12;"APTO";"PARTIDO ISOLADO";16;"PSTU";"PARTIDO SOCIALISTA DOS TRABALHADORES UNIFICADO";-1;"#NULO#";"#NULO#";"#NULO#";40000050030;"PARTIDO ISOLADO";"PSTU";"AM";"03/12/1975";"015641442291";2;"MASCULINO";8;"SUPERIOR COMPLETO";1;"SOLTEIRO(A)";"03";"PARDA";298;"SERVIDOR PÚBLICO MUNICIPAL";4;"NÃO ELEITO"
"13/11/2024";"10:55:17";2018;2;"ELEIÇÃO ORDINÁRIA";1;297;"Eleições Gerais Estaduais 2018";"07/10/2018";"ESTADUAL";"AM";"AM";"AMAZONAS";6;"DEPUTADO FEDERAL";40000610421;4040;"MARCELO AUGUSTO DA EIRA CORRÊA";"MARCELO SERAFIM";"#NULO#";"50864173253";"NÃO DIVULGÁVEL";12;"APTO";"COLIGAÇÃO";40;"PSB";"PARTIDO SOCIALISTA BRASILEIRO";-1;"#NULO#";"#NULO#";"#NULO#";40000050279;"RENOVA AMAZONAS";"PODE / PMN / PSB / PROS";"AM";"09/01/1977";"016858522224";2;"MASCULINO";8;"SUPERIOR COMPLETO";3;"CASADO(A)";"01";"BRANCA";298;"SERVIDOR PÚBLICO MUNICIPAL";4;"NÃO ELEITO"
"13/11/2024";"10:55:17";2018;2;"ELEIÇÃO ORDINÁRIA";1;297;"Eleições Gerais Estaduais 2018";"07/10/2018";"ESTADUAL";"AM";"AM";"AMAZONAS";7;"DEPUTADO ESTADUAL";40000611531;23232;"ANDRE LUIZ BOTINELLY CUSTODIO";"ANDRÉ BONTINELLY";"#NULO#";"61600180272";"NÃO DIVULGÁVEL";12;"APTO";"PARTIDO ISOLADO";23;"PPS";"PARTIDO POPULAR SOCIALISTA";-1;"#NULO#";"#NULO#";"#NULO#";40000050309;"PARTIDO ISOLADO";"PPS";"AM";"04/10/1977";"017792902283";2;"MASCULINO";8;"SUPERIOR COMPLETO";3;"CASADO(A)";"03";"PARDA";298;"SERVIDOR PÚBLICO MUNICIPAL";5;"SUPLENTE"
"13/11/2024";"10:55:17";2018;2;"ELEIÇÃO ORDINÁRIA";1;297;"Eleições Gerais Estaduais 2018";"07/10/2018";"ESTADUAL";"AM";"AM";"AMAZONAS";7;"DEPUTADO ESTADUAL";40000611530;23223;"ADRIA DO NASCIMENTO LAMEIRA";"PROFA ADRIA DO PARAMAZONAS";"#NULO#";"64343421287";"NÃO DIVULGÁVEL";12;"APTO";"PARTIDO ISOLADO";23;"PPS";"PARTIDO POPULAR SOCIALISTA";-1;"#NULO#";"#NULO#";"#NULO#";40000050309;"PARTIDO ISOLADO";"PPS";"AM";"15/12/1978";"016691782240";4;"FEMININO";8;"SUPERIOR COMPLETO";3;"CASADO(A)";"01";"BRANCA";298;"SERVIDOR PÚBLICO MUNICIPAL";5;"SUPLENTE"
"13/11/2024";"10:55:17";2018;2;"ELEIÇÃO ORDINÁRIA";1;297;"Eleições Gerais Estaduais 2018";"07/10/2018";"ESTADUAL";"AM";"AM";"AMAZONAS";7;"DEPUTADO ESTADUAL";40000609260;43015;"ADALBERTO RIBEIRO ALFAIA";"EVANGELISTA ADALBERTO ALFAIA";"#NULO#";"14968398204";"NÃO DIVULGÁVEL";12;"APTO";"PARTIDO ISOLADO";43;"PV";"PARTIDO VERDE";-1;"#NULO#";"#NULO#";"#NULO#";40000050239;"PARTIDO ISOLADO";"PV";"AM";"24/08/1959";"001591722208";2;"MASCULINO";7;"SUPERIOR INCOMPLETO";9;"DIVORCIADO(A)";"01";"BRANCA";403;"CORRETOR DE IMÓVEIS, SEGUROS, TÍTULOS E VALORES";5;"SUPLENTE"
"13/11/2024";"10:55:17";2018;2;"ELEIÇÃO ORDINÁRIA";1;297;"Eleições Gerais Estaduais 2018";"07/10/2018";"ESTADUAL";"AM";"AM";"AMAZONAS";7;"DEPUTADO ESTADUAL";40000617502;14234;"ARTHUR HENRIQUE DE SOUZA AZEVEDO";"ARTURZINHO";"#NULO#";"01214987273";"NÃO DIVULGÁVEL";12;"APTO";"COLIGAÇÃO";14;"PTB";"PARTIDO TRABALHISTA BRASILEIRO";-1;"#NULO#";"#NULO#";"#NULO#";40000050463;"EU VOTO NO AMAZONAS V";"PHS / PTB / PSL";"AM";"07/11/1991";"034360732259";2;"MASCULINO";4;"ENSINO FUNDAMENTAL COMPLETO";1;"SOLTEIRO(A)";"03";"PARDA";411;"VENDEDOR DE COMÉRCIO VAREJISTA E ATACADISTA";5;"SUPLENTE"
"13/11/2024";"10:55:17";2018;2;"ELEIÇÃO ORDINÁRIA";1;297;"Eleições Gerais Estaduais 2018";"07/10/2018";"ESTADUAL";"AM";"AM";"AMAZONAS";7;"DEPUTADO ESTADUAL";40000619013;40011;"DULCINEVES FERREIRA PACHECO";"DULCE PACHECO";"#NULO#";"38502895249";"NÃO DIVULGÁVEL";12;"APTO";"COLIGAÇÃO";40;"PSB";"PARTIDO SOCIALISTA BRASILEIRO";-1;"#NULO#";"#NULO#";"#NULO#";40000050493;"RENOVA AMAZONAS II";"PSB / PMB / PROS";"AM";"25/02/1970";"011181262259";4;"FEMININO";8;"SUPERIOR COMPLETO";9;"DIVORCIADO(A)";"03";"PARDA";512;"CABELEIREIRO E BARBEIRO";5;"SUPLENTE"
"13/11/2024";"10:55:17";2018;2;"ELEIÇÃO ORDINÁRIA";1;297;"Eleições Gerais Estaduais 2018";"07/10/2018";"ESTADUAL";"AM";"AM";"AMAZONAS";7;"DEPUTADO ESTADUAL";40000608886;25765;"MÁRIO JORGE MOUTINHO DE MOURA";"MARIO JORGE";"#NULO#";"11458445291";"NÃO DIVULGÁVEL";12;"APTO";"COLIGAÇÃO";25;"DEM";"DEMOCRATAS";-1;"#NULO#";"#NULO#";"#NULO#";40000050228;"AMAZONAS COM SEGURANÇA I";"PSD / PRB / DEM";"AM";"15/09/1962";"001893552267";2;"MASCULINO";8;"SUPERIOR COMPLETO";9;"DIVORCIADO(A)";"03";"PARDA";537;"MOTORISTA PARTICULAR";5;"SUPLENTE"
"13/11/2024";"10:55:17";2018;2;"ELEIÇÃO ORDINÁRIA";1;297;"Eleições Gerais Estaduais 2018";"07/10/2018";"ESTADUAL";"AM";"AM";"AMAZONAS";7;"DEPUTADO ESTADUAL";40000623457;12006;"FELISBELO ANTONIO FERREIRA FILHO";"BELO DA LOTAÇÃO";"#NULO#";"68886900830";"NÃO DIVULGÁVEL";12;"APTO";"COLIGAÇÃO";12;"PDT";"PARTIDO DEMOCRÁTICO TRABALHISTA";-1;"#NULO#";"#NULO#";"#NULO#";40000050628;" EU VOTO NO AMAZONAS III ";"PDT / PRP / AVANTE";"AM";"26/09/1953";"002335802283";2;"MASCULINO";4;"ENSINO FUNDAMENTAL COMPLETO";1;"SOLTEIRO(A)";"03";"PARDA";537;"MOTORISTA PARTICULAR";5;"SUPLENTE"
"13/11/2024";"10:55:17";2018;2;"ELEIÇÃO ORDINÁRIA";1;297;"Eleições Gerais Estaduais 2018";"07/10/2018";"ESTADUAL";"AM";"AM";"AMAZONAS";6;"DEPUTADO FEDERAL";40000623403;5412;"AMANDA GRAZIELA MATOZINHO GOMES";"AMANDA MATOZINHO";"#NULO#";"90759770263";"NÃO DIVULGÁVEL";12;"APTO";"COLIGAÇÃO";54;"PPL";"PARTIDO PÁTRIA LIVRE";-1;"#NULO#";"#NULO#";"#NULO#";40000050626;"EU VOTO NO AMAZONAS II";"PPS / PPL / PRP / AVANTE";"AM";"24/07/1989";"031937512291";4;"FEMININO";6;"ENSINO MÉDIO COMPLETO";1;"SOLTEIRO(A)";"03";"PARDA";537;"MOTORISTA PARTICULAR";4;"NÃO ELEITO"
"13/11/2024";"10:55:17";2018;2;"ELEIÇÃO ORDINÁRIA";1;297;"Eleições Gerais Estaduais 2018";"07/10/2018";"ESTADUAL";"AM";"AM";"AMAZONAS";7;"DEPUTADO ESTADUAL";40000618995;40321;"GLEUSON MESQUITA DE LIMA";"GLEUSON MESQUITA";"#NULO#";"62997203287";"NÃO DIVULGÁVEL";12;"APTO";"COLIGAÇÃO";40;"PSB";"PARTIDO SOCIALISTA BRASILEIRO";-1;"#NULO#";"#NULO#";"#NULO#";40000050493;"RENOVA AMAZONAS II";"PSB / PMB / PROS";"AM";"07/08/1979";"016172212232";2;"MASCULINO";6;"ENSINO MÉDIO COMPLETO";3;"CASADO(A)";"03";"PARDA";601;"AGRICULTOR";5;"SUPLENTE"
"13/11/2024";"10:55:17";2018;2;"ELEIÇÃO ORDINÁRIA";1;297;"Eleições Gerais Estaduais 2018";"07/10/2018";"ESTADUAL";"AM";"AM";"AMAZONAS";7;"DEPUTADO ESTADUAL";40000617515;17555;"MARTA KEVELLEN GONÇALVES DA SILVA";"MARTA (DUDA)";"#NULO#";"71222782200";"NÃO DIVULGÁVEL";12;"APTO";"COLIGAÇÃO";17;"PSL";"PARTIDO SOCIAL LIBERAL";-1;"#NULO#";"#NULO#";"#NULO#";40000050463;"EU VOTO NO AMAZONAS V";"PHS / PTB / PSL";"AM";"16/01/1976";"028984291333";4;"FEMININO";6;"ENSINO MÉDIO COMPLETO";3;"CASADO(A)";"03";"PARDA";601;"AGRICULTOR";5;"SUPLENTE"
"13/11/2024";"10:55:17";2018;2;"ELEIÇÃO ORDINÁRIA";1;297;"Eleições Gerais Estaduais 2018";"07/10/2018";"ESTADUAL";"AM";"AM";"AMAZONAS";10;"2º SUPLENTE";40000602403;500;"ADILSON MAIA ROSA";"ADILSON MAIA";"#NULO#";"74907328753";"NÃO DIVULGÁVEL";12;"APTO";"PARTIDO ISOLADO";50;"PSOL";"PARTIDO SOCIALISMO E LIBERDADE";-1;"#NULO#";"#NULO#";"#NULO#";40000050067;"PARTIDO ISOLADO";"PSOL";"RJ";"29/01/1962";"029310650329";2;"MASCULINO";8;"SUPERIOR COMPLETO";9;"DIVORCIADO(A)";"03";"PARDA";921;"MILITAR REFORMADO";4;"NÃO ELEITO"
"13/11/2024";"10:55:17";2018;2;"ELEIÇÃO ORDINÁRIA";1;297;"Eleições Gerais Estaduais 2018";"07/10/2018";"ESTADUAL";"AM";"AM";"AMAZONAS";6;"DEPUTADO FEDERAL";40000604575;5151;"ANTONIO CESAR NEGREIROS DE SOUZA";"SARGENTO NEGREIROS";"#NULO#";"24062669234";"NÃO DIVULGÁVEL";12;"APTO";"PARTIDO ISOLADO";51;"PATRIOTA";"PATRIOTA";-1;"#NULO#";"#NULO#";"#NULO#";40000050133;"PARTIDO ISOLADO";"PATRIOTA";"AM";"07/11/1966";"015292142224";2;"MASCULINO";8;"SUPERIOR COMPLETO";3;"CASADO(A)";"03";"PARDA";921;"MILITAR REFORMADO";4;"NÃO ELEITO"
"13/11/2024";"10:55:17";2018;2;"ELEIÇÃO ORDINÁRIA";1;297;"Eleições Gerais Estaduais 2018";"07/10/2018";"ESTADUAL";"AM";"AM";"AMAZONAS";6;"DEPUTADO FEDERAL";40000602415;5022;"ROBERTO SANTINO DE AZEVEDO GOMES";"SANTINO";"#NULO#";"05278236272";"NÃO DIVULGÁVEL";12;"APTO";"PARTIDO ISOLADO";50;"PSOL";"PARTIDO SOCIALISMO E LIBERDADE";-1;"#NULO#";"#NULO#";"#NULO#";40000050067;"PARTIDO ISOLADO";"PSOL";"AM";"01/05/1957";"004888452267";2;"MASCULINO";6;"ENSINO MÉDIO COMPLETO";3;"CASADO(A)";"01";"BRANCA";922;"SERVIDOR PÚBLICO CIVIL APOSENTADO";4;"NÃO ELEITO"
"13/11/2024";"10:55:17";2018;2;"ELEIÇÃO ORDINÁRIA";1;297;"Eleições Gerais Estaduais 2018";"07/10/2018";"ESTADUAL";"AM";"AM";"AMAZONAS";7;"DEPUTADO ESTADUAL";40000610320;28753;"JOSÉ RODRIGUES MOURÃO";"PROFESSOR JMOURÃO";"#NULO#";"07525656215";"NÃO DIVULGÁVEL";12;"APTO";"COLIGAÇÃO";28;"PRTB";"PARTIDO RENOVADOR TRABALHISTA BRASILEIRO";-1;"#NULO#";"#NULO#";"#NULO#";40000050272;"TRANSFORMAÇÃO POR UM NOVO AMAZONAS";"REDE / PSC / PRTB";"CE";"26/07/1950";"000271192259";2;"MASCULINO";8;"SUPERIOR COMPLETO";3;"CASADO(A)";"01";"BRANCA";923;"APOSENTADO (EXCETO SERVIDOR PÚBLICO)";4;"NÃO ELEITO"
"13/11/2024";"10:55:17";2018;2;"ELEIÇÃO ORDINÁRIA";1;297;"Eleições Gerais Estaduais 2018";"07/10/2018";"ESTADUAL";"AM";"AM";"AMAZONAS";7;"DEPUTADO ESTADUAL";40000618302;27200;"MARIA LUCIA ANTONIA DA SILVA";"LUCIA SILVA";"#NULO#";"13711202268";"NÃO DIVULGÁVEL";12;"APTO";"COLIGAÇÃO";27;"DC";"DEMOCRACIA CRISTÃ";-1;"#NULO#";"#NULO#";"#NULO#";40000050474;"POR UM AMAZONAS MELHOR";"MDB / DC";"AM";"23/10/1953";"001146292275";4;"FEMININO";8;"SUPERIOR COMPLETO";9;"DIVORCIADO(A)";"03";"PARDA";923;"APOSENTADO (EXCETO SERVIDOR PÚBLICO)";5;"SUPLENTE"
"13/11/2024";"10:55:17";2018;2;"ELEIÇÃO ORDINÁRIA";1;297;"Eleições Gerais Estaduais 2018";"07/10/2018";"ESTADUAL";"AM";"AM";"AMAZONAS";6;"DEPUTADO FEDERAL";40000604624;5122;"WANDERSON MENDES FERREIRA";"WANDERSON ROBINHO";"#NULO#";"00777662299";"NÃO DIVULGÁVEL";12;"APTO";"PARTIDO ISOLADO";51;"PATRIOTA";"PATRIOTA";-1;"#NULO#";"#NULO#";"#NULO#";40000050133;"PARTIDO ISOLADO";"PATRIOTA";"MA";"15/12/1990";"034164952224";2;"MASCULINO";8;"SUPERIOR COMPLETO";1;"SOLTEIRO(A)";"02";"PRETA";931;"ESTUDANTE, BOLSISTA, ESTAGIÁRIO E ASSEMELHADOS";4;"NÃO ELEITO"
"13/11/2024";"10:55:17";2018;2;"ELEIÇÃO ORDINÁRIA";1;297;"Eleições Gerais Estaduais 2018";"07/10/2018";"ESTADUAL";"AM";"AM";"AMAZONAS";7;"DEPUTADO ESTADUAL";40000609264;43200;"GILVANDRO DA SILVA PEREIRA";"GIL PEREIRA";"#NULO#";"86968254204";"NÃO DIVULGÁVEL";12;"APTO";"PARTIDO ISOLADO";43;"PV";"PARTIDO VERDE";-1;"#NULO#";"#NULO#";"#NULO#";40000050239;"PARTIDO ISOLADO";"PV";"PA";"24/03/1986";"023432382216";2;"MASCULINO";7;"SUPERIOR INCOMPLETO";3;"CASADO(A)";"03";"PARDA";931;"ESTUDANTE, BOLSISTA, ESTAGIÁRIO E ASSEMELHADOS";5;"SUPLENTE"
"13/11/2024";"10:55:17";2018;2;"ELEIÇÃO ORDINÁRIA";1;297;"Eleições Gerais Estaduais 2018";"07/10/2018";"ESTADUAL";"AM";"AM";"AMAZONAS";7;"DEPUTADO ESTADUAL";40000627682;43014;"CARLEANE GUEDES VIEIRA";"CARLEANE VIEIRA";"#NULO#";"02826198289";"NÃO DIVULGÁVEL";3;"INAPTO";"PARTIDO ISOLADO";43;"PV";"PARTIDO VERDE";-1;"#NULO#";"#NULO#";"#NULO#";40000050239;"PARTIDO ISOLADO";"PV";"AM";"17/08/1994";"037177512267";4;"FEMININO";6;"ENSINO MÉDIO COMPLETO";1;"SOLTEIRO(A)";"03";"PARDA";931;"ESTUDANTE, BOLSISTA, ESTAGIÁRIO E ASSEMELHADOS";-1;"#NULO#"
"13/11/2024";"10:55:17";2018;2;"ELEIÇÃO ORDINÁRIA";1;297;"Eleições Gerais Estaduais 2018";"07/10/2018";"ESTADUAL";"AM";"AM";"AMAZONAS";7;"DEPUTADO ESTADUAL";40000618982;40010;"VALDEMARINA SOUSA DE LIMA";"VAL SOUZA";"#NULO#";"82228469220";"NÃO DIVULGÁVEL";12;"APTO";"COLIGAÇÃO";40;"PSB";"PARTIDO SOCIALISTA BRASILEIRO";-1;"#NULO#";"#NULO#";"#NULO#";40000050493;"RENOVA AMAZONAS II";"PSB / PMB / PROS";"AM";"09/01/1985";"023058642216";4;"FEMININO";7;"SUPERIOR INCOMPLETO";3;"CASADO(A)";"03";"PARDA";931;"ESTUDANTE, BOLSISTA, ESTAGIÁRIO E ASSEMELHADOS";5;"SUPLENTE"
"13/11/2024";"10:55:17";2018;2;"ELEIÇÃO ORDINÁRIA";1;297;"Eleições Gerais Estaduais 2018";"07/10/2018";"ESTADUAL";"AM";"AM";"AMAZONAS";7;"DEPUTADO ESTADUAL";40000608205;13013;"MARIANA FERREIRA VELEZ";"MARIANA FERREIRA";"#NULO#";"73703133287";"NÃO DIVULGÁVEL";12;"APTO";"COLIGAÇÃO";13;"PT";"PARTIDO DOS TRABALHADORES";-1;"#NULO#";"#NULO#";"#NULO#";40000050768;"O POVO FELIZ DE NOVO";"PC do B / PT";"AM";"19/03/1979";"021682402224";4;"FEMININO";7;"SUPERIOR INCOMPLETO";3;"CASADO(A)";"02";"PRETA";931;"ESTUDANTE, BOLSISTA, ESTAGIÁRIO E ASSEMELHADOS";5;"SUPLENTE"
"13/11/2024";"10:55:17";2018;2;"ELEIÇÃO ORDINÁRIA";1;297;"Eleições Gerais Estaduais 2018";"07/10/2018";"ESTADUAL";"AM";"AM";"AMAZONAS";6;"DEPUTADO FEDERAL";40000610433;9090;"JOSÉ HENRIQUE OLIVEIRA";"HENRIQUE OLIVEIRA";"#NULO#";"30824443420";"NÃO DIVULGÁVEL";12;"APTO";"COLIGAÇÃO";90;"PROS";"PARTIDO REPUBLICANO DA ORDEM SOCIAL";-1;"#NULO#";"#NULO#";"#NULO#";40000050279;"RENOVA AMAZONAS";"PODE / PMN / PSB / PROS";"SC";"16/10/1960";"017541642267";2;"MASCULINO";6;"ENSINO MÉDIO COMPLETO";9;"DIVORCIADO(A)";"01";"BRANCA";999;"OUTROS";4;"NÃO ELEITO"
"13/11/2024";"10:55:17";2018;2;"ELEIÇÃO ORDINÁRIA";1;297;"Eleições Gerais Estaduais 2018";"07/10/2018";"ESTADUAL";"AM";"AM";"AMAZONAS";7;"DEPUTADO ESTADUAL";40000611538;23323;"ROBINSON CRUZ FARIAS JUNIOR";"JÚNIOR PEPPE";"#NULO#";"70683964291";"NÃO DIVULGÁVEL";12;"APTO";"PARTIDO ISOLADO";23;"PPS";"PARTIDO POPULAR SOCIALISTA";-1;"#NULO#";"#NULO#";"#NULO#";40000050309;"PARTIDO ISOLADO";"PPS";"AM";"11/01/1981";"020245392240";2;"MASCULINO";6;"ENSINO MÉDIO COMPLETO";1;"SOLTEIRO(A)";"03";"PARDA";999;"OUTROS";5;"SUPLENTE"
"13/11/2024";"10:55:17";2018;2;"ELEIÇÃO ORDINÁRIA";1;297;"Eleições Gerais Estaduais 2018";"07/10/2018";"ESTADUAL";"AM";"AM";"AMAZONAS";7;"DEPUTADO ESTADUAL";40000623424;44333;"CARLES WALDEMAR CORREA DOS SANTOS";"CARLES WALDEMAR MAGUILA";"#NULO#";"64593169291";"NÃO DIVULGÁVEL";12;"APTO";"COLIGAÇÃO";44;"PRP";"PARTIDO REPUBLICANO PROGRESSISTA";-1;"#NULO#";"#NULO#";"#NULO#";40000050628;" EU VOTO NO AMAZONAS III ";"PDT / PRP / AVANTE";"PA";"24/12/1978";"003043332593";2;"MASCULINO";6;"ENSINO MÉDIO COMPLETO";3;"CASADO(A)";"03";"PARDA";999;"OUTROS";5;"SUPLENTE"
"13/11/2024";"10:55:17";2018;2;"ELEIÇÃO ORDINÁRIA";1;297;"Eleições Gerais Estaduais 2018";"07/10/2018";"ESTADUAL";"AM";"AM";"AMAZONAS";6;"DEPUTADO FEDERAL";40000604885;3535;"MARCIO OLIVEIRA SOARES";"MARCIO CAIPIRA";"#NULO#";"57505632272";"NÃO DIVULGÁVEL";12;"APTO";"PARTIDO ISOLADO";35;"PMB";"PARTIDO DA MULHER BRASILEIRA";-1;"#NULO#";"#NULO#";"#NULO#";40000050142;"PARTIDO ISOLADO";"PMB";"AM";"30/07/1973";"012942772240";2;"MASCULINO";6;"ENSINO MÉDIO COMPLETO";7;"SEPARADO(A) JUDICIALMENTE";"03";"PARDA";999;"OUTROS";4;"NÃO ELEITO"
"13/11/2024";"10:55:17";2018;2;"ELEIÇÃO ORDINÁRIA";1;297;"Eleições Gerais Estaduais 2018";"07/10/2018";"ESTADUAL";"AM";"AM";"AMAZONAS";6;"DEPUTADO FEDERAL";40000610422;1922;"RAIMUNDO NONATO DO NASCIMENTO CRUZ ";"REPORTER RAY NASCIMENTO";"#NULO#";"38375702234";"NÃO DIVULGÁVEL";12;"APTO";"COLIGAÇÃO";19;"PODE";"PODEMOS";-1;"#NULO#";"#NULO#";"#NULO#";40000050279;"RENOVA AMAZONAS";"PODE / PMN / PSB / PROS";"AM";"08/05/1970";"010562112275";2;"MASCULINO";5;"ENSINO MÉDIO INCOMPLETO";1;"SOLTEIRO(A)";"03";"PARDA";999;"OUTROS";4;"NÃO ELEITO"
"13/11/2024";"10:55:17";2018;2;"ELEIÇÃO ORDINÁRIA";1;297;"Eleições Gerais Estaduais 2018";"07/10/2018";"ESTADUAL";"AM";"AM";"AMAZONAS";7;"DEPUTADO ESTADUAL";40000608174;36001;"RUCIMAR SOUZA DE LIMA";"CAPITÃO SOUZA";"#NULO#";"24283339253";"NÃO DIVULGÁVEL";12;"APTO";"COLIGAÇÃO";36;"PTC";"PARTIDO TRABALHISTA CRISTÃO";-1;"#NULO#";"#NULO#";"#NULO#";40000050212;"AMAZONAS COM SEGURANÇA II";"PSDB / PTC";"AM";"22/08/1966";"005109682208";2;"MASCULINO";8;"SUPERIOR COMPLETO";3;"CASADO(A)";"03";"PARDA";999;"OUTROS";5;"SUPLENTE"
"13/11/2024";"10:55:17";2018;2;"ELEIÇÃO ORDINÁRIA";1;297;"Eleições Gerais Estaduais 2018";"07/10/2018";"ESTADUAL";"AM";"AM";"AMAZONAS";7;"DEPUTADO ESTADUAL";40000608238;19777;"ODIRLEI ARAÚJO DE VASCONCELOS";"ODIRLEI ARAÚJO";"#NULO#";"61104140268";"NÃO DIVULGÁVEL";12;"APTO";"COLIGAÇÃO";19;"PODE";"PODEMOS";-1;"#NULO#";"#NULO#";"#NULO#";40000050214;"PODE";"PODE";"AM";"22/12/1977";"017170802208";2;"MASCULINO";7;"SUPERIOR INCOMPLETO";3;"CASADO(A)";"03";"PARDA";999;"OUTROS";5;"SUPLENTE"
"13/11/2024";"10:55:17";2018;2;"ELEIÇÃO ORDINÁRIA";1;297;"Eleições Gerais Estaduais 2018";"07/10/2018";"ESTADUAL";"AM";"AM";"AMAZONAS";7;"DEPUTADO ESTADUAL";40000623463;12024;"ROBSON DA SILVA ROBERTO";"ROBSON ROBERTO";"#NULO#";"20161549268";"NÃO DIVULGÁVEL";3;"INAPTO";"COLIGAÇÃO";12;"PDT";"PARTIDO DEMOCRÁTICO TRABALHISTA";-1;"#NULO#";"#NULO#";"#NULO#";40000050628;" EU VOTO NO AMAZONAS III ";"PDT / PRP / AVANTE";"AM";"13/02/1967";"000203932291";2;"MASCULINO";7;"SUPERIOR INCOMPLETO";9;"DIVORCIADO(A)";"01";"BRANCA";999;"OUTROS";4;"NÃO ELEITO"
"13/11/2024";"10:55:17";2018;2;"ELEIÇÃO ORDINÁRIA";1;297;"Eleições Gerais Estaduais 2018";"07/10/2018";"ESTADUAL";"AM";"AM";"AMAZONAS";7;"DEPUTADO ESTADUAL";40000612642;11321;"KEDSON GUEDES DE ARAUJO";"KEDSON ARAUJO";"#NULO#";"52561496287";"NÃO DIVULGÁVEL";12;"APTO";"COLIGAÇÃO";11;"PP";"PROGRESSISTAS";-1;"#NULO#";"#NULO#";"#NULO#";40000050342;"EU VOTO NO AMAZONAS IV";"PP / PR / PPL / SOLIDARIEDADE";"AM";"12/06/1983";"018885562208";2;"MASCULINO";7;"SUPERIOR INCOMPLETO";9;"DIVORCIADO(A)";"01";"BRANCA";999;"OUTROS";5;"SUPLENTE"
"13/11/2024";"10:55:17";2018;2;"ELEIÇÃO ORDINÁRIA";1;297;"Eleições Gerais Estaduais 2018";"07/10/2018";"ESTADUAL";"AM";"AM";"AMAZONAS";7;"DEPUTADO ESTADUAL";40000611551;23332;"FABIO DA SILVA DUARTE";"FABIO FILHO DO BAIRRO";"#NULO#";"78946727268";"NÃO DIVULGÁVEL";12;"APTO";"PARTIDO ISOLADO";23;"PPS";"PARTIDO POPULAR SOCIALISTA";-1;"#NULO#";"#NULO#";"#NULO#";40000050309;"PARTIDO ISOLADO";"PPS";"PA";"18/10/1983";"022700032208";2;"MASCULINO";4;"ENSINO FUNDAMENTAL COMPLETO";1;"SOLTEIRO(A)";"03";"PARDA";999;"OUTROS";5;"SUPLENTE"
"13/11/2024";"10:55:17";2018;2;"ELEIÇÃO ORDINÁRIA";1;297;"Eleições Gerais Estaduais 2018";"07/10/2018";"ESTADUAL";"AM";"AM";"AMAZONAS";6;"DEPUTADO FEDERAL";40000612601;3533;"ANTONIO FRANCISCO FELICIO  DA COSTA";"FRANCISCO CACHORRÃO";"#NULO#";"43698603268";"NÃO DIVULGÁVEL";3;"INAPTO";"PARTIDO ISOLADO";35;"PMB";"PARTIDO DA MULHER BRASILEIRA";-1;"#NULO#";"#NULO#";"#NULO#";40000050142;"PARTIDO ISOLADO";"PMB";"AM";"11/05/1972";"013123642259";2;"MASCULINO";4;"ENSINO FUNDAMENTAL COMPLETO";3;"CASADO(A)";"03";"PARDA";999;"OUTROS";-1;"#NULO#"
"13/11/2024";"10:55:17";2018;2;"ELEIÇÃO ORDINÁRIA";1;297;"Eleições Gerais Estaduais 2018";"07/10/2018";"ESTADUAL";"AM";"AM";"AMAZONAS";7;"DEPUTADO ESTADUAL";40000609319;33123;"ENA WANDERLEY";"ENA WANDERLEY";"#NULO#";"16127862272";"NÃO DIVULGÁVEL";12;"APTO";"PARTIDO ISOLADO";33;"PMN";"PARTIDO DA MOBILIZAÇÃO NACIONAL";-1;"#NULO#";"#NULO#";"#NULO#";40000050241;"PARTIDO ISOLADO";"PMN";"AM";"08/09/1962";"211152030108";4;"FEMININO";8;"SUPERIOR COMPLETO";9;"DIVORCIADO(A)";"03";"PARDA";999;"OUTROS";4;"NÃO ELEITO"
"13/11/2024";"10:55:17";2018;2;"ELEIÇÃO ORDINÁRIA";1;297;"Eleições Gerais Estaduais 2018";"07/10/2018";"ESTADUAL";"AM";"AM";"AMAZONAS";6;"DEPUTADO FEDERAL";40000629721;1969;"MARIA NATALI DA SILVA VASCONCELOS";"NATALI VASCONCELOS";"#NULO#";"20150776268";"NÃO DIVULGÁVEL";12;"APTO";"COLIGAÇÃO";19;"PODE";"PODEMOS";-1;"#NULO#";"#NULO#";"#NULO#";40000050279;"RENOVA AMAZONAS";"PODE / PMN / PSB / PROS";"AM";"25/12/1959";"006518942208";4;"FEMININO";6;"ENSINO MÉDIO COMPLETO";3;"CASADO(A)";"03";"PARDA";999;"OUTROS";4;"NÃO ELEITO"
"13/11/2024";"10:55:17";2018;2;"ELEIÇÃO ORDINÁRIA";1;297;"Eleições Gerais Estaduais 2018";"07/10/2018";"ESTADUAL";"AM";"AM";"AMAZONAS";6;"DEPUTADO FEDERAL";40000608900;3612;"FABIANA CARNEIRO LIMA";"FABIANA LIMA";"#NULO#";"63878070268";"NÃO DIVULGÁVEL";12;"APTO";"COLIGAÇÃO";36;"PTC";"PARTIDO TRABALHISTA CRISTÃO";-1;"#NULO#";"#NULO#";"#NULO#";40000050229;"AMAZONAS COM SEGURANÇA ";"PSD / PRB / DEM / PTC / PSDB";"AM";"29/06/1978";"017192452259";4;"FEMININO";6;"ENSINO MÉDIO COMPLETO";9;"DIVORCIADO(A)";"01";"BRANCA";999;"OUTROS";5;"SUPLENTE"
"13/11/2024";"10:55:17";2018;2;"ELEIÇÃO ORDINÁRIA";1;297;"Eleições Gerais Estaduais 2018";"07/10/2018";"ESTADUAL";"AM";"AM";"AMAZONAS";7;"DEPUTADO ESTADUAL";40000623465;12003;"SEBASTIANA FERREIRA DE FREITAS";"TIANA FERREIRA";"#NULO#";"60182563200";"NÃO DIVULGÁVEL";12;"APTO";"COLIGAÇÃO";12;"PDT";"PARTIDO DEMOCRÁTICO TRABALHISTA";-1;"#NULO#";"#NULO#";"#NULO#";40000050628;" EU VOTO NO AMAZONAS III ";"PDT / PRP / AVANTE";"AM";"02/01/1973";"014712302208";4;"FEMININO";6;"ENSINO MÉDIO COMPLETO";1;"SOLTEIRO(A)";"03";"PARDA";999;"OUTROS";5;"SUPLENTE"
"13/11/2024";"10:55:17";2018;2;"ELEIÇÃO ORDINÁRIA";1;297;"Eleições Gerais Estaduais 2018";"07/10/2018";"ESTADUAL";"AM";"AM";"AMAZONAS";6;"DEPUTADO FEDERAL";40000629722;4004;"RITA MARIA DA SILVA SIQUEIRA";"RITA SIQUEIRA";"#NULO#";"57120986287";"NÃO DIVULGÁVEL";3;"INAPTO";"COLIGAÇÃO";40;"PSB";"PARTIDO SOCIALISTA BRASILEIRO";-1;"#NULO#";"#NULO#";"#NULO#";40000050279;"RENOVA AMAZONAS";"PODE / PMN / PSB / PROS";"AM";"14/02/1975";"016052762259";4;"FEMININO";6;"ENSINO MÉDIO COMPLETO";1;"SOLTEIRO(A)";"03";"PARDA";999;"OUTROS";-1;"#NULO#"
"13/11/2024";"10:55:17";2018;2;"ELEIÇÃO ORDINÁRIA";1;297;"Eleições Gerais Estaduais 2018";"07/10/2018";"ESTADUAL";"AM";"AM";"AMAZONAS";6;"DEPUTADO FEDERAL";40000608898;3601;"AGATHA REBECA DOS SANTOS";"REBECA SANTOS";"#NULO#";"94929726204";"NÃO DIVULGÁVEL";12;"APTO";"COLIGAÇÃO";36;"PTC";"PARTIDO TRABALHISTA CRISTÃO";-1;"#NULO#";"#NULO#";"#NULO#";40000050229;"AMAZONAS COM SEGURANÇA ";"PSD / PRB / DEM / PTC / PSDB";"AM";"19/07/1989";"033427072208";4;"FEMININO";6;"ENSINO MÉDIO COMPLETO";1;"SOLTEIRO(A)";"01";"BRANCA";999;"OUTROS";5;"SUPLENTE"
"13/11/2024";"10:55:17";2018;2;"ELEIÇÃO ORDINÁRIA";1;297;"Eleições Gerais Estaduais 2018";"07/10/2018";"ESTADUAL";"AM";"AM";"AMAZONAS";7;"DEPUTADO ESTADUAL";40000623448;44264;"EDSIONEA DA CONCEIÇÃO PINHEIRO JOSEPH DIB";"EDSIONEA PINHEIRO";"#NULO#";"66642370244";"NÃO DIVULGÁVEL";12;"APTO";"COLIGAÇÃO";44;"PRP";"PARTIDO REPUBLICANO PROGRESSISTA";-1;"#NULO#";"#NULO#";"#NULO#";40000050628;" EU VOTO NO AMAZONAS III ";"PDT / PRP / AVANTE";"AM";"20/08/1976";"020000152240";4;"FEMININO";8;"SUPERIOR COMPLETO";3;"CASADO(A)";"03";"PARDA";999;"OUTROS";5;"SUPLENTE"
"13/11/2024";"10:55:17";2018;2;"ELEIÇÃO ORDINÁRIA";1;297;"Eleições Gerais Estaduais 2018";"07/10/2018";"ESTADUAL";"AM";"AM";"AMAZONAS";7;"DEPUTADO ESTADUAL";40000611539;23222;"ROSANA MELO DA FROTA";"ROSANA FROTA";"#NULO#";"61595012249";"NÃO DIVULGÁVEL";12;"APTO";"PARTIDO ISOLADO";23;"PPS";"PARTIDO POPULAR SOCIALISTA";-1;"#NULO#";"#NULO#";"#NULO#";40000050309;"PARTIDO ISOLADO";"PPS";"AM";"12/05/1976";"018288392216";4;"FEMININO";8;"SUPERIOR COMPLETO";3;"CASADO(A)";"01";"BRANCA";999;"OUTROS";5;"SUPLENTE"
"13/11/2024";"10:55:17";2018;2;"ELEIÇÃO ORDINÁRIA";1;297;"Eleições Gerais Estaduais 2018";"07/10/2018";"ESTADUAL";"AM";"AM";"AMAZONAS";7;"DEPUTADO ESTADUAL";40000609315;33018;"JOAQUIM FONSECA GOUVEIA";"GOUVEIA-GOU NA VEIA";"#NULO#";"01587277204";"NÃO DIVULGÁVEL";3;"INAPTO";"PARTIDO ISOLADO";33;"PMN";"PARTIDO DA MOBILIZAÇÃO NACIONAL";-1;"#NULO#";"#NULO#";"#NULO#";40000050241;"PARTIDO ISOLADO";"PMN";"PA";"26/02/1949";"001143272216";2;"MASCULINO";8;"SUPERIOR COMPLETO";9;"DIVORCIADO(A)";"03";"PARDA";101;"ENGENHEIRO";-1;"#NULO#"
"13/11/2024";"10:55:17";2018;2;"ELEIÇÃO ORDINÁRIA";1;297;"Eleições Gerais Estaduais 2018";"07/10/2018";"ESTADUAL";"AM";"AM";"AMAZONAS";7;"DEPUTADO ESTADUAL";40000627738;27123;"ANGELUS CRUZ FIGUEIRA";"ANGELUS FIGUEIRA";"#NULO#";"02559498200";"NÃO DIVULGÁVEL";12;"APTO";"COLIGAÇÃO";27;"DC";"DEMOCRACIA CRISTÃ";-1;"#NULO#";"#NULO#";"#NULO#";40000050474;"POR UM AMAZONAS MELHOR";"MDB / DC";"AM";"28/08/1950";"005769642275";2;"MASCULINO";8;"SUPERIOR COMPLETO";5;"VIÚVO(A)";"01";"BRANCA";101;"ENGENHEIRO";5;"SUPLENTE"
"13/11/2024";"10:55:17";2018;2;"ELEIÇÃO ORDINÁRIA";1;297;"Eleições Gerais Estaduais 2018";"07/10/2018";"ESTADUAL";"AM";"AM";"AMAZONAS";7;"DEPUTADO ESTADUAL";40000608240;19999;"PAULO HENRIQUE DO NASCIMENTO MARTINS";"PAULO HENRIQUE MARTINS";"#NULO#";"29099820259";"NÃO DIVULGÁVEL";12;"APTO";"COLIGAÇÃO";19;"PODE";"PODEMOS";-1;"#NULO#";"#NULO#";"#NULO#";40000050214;"PODE";"PODE";"AM";"28/05/1969";"010965072267";2;"MASCULINO";8;"SUPERIOR COMPLETO";3;"CASADO(A)";"03";"PARDA";101;"ENGENHEIRO";5;"SUPLENTE"
"13/11/2024";"10:55:17";2018;2;"ELEIÇÃO ORDINÁRIA";1;297;"Eleições Gerais Estaduais 2018";"07/10/2018";"ESTADUAL";"AM";"AM";"AMAZONAS";7;"DEPUTADO ESTADUAL";40000602435;50321;"CELINI CRISTIANE DOS SANTOS SOUZA";"CELINI SANTOS";"#NULO#";"47295791272";"NÃO DIVULGÁVEL";3;"INAPTO";"PARTIDO ISOLADO";50;"PSOL";"PARTIDO SOCIALISMO E LIBERDADE";-1;"#NULO#";"#NULO#";"#NULO#";40000050067;"PARTIDO ISOLADO";"PSOL";"AM";"08/05/1972";"016396212291";4;"FEMININO";8;"SUPERIOR COMPLETO";3;"CASADO(A)";"03";"PARDA";101;"ENGENHEIRO";-1;"#NULO#"
"13/11/2024";"10:55:17";2018;2;"ELEIÇÃO ORDINÁRIA";1;297;"Eleições Gerais Estaduais 2018";"07/10/2018";"ESTADUAL";"AM";"AM";"AMAZONAS";7;"DEPUTADO ESTADUAL";40000628520;44443;"ELSO DA SILVA LIMA";"ELSO DENTINHO";"#NULO#";"31521070210";"NÃO DIVULGÁVEL";3;"INAPTO";"COLIGAÇÃO";44;"PRP";"PARTIDO REPUBLICANO PROGRESSISTA";-1;"#NULO#";"#NULO#";"#NULO#";40000050628;" EU VOTO NO AMAZONAS III ";"PDT / PRP / AVANTE";"AM";"23/12/1966";"002455512208";2;"MASCULINO";3;"ENSINO FUNDAMENTAL INCOMPLETO";1;"SOLTEIRO(A)";"01";"BRANCA";109;"AGENTE DE SAÚDE E SANITARISTA";-1;"#NULO#"
"13/11/2024";"10:55:17";2018;2;"ELEIÇÃO ORDINÁRIA";1;297;"Eleições Gerais Estaduais 2018";"07/10/2018";"ESTADUAL";"AM";"AM";"AMAZONAS";7;"DEPUTADO ESTADUAL";40000609250;43456;"MIGUEL CARRATTE NETO";"DR. MIGUEL CARRATTE";"#NULO#";"07952538268";"NÃO DIVULGÁVEL";12;"APTO";"PARTIDO ISOLADO";43;"PV";"PARTIDO VERDE";-1;"#NULO#";"#NULO#";"#NULO#";40000050239;"PARTIDO ISOLADO";"PV";"RO";"01/02/1955";"010207612291";2;"MASCULINO";8;"SUPERIOR COMPLETO";3;"CASADO(A)";"03";"PARDA";111;"MÉDICO";5;"SUPLENTE"
"13/11/2024";"10:55:17";2018;2;"ELEIÇÃO ORDINÁRIA";1;297;"Eleições Gerais Estaduais 2018";"07/10/2018";"ESTADUAL";"AM";"AM";"AMAZONAS";7;"DEPUTADO ESTADUAL";40000619003;40777;"NEY ANDERSON BARBOSA PEREIRA";"ENENFERMEIRO NEY";"#NULO#";"51999161220";"NÃO DIVULGÁVEL";12;"APTO";"COLIGAÇÃO";40;"PSB";"PARTIDO SOCIALISTA BRASILEIRO";-1;"#NULO#";"#NULO#";"#NULO#";40000050493;"RENOVA AMAZONAS II";"PSB / PMB / PROS";"AM";"25/10/1981";"019964172208";2;"MASCULINO";8;"SUPERIOR COMPLETO";1;"SOLTEIRO(A)";"03";"PARDA";113;"ENFERMEIRO";5;"SUPLENTE"
"13/11/2024";"10:55:17";2018;2;"ELEIÇÃO ORDINÁRIA";1;297;"Eleições Gerais Estaduais 2018";"07/10/2018";"ESTADUAL";"AM";"AM";"AMAZONAS";7;"DEPUTADO ESTADUAL";40000604593;51000;"JANAINA VILAÇA CASTRO";"JANAÍNA VILAÇA";"#NULO#";"45641293253";"NÃO DIVULGÁVEL";12;"APTO";"PARTIDO ISOLADO";51;"PATRIOTA";"PATRIOTA";-1;"#NULO#";"#NULO#";"#NULO#";40000050133;"PARTIDO ISOLADO";"PATRIOTA";"AM";"16/02/1973";"015718492224";4;"FEMININO";8;"SUPERIOR COMPLETO";3;"CASADO(A)";"03";"PARDA";113;"ENFERMEIRO";4;"NÃO ELEITO"
"13/11/2024";"10:55:17";2018;2;"ELEIÇÃO ORDINÁRIA";1;297;"Eleições Gerais Estaduais 2018";"07/10/2018";"ESTADUAL";"AM";"AM";"AMAZONAS";7;"DEPUTADO ESTADUAL";40000608228;19111;"EDNILZA GUEDES CORRÊA PEREIRA";"EDNILZA GUEDES";"#NULO#";"23013290200";"NÃO DIVULGÁVEL";12;"APTO";"COLIGAÇÃO";19;"PODE";"PODEMOS";-1;"#NULO#";"#NULO#";"#NULO#";40000050214;"PODE";"PODE";"AM";"17/06/1963";"000003662224";4;"FEMININO";8;"SUPERIOR COMPLETO";9;"DIVORCIADO(A)";"03";"PARDA";117;"FARMACÊUTICO";5;"SUPLENTE"
"13/11/2024";"10:55:17";2018;2;"ELEIÇÃO ORDINÁRIA";1;297;"Eleições Gerais Estaduais 2018";"07/10/2018";"ESTADUAL";"AM";"AM";"AMAZONAS";7;"DEPUTADO ESTADUAL";40000604589;51234;"FRANCISCO ADSON RIBEIRO DE SOUZA";"ADSON SOUZA";"#NULO#";"40604250282";"NÃO DIVULGÁVEL";12;"APTO";"PARTIDO ISOLADO";51;"PATRIOTA";"PATRIOTA";-1;"#NULO#";"#NULO#";"#NULO#";40000050133;"PARTIDO ISOLADO";"PATRIOTA";"CE";"05/04/1969";"012021322267";2;"MASCULINO";8;"SUPERIOR COMPLETO";3;"CASADO(A)";"01";"BRANCA";124;"CONTADOR";4;"NÃO ELEITO"
"13/11/2024";"10:55:17";2018;2;"ELEIÇÃO ORDINÁRIA";1;297;"Eleições Gerais Estaduais 2018";"07/10/2018";"ESTADUAL";"AM";"AM";"AMAZONAS";7;"DEPUTADO ESTADUAL";40000608173;36321;"RITA DE NAZARÉ MELO DIAS";"RITA DO SINDCONTAB";"#NULO#";"24315540234";"NÃO DIVULGÁVEL";12;"APTO";"COLIGAÇÃO";36;"PTC";"PARTIDO TRABALHISTA CRISTÃO";-1;"#NULO#";"#NULO#";"#NULO#";40000050212;"AMAZONAS COM SEGURANÇA II";"PSDB / PTC";"PA";"28/12/1964";"005027192259";4;"FEMININO";8;"SUPERIOR COMPLETO";9;"DIVORCIADO(A)";"03";"PARDA";124;"CONTADOR";5;"SUPLENTE"
"13/11/2024";"10:55:17";2018;2;"ELEIÇÃO ORDINÁRIA";1;297;"Eleições Gerais Estaduais 2018";"07/10/2018";"ESTADUAL";"AM";"AM";"AMAZONAS";7;"DEPUTADO ESTADUAL";40000604601;51008;"MARIA DO CARMO GUIMARAES COELHO";"CARMEM GUIMARÃES";"#NULO#";"24258644234";"NÃO DIVULGÁVEL";12;"APTO";"PARTIDO ISOLADO";51;"PATRIOTA";"PATRIOTA";-1;"#NULO#";"#NULO#";"#NULO#";40000050133;"PARTIDO ISOLADO";"PATRIOTA";"AM";"04/11/1966";"006415482224";4;"FEMININO";8;"SUPERIOR COMPLETO";3;"CASADO(A)";"03";"PARDA";124;"CONTADOR";4;"NÃO ELEITO"
"13/11/2024";"10:55:17";2018;2;"ELEIÇÃO ORDINÁRIA";1;297;"Eleições Gerais Estaduais 2018";"07/10/2018";"ESTADUAL";"AM";"AM";"AMAZONAS";7;"DEPUTADO ESTADUAL";40000608239;19900;"ORENI CAMPELO BRAGA DA SILVA";"ORENI BRAGA";"#NULO#";"27544630200";"NÃO DIVULGÁVEL";12;"APTO";"COLIGAÇÃO";19;"PODE";"PODEMOS";-1;"#NULO#";"#NULO#";"#NULO#";40000050214;"PODE";"PODE";"AM";"13/08/1963";"003114412240";4;"FEMININO";8;"SUPERIOR COMPLETO";3;"CASADO(A)";"03";"PARDA";124;"CONTADOR";5;"SUPLENTE"
"13/11/2024";"10:55:17";2018;2;"ELEIÇÃO ORDINÁRIA";1;297;"Eleições Gerais Estaduais 2018";"07/10/2018";"ESTADUAL";"AM";"AM";"AMAZONAS";7;"DEPUTADO ESTADUAL";40000609305;33103;"HELTON CARLOS DE SOUZA MACEDO";"HELTON CARLOS";"#NULO#";"63365669272";"NÃO DIVULGÁVEL";12;"APTO";"PARTIDO ISOLADO";33;"PMN";"PARTIDO DA MOBILIZAÇÃO NACIONAL";-1;"#NULO#";"#NULO#";"#NULO#";40000050241;"PARTIDO ISOLADO";"PMN";"AM";"25/04/1978";"019018542216";2;"MASCULINO";8;"SUPERIOR COMPLETO";3;"CASADO(A)";"01";"BRANCA";125;"ADMINISTRADOR";4;"NÃO ELEITO"
"13/11/2024";"10:55:17";2018;2;"ELEIÇÃO ORDINÁRIA";1;297;"Eleições Gerais Estaduais 2018";"07/10/2018";"ESTADUAL";"AM";"AM";"AMAZONAS";7;"DEPUTADO ESTADUAL";40000608161;36333;"ANDRE LUIZ SIQUEIRA DE SOUZA CRUZ";"MISSIONÁRIO ANDRÉ";"#NULO#";"32004770244";"NÃO DIVULGÁVEL";12;"APTO";"COLIGAÇÃO";36;"PTC";"PARTIDO TRABALHISTA CRISTÃO";-1;"#NULO#";"#NULO#";"#NULO#";40000050212;"AMAZONAS COM SEGURANÇA II";"PSDB / PTC";"AM";"23/02/1968";"000995722208";2;"MASCULINO";7;"SUPERIOR INCOMPLETO";3;"CASADO(A)";"02";"PRETA";125;"ADMINISTRADOR";5;"SUPLENTE"
"13/11/2024";"10:55:17";2018;2;"ELEIÇÃO ORDINÁRIA";1;297;"Eleições Gerais Estaduais 2018";"07/10/2018";"ESTADUAL";"AM";"AM";"AMAZONAS";7;"DEPUTADO ESTADUAL";40000623449;70444;"KATIA SANTOS DE CASTRO";"KATIA CASTRO";"#NULO#";"76204359215";"NÃO DIVULGÁVEL";12;"APTO";"COLIGAÇÃO";70;"AVANTE";"AVANTE";-1;"#NULO#";"#NULO#";"#NULO#";40000050628;" EU VOTO NO AMAZONAS III ";"PDT / PRP / AVANTE";"AM";"06/06/1981";"022393832283";4;"FEMININO";6;"ENSINO MÉDIO COMPLETO";3;"CASADO(A)";"03";"PARDA";125;"ADMINISTRADOR";5;"SUPLENTE"
"13/11/2024";"10:55:17";2018;2;"ELEIÇÃO ORDINÁRIA";1;297;"Eleições Gerais Estaduais 2018";"07/10/2018";"ESTADUAL";"AM";"AM";"AMAZONAS";7;"DEPUTADO ESTADUAL";40000611560;23221;"ALDALEIA MARREIROS DE SOUZA";"LEIA MARREIROS";"#NULO#";"63516055200";"NÃO DIVULGÁVEL";12;"APTO";"PARTIDO ISOLADO";23;"PPS";"PARTIDO POPULAR SOCIALISTA";-1;"#NULO#";"#NULO#";"#NULO#";40000050309;"PARTIDO ISOLADO";"PPS";"AM";"02/03/1979";"019130472232";4;"FEMININO";8;"SUPERIOR COMPLETO";3;"CASADO(A)";"01";"BRANCA";125;"ADMINISTRADOR";5;"SUPLENTE"
"13/11/2024";"10:55:17";2018;2;"ELEIÇÃO ORDINÁRIA";1;297;"Eleições Gerais Estaduais 2018";"07/10/2018";"ESTADUAL";"AM";"AM";"AMAZONAS";7;"DEPUTADO ESTADUAL";40000602441;50276;"ICLES NASCIMENTO DA COSTA";"TURI SATERÉ";"#NULO#";"95532102287";"NÃO DIVULGÁVEL";12;"APTO";"PARTIDO ISOLADO";50;"PSOL";"PARTIDO SOCIALISMO E LIBERDADE";-1;"#NULO#";"#NULO#";"#NULO#";40000050067;"PARTIDO ISOLADO";"PSOL";"AM";"19/07/1982";"032421912259";2;"MASCULINO";6;"ENSINO MÉDIO COMPLETO";3;"CASADO(A)";"05";"INDÍGENA";129;"ARTESÃO";4;"NÃO ELEITO"
"13/11/2024";"10:55:17";2018;2;"ELEIÇÃO ORDINÁRIA";1;297;"Eleições Gerais Estaduais 2018";"07/10/2018";"ESTADUAL";"AM";"AM";"AMAZONAS";7;"DEPUTADO ESTADUAL";40000604606;51999;"MOZARTH RIBEIRO BESSA NETO";"MOZARTH BESSA";"#NULO#";"47500832249";"NÃO DIVULGÁVEL";12;"APTO";"PARTIDO ISOLADO";51;"PATRIOTA";"PATRIOTA";-1;"#NULO#";"#NULO#";"#NULO#";40000050133;"PARTIDO ISOLADO";"PATRIOTA";"AM";"06/05/1975";"014349682208";2;"MASCULINO";8;"SUPERIOR COMPLETO";1;"SOLTEIRO(A)";"01";"BRANCA";131;"ADVOGADO";4;"NÃO ELEITO"
"13/11/2024";"10:55:17";2018;2;"ELEIÇÃO ORDINÁRIA";1;297;"Eleições Gerais Estaduais 2018";"07/10/2018";"ESTADUAL";"AM";"AM";"AMAZONAS";7;"DEPUTADO ESTADUAL";40000609317;33888;"ELMISON ROSA BEZERRA";"DR. ELMISON BEZERRA";"#NULO#";"69337659204";"NÃO DIVULGÁVEL";12;"APTO";"PARTIDO ISOLADO";33;"PMN";"PARTIDO DA MOBILIZAÇÃO NACIONAL";-1;"#NULO#";"#NULO#";"#NULO#";40000050241;"PARTIDO ISOLADO";"PMN";"AM";"24/09/1982";"020913862291";2;"MASCULINO";8;"SUPERIOR COMPLETO";3;"CASADO(A)";"03";"PARDA";131;"ADVOGADO";4;"NÃO ELEITO"
"13/11/2024";"10:55:17";2018;2;"ELEIÇÃO ORDINÁRIA";1;297;"Eleições Gerais Estaduais 2018";"07/10/2018";"ESTADUAL";"AM";"AM";"AMAZONAS";6;"DEPUTADO FEDERAL";40000610412;2222;"MARCELO RAMOS RODRIGUES";"MARCELO RAMOS";"#NULO#";"43634745215";"NÃO DIVULGÁVEL";12;"APTO";"COLIGAÇÃO";22;"PR";"PARTIDO DA REPÚBLICA";-1;"#NULO#";"#NULO#";"#NULO#";40000050278;"EU VOTO NO AMAZONAS I";"PDT / PP / PV / PR / SOLIDARIEDADE / PTB / PHS / PSL";"AM";"29/08/1973";"013094742224";2;"MASCULINO";8;"SUPERIOR COMPLETO";3;"CASADO(A)";"03";"PARDA";131;"ADVOGADO";3;"ELEITO POR MÉDIA"
"13/11/2024";"10:55:17";2018;2;"ELEIÇÃO ORDINÁRIA";1;297;"Eleições Gerais Estaduais 2018";"07/10/2018";"ESTADUAL";"AM";"AM";"AMAZONAS";6;"DEPUTADO FEDERAL";40000610344;1877;"MARIA ELISABETE MACIEL DA SILVA";"BETE MACIEL";"#NULO#";"19383690259";"NÃO DIVULGÁVEL";12;"APTO";"COLIGAÇÃO";18;"REDE";"REDE SUSTENTABILIDADE";-1;"#NULO#";"#NULO#";"#NULO#";40000050273;"TRANSFORMAÇÃO POR UM NOVO AMAZONAS";"REDE / PSC / PRTB";"AC";"12/03/1964";"004807972291";4;"FEMININO";8;"SUPERIOR COMPLETO";9;"DIVORCIADO(A)";"02";"PRETA";134;"ASSISTENTE SOCIAL";4;"NÃO ELEITO"
"13/11/2024";"10:55:17";2018;2;"ELEIÇÃO ORDINÁRIA";1;297;"Eleições Gerais Estaduais 2018";"07/10/2018";"ESTADUAL";"AM";"AM";"AMAZONAS";7;"DEPUTADO ESTADUAL";40000619021;35123;"RAIMUNDO GONZAGA XAVIER BARBOSA";"XAVIER";"#NULO#";"21479283215";"NÃO DIVULGÁVEL";12;"APTO";"COLIGAÇÃO";35;"PMB";"PARTIDO DA MULHER BRASILEIRA";-1;"#NULO#";"#NULO#";"#NULO#";40000050493;"RENOVA AMAZONAS II";"PSB / PMB / PROS";"AM";"23/07/1960";"014089442208";2;"MASCULINO";6;"ENSINO MÉDIO COMPLETO";1;"SOLTEIRO(A)";"03";"PARDA";136;"COMUNICÓLOGO";5;"SUPLENTE"
"13/11/2024";"10:55:17";2018;2;"ELEIÇÃO ORDINÁRIA";1;297;"Eleições Gerais Estaduais 2018";"07/10/2018";"ESTADUAL";"AM";"AM";"AMAZONAS";7;"DEPUTADO ESTADUAL";40000610328;20222;"LUIZ ANDRE SOUTO PASSOS";"ANDRÉ PASSOS";"#NULO#";"43912761272";"NÃO DIVULGÁVEL";12;"APTO";"COLIGAÇÃO";20;"PSC";"PARTIDO SOCIAL CRISTÃO";-1;"#NULO#";"#NULO#";"#NULO#";40000050272;"TRANSFORMAÇÃO POR UM NOVO AMAZONAS";"REDE / PSC / PRTB";"AM";"13/07/1973";"013549412232";2;"MASCULINO";6;"ENSINO MÉDIO COMPLETO";3;"CASADO(A)";"03";"PARDA";164;"MÚSICO";4;"NÃO ELEITO"
"13/11/2024";"10:55:17";2018;2;"ELEIÇÃO ORDINÁRIA";1;297;"Eleições Gerais Estaduais 2018";"07/10/2018";"ESTADUAL";"AM";"AM";"AMAZONAS";7;"DEPUTADO ESTADUAL";40000619001;40147;"MOACIR PEDROZA VULCAO";"MOACIR VULCÃO";"#NULO#";"15381269234";"NÃO DIVULGÁVEL";12;"APTO";"COLIGAÇÃO";40;"PSB";"PARTIDO SOCIALISTA BRASILEIRO";-1;"#NULO#";"#NULO#";"#NULO#";40000050493;"RENOVA AMAZONAS II";"PSB / PMB / PROS";"AM";"11/09/1959";"006483842240";2;"MASCULINO";6;"ENSINO MÉDIO COMPLETO";3;"CASADO(A)";"03";"PARDA";169;"COMERCIANTE";5;"SUPLENTE"
"13/11/2024";"10:55:17";2018;2;"ELEIÇÃO ORDINÁRIA";1;297;"Eleições Gerais Estaduais 2018";"07/10/2018";"ESTADUAL";"AM";"AM";"AMAZONAS";7;"DEPUTADO ESTADUAL";40000617522;14789;"SUELEN DA SILVA MODESTO";"SUELEN SILVA";"#NULO#";"57358150244";"NÃO DIVULGÁVEL";3;"INAPTO";"COLIGAÇÃO";14;"PTB";"PARTIDO TRABALHISTA BRASILEIRO";-1;"#NULO#";"#NULO#";"#NULO#";40000050463;"EU VOTO NO AMAZONAS V";"PHS / PTB / PSL";"AM";"05/03/1976";"016391912283";4;"FEMININO";6;"ENSINO MÉDIO COMPLETO";3;"CASADO(A)";"03";"PARDA";169;"COMERCIANTE";-1;"#NULO#"
"13/11/2024";"10:55:17";2018;2;"ELEIÇÃO ORDINÁRIA";1;297;"Eleições Gerais Estaduais 2018";"07/10/2018";"ESTADUAL";"AM";"AM";"AMAZONAS";5;"SENADOR";40000602419;508;"RONDINELY FONSECA DA SILVEIRA";"RONDINELY FONSECA";"#NULO#";"51340836220";"NÃO DIVULGÁVEL";12;"APTO";"PARTIDO ISOLADO";50;"PSOL";"PARTIDO SOCIALISMO E LIBERDADE";-1;"#NULO#";"#NULO#";"#NULO#";40000050067;"PARTIDO ISOLADO";"PSOL";"AM";"02/02/1979";"037705191392";2;"MASCULINO";8;"SUPERIOR COMPLETO";3;"CASADO(A)";"02";"PRETA";171;"JORNALISTA E REDATOR";4;"NÃO ELEITO"
"13/11/2024";"10:55:17";2018;2;"ELEIÇÃO ORDINÁRIA";1;297;"Eleições Gerais Estaduais 2018";"07/10/2018";"ESTADUAL";"AM";"AM";"AMAZONAS";6;"DEPUTADO FEDERAL";40000618314;1565;"SIDENY FREITAS DA COSTA";"SIDENY COSTA";"#NULO#";"41737750244";"NÃO DIVULGÁVEL";12;"APTO";"COLIGAÇÃO";15;"MDB";"MOVIMENTO DEMOCRÁTICO BRASILEIRO";-1;"#NULO#";"#NULO#";"#NULO#";40000050474;"POR UM AMAZONAS MELHOR";"MDB / DC";"AM";"29/06/1968";"012477302232";4;"FEMININO";6;"ENSINO MÉDIO COMPLETO";3;"CASADO(A)";"01";"BRANCA";176;"COZINHEIRO";4;"NÃO ELEITO"
"13/11/2024";"10:55:17";2018;2;"ELEIÇÃO ORDINÁRIA";1;297;"Eleições Gerais Estaduais 2018";"07/10/2018";"ESTADUAL";"AM";"AM";"AMAZONAS";7;"DEPUTADO ESTADUAL";40000608155;45356;"JORGE BEZERRA CORREA";"JORGE CORREA";"#NULO#";"96510668220";"NÃO DIVULGÁVEL";12;"APTO";"COLIGAÇÃO";45;"PSDB";"PARTIDO DA SOCIAL DEMOCRACIA BRASILEIRA";-1;"#NULO#";"#NULO#";"#NULO#";40000050212;"AMAZONAS COM SEGURANÇA II";"PSDB / PTC";"AM";"30/05/1986";"032452042275";2;"MASCULINO";4;"ENSINO FUNDAMENTAL COMPLETO";1;"SOLTEIRO(A)";"02";"PRETA";197;"GARI OU LIXEIRO";5;"SUPLENTE"
"13/11/2024";"10:55:17";2018;2;"ELEIÇÃO ORDINÁRIA";1;297;"Eleições Gerais Estaduais 2018";"07/10/2018";"ESTADUAL";"AM";"AM";"AMAZONAS";7;"DEPUTADO ESTADUAL";40000609244;43023;"ROZANA BASTOS BATISTA ANDRADE";"ROZANA BASTOS";"#NULO#";"43662480263";"NÃO DIVULGÁVEL";12;"APTO";"PARTIDO ISOLADO";43;"PV";"PARTIDO VERDE";-1;"#NULO#";"#NULO#";"#NULO#";40000050239;"PARTIDO ISOLADO";"PV";"AM";"23/10/1972";"011615932216";4;"FEMININO";8;"SUPERIOR COMPLETO";3;"CASADO(A)";"03";"PARDA";230;"PEDAGOGO";5;"SUPLENTE"
"13/11/2024";"10:55:17";2018;2;"ELEIÇÃO ORDINÁRIA";1;297;"Eleições Gerais Estaduais 2018";"07/10/2018";"ESTADUAL";"AM";"AM";"AMAZONAS";7;"DEPUTADO ESTADUAL";40000617484;31123;"FERNANDO HELIO BARROZO FRAZAO BARUK";"FERNANDO BARUK";"#NULO#";"71391380282";"NÃO DIVULGÁVEL";12;"APTO";"COLIGAÇÃO";31;"PHS";"PARTIDO HUMANISTA DA SOLIDARIEDADE";-1;"#NULO#";"#NULO#";"#NULO#";40000050463;"EU VOTO NO AMAZONAS V";"PHS / PTB / PSL";"AM";"10/11/1981";"021553912224";2;"MASCULINO";8;"SUPERIOR COMPLETO";3;"CASADO(A)";"03";"PARDA";232;"POLICIAL CIVIL";5;"SUPLENTE"
"13/11/2024";"10:55:17";2018;2;"ELEIÇÃO ORDINÁRIA";1;297;"Eleições Gerais Estaduais 2018";"07/10/2018";"ESTADUAL";"AM";"AM";"AMAZONAS";6;"DEPUTADO FEDERAL";40000610423;1919;"BENAE PEREIRA LIMOEIRO";"BENAE LIMOEIRO";"#NULO#";"51612160263";"NÃO DIVULGÁVEL";12;"APTO";"COLIGAÇÃO";19;"PODE";"PODEMOS";-1;"#NULO#";"#NULO#";"#NULO#";40000050279;"RENOVA AMAZONAS";"PODE / PMN / PSB / PROS";"RR";"31/07/1980";"019141672208";4;"FEMININO";8;"SUPERIOR COMPLETO";9;"DIVORCIADO(A)";"03";"PARDA";232;"POLICIAL CIVIL";4;"NÃO ELEITO"
"13/11/2024";"10:55:17";2018;2;"ELEIÇÃO ORDINÁRIA";1;297;"Eleições Gerais Estaduais 2018";"07/10/2018";"ESTADUAL";"AM";"AM";"AMAZONAS";10;"2º SUPLENTE";40000610066;222;"ANTÔNIO VIVALDO BARRETO";"ANTONIO BARRETO";"#NULO#";"04681231304";"NÃO DIVULGÁVEL";12;"APTO";"COLIGAÇÃO";22;"PR";"PARTIDO DA REPÚBLICA";-1;"#NULO#";"#NULO#";"#NULO#";40000050267;"EU VOTO NO AMAZONAS";"PDT / PRP / AVANTE / PP / PV / PR / SOLIDARIEDADE / PPS / PTB / PHS / PSL / PPL";"AM";"06/11/1953";"002311772216";2;"MASCULINO";6;"ENSINO MÉDIO COMPLETO";3;"CASADO(A)";"03";"PARDA";233;"POLICIAL MILITAR";4;"NÃO ELEITO"
"13/11/2024";"10:55:17";2018;2;"ELEIÇÃO ORDINÁRIA";1;297;"Eleições Gerais Estaduais 2018";"07/10/2018";"ESTADUAL";"AM";"AM";"AMAZONAS";7;"DEPUTADO ESTADUAL";40000627681;43990;"AUDO ALBUQUERQUE DA COSTA";"AUDO COSTA";"#NULO#";"31779646291";"NÃO DIVULGÁVEL";12;"APTO";"PARTIDO ISOLADO";43;"PV";"PARTIDO VERDE";-1;"#NULO#";"#NULO#";"#NULO#";40000050239;"PARTIDO ISOLADO";"PV";"AM";"05/12/1967";"003252842216";2;"MASCULINO";8;"SUPERIOR COMPLETO";3;"CASADO(A)";"03";"PARDA";233;"POLICIAL MILITAR";5;"SUPLENTE"
"13/11/2024";"10:55:17";2018;2;"ELEIÇÃO ORDINÁRIA";1;297;"Eleições Gerais Estaduais 2018";"07/10/2018";"ESTADUAL";"AM";"AM";"AMAZONAS";6;"DEPUTADO FEDERAL";40000604578;5123;"JEVERSON VARGAS LOBO";"SARGENTO LOBO";"#NULO#";"64218716234";"NÃO DIVULGÁVEL";12;"APTO";"PARTIDO ISOLADO";51;"PATRIOTA";"PATRIOTA";-1;"#NULO#";"#NULO#";"#NULO#";40000050133;"PARTIDO ISOLADO";"PATRIOTA";"AM";"16/11/1975";"014450672240";2;"MASCULINO";8;"SUPERIOR COMPLETO";3;"CASADO(A)";"02";"PRETA";233;"POLICIAL MILITAR";4;"NÃO ELEITO"
"13/11/2024";"10:55:17";2018;2;"ELEIÇÃO ORDINÁRIA";1;297;"Eleições Gerais Estaduais 2018";"07/10/2018";"ESTADUAL";"AM";"AM";"AMAZONAS";7;"DEPUTADO ESTADUAL";40000611535;23190;"FRANCISCO PEREIRA DA SILVA";"SARGENTO PEREIRINHA";"#NULO#";"12266353268";"NÃO DIVULGÁVEL";12;"APTO";"PARTIDO ISOLADO";23;"PPS";"PARTIDO POPULAR SOCIALISTA";-1;"#NULO#";"#NULO#";"#NULO#";40000050309;"PARTIDO ISOLADO";"PPS";"AM";"13/10/1957";"004216992275";2;"MASCULINO";4;"ENSINO FUNDAMENTAL COMPLETO";3;"CASADO(A)";"03";"PARDA";233;"POLICIAL MILITAR";5;"SUPLENTE"
"13/11/2024";"10:55:17";2018;2;"ELEIÇÃO ORDINÁRIA";1;297;"Eleições Gerais Estaduais 2018";"07/10/2018";"ESTADUAL";"AM";"AM";"AMAZONAS";7;"DEPUTADO ESTADUAL";40000617650;77890;"RAIMUNDO NONATO FERREIRA SOBRINHO";"RAIMUNDO SOBRINHO";"#NULO#";"20061099287";"NÃO DIVULGÁVEL";3;"INAPTO";"COLIGAÇÃO";77;"SOLIDARIEDADE";"SOLIDARIEDADE";-1;"#NULO#";"#NULO#";"#NULO#";40000050342;"EU VOTO NO AMAZONAS IV";"PP / PR / PPL / SOLIDARIEDADE";"AM";"08/12/1966";"012758062208";2;"MASCULINO";6;"ENSINO MÉDIO COMPLETO";3;"CASADO(A)";"05";"INDÍGENA";246;"TÉCNICO DE OBRAS CIVIS, ESTRADAS, SANEAMENTO E ASSEMELHADOS";4;"NÃO ELEITO"
"13/11/2024";"10:55:17";2018;2;"ELEIÇÃO ORDINÁRIA";1;297;"Eleições Gerais Estaduais 2018";"07/10/2018";"ESTADUAL";"AM";"AM";"AMAZONAS";7;"DEPUTADO ESTADUAL";40000609301;33516;"MARGARETE DA SILVA NUNES";"MARGARETE NUNES";"#NULO#";"59045124220";"NÃO DIVULGÁVEL";12;"APTO";"PARTIDO ISOLADO";33;"PMN";"PARTIDO DA MOBILIZAÇÃO NACIONAL";-1;"#NULO#";"#NULO#";"#NULO#";40000050241;"PARTIDO ISOLADO";"PMN";"AM";"18/02/1970";"010777292267";4;"FEMININO";6;"ENSINO MÉDIO COMPLETO";1;"SOLTEIRO(A)";"03";"PARDA";254;"VIGILANTE";4;"NÃO ELEITO"
"13/11/2024";"10:55:17";2018;2;"ELEIÇÃO ORDINÁRIA";1;297;"Eleições Gerais Estaduais 2018";"07/10/2018";"ESTADUAL";"AM";"AM";"AMAZONAS";6;"DEPUTADO FEDERAL";40000618317;2755;"ALEX FERREIRA ALMEIDA";"ALEX INTERNET";"#NULO#";"79293042215";"NÃO DIVULGÁVEL";12;"APTO";"COLIGAÇÃO";27;"DC";"DEMOCRACIA CRISTÃ";-1;"#NULO#";"#NULO#";"#NULO#";40000050474;"POR UM AMAZONAS MELHOR";"MDB / DC";"AM";"17/04/1982";"022705662208";2;"MASCULINO";6;"ENSINO MÉDIO COMPLETO";1;"SOLTEIRO(A)";"03";"PARDA";257;"EMPRESÁRIO";4;"NÃO ELEITO"
"13/11/2024";"10:55:17";2018;2;"ELEIÇÃO ORDINÁRIA";1;297;"Eleições Gerais Estaduais 2018";"07/10/2018";"ESTADUAL";"AM";"AM";"AMAZONAS";7;"DEPUTADO ESTADUAL";40000604594;51456;"JEAN BARROS CONTES";"JEAN CONTES";"#NULO#";"31423817249";"NÃO DIVULGÁVEL";12;"APTO";"PARTIDO ISOLADO";51;"PATRIOTA";"PATRIOTA";-1;"#NULO#";"#NULO#";"#NULO#";40000050133;"PARTIDO ISOLADO";"PATRIOTA";"AM";"22/04/1969";"010682222283";2;"MASCULINO";6;"ENSINO MÉDIO COMPLETO";1;"SOLTEIRO(A)";"03";"PARDA";257;"EMPRESÁRIO";4;"NÃO ELEITO"
"13/11/2024";"10:55:17";2018;2;"ELEIÇÃO ORDINÁRIA";1;297;"Eleições Gerais Estaduais 2018";"07/10/2018";"ESTADUAL";"AM";"AM";"AMAZONAS";7;"DEPUTADO ESTADUAL";40000602426;50555;"LEÔNIDAS MENDONÇA MENEZES";"LÉO MENEZES";"#NULO#";"33721262204";"NÃO DIVULGÁVEL";12;"APTO";"PARTIDO ISOLADO";50;"PSOL";"PARTIDO SOCIALISMO E LIBERDADE";-1;"#NULO#";"#NULO#";"#NULO#";40000050067;"PARTIDO ISOLADO";"PSOL";"PA";"10/09/1970";"011400552224";2;"MASCULINO";6;"ENSINO MÉDIO COMPLETO";3;"CASADO(A)";"03";"PARDA";257;"EMPRESÁRIO";4;"NÃO ELEITO"
"13/11/2024";"10:55:17";2018;2;"ELEIÇÃO ORDINÁRIA";1;297;"Eleições Gerais Estaduais 2018";"07/10/2018";"ESTADUAL";"AM";"AM";"AMAZONAS";7;"DEPUTADO ESTADUAL";40000623436;70007;"JAIRO RIBEIRO DIAS";"JAIRO DA VICAL";"#NULO#";"34766898249";"NÃO DIVULGÁVEL";12;"APTO";"COLIGAÇÃO";70;"AVANTE";"AVANTE";-1;"#NULO#";"#NULO#";"#NULO#";40000050628;" EU VOTO NO AMAZONAS III ";"PDT / PRP / AVANTE";"AM";"14/10/1970";"011600282240";2;"MASCULINO";6;"ENSINO MÉDIO COMPLETO";3;"CASADO(A)";"03";"PARDA";257;"EMPRESÁRIO";5;"SUPLENTE"
"13/11/2024";"10:55:17";2018;2;"ELEIÇÃO ORDINÁRIA";1;297;"Eleições Gerais Estaduais 2018";"07/10/2018";"ESTADUAL";"AM";"AM";"AMAZONAS";7;"DEPUTADO ESTADUAL";40000618268;15120;"EDICLEY FERNNANDES DE LIMA";"SNOOPY DO EDUCANDOS";"#NULO#";"63678209220";"NÃO DIVULGÁVEL";12;"APTO";"COLIGAÇÃO";15;"MDB";"MOVIMENTO DEMOCRÁTICO BRASILEIRO";-1;"#NULO#";"#NULO#";"#NULO#";40000050474;"POR UM AMAZONAS MELHOR";"MDB / DC";"AM";"24/02/1978";"018246122259";2;"MASCULINO";6;"ENSINO MÉDIO COMPLETO";3;"CASADO(A)";"03";"PARDA";257;"EMPRESÁRIO";5;"SUPLENTE"
"13/11/2024";"10:55:17";2018;2;"ELEIÇÃO ORDINÁRIA";1;297;"Eleições Gerais Estaduais 2018";"07/10/2018";"ESTADUAL";"AM";"AM";"AMAZONAS";7;"DEPUTADO ESTADUAL";40000618277;15800;"MARCOS CESAR PEREIRA DOS SANTOS";"MARCOS CESAR";"#NULO#";"38424550200";"NÃO DIVULGÁVEL";12;"APTO";"COLIGAÇÃO";15;"MDB";"MOVIMENTO DEMOCRÁTICO BRASILEIRO";-1;"#NULO#";"#NULO#";"#NULO#";40000050474;"POR UM AMAZONAS MELHOR";"MDB / DC";"AM";"15/10/1970";"011186432275";2;"MASCULINO";8;"SUPERIOR COMPLETO";3;"CASADO(A)";"03";"PARDA";257;"EMPRESÁRIO";5;"SUPLENTE"
"13/11/2024";"10:55:17";2018;2;"ELEIÇÃO ORDINÁRIA";1;297;"Eleições Gerais Estaduais 2018";"07/10/2018";"ESTADUAL";"AM";"AM";"AMAZONAS";7;"DEPUTADO ESTADUAL";40000608163;36112;"ANTÔNIO HOZANE VIEIRA DA SILVA";"MISSIONÁRIO HOZANE";"#NULO#";"91214270204";"NÃO DIVULGÁVEL";12;"APTO";"COLIGAÇÃO";36;"PTC";"PARTIDO TRABALHISTA CRISTÃO";-1;"#NULO#";"#NULO#";"#NULO#";40000050212;"AMAZONAS COM SEGURANÇA II";"PSDB / PTC";"AM";"28/06/1978";"020403272259";2;"MASCULINO";8;"SUPERIOR COMPLETO";3;"CASADO(A)";"01";"BRANCA";257;"EMPRESÁRIO";5;"SUPLENTE"
"13/11/2024";"10:55:17";2018;2;"ELEIÇÃO ORDINÁRIA";1;297;"Eleições Gerais Estaduais 2018";"07/10/2018";"ESTADUAL";"AM";"AM";"AMAZONAS";7;"DEPUTADO ESTADUAL";40000610333;20015;"MARCUS ALEXANDRE FERNANDES NASCIMENTO DE LIMA";"MARCÃO LIMA";"#NULO#";"68417926291";"NÃO DIVULGÁVEL";12;"APTO";"COLIGAÇÃO";20;"PSC";"PARTIDO SOCIAL CRISTÃO";-1;"#NULO#";"#NULO#";"#NULO#";40000050272;"TRANSFORMAÇÃO POR UM NOVO AMAZONAS";"REDE / PSC / PRTB";"AM";"01/11/1981";"020789562240";2;"MASCULINO";7;"SUPERIOR INCOMPLETO";3;"CASADO(A)";"01";"BRANCA";257;"EMPRESÁRIO";4;"NÃO ELEITO"
"13/11/2024";"10:55:17";2018;2;"ELEIÇÃO ORDINÁRIA";1;297;"Eleições Gerais Estaduais 2018";"07/10/2018";"ESTADUAL";"AM";"AM";"AMAZONAS";7;"DEPUTADO ESTADUAL";40000611540;23111;"SAULLO VELAME VIANNA";"SAULLO VIANNA";"#NULO#";"77715748234";"NÃO DIVULGÁVEL";12;"APTO";"PARTIDO ISOLADO";23;"PPS";"PARTIDO POPULAR SOCIALISTA";-1;"#NULO#";"#NULO#";"#NULO#";40000050309;"PARTIDO ISOLADO";"PPS";"AM";"22/06/1984";"030456142224";2;"MASCULINO";7;"SUPERIOR INCOMPLETO";3;"CASADO(A)";"01";"BRANCA";257;"EMPRESÁRIO";2;"ELEITO POR QP"
"13/11/2024";"10:55:17";2018;2;"ELEIÇÃO ORDINÁRIA";1;297;"Eleições Gerais Estaduais 2018";"07/10/2018";"ESTADUAL";"AM";"AM";"AMAZONAS";6;"DEPUTADO FEDERAL";40000610413;2292;"MICHELLE GUIMARÃES SOUZA CORREA";"MICHELLE GUIMARÃES";"#NULO#";"79685030278";"NÃO DIVULGÁVEL";12;"APTO";"COLIGAÇÃO";22;"PR";"PARTIDO DA REPÚBLICA";-1;"#NULO#";"#NULO#";"#NULO#";40000050278;"EU VOTO NO AMAZONAS I";"PDT / PP / PV / PR / SOLIDARIEDADE / PTB / PHS / PSL";"AM";"20/05/1985";"022832702208";4;"FEMININO";8;"SUPERIOR COMPLETO";3;"CASADO(A)";"03";"PARDA";257;"EMPRESÁRIO";5;"SUPLENTE"
"13/11/2024";"10:55:17";2018;2;"ELEIÇÃO ORDINÁRIA";1;297;"Eleições Gerais Estaduais 2018";"07/10/2018";"ESTADUAL";"AM";"AM";"AMAZONAS";9;"1º SUPLENTE";40000618262;155;"SANDRA BACKSMANN BRAGA";"SANDRA BRAGA";"#NULO#";"04986210220";"NÃO DIVULGÁVEL";12;"APTO";"PARTIDO ISOLADO";15;"MDB";"MOVIMENTO DEMOCRÁTICO BRASILEIRO";-1;"#NULO#";"#NULO#";"#NULO#";40000050473;"PARTIDO ISOLADO";"MDB";"AM";"27/07/1959";"001532272283";4;"FEMININO";8;"SUPERIOR COMPLETO";3;"CASADO(A)";"01";"BRANCA";257;"EMPRESÁRIO";1;"ELEITO"
"13/11/2024";"10:55:17";2018;2;"ELEIÇÃO ORDINÁRIA";1;297;"Eleições Gerais Estaduais 2018";"07/10/2018";"ESTADUAL";"AM";"AM";"AMAZONAS";7;"DEPUTADO ESTADUAL";40000618289;27147;"EDIVANA CORREA BARROS ";"DIVA";"#NULO#";"51593130287";"NÃO DIVULGÁVEL";12;"APTO";"COLIGAÇÃO";27;"DC";"DEMOCRACIA CRISTÃ";-1;"#NULO#";"#NULO#";"#NULO#";40000050474;"POR UM AMAZONAS MELHOR";"MDB / DC";"AM";"22/06/1964";"005360252208";4;"FEMININO";4;"ENSINO FUNDAMENTAL COMPLETO";1;"SOLTEIRO(A)";"03";"PARDA";257;"EMPRESÁRIO";5;"SUPLENTE"
"13/11/2024";"10:55:17";2018;2;"ELEIÇÃO ORDINÁRIA";1;297;"Eleições Gerais Estaduais 2018";"07/10/2018";"ESTADUAL";"AM";"AM";"AMAZONAS";7;"DEPUTADO ESTADUAL";40000623444;70100;"ANTONIO DALMIR BEZERRA SALAZAR";"DALMIR SALAZAR";"#NULO#";"63869608234";"NÃO DIVULGÁVEL";12;"APTO";"COLIGAÇÃO";70;"AVANTE";"AVANTE";-1;"#NULO#";"#NULO#";"#NULO#";40000050628;" EU VOTO NO AMAZONAS III ";"PDT / PRP / AVANTE";"AM";"15/06/1979";"018490842208";2;"MASCULINO";8;"SUPERIOR COMPLETO";3;"CASADO(A)";"03";"PARDA";265;"PROFESSOR DE ENSINO FUNDAMENTAL";5;"SUPLENTE"
"13/11/2024";"10:55:17";2018;2;"ELEIÇÃO ORDINÁRIA";1;297;"Eleições Gerais Estaduais 2018";"07/10/2018";"ESTADUAL";"AM";"AM";"AMAZONAS";6;"DEPUTADO FEDERAL";40000602406;5010;"ARQLEYDSSON DE LIMA PINHEIRO";"ARQLEYDSSON PINHEIRO";"#NULO#";"74678752234";"NÃO DIVULGÁVEL";12;"APTO";"PARTIDO ISOLADO";50;"PSOL";"PARTIDO SOCIALISMO E LIBERDADE";-1;"#NULO#";"#NULO#";"#NULO#";40000050067;"PARTIDO ISOLADO";"PSOL";"AM";"28/07/1982";"022284042240";2;"MASCULINO";8;"SUPERIOR COMPLETO";3;"CASADO(A)";"03";"PARDA";266;"PROFESSOR DE ENSINO MÉDIO";4;"NÃO ELEITO"
"13/11/2024";"10:55:17";2018;2;"ELEIÇÃO ORDINÁRIA";1;297;"Eleições Gerais Estaduais 2018";"07/10/2018";"ESTADUAL";"AM";"AM";"AMAZONAS";7;"DEPUTADO ESTADUAL";40000623443;70307;"BIBIANO SIMÕES GARCIA FILHO";"PROFESSOR BIBIANO";"#NULO#";"47484519200";"NÃO DIVULGÁVEL";12;"APTO";"COLIGAÇÃO";70;"AVANTE";"AVANTE";-1;"#NULO#";"#NULO#";"#NULO#";40000050628;" EU VOTO NO AMAZONAS III ";"PDT / PRP / AVANTE";"AM";"13/12/1972";"011999272267";2;"MASCULINO";8;"SUPERIOR COMPLETO";3;"CASADO(A)";"03";"PARDA";266;"PROFESSOR DE ENSINO MÉDIO";5;"SUPLENTE"
"13/11/2024";"10:55:17";2018;2;"ELEIÇÃO ORDINÁRIA";1;297;"Eleições Gerais Estaduais 2018";"07/10/2018";"ESTADUAL";"AM";"AM";"AMAZONAS";7;"DEPUTADO ESTADUAL";40000608892;10200;"ZANELE ROCHA TEIXEIRA";"PROFESSORA ZANELE";"#NULO#";"07495854200";"NÃO DIVULGÁVEL";12;"APTO";"COLIGAÇÃO";10;"PRB";"PARTIDO REPUBLICANO BRASILEIRO";-1;"#NULO#";"#NULO#";"#NULO#";40000050228;"AMAZONAS COM SEGURANÇA I";"PSD / PRB / DEM";"PA";"10/10/1957";"000926932208";4;"FEMININO";8;"SUPERIOR COMPLETO";3;"CASADO(A)";"01";"BRANCA";266;"PROFESSOR DE ENSINO MÉDIO";5;"SUPLENTE"
"13/11/2024";"10:55:17";2018;2;"ELEIÇÃO ORDINÁRIA";1;297;"Eleições Gerais Estaduais 2018";"07/10/2018";"ESTADUAL";"AM";"AM";"AMAZONAS";3;"GOVERNADOR";40000610067;12;"AMAZONINO ARMANDO MENDES";"AMAZONINO MENDES";"#NULO#";"00164828249";"NÃO DIVULGÁVEL";12;"APTO";"COLIGAÇÃO";12;"PDT";"PARTIDO DEMOCRÁTICO TRABALHISTA";-1;"#NULO#";"#NULO#";"#NULO#";40000050267;"EU VOTO NO AMAZONAS";"PDT / PRP / AVANTE / PP / PV / PR / SOLIDARIEDADE / PPS / PTB / PHS / PSL / PPL";"AM";"16/11/1939";"004464322208";2;"MASCULINO";8;"SUPERIOR COMPLETO";5;"VIÚVO(A)";"03";"PARDA";274;"GOVERNADOR";6;"2º TURNO"
"13/11/2024";"10:55:17";2018;2;"ELEIÇÃO ORDINÁRIA";1;297;"Eleições Gerais Estaduais 2018";"07/10/2018";"ESTADUAL";"AM";"AM";"AMAZONAS";6;"DEPUTADO FEDERAL";40000621417;4321;"GEORGE OLIVEIRA REIS";"GEORGE REIS";"#NULO#";"72776676204";"NÃO DIVULGÁVEL";12;"APTO";"COLIGAÇÃO";43;"PV";"PARTIDO VERDE";-1;"#NULO#";"#NULO#";"#NULO#";40000050278;"EU VOTO NO AMAZONAS I";"PDT / PP / PV / PR / SOLIDARIEDADE / PTB / PHS / PSL";"AM";"04/10/1983";"021194912224";2;"MASCULINO";8;"SUPERIOR COMPLETO";1;"SOLTEIRO(A)";"03";"PARDA";278;"VEREADOR";5;"SUPLENTE"
"13/11/2024";"10:55:17";2018;2;"ELEIÇÃO ORDINÁRIA";1;297;"Eleições Gerais Estaduais 2018";"07/10/2018";"ESTADUAL";"AM";"AM";"AMAZONAS";6;"DEPUTADO FEDERAL";40000627723;6514;"JAILDO DE OLIVEIRA SILVA";"JAILDO DOS RODOVIÁRIOS";"#NULO#";"61345334249";"NÃO DIVULGÁVEL";12;"APTO";"COLIGAÇÃO";65;"PC do B";"PARTIDO COMUNISTA DO BRASIL";-1;"#NULO#";"#NULO#";"#NULO#";40000050768;"O POVO FELIZ DE NOVO";"PC do B / PT";"RN";"13/06/1978";"017514512275";2;"MASCULINO";8;"SUPERIOR COMPLETO";3;"CASADO(A)";"03";"PARDA";278;"VEREADOR";5;"SUPLENTE"
"13/11/2024";"10:55:17";2018;2;"ELEIÇÃO ORDINÁRIA";1;297;"Eleições Gerais Estaduais 2018";"07/10/2018";"ESTADUAL";"AM";"AM";"AMAZONAS";7;"DEPUTADO ESTADUAL";40000618986;40040;"CARLOS RENE DE SOUZA FERNANDES";"CARLOS PORTTA";"#NULO#";"62783378272";"NÃO DIVULGÁVEL";12;"APTO";"COLIGAÇÃO";40;"PSB";"PARTIDO SOCIALISTA BRASILEIRO";-1;"#NULO#";"#NULO#";"#NULO#";40000050493;"RENOVA AMAZONAS II";"PSB / PMB / PROS";"AM";"10/09/1978";"018045372259";2;"MASCULINO";7;"SUPERIOR INCOMPLETO";1;"SOLTEIRO(A)";"01";"BRANCA";278;"VEREADOR";5;"SUPLENTE"
"13/11/2024";"10:55:17";2018;2;"ELEIÇÃO ORDINÁRIA";1;297;"Eleições Gerais Estaduais 2018";"07/10/2018";"ESTADUAL";"AM";"AM";"AMAZONAS";6;"DEPUTADO FEDERAL";40000610427;1318;"CICERO CUSTÓDIO DA SILVA";"SASSÁ DA CONSTRUÇÃO CIVIL";"#NULO#";"75917840300";"NÃO DIVULGÁVEL";12;"APTO";"COLIGAÇÃO";13;"PT";"PARTIDO DOS TRABALHADORES";-1;"#NULO#";"#NULO#";"#NULO#";40000050768;"O POVO FELIZ DE NOVO";"PC do B / PT";"CE";"04/09/1975";"038040200744";2;"MASCULINO";4;"ENSINO FUNDAMENTAL COMPLETO";1;"SOLTEIRO(A)";"01";"BRANCA";278;"VEREADOR";5;"SUPLENTE"
"13/11/2024";"10:55:17";2018;2;"ELEIÇÃO ORDINÁRIA";1;297;"Eleições Gerais Estaduais 2018";"07/10/2018";"ESTADUAL";"AM";"AM";"AMAZONAS";7;"DEPUTADO ESTADUAL";40000608868;55001;"MARIA JOSE DA SILVA ALENCAR";"NÊGA ALENCAR";"#NULO#";"65555325215";"NÃO DIVULGÁVEL";12;"APTO";"COLIGAÇÃO";55;"PSD";"PARTIDO SOCIAL DEMOCRÁTICO";-1;"#NULO#";"#NULO#";"#NULO#";40000050228;"AMAZONAS COM SEGURANÇA I";"PSD / PRB / DEM";"AM";"24/03/1979";"019457642224";4;"FEMININO";8;"SUPERIOR COMPLETO";1;"SOLTEIRO(A)";"01";"BRANCA";278;"VEREADOR";5;"SUPLENTE"
"13/11/2024";"10:55:17";2018;2;"ELEIÇÃO ORDINÁRIA";2;298;"Eleições Gerais Estaduais 2018";"28/10/2018";"ESTADUAL";"AM";"AM";"AMAZONAS";4;"VICE-GOVERNADOR";40000610392;20;"CARLOS ALBERTO SOUZA DE ALMEIDA FILHO";"DEFENSOR CARLOS ALMEIDA";"#NULO#";"65677951234";"NÃO DIVULGÁVEL";12;"APTO";"COLIGAÇÃO";28;"PRTB";"PARTIDO RENOVADOR TRABALHISTA BRASILEIRO";-1;"#NULO#";"#NULO#";"#NULO#";40000050275;"TRANSFORMAÇÃO POR UM NOVO AMAZONAS";"PSC / PRTB / REDE";"AM";"28/06/1979";"019152632291";2;"MASCULINO";8;"SUPERIOR COMPLETO";3;"CASADO(A)";"01";"BRANCA";297;"SERVIDOR PÚBLICO ESTADUAL";1;"ELEITO"
"13/11/2024";"10:55:17";2018;2;"ELEIÇÃO ORDINÁRIA";1;297;"Eleições Gerais Estaduais 2018";"07/10/2018";"ESTADUAL";"AM";"AM";"AMAZONAS";7;"DEPUTADO ESTADUAL";40000608237;19803;"MÔNICA DA SILVA SANTOS PEREIRA";"PROF. MÔNICA SANTOS";"#NULO#";"43563996253";"NÃO DIVULGÁVEL";12;"APTO";"COLIGAÇÃO";19;"PODE";"PODEMOS";-1;"#NULO#";"#NULO#";"#NULO#";40000050214;"PODE";"PODE";"AM";"17/04/1973";"012490312283";4;"FEMININO";8;"SUPERIOR COMPLETO";3;"CASADO(A)";"03";"PARDA";297;"SERVIDOR PÚBLICO ESTADUAL";5;"SUPLENTE"
"13/11/2024";"10:55:17";2018;2;"ELEIÇÃO ORDINÁRIA";1;297;"Eleições Gerais Estaduais 2018";"07/10/2018";"ESTADUAL";"AM";"AM";"AMAZONAS";7;"DEPUTADO ESTADUAL";40000608246;19096;"SORAYA LILIA ARRUDA DA SILVA";"SORAYA ARRUDA";"#NULO#";"24051829200";"NÃO DIVULGÁVEL";12;"APTO";"COLIGAÇÃO";19;"PODE";"PODEMOS";-1;"#NULO#";"#NULO#";"#NULO#";40000050214;"PODE";"PODE";"AM";"08/10/1964";"015833842240";4;"FEMININO";7;"SUPERIOR INCOMPLETO";1;"SOLTEIRO(A)";"03";"PARDA";297;"SERVIDOR PÚBLICO ESTADUAL";5;"SUPLENTE"
"13/11/2024";"10:55:17";2018;2;"ELEIÇÃO ORDINÁRIA";1;297;"Eleições Gerais Estaduais 2018";"07/10/2018";"ESTADUAL";"AM";"AM";"AMAZONAS";7;"DEPUTADO ESTADUAL";40000608870;55888;"SANSURAY PEREIRA XAVIER";"SANSURAY XAVIER";"#NULO#";"58046801291";"NÃO DIVULGÁVEL";12;"APTO";"COLIGAÇÃO";55;"PSD";"PARTIDO SOCIAL DEMOCRÁTICO";-1;"#NULO#";"#NULO#";"#NULO#";40000050228;"AMAZONAS COM SEGURANÇA I";"PSD / PRB / DEM";"AM";"27/01/1978";"015132572291";4;"FEMININO";8;"SUPERIOR COMPLETO";1;"SOLTEIRO(A)";"03";"PARDA";298;"SERVIDOR PÚBLICO MUNICIPAL";5;"SUPLENTE"
"13/11/2024";"10:55:17";2018;2;"ELEIÇÃO ORDINÁRIA";1;297;"Eleições Gerais Estaduais 2018";"07/10/2018";"ESTADUAL";"AM";"AM";"AMAZONAS";7;"DEPUTADO ESTADUAL";40000610337;20002;"MARIA JOSE LEONEL BEZERRA";"MAZE DO MONTE SINAI";"#NULO#";"43941389220";"NÃO DIVULGÁVEL";12;"APTO";"COLIGAÇÃO";20;"PSC";"PARTIDO SOCIAL CRISTÃO";-1;"#NULO#";"#NULO#";"#NULO#";40000050272;"TRANSFORMAÇÃO POR UM NOVO AMAZONAS";"REDE / PSC / PRTB";"AM";"11/02/1970";"010370702267";4;"FEMININO";6;"ENSINO MÉDIO COMPLETO";1;"SOLTEIRO(A)";"03";"PARDA";394;"AUXILIAR DE ESCRITÓRIO E ASSEMELHADOS";4;"NÃO ELEITO"
"13/11/2024";"10:55:17";2018;2;"ELEIÇÃO ORDINÁRIA";1;297;"Eleições Gerais Estaduais 2018";"07/10/2018";"ESTADUAL";"AM";"AM";"AMAZONAS";6;"DEPUTADO FEDERAL";40000628387;1222;"LUIS DE PAULA E SOUSA NETO";"NETINHO DE PAULA";"#NULO#";"78936217291";"NÃO DIVULGÁVEL";3;"INAPTO";"PARTIDO ISOLADO";12;"PDT";"PARTIDO DEMOCRÁTICO TRABALHISTA";-1;"#NULO#";"#NULO#";"#NULO#";40000050781;"PARTIDO ISOLADO";"PDT";"AM";"08/08/1984";"022705312275";2;"MASCULINO";7;"SUPERIOR INCOMPLETO";1;"SOLTEIRO(A)";"01";"BRANCA";395;"BANCÁRIO E ECONOMIÁRIO";-1;"#NULO#"
"13/11/2024";"10:55:17";2018;2;"ELEIÇÃO ORDINÁRIA";1;297;"Eleições Gerais Estaduais 2018";"07/10/2018";"ESTADUAL";"AM";"AM";"AMAZONAS";7;"DEPUTADO ESTADUAL";40000610306;18000;"ANDRE DE OLIVEIRA MARQUES";"ANDRÉ MARQUES";"#NULO#";"74645013220";"NÃO DIVULGÁVEL";12;"APTO";"COLIGAÇÃO";18;"REDE";"REDE SUSTENTABILIDADE";-1;"#NULO#";"#NULO#";"#NULO#";40000050272;"TRANSFORMAÇÃO POR UM NOVO AMAZONAS";"REDE / PSC / PRTB";"AM";"22/10/1982";"022326432208";2;"MASCULINO";6;"ENSINO MÉDIO COMPLETO";1;"SOLTEIRO(A)";"03";"PARDA";403;"CORRETOR DE IMÓVEIS, SEGUROS, TÍTULOS E VALORES";4;"NÃO ELEITO"
"13/11/2024";"10:55:17";2018;2;"ELEIÇÃO ORDINÁRIA";1;297;"Eleições Gerais Estaduais 2018";"07/10/2018";"ESTADUAL";"AM";"AM";"AMAZONAS";7;"DEPUTADO ESTADUAL";40000609248;43210;"JOSE RONALDO VALERIO DE ALMEIDA";"RONALDO VALERIO";"#NULO#";"44433123234";"NÃO DIVULGÁVEL";12;"APTO";"PARTIDO ISOLADO";43;"PV";"PARTIDO VERDE";-1;"#NULO#";"#NULO#";"#NULO#";40000050239;"PARTIDO ISOLADO";"PV";"AM";"09/08/1973";"010799832240";2;"MASCULINO";8;"SUPERIOR COMPLETO";3;"CASADO(A)";"03";"PARDA";403;"CORRETOR DE IMÓVEIS, SEGUROS, TÍTULOS E VALORES";5;"SUPLENTE"
"13/11/2024";"10:55:17";2018;2;"ELEIÇÃO ORDINÁRIA";1;297;"Eleições Gerais Estaduais 2018";"07/10/2018";"ESTADUAL";"AM";"AM";"AMAZONAS";7;"DEPUTADO ESTADUAL";40000602428;50050;"JONES XAVIER RODRIGUES";"JONES DO PROJETO LARIBASHEM";"#NULO#";"85952176291";"NÃO DIVULGÁVEL";12;"APTO";"PARTIDO ISOLADO";50;"PSOL";"PARTIDO SOCIALISMO E LIBERDADE";-1;"#NULO#";"#NULO#";"#NULO#";40000050067;"PARTIDO ISOLADO";"PSOL";"AM";"13/12/1984";"023139452259";2;"MASCULINO";6;"ENSINO MÉDIO COMPLETO";1;"SOLTEIRO(A)";"03";"PARDA";537;"MOTORISTA PARTICULAR";4;"NÃO ELEITO"
"13/11/2024";"10:55:17";2018;2;"ELEIÇÃO ORDINÁRIA";1;297;"Eleições Gerais Estaduais 2018";"07/10/2018";"ESTADUAL";"AM";"AM";"AMAZONAS";7;"DEPUTADO ESTADUAL";40000604615;51097;"THIAGO IGNACIO DE MORAIS";"THIAGO MORAIS";"#NULO#";"92515339204";"NÃO DIVULGÁVEL";12;"APTO";"PARTIDO ISOLADO";51;"PATRIOTA";"PATRIOTA";-1;"#NULO#";"#NULO#";"#NULO#";40000050133;"PARTIDO ISOLADO";"PATRIOTA";"PI";"18/05/1988";"023809622208";2;"MASCULINO";6;"ENSINO MÉDIO COMPLETO";1;"SOLTEIRO(A)";"03";"PARDA";537;"MOTORISTA PARTICULAR";4;"NÃO ELEITO"
"13/11/2024";"10:55:17";2018;2;"ELEIÇÃO ORDINÁRIA";1;297;"Eleições Gerais Estaduais 2018";"07/10/2018";"ESTADUAL";"AM";"AM";"AMAZONAS";6;"DEPUTADO FEDERAL";40000627718;6530;"ANTONIVALDO DE  SOUSA";"ANTONIVALDO";"#NULO#";"66634130230";"NÃO DIVULGÁVEL";12;"APTO";"COLIGAÇÃO";65;"PC do B";"PARTIDO COMUNISTA DO BRASIL";-1;"#NULO#";"#NULO#";"#NULO#";40000050768;"O POVO FELIZ DE NOVO";"PC do B / PT";"CE";"16/08/1976";"020682862275";2;"MASCULINO";6;"ENSINO MÉDIO COMPLETO";1;"SOLTEIRO(A)";"03";"PARDA";601;"AGRICULTOR";5;"SUPLENTE"
"13/11/2024";"10:55:17";2018;2;"ELEIÇÃO ORDINÁRIA";1;297;"Eleições Gerais Estaduais 2018";"07/10/2018";"ESTADUAL";"AM";"AM";"AMAZONAS";6;"DEPUTADO FEDERAL";40000610432;3333;"RONILDO NOGUEIRA PALMERE";"RONY DA PESCA";"#NULO#";"58912444204";"NÃO DIVULGÁVEL";12;"APTO";"COLIGAÇÃO";33;"PMN";"PARTIDO DA MOBILIZAÇÃO NACIONAL";-1;"#NULO#";"#NULO#";"#NULO#";40000050279;"RENOVA AMAZONAS";"PODE / PMN / PSB / PROS";"AM";"13/01/1969";"011008242259";2;"MASCULINO";3;"ENSINO FUNDAMENTAL INCOMPLETO";3;"CASADO(A)";"03";"PARDA";604;"PESCADOR";4;"NÃO ELEITO"
"13/11/2024";"10:55:17";2018;2;"ELEIÇÃO ORDINÁRIA";1;297;"Eleições Gerais Estaduais 2018";"07/10/2018";"ESTADUAL";"AM";"AM";"AMAZONAS";7;"DEPUTADO ESTADUAL";40000608201;13555;"ALVANIRA SOARES PALMELA";"CACICA ALVANIRA";"#NULO#";"47456957215";"NÃO DIVULGÁVEL";12;"APTO";"COLIGAÇÃO";13;"PT";"PARTIDO DOS TRABALHADORES";-1;"#NULO#";"#NULO#";"#NULO#";40000050768;"O POVO FELIZ DE NOVO";"PC do B / PT";"AM";"28/07/1973";"012456162208";4;"FEMININO";6;"ENSINO MÉDIO COMPLETO";3;"CASADO(A)";"05";"INDÍGENA";604;"PESCADOR";5;"SUPLENTE"
"13/11/2024";"10:55:17";2018;2;"ELEIÇÃO ORDINÁRIA";1;297;"Eleições Gerais Estaduais 2018";"07/10/2018";"ESTADUAL";"AM";"AM";"AMAZONAS";7;"DEPUTADO ESTADUAL";40000602436;50124;"DIEGO DA SILVA REIS";"DIEGO REIS";"#NULO#";"02656422213";"NÃO DIVULGÁVEL";12;"APTO";"PARTIDO ISOLADO";50;"PSOL";"PARTIDO SOCIALISMO E LIBERDADE";-1;"#NULO#";"#NULO#";"#NULO#";40000050067;"PARTIDO ISOLADO";"PSOL";"AM";"15/08/1996";"041489572283";2;"MASCULINO";3;"ENSINO FUNDAMENTAL INCOMPLETO";1;"SOLTEIRO(A)";"03";"PARDA";703;"ELETRICISTA E ASSEMELHADOS";4;"NÃO ELEITO"
"13/11/2024";"10:55:17";2018;2;"ELEIÇÃO ORDINÁRIA";1;297;"Eleições Gerais Estaduais 2018";"07/10/2018";"ESTADUAL";"AM";"AM";"AMAZONAS";7;"DEPUTADO ESTADUAL";40000623446;70233;"RAIMUNDO CARLOS GÓES PINHEIRO";"PADRE CARLOS";"#NULO#";"40645053287";"NÃO DIVULGÁVEL";12;"APTO";"COLIGAÇÃO";70;"AVANTE";"AVANTE";-1;"#NULO#";"#NULO#";"#NULO#";40000050628;" EU VOTO NO AMAZONAS III ";"PDT / PRP / AVANTE";"AM";"04/07/1973";"012145152275";2;"MASCULINO";8;"SUPERIOR COMPLETO";1;"SOLTEIRO(A)";"03";"PARDA";910;"SACERDOTE OU MEMBRO DE ORDEM OU SEITA RELIGIOSA";5;"SUPLENTE"
"13/11/2024";"10:55:17";2018;2;"ELEIÇÃO ORDINÁRIA";1;297;"Eleições Gerais Estaduais 2018";"07/10/2018";"ESTADUAL";"AM";"AM";"AMAZONAS";7;"DEPUTADO ESTADUAL";40000623434;70200;"ADAIL ALVES CELESTINO";"SARGENTO ADAIL DA ACASOTA";"#NULO#";"51583305734";"NÃO DIVULGÁVEL";3;"INAPTO";"COLIGAÇÃO";70;"AVANTE";"AVANTE";-1;"#NULO#";"#NULO#";"#NULO#";40000050628;" EU VOTO NO AMAZONAS III ";"PDT / PRP / AVANTE";"RJ";"12/08/1958";"032885342224";2;"MASCULINO";8;"SUPERIOR COMPLETO";3;"CASADO(A)";"03";"PARDA";921;"MILITAR REFORMADO";4;"NÃO ELEITO"
"13/11/2024";"10:55:17";2018;2;"ELEIÇÃO ORDINÁRIA";1;297;"Eleições Gerais Estaduais 2018";"07/10/2018";"ESTADUAL";"AM";"AM";"AMAZONAS";7;"DEPUTADO ESTADUAL";40000623430;44127;"MARIA IZABEL MATOS GHARBARRAN";"TENENTE IZABEL";"#NULO#";"19251211272";"NÃO DIVULGÁVEL";12;"APTO";"COLIGAÇÃO";44;"PRP";"PARTIDO REPUBLICANO PROGRESSISTA";-1;"#NULO#";"#NULO#";"#NULO#";40000050628;" EU VOTO NO AMAZONAS III ";"PDT / PRP / AVANTE";"AM";"28/06/1964";"017503962259";4;"FEMININO";6;"ENSINO MÉDIO COMPLETO";3;"CASADO(A)";"03";"PARDA";921;"MILITAR REFORMADO";5;"SUPLENTE"
"13/11/2024";"10:55:17";2018;2;"ELEIÇÃO ORDINÁRIA";1;297;"Eleições Gerais Estaduais 2018";"07/10/2018";"ESTADUAL";"AM";"AM";"AMAZONAS";7;"DEPUTADO ESTADUAL";40000612679;54888;"MARIA DA CONCEIÇÃO ALVES MACIEL";"CONCEIÇÃO DOS EVENTOS";"#NULO#";"22972765249";"NÃO DIVULGÁVEL";12;"APTO";"COLIGAÇÃO";54;"PPL";"PARTIDO PÁTRIA LIVRE";-1;"#NULO#";"#NULO#";"#NULO#";40000050342;"EU VOTO NO AMAZONAS IV";"PP / PR / PPL / SOLIDARIEDADE";"AM";"22/02/1958";"001737232267";4;"FEMININO";6;"ENSINO MÉDIO COMPLETO";9;"DIVORCIADO(A)";"03";"PARDA";923;"APOSENTADO (EXCETO SERVIDOR PÚBLICO)";5;"SUPLENTE"
"13/11/2024";"10:55:17";2018;2;"ELEIÇÃO ORDINÁRIA";1;297;"Eleições Gerais Estaduais 2018";"07/10/2018";"ESTADUAL";"AM";"AM";"AMAZONAS";7;"DEPUTADO ESTADUAL";40000618989;40080;"CLAUDIA JANE PRADO BARBOSA";"CLAUDIA JANE";"#NULO#";"66215552291";"NÃO DIVULGÁVEL";12;"APTO";"COLIGAÇÃO";40;"PSB";"PARTIDO SOCIALISTA BRASILEIRO";-1;"#NULO#";"#NULO#";"#NULO#";40000050493;"RENOVA AMAZONAS II";"PSB / PMB / PROS";"AM";"15/05/1955";"004085782275";4;"FEMININO";6;"ENSINO MÉDIO COMPLETO";3;"CASADO(A)";"03";"PARDA";923;"APOSENTADO (EXCETO SERVIDOR PÚBLICO)";5;"SUPLENTE"
"13/11/2024";"10:55:17";2018;2;"ELEIÇÃO ORDINÁRIA";1;297;"Eleições Gerais Estaduais 2018";"07/10/2018";"ESTADUAL";"AM";"AM";"AMAZONAS";7;"DEPUTADO ESTADUAL";40000604583;51222;"CLEBESON EVANGELISTA";"CLEBER EVANGELISTA";"#NULO#";"97582689291";"NÃO DIVULGÁVEL";12;"APTO";"PARTIDO ISOLADO";51;"PATRIOTA";"PATRIOTA";-1;"#NULO#";"#NULO#";"#NULO#";40000050133;"PARTIDO ISOLADO";"PATRIOTA";"AM";"24/06/1987";"032626662259";2;"MASCULINO";8;"SUPERIOR COMPLETO";1;"SOLTEIRO(A)";"03";"PARDA";931;"ESTUDANTE, BOLSISTA, ESTAGIÁRIO E ASSEMELHADOS";4;"NÃO ELEITO"
"13/11/2024";"10:55:17";2018;2;"ELEIÇÃO ORDINÁRIA";1;297;"Eleições Gerais Estaduais 2018";"07/10/2018";"ESTADUAL";"AM";"AM";"AMAZONAS";6;"DEPUTADO FEDERAL";40000610431;3312;"CRISTIANA RODRIGUES MARINHO";"CRISS ALVORADA";"#NULO#";"59416475220";"NÃO DIVULGÁVEL";12;"APTO";"COLIGAÇÃO";33;"PMN";"PARTIDO DA MOBILIZAÇÃO NACIONAL";-1;"#NULO#";"#NULO#";"#NULO#";40000050279;"RENOVA AMAZONAS";"PODE / PMN / PSB / PROS";"AM";"21/11/1975";"015908822283";4;"FEMININO";6;"ENSINO MÉDIO COMPLETO";1;"SOLTEIRO(A)";"03";"PARDA";931;"ESTUDANTE, BOLSISTA, ESTAGIÁRIO E ASSEMELHADOS";4;"NÃO ELEITO"
"13/11/2024";"10:55:17";2018;2;"ELEIÇÃO ORDINÁRIA";1;297;"Eleições Gerais Estaduais 2018";"07/10/2018";"ESTADUAL";"AM";"AM";"AMAZONAS";7;"DEPUTADO ESTADUAL";40000629587;50663;"JHEMILI EVELIN COSTA OCCILLI";"JHEMILI";"#NULO#";"02338089227";"NÃO DIVULGÁVEL";12;"APTO";"PARTIDO ISOLADO";50;"PSOL";"PARTIDO SOCIALISMO E LIBERDADE";-1;"#NULO#";"#NULO#";"#NULO#";40000050067;"PARTIDO ISOLADO";"PSOL";"AM";"16/08/1994";"037617962267";4;"FEMININO";7;"SUPERIOR INCOMPLETO";1;"SOLTEIRO(A)";"03";"PARDA";931;"ESTUDANTE, BOLSISTA, ESTAGIÁRIO E ASSEMELHADOS";4;"NÃO ELEITO"
"13/11/2024";"10:55:17";2018;2;"ELEIÇÃO ORDINÁRIA";1;297;"Eleições Gerais Estaduais 2018";"07/10/2018";"ESTADUAL";"AM";"AM";"AMAZONAS";7;"DEPUTADO ESTADUAL";40000612636;22015;"MARIA LÚCIA SILVA CAMPELO";"LÚCIA CAMPELO";"#NULO#";"07841612249";"NÃO DIVULGÁVEL";12;"APTO";"COLIGAÇÃO";22;"PR";"PARTIDO DA REPÚBLICA";-1;"#NULO#";"#NULO#";"#NULO#";40000050342;"EU VOTO NO AMAZONAS IV";"PP / PR / PPL / SOLIDARIEDADE";"AM";"08/08/1958";"000828732240";4;"FEMININO";3;"ENSINO FUNDAMENTAL INCOMPLETO";3;"CASADO(A)";"03";"PARDA";931;"ESTUDANTE, BOLSISTA, ESTAGIÁRIO E ASSEMELHADOS";5;"SUPLENTE"
"13/11/2024";"10:55:17";2018;2;"ELEIÇÃO ORDINÁRIA";1;297;"Eleições Gerais Estaduais 2018";"07/10/2018";"ESTADUAL";"AM";"AM";"AMAZONAS";7;"DEPUTADO ESTADUAL";40000604596;51002;"JOSE DO CARMO CARDOSO SAMPAIO";"ZÉ DO CARMO";"#NULO#";"02687879215";"NÃO DIVULGÁVEL";12;"APTO";"PARTIDO ISOLADO";51;"PATRIOTA";"PATRIOTA";-1;"#NULO#";"#NULO#";"#NULO#";40000050133;"PARTIDO ISOLADO";"PATRIOTA";"AM";"14/07/1947";"008678442380";2;"MASCULINO";6;"ENSINO MÉDIO COMPLETO";9;"DIVORCIADO(A)";"03";"PARDA";999;"OUTROS";4;"NÃO ELEITO"
"13/11/2024";"10:55:17";2018;2;"ELEIÇÃO ORDINÁRIA";1;297;"Eleições Gerais Estaduais 2018";"07/10/2018";"ESTADUAL";"AM";"AM";"AMAZONAS";7;"DEPUTADO ESTADUAL";40000608883;25333;"JOÃO SILVA DA SILVA DE AQUINO";"DR. JOÃO AQUINO";"#NULO#";"04651553249";"NÃO DIVULGÁVEL";12;"APTO";"COLIGAÇÃO";25;"DEM";"DEMOCRATAS";-1;"#NULO#";"#NULO#";"#NULO#";40000050228;"AMAZONAS COM SEGURANÇA I";"PSD / PRB / DEM";"AM";"06/08/1952";"002438382208";2;"MASCULINO";6;"ENSINO MÉDIO COMPLETO";9;"DIVORCIADO(A)";"01";"BRANCA";999;"OUTROS";5;"SUPLENTE"
"13/11/2024";"10:55:17";2018;2;"ELEIÇÃO ORDINÁRIA";1;297;"Eleições Gerais Estaduais 2018";"07/10/2018";"ESTADUAL";"AM";"AM";"AMAZONAS";6;"DEPUTADO FEDERAL";40000610346;1823;"RENATO DE ALMEIDA SOUTO";"RENATO SOUTO";"#NULO#";"64577740168";"NÃO DIVULGÁVEL";12;"APTO";"COLIGAÇÃO";18;"REDE";"REDE SUSTENTABILIDADE";-1;"#NULO#";"#NULO#";"#NULO#";40000050273;"TRANSFORMAÇÃO POR UM NOVO AMAZONAS";"REDE / PSC / PRTB";"DF";"09/04/1976";"028874971082";2;"MASCULINO";6;"ENSINO MÉDIO COMPLETO";1;"SOLTEIRO(A)";"01";"BRANCA";999;"OUTROS";4;"NÃO ELEITO"
"13/11/2024";"10:55:17";2018;2;"ELEIÇÃO ORDINÁRIA";1;297;"Eleições Gerais Estaduais 2018";"07/10/2018";"ESTADUAL";"AM";"AM";"AMAZONAS";7;"DEPUTADO ESTADUAL";40000608166;36798;"FRANCISCO RIBEIRO REIS";"CHIQUINHO RIBEIRO";"#NULO#";"31525210220";"NÃO DIVULGÁVEL";12;"APTO";"COLIGAÇÃO";36;"PTC";"PARTIDO TRABALHISTA CRISTÃO";-1;"#NULO#";"#NULO#";"#NULO#";40000050212;"AMAZONAS COM SEGURANÇA II";"PSDB / PTC";"AM";"04/10/1972";"013676332240";2;"MASCULINO";6;"ENSINO MÉDIO COMPLETO";1;"SOLTEIRO(A)";"01";"BRANCA";999;"OUTROS";5;"SUPLENTE"
"13/11/2024";"10:55:17";2018;2;"ELEIÇÃO ORDINÁRIA";1;297;"Eleições Gerais Estaduais 2018";"07/10/2018";"ESTADUAL";"AM";"AM";"AMAZONAS";7;"DEPUTADO ESTADUAL";40000604590;51700;"FRANDERLICIO SOARES DOS SANTOS";"FRANDERLICIO PASTOR";"#NULO#";"33614440206";"NÃO DIVULGÁVEL";12;"APTO";"PARTIDO ISOLADO";51;"PATRIOTA";"PATRIOTA";-1;"#NULO#";"#NULO#";"#NULO#";40000050133;"PARTIDO ISOLADO";"PATRIOTA";"AM";"14/02/1967";"000013052267";2;"MASCULINO";8;"SUPERIOR COMPLETO";3;"CASADO(A)";"03";"PARDA";999;"OUTROS";4;"NÃO ELEITO"
"13/11/2024";"10:55:17";2018;2;"ELEIÇÃO ORDINÁRIA";1;297;"Eleições Gerais Estaduais 2018";"07/10/2018";"ESTADUAL";"AM";"AM";"AMAZONAS";7;"DEPUTADO ESTADUAL";40000609252;43451;"DONMARQUES ANVERES DE MENDONÇA";"DONMARQUES DON";"#NULO#";"49375652220";"NÃO DIVULGÁVEL";12;"APTO";"PARTIDO ISOLADO";43;"PV";"PARTIDO VERDE";-1;"#NULO#";"#NULO#";"#NULO#";40000050239;"PARTIDO ISOLADO";"PV";"AM";"01/06/1974";"013827032208";2;"MASCULINO";6;"ENSINO MÉDIO COMPLETO";3;"CASADO(A)";"03";"PARDA";999;"OUTROS";5;"SUPLENTE"
"13/11/2024";"10:55:17";2018;2;"ELEIÇÃO ORDINÁRIA";1;297;"Eleições Gerais Estaduais 2018";"07/10/2018";"ESTADUAL";"AM";"AM";"AMAZONAS";7;"DEPUTADO ESTADUAL";40000602434;50111;"ANGÉLISSON TENHARIN";"ANGÉLISSON TENHARIN";"#NULO#";"00888123248";"NÃO DIVULGÁVEL";12;"APTO";"PARTIDO ISOLADO";50;"PSOL";"PARTIDO SOCIALISMO E LIBERDADE";-1;"#NULO#";"#NULO#";"#NULO#";40000050067;"PARTIDO ISOLADO";"PSOL";"RO";"21/05/1991";"034236752291";2;"MASCULINO";8;"SUPERIOR COMPLETO";1;"SOLTEIRO(A)";"05";"INDÍGENA";999;"OUTROS";4;"NÃO ELEITO"
"13/11/2024";"10:55:17";2018;2;"ELEIÇÃO ORDINÁRIA";1;297;"Eleições Gerais Estaduais 2018";"07/10/2018";"ESTADUAL";"AM";"AM";"AMAZONAS";7;"DEPUTADO ESTADUAL";40000608243;19159;"RAIMUNDO OLIMPIO FURTADO NETO";"RAIMUNDO FURTADO";"#NULO#";"02674505249";"NÃO DIVULGÁVEL";12;"APTO";"COLIGAÇÃO";19;"PODE";"PODEMOS";-1;"#NULO#";"#NULO#";"#NULO#";40000050214;"PODE";"PODE";"AC";"20/04/1955";"001491472240";2;"MASCULINO";8;"SUPERIOR COMPLETO";3;"CASADO(A)";"01";"BRANCA";999;"OUTROS";5;"SUPLENTE"
"13/11/2024";"10:55:17";2018;2;"ELEIÇÃO ORDINÁRIA";1;297;"Eleições Gerais Estaduais 2018";"07/10/2018";"ESTADUAL";"AM";"AM";"AMAZONAS";7;"DEPUTADO ESTADUAL";40000618996;40024;"HAMURAB ROCHA DA COSTA FILHO";"HAMURAB ROCHA";"#NULO#";"83602836215";"NÃO DIVULGÁVEL";12;"APTO";"COLIGAÇÃO";40;"PSB";"PARTIDO SOCIALISTA BRASILEIRO";-1;"#NULO#";"#NULO#";"#NULO#";40000050493;"RENOVA AMAZONAS II";"PSB / PMB / PROS";"AM";"24/12/1986";"023110302291";2;"MASCULINO";7;"SUPERIOR INCOMPLETO";1;"SOLTEIRO(A)";"03";"PARDA";999;"OUTROS";5;"SUPLENTE"
"13/11/2024";"10:55:17";2018;2;"ELEIÇÃO ORDINÁRIA";1;297;"Eleições Gerais Estaduais 2018";"07/10/2018";"ESTADUAL";"AM";"AM";"AMAZONAS";7;"DEPUTADO ESTADUAL";40000608242;19345;"RAIMUNDO NONATO SOUSA PEREIRA COSTA";"NATO DA PESCA";"#NULO#";"23097221387";"NÃO DIVULGÁVEL";12;"APTO";"COLIGAÇÃO";19;"PODE";"PODEMOS";-1;"#NULO#";"#NULO#";"#NULO#";40000050214;"PODE";"PODE";"MA";"01/02/1964";"032004322208";2;"MASCULINO";7;"SUPERIOR INCOMPLETO";1;"SOLTEIRO(A)";"01";"BRANCA";999;"OUTROS";5;"SUPLENTE"
"13/11/2024";"10:55:17";2018;2;"ELEIÇÃO ORDINÁRIA";1;297;"Eleições Gerais Estaduais 2018";"07/10/2018";"ESTADUAL";"AM";"AM";"AMAZONAS";7;"DEPUTADO ESTADUAL";40000609298;33567;"SEBASTIÃO DA SILVA PESSOA";"NONI";"#NULO#";"41676130268";"NÃO DIVULGÁVEL";12;"APTO";"PARTIDO ISOLADO";33;"PMN";"PARTIDO DA MOBILIZAÇÃO NACIONAL";-1;"#NULO#";"#NULO#";"#NULO#";40000050241;"PARTIDO ISOLADO";"PMN";"AM";"11/03/1966";"002656882640";2;"MASCULINO";7;"SUPERIOR INCOMPLETO";3;"CASADO(A)";"01";"BRANCA";999;"OUTROS";4;"NÃO ELEITO"
"13/11/2024";"10:55:17";2018;2;"ELEIÇÃO ORDINÁRIA";1;297;"Eleições Gerais Estaduais 2018";"07/10/2018";"ESTADUAL";"AM";"AM";"AMAZONAS";6;"DEPUTADO FEDERAL";40000623412;7006;"FLAVIO TADEU TOMAS DE ARAUJO";"FLAVINHO ARAUJO";"#NULO#";"83091998215";"NÃO DIVULGÁVEL";12;"APTO";"COLIGAÇÃO";70;"AVANTE";"AVANTE";-1;"#NULO#";"#NULO#";"#NULO#";40000050626;"EU VOTO NO AMAZONAS II";"PPS / PPL / PRP / AVANTE";"AM";"25/12/1984";"022947862283";2;"MASCULINO";4;"ENSINO FUNDAMENTAL COMPLETO";1;"SOLTEIRO(A)";"03";"PARDA";999;"OUTROS";4;"NÃO ELEITO"
"13/11/2024";"10:55:17";2018;2;"ELEIÇÃO ORDINÁRIA";1;297;"Eleições Gerais Estaduais 2018";"07/10/2018";"ESTADUAL";"AM";"AM";"AMAZONAS";6;"DEPUTADO FEDERAL";40000610357;2055;"JONATHAN DE MENEZES LAVAREDA";"JONATHAN LAVAREDA";"#NULO#";"01604205202";"NÃO DIVULGÁVEL";12;"APTO";"COLIGAÇÃO";20;"PSC";"PARTIDO SOCIAL CRISTÃO";-1;"#NULO#";"#NULO#";"#NULO#";40000050273;"TRANSFORMAÇÃO POR UM NOVO AMAZONAS";"REDE / PSC / PRTB";"AM";"03/06/1996";"038546922224";2;"MASCULINO";4;"ENSINO FUNDAMENTAL COMPLETO";1;"SOLTEIRO(A)";"03";"PARDA";999;"OUTROS";4;"NÃO ELEITO"
"13/11/2024";"10:55:17";2018;2;"ELEIÇÃO ORDINÁRIA";1;297;"Eleições Gerais Estaduais 2018";"07/10/2018";"ESTADUAL";"AM";"AM";"AMAZONAS";7;"DEPUTADO ESTADUAL";40000610317;20005;"JAIANE COELHO DA SILVA";"JAIANE SILVA";"#NULO#";"03800374242";"NÃO DIVULGÁVEL";12;"APTO";"COLIGAÇÃO";20;"PSC";"PARTIDO SOCIAL CRISTÃO";-1;"#NULO#";"#NULO#";"#NULO#";40000050272;"TRANSFORMAÇÃO POR UM NOVO AMAZONAS";"REDE / PSC / PRTB";"AM";"13/08/1996";"039135062232";4;"FEMININO";8;"SUPERIOR COMPLETO";1;"SOLTEIRO(A)";"03";"PARDA";999;"OUTROS";4;"NÃO ELEITO"
"13/11/2024";"10:55:17";2018;2;"ELEIÇÃO ORDINÁRIA";1;297;"Eleições Gerais Estaduais 2018";"07/10/2018";"ESTADUAL";"AM";"AM";"AMAZONAS";10;"2º SUPLENTE";40000603708;455;"JACIRA MARIA ALVES DE SOUZA";"JACIRA SOUZA";"#NULO#";"12836052287";"NÃO DIVULGÁVEL";12;"APTO";"COLIGAÇÃO";45;"PSDB";"PARTIDO DA SOCIAL DEMOCRACIA BRASILEIRA";-1;"#NULO#";"#NULO#";"#NULO#";40000050103;"AMAZONAS COM SEGURANÇA";"PSD / PSDB / DEM / PRB / PTC / PATRIOTA";"AM";"26/02/1960";"000984512259";4;"FEMININO";6;"ENSINO MÉDIO COMPLETO";1;"SOLTEIRO(A)";"01";"BRANCA";999;"OUTROS";1;"ELEITO"
"13/11/2024";"10:55:17";2018;2;"ELEIÇÃO ORDINÁRIA";1;297;"Eleições Gerais Estaduais 2018";"07/10/2018";"ESTADUAL";"AM";"AM";"AMAZONAS";7;"DEPUTADO ESTADUAL";40000619011;40022;"DIONE DE LUCENA GOMES";"DIONE LUCENA";"#NULO#";"59418630206";"NÃO DIVULGÁVEL";12;"APTO";"COLIGAÇÃO";40;"PSB";"PARTIDO SOCIALISTA BRASILEIRO";-1;"#NULO#";"#NULO#";"#NULO#";40000050493;"RENOVA AMAZONAS II";"PSB / PMB / PROS";"AM";"26/01/1977";"016940112232";4;"FEMININO";6;"ENSINO MÉDIO COMPLETO";5;"VIÚVO(A)";"03";"PARDA";999;"OUTROS";5;"SUPLENTE"
"13/11/2024";"10:55:17";2018;2;"ELEIÇÃO ORDINÁRIA";1;297;"Eleições Gerais Estaduais 2018";"07/10/2018";"ESTADUAL";"AM";"AM";"AMAZONAS";7;"DEPUTADO ESTADUAL";40000619010;40016;"DILCE GOMES PINHEIRO";"DILCE RIBEIRO";"#NULO#";"43867782253";"NÃO DIVULGÁVEL";12;"APTO";"COLIGAÇÃO";40;"PSB";"PARTIDO SOCIALISTA BRASILEIRO";-1;"#NULO#";"#NULO#";"#NULO#";40000050493;"RENOVA AMAZONAS II";"PSB / PMB / PROS";"AM";"27/07/1965";"004455562283";4;"FEMININO";6;"ENSINO MÉDIO COMPLETO";3;"CASADO(A)";"03";"PARDA";999;"OUTROS";5;"SUPLENTE"
"13/11/2024";"10:55:17";2018;2;"ELEIÇÃO ORDINÁRIA";1;297;"Eleições Gerais Estaduais 2018";"07/10/2018";"ESTADUAL";"AM";"AM";"AMAZONAS";7;"DEPUTADO ESTADUAL";40000612671;77778;"SORAYA NEVES DA SILVA VELASQUE";"SORAYA VELASQUE";"#NULO#";"46401113200";"NÃO DIVULGÁVEL";12;"APTO";"COLIGAÇÃO";77;"SOLIDARIEDADE";"SOLIDARIEDADE";-1;"#NULO#";"#NULO#";"#NULO#";40000050342;"EU VOTO NO AMAZONAS IV";"PP / PR / PPL / SOLIDARIEDADE";"AM";"22/04/1973";"012893472216";4;"FEMININO";6;"ENSINO MÉDIO COMPLETO";3;"CASADO(A)";"01";"BRANCA";999;"OUTROS";5;"SUPLENTE"
"13/11/2024";"10:55:17";2018;2;"ELEIÇÃO ORDINÁRIA";1;297;"Eleições Gerais Estaduais 2018";"07/10/2018";"ESTADUAL";"AM";"AM";"AMAZONAS";9;"1º SUPLENTE";40000610394;180;"MURIEL SARAGOUSSI";"MURIEL SARAGOUSSI";"#NULO#";"03337544843";"NÃO DIVULGÁVEL";12;"APTO";"COLIGAÇÃO";18;"REDE";"REDE SUSTENTABILIDADE";-1;"#NULO#";"#NULO#";"#NULO#";40000050276;"TRANSFORMAÇÃO POR UM NOVO AMAZONAS";"REDE / PRTB / PSC";"SP";"14/12/1958";"006147812208";4;"FEMININO";8;"SUPERIOR COMPLETO";9;"DIVORCIADO(A)";"01";"BRANCA";101;"ENGENHEIRO";4;"NÃO ELEITO"
"13/11/2024";"10:55:17";2018;2;"ELEIÇÃO ORDINÁRIA";1;297;"Eleições Gerais Estaduais 2018";"07/10/2018";"ESTADUAL";"AM";"AM";"AMAZONAS";7;"DEPUTADO ESTADUAL";40000610330;20456;"SANCAO QUEIROZ FELIX";"DR. SAN FELIX";"#NULO#";"07498365200";"NÃO DIVULGÁVEL";12;"APTO";"COLIGAÇÃO";20;"PSC";"PARTIDO SOCIAL CRISTÃO";-1;"#NULO#";"#NULO#";"#NULO#";40000050272;"TRANSFORMAÇÃO POR UM NOVO AMAZONAS";"REDE / PSC / PRTB";"AM";"19/10/1957";"001988712291";2;"MASCULINO";8;"SUPERIOR COMPLETO";3;"CASADO(A)";"01";"BRANCA";111;"MÉDICO";4;"NÃO ELEITO"
"13/11/2024";"10:55:17";2018;2;"ELEIÇÃO ORDINÁRIA";1;297;"Eleições Gerais Estaduais 2018";"07/10/2018";"ESTADUAL";"AM";"AM";"AMAZONAS";7;"DEPUTADO ESTADUAL";40000610315;20262;"LILIANE OLIVEIRA DA SILVA";"ENFERMEIRA LILI";"#NULO#";"51382083220";"NÃO DIVULGÁVEL";12;"APTO";"COLIGAÇÃO";20;"PSC";"PARTIDO SOCIAL CRISTÃO";-1;"#NULO#";"#NULO#";"#NULO#";40000050272;"TRANSFORMAÇÃO POR UM NOVO AMAZONAS";"REDE / PSC / PRTB";"AM";"13/12/1977";"019062692291";4;"FEMININO";8;"SUPERIOR COMPLETO";3;"CASADO(A)";"01";"BRANCA";113;"ENFERMEIRO";4;"NÃO ELEITO"
"13/11/2024";"10:55:17";2018;2;"ELEIÇÃO ORDINÁRIA";1;297;"Eleições Gerais Estaduais 2018";"07/10/2018";"ESTADUAL";"AM";"AM";"AMAZONAS";7;"DEPUTADO ESTADUAL";40000610311;18555;"CECILIA LEITE MOTTA DE OLIVEIRA";"CECILIA MOTTA";"#NULO#";"11730110215";"NÃO DIVULGÁVEL";12;"APTO";"COLIGAÇÃO";18;"REDE";"REDE SUSTENTABILIDADE";-1;"#NULO#";"#NULO#";"#NULO#";40000050272;"TRANSFORMAÇÃO POR UM NOVO AMAZONAS";"REDE / PSC / PRTB";"AM";"21/07/1954";"001133602283";4;"FEMININO";8;"SUPERIOR COMPLETO";3;"CASADO(A)";"01";"BRANCA";117;"FARMACÊUTICO";4;"NÃO ELEITO"
"13/11/2024";"10:55:17";2018;2;"ELEIÇÃO ORDINÁRIA";1;297;"Eleições Gerais Estaduais 2018";"07/10/2018";"ESTADUAL";"AM";"AM";"AMAZONAS";7;"DEPUTADO ESTADUAL";40000610339;20440;"ANDREY LUCIO OLIVEIRA ARCOS";"ANDREY ARCOS";"#NULO#";"34624252268";"NÃO DIVULGÁVEL";3;"INAPTO";"COLIGAÇÃO";20;"PSC";"PARTIDO SOCIAL CRISTÃO";-1;"#NULO#";"#NULO#";"#NULO#";40000050272;"TRANSFORMAÇÃO POR UM NOVO AMAZONAS";"REDE / PSC / PRTB";"AM";"22/09/1972";"012077132259";2;"MASCULINO";8;"SUPERIOR COMPLETO";3;"CASADO(A)";"03";"PARDA";124;"CONTADOR";4;"NÃO ELEITO"
"13/11/2024";"10:55:17";2018;2;"ELEIÇÃO ORDINÁRIA";1;297;"Eleições Gerais Estaduais 2018";"07/10/2018";"ESTADUAL";"AM";"AM";"AMAZONAS";7;"DEPUTADO ESTADUAL";40000623445;70144;"JOÃO MENDES DA FONSECA JUNIOR";"JANJÃO";"#NULO#";"18006728291";"NÃO DIVULGÁVEL";12;"APTO";"COLIGAÇÃO";70;"AVANTE";"AVANTE";-1;"#NULO#";"#NULO#";"#NULO#";40000050628;" EU VOTO NO AMAZONAS III ";"PDT / PRP / AVANTE";"AM";"05/11/1963";"000921972216";2;"MASCULINO";8;"SUPERIOR COMPLETO";3;"CASADO(A)";"03";"PARDA";125;"ADMINISTRADOR";5;"SUPLENTE"
"13/11/2024";"10:55:17";2018;2;"ELEIÇÃO ORDINÁRIA";1;297;"Eleições Gerais Estaduais 2018";"07/10/2018";"ESTADUAL";"AM";"AM";"AMAZONAS";6;"DEPUTADO FEDERAL";40000623406;5454;"JADSON HONORIO DOS SANTOS";"JADSON HONORIO";"#NULO#";"87714140291";"NÃO DIVULGÁVEL";12;"APTO";"COLIGAÇÃO";54;"PPL";"PARTIDO PÁTRIA LIVRE";-1;"#NULO#";"#NULO#";"#NULO#";40000050626;"EU VOTO NO AMAZONAS II";"PPS / PPL / PRP / AVANTE";"AM";"01/11/1987";"023490842259";2;"MASCULINO";8;"SUPERIOR COMPLETO";3;"CASADO(A)";"01";"BRANCA";125;"ADMINISTRADOR";4;"NÃO ELEITO"
"13/11/2024";"10:55:17";2018;2;"ELEIÇÃO ORDINÁRIA";1;297;"Eleições Gerais Estaduais 2018";"07/10/2018";"ESTADUAL";"AM";"AM";"AMAZONAS";7;"DEPUTADO ESTADUAL";40000618988;40045;"CAROLINA NASCIMENTO BEZERRA";"CAROLINA BEZERRA";"#NULO#";"51612895204";"NÃO DIVULGÁVEL";12;"APTO";"COLIGAÇÃO";40;"PSB";"PARTIDO SOCIALISTA BRASILEIRO";-1;"#NULO#";"#NULO#";"#NULO#";40000050493;"RENOVA AMAZONAS II";"PSB / PMB / PROS";"AM";"01/06/1979";"020043022232";4;"FEMININO";8;"SUPERIOR COMPLETO";9;"DIVORCIADO(A)";"03";"PARDA";125;"ADMINISTRADOR";5;"SUPLENTE"
"13/11/2024";"10:55:17";2018;2;"ELEIÇÃO ORDINÁRIA";1;297;"Eleições Gerais Estaduais 2018";"07/10/2018";"ESTADUAL";"AM";"AM";"AMAZONAS";4;"VICE-GOVERNADOR";40000604137;40;"FRANCISCO JORGE RIBEIRO GUIMARÃES";"JORGE GUIMARÃES";"#NULO#";"13851551249";"NÃO DIVULGÁVEL";3;"INAPTO";"COLIGAÇÃO";13;"PT";"PARTIDO DOS TRABALHADORES";-1;"#NULO#";"#NULO#";"#NULO#";40000050119;"RENOVA AMAZONAS";"PODE / PMN / PMB / PSB / PROS / PT";"AM";"04/05/1962";"003594452291";2;"MASCULINO";8;"SUPERIOR COMPLETO";9;"DIVORCIADO(A)";"03";"PARDA";131;"ADVOGADO";-1;"#NULO#"
"13/11/2024";"10:55:17";2018;2;"ELEIÇÃO ORDINÁRIA";1;297;"Eleições Gerais Estaduais 2018";"07/10/2018";"ESTADUAL";"AM";"AM";"AMAZONAS";9;"1º SUPLENTE";40000629896;656;"THIAGO MEDEIROS";"THIAGO MEDEIROS";"#NULO#";"05554978606";"NÃO DIVULGÁVEL";12;"APTO";"COLIGAÇÃO";13;"PT";"PARTIDO DOS TRABALHADORES";-1;"#NULO#";"#NULO#";"#NULO#";40000050768;"O POVO FELIZ DE NOVO";"PC do B / PT";"AM";"08/02/1984";"140081670248";2;"MASCULINO";8;"SUPERIOR COMPLETO";1;"SOLTEIRO(A)";"03";"PARDA";131;"ADVOGADO";4;"NÃO ELEITO"
"13/11/2024";"10:55:17";2018;2;"ELEIÇÃO ORDINÁRIA";1;297;"Eleições Gerais Estaduais 2018";"07/10/2018";"ESTADUAL";"AM";"AM";"AMAZONAS";7;"DEPUTADO ESTADUAL";40000629603;17123;"JÂNIO HELDER GOMES LOPES";"DR. JÂNIO";"#NULO#";"12008974200";"NÃO DIVULGÁVEL";12;"APTO";"COLIGAÇÃO";17;"PSL";"PARTIDO SOCIAL LIBERAL";-1;"#NULO#";"#NULO#";"#NULO#";40000050463;"EU VOTO NO AMAZONAS V";"PHS / PTB / PSL";"AM";"03/10/1960";"001610022232";2;"MASCULINO";8;"SUPERIOR COMPLETO";3;"CASADO(A)";"03";"PARDA";131;"ADVOGADO";5;"SUPLENTE"
"13/11/2024";"10:55:17";2018;2;"ELEIÇÃO ORDINÁRIA";1;297;"Eleições Gerais Estaduais 2018";"07/10/2018";"ESTADUAL";"AM";"AM";"AMAZONAS";7;"DEPUTADO ESTADUAL";40000618981;40400;"SERAFIM FERNANDES CORRÊA";"SERAFIM CORRÊA";"#NULO#";"00153958200";"NÃO DIVULGÁVEL";12;"APTO";"COLIGAÇÃO";40;"PSB";"PARTIDO SOCIALISTA BRASILEIRO";-1;"#NULO#";"#NULO#";"#NULO#";40000050493;"RENOVA AMAZONAS II";"PSB / PMB / PROS";"AM";"03/04/1947";"004968442216";2;"MASCULINO";8;"SUPERIOR COMPLETO";3;"CASADO(A)";"01";"BRANCA";131;"ADVOGADO";2;"ELEITO POR QP"
"13/11/2024";"10:55:17";2018;2;"ELEIÇÃO ORDINÁRIA";1;297;"Eleições Gerais Estaduais 2018";"07/10/2018";"ESTADUAL";"AM";"AM";"AMAZONAS";7;"DEPUTADO ESTADUAL";40000618999;40456;"JUSCELINO MELO MANSO";"JUSCELINO";"#NULO#";"18648088291";"NÃO DIVULGÁVEL";12;"APTO";"COLIGAÇÃO";40;"PSB";"PARTIDO SOCIALISTA BRASILEIRO";-1;"#NULO#";"#NULO#";"#NULO#";40000050493;"RENOVA AMAZONAS II";"PSB / PMB / PROS";"AM";"27/06/1962";"005485922240";2;"MASCULINO";8;"SUPERIOR COMPLETO";3;"CASADO(A)";"01";"BRANCA";131;"ADVOGADO";5;"SUPLENTE"
"13/11/2024";"10:55:17";2018;2;"ELEIÇÃO ORDINÁRIA";1;297;"Eleições Gerais Estaduais 2018";"07/10/2018";"ESTADUAL";"AM";"AM";"AMAZONAS";7;"DEPUTADO ESTADUAL";40000617478;31678;"ADRIANE CRISTINE CABRAL MAGALHAES";"ADRIANE MAGALHAES";"#NULO#";"67159028287";"NÃO DIVULGÁVEL";12;"APTO";"COLIGAÇÃO";31;"PHS";"PARTIDO HUMANISTA DA SOLIDARIEDADE";-1;"#NULO#";"#NULO#";"#NULO#";40000050463;"EU VOTO NO AMAZONAS V";"PHS / PTB / PSL";"PE";"06/08/1980";"019416622283";4;"FEMININO";8;"SUPERIOR COMPLETO";1;"SOLTEIRO(A)";"03";"PARDA";131;"ADVOGADO";5;"SUPLENTE"
"13/11/2024";"10:55:17";2018;2;"ELEIÇÃO ORDINÁRIA";1;297;"Eleições Gerais Estaduais 2018";"07/10/2018";"ESTADUAL";"AM";"AM";"AMAZONAS";7;"DEPUTADO ESTADUAL";40000604622;51050;"FRANCISCA DOS SANTOS DE CARVALHO";"FRANCISCA DO SOCIAL";"#NULO#";"19339291204";"NÃO DIVULGÁVEL";12;"APTO";"PARTIDO ISOLADO";51;"PATRIOTA";"PATRIOTA";-1;"#NULO#";"#NULO#";"#NULO#";40000050133;"PARTIDO ISOLADO";"PATRIOTA";"AM";"09/03/1963";"001611892259";4;"FEMININO";8;"SUPERIOR COMPLETO";1;"SOLTEIRO(A)";"01";"BRANCA";134;"ASSISTENTE SOCIAL";4;"NÃO ELEITO"
"13/11/2024";"10:55:17";2018;2;"ELEIÇÃO ORDINÁRIA";1;297;"Eleições Gerais Estaduais 2018";"07/10/2018";"ESTADUAL";"AM";"AM";"AMAZONAS";7;"DEPUTADO ESTADUAL";40000618301;27222;"MARIA ICLEIA RAMOS DA SILVA";"ICLEIA RAMOS";"#NULO#";"40492583234";"NÃO DIVULGÁVEL";12;"APTO";"COLIGAÇÃO";27;"DC";"DEMOCRACIA CRISTÃ";-1;"#NULO#";"#NULO#";"#NULO#";40000050474;"POR UM AMAZONAS MELHOR";"MDB / DC";"AM";"27/02/1957";"006087832232";4;"FEMININO";8;"SUPERIOR COMPLETO";1;"SOLTEIRO(A)";"01";"BRANCA";134;"ASSISTENTE SOCIAL";5;"SUPLENTE"
"13/11/2024";"10:55:17";2018;2;"ELEIÇÃO ORDINÁRIA";1;297;"Eleições Gerais Estaduais 2018";"07/10/2018";"ESTADUAL";"AM";"AM";"AMAZONAS";7;"DEPUTADO ESTADUAL";40000608175;36123;"SHEYLA CRISTINA BRANCO MUSTAFA SALES";"SHEYLA MUSTAFA";"#NULO#";"56199287215";"NÃO DIVULGÁVEL";12;"APTO";"COLIGAÇÃO";36;"PTC";"PARTIDO TRABALHISTA CRISTÃO";-1;"#NULO#";"#NULO#";"#NULO#";40000050212;"AMAZONAS COM SEGURANÇA II";"PSDB / PTC";"AM";"18/04/1977";"018299382259";4;"FEMININO";8;"SUPERIOR COMPLETO";1;"SOLTEIRO(A)";"02";"PRETA";134;"ASSISTENTE SOCIAL";5;"SUPLENTE"
"13/11/2024";"10:55:17";2018;2;"ELEIÇÃO ORDINÁRIA";1;297;"Eleições Gerais Estaduais 2018";"07/10/2018";"ESTADUAL";"AM";"AM";"AMAZONAS";7;"DEPUTADO ESTADUAL";40000610308;18026;"HAMILTON PEREIRA RODRIGUES";"HAMILTON RODRIGUES";"#NULO#";"56668180230";"NÃO DIVULGÁVEL";12;"APTO";"COLIGAÇÃO";18;"REDE";"REDE SUSTENTABILIDADE";-1;"#NULO#";"#NULO#";"#NULO#";40000050272;"TRANSFORMAÇÃO POR UM NOVO AMAZONAS";"REDE / PSC / PRTB";"AM";"03/04/1976";"016140042240";2;"MASCULINO";8;"SUPERIOR COMPLETO";1;"SOLTEIRO(A)";"02";"PRETA";142;"PROFESSOR DE ENSINO SUPERIOR";4;"NÃO ELEITO"
"13/11/2024";"10:55:17";2018;2;"ELEIÇÃO ORDINÁRIA";1;297;"Eleições Gerais Estaduais 2018";"07/10/2018";"ESTADUAL";"AM";"AM";"AMAZONAS";7;"DEPUTADO ESTADUAL";40000608214;13000;"HAROLDO CRUZ NEVES";"HAROLDO NEVES";"#NULO#";"13567454234";"NÃO DIVULGÁVEL";12;"APTO";"COLIGAÇÃO";13;"PT";"PARTIDO DOS TRABALHADORES";-1;"#NULO#";"#NULO#";"#NULO#";40000050768;"O POVO FELIZ DE NOVO";"PC do B / PT";"AM";"04/12/1960";"002308992216";2;"MASCULINO";6;"ENSINO MÉDIO COMPLETO";3;"CASADO(A)";"03";"PARDA";151;"TÉCNICO CONTABILIDADE, ESTATÍSTICA, ECONOMIA DOMÉSTICA E ADMINISTRAÇÃO";5;"SUPLENTE"
"13/11/2024";"10:55:17";2018;2;"ELEIÇÃO ORDINÁRIA";1;297;"Eleições Gerais Estaduais 2018";"07/10/2018";"ESTADUAL";"AM";"AM";"AMAZONAS";7;"DEPUTADO ESTADUAL";40000629504;50180;"MARIA DO SOCORRO PEREIRA DE SOUZA";"SOCORRO PEREIRA";"#NULO#";"40708683215";"NÃO DIVULGÁVEL";12;"APTO";"PARTIDO ISOLADO";50;"PSOL";"PARTIDO SOCIALISMO E LIBERDADE";-1;"#NULO#";"#NULO#";"#NULO#";40000050067;"PARTIDO ISOLADO";"PSOL";"AM";"02/11/1967";"005362742216";4;"FEMININO";6;"ENSINO MÉDIO COMPLETO";1;"SOLTEIRO(A)";"03";"PARDA";151;"TÉCNICO CONTABILIDADE, ESTATÍSTICA, ECONOMIA DOMÉSTICA E ADMINISTRAÇÃO";4;"NÃO ELEITO"
"13/11/2024";"10:55:17";2018;2;"ELEIÇÃO ORDINÁRIA";1;297;"Eleições Gerais Estaduais 2018";"07/10/2018";"ESTADUAL";"AM";"AM";"AMAZONAS";6;"DEPUTADO FEDERAL";40000602411;5000;"MICHELLE BARBOSA ANDREWS";"MICHELLE ANDREWS";"#NULO#";"79499449272";"NÃO DIVULGÁVEL";12;"APTO";"PARTIDO ISOLADO";50;"PSOL";"PARTIDO SOCIALISMO E LIBERDADE";-1;"#NULO#";"#NULO#";"#NULO#";40000050067;"PARTIDO ISOLADO";"PSOL";"AM";"18/09/1984";"023672042283";4;"FEMININO";4;"ENSINO FUNDAMENTAL COMPLETO";1;"SOLTEIRO(A)";"02";"PRETA";161;"PRODUTOR DE ESPETÁCULOS PÚBLICOS";4;"NÃO ELEITO"
"13/11/2024";"10:55:17";2018;2;"ELEIÇÃO ORDINÁRIA";1;297;"Eleições Gerais Estaduais 2018";"07/10/2018";"ESTADUAL";"AM";"AM";"AMAZONAS";7;"DEPUTADO ESTADUAL";40000609293;33900;"JOSIAS PEREIRA HENRIQUE";"JP";"#NULO#";"32034997204";"NÃO DIVULGÁVEL";12;"APTO";"PARTIDO ISOLADO";33;"PMN";"PARTIDO DA MOBILIZAÇÃO NACIONAL";-1;"#NULO#";"#NULO#";"#NULO#";40000050241;"PARTIDO ISOLADO";"PMN";"AM";"25/12/1968";"010140462283";2;"MASCULINO";2;"LÊ E ESCREVE";1;"SOLTEIRO(A)";"03";"PARDA";169;"COMERCIANTE";4;"NÃO ELEITO"
"13/11/2024";"10:55:17";2018;2;"ELEIÇÃO ORDINÁRIA";1;297;"Eleições Gerais Estaduais 2018";"07/10/2018";"ESTADUAL";"AM";"AM";"AMAZONAS";7;"DEPUTADO ESTADUAL";40000612655;22456;"EDUARDO JOSE CAVALCANTI MONTEIRO DE PAULA";"DUDU MONTEIRO DE PAULA";"#NULO#";"02678691268";"NÃO DIVULGÁVEL";12;"APTO";"COLIGAÇÃO";22;"PR";"PARTIDO DA REPÚBLICA";-1;"#NULO#";"#NULO#";"#NULO#";40000050342;"EU VOTO NO AMAZONAS IV";"PP / PR / PPL / SOLIDARIEDADE";"PE";"02/06/1950";"005158942208";2;"MASCULINO";8;"SUPERIOR COMPLETO";1;"SOLTEIRO(A)";"03";"PARDA";171;"JORNALISTA E REDATOR";5;"SUPLENTE"
"13/11/2024";"10:55:17";2018;2;"ELEIÇÃO ORDINÁRIA";1;297;"Eleições Gerais Estaduais 2018";"07/10/2018";"ESTADUAL";"AM";"AM";"AMAZONAS";7;"DEPUTADO ESTADUAL";40000610304;18012;"JOSÉ FRANCISCO DE ARAÚJO";"FRANCISCO ARAÚJO";"#NULO#";"66088097272";"NÃO DIVULGÁVEL";12;"APTO";"COLIGAÇÃO";18;"REDE";"REDE SUSTENTABILIDADE";-1;"#NULO#";"#NULO#";"#NULO#";40000050272;"TRANSFORMAÇÃO POR UM NOVO AMAZONAS";"REDE / PSC / PRTB";"PA";"15/01/1981";"019728222208";2;"MASCULINO";6;"ENSINO MÉDIO COMPLETO";3;"CASADO(A)";"03";"PARDA";190;"FOTÓGRAFO E ASSEMELHADOS";4;"NÃO ELEITO"
"13/11/2024";"10:55:17";2018;2;"ELEIÇÃO ORDINÁRIA";1;297;"Eleições Gerais Estaduais 2018";"07/10/2018";"ESTADUAL";"AM";"AM";"AMAZONAS";7;"DEPUTADO ESTADUAL";40000617499;31651;"SILDOMAR ABTIBOL";"SILDOMAR ABTIBOL";"#NULO#";"15364860272";"NÃO DIVULGÁVEL";12;"APTO";"COLIGAÇÃO";31;"PHS";"PARTIDO HUMANISTA DA SOLIDARIEDADE";-1;"#NULO#";"#NULO#";"#NULO#";40000050463;"EU VOTO NO AMAZONAS V";"PHS / PTB / PSL";"AM";"23/07/1961";"006267412267";2;"MASCULINO";6;"ENSINO MÉDIO COMPLETO";3;"CASADO(A)";"03";"PARDA";206;"INDUSTRIAL";5;"SUPLENTE"
"13/11/2024";"10:55:17";2018;2;"ELEIÇÃO ORDINÁRIA";1;297;"Eleições Gerais Estaduais 2018";"07/10/2018";"ESTADUAL";"AM";"AM";"AMAZONAS";7;"DEPUTADO ESTADUAL";40000618306;27122;"RAIMUNDO NONATO TEIXEIRA DE SALES";"NONATO SALES";"#NULO#";"40761169253";"NÃO DIVULGÁVEL";12;"APTO";"COLIGAÇÃO";27;"DC";"DEMOCRACIA CRISTÃ";-1;"#NULO#";"#NULO#";"#NULO#";40000050474;"POR UM AMAZONAS MELHOR";"MDB / DC";"AM";"02/11/1970";"015110382291";2;"MASCULINO";6;"ENSINO MÉDIO COMPLETO";3;"CASADO(A)";"03";"PARDA";228;"PADEIRO, CONFEITEIRO E ASSEMELHADOS";5;"SUPLENTE"
"13/11/2024";"10:55:17";2018;2;"ELEIÇÃO ORDINÁRIA";1;297;"Eleições Gerais Estaduais 2018";"07/10/2018";"ESTADUAL";"AM";"AM";"AMAZONAS";7;"DEPUTADO ESTADUAL";40000608203;13131;"CRISTIANE AMARAL SALES TELLES";"CRISTIANE SALES";"#NULO#";"47495618272";"NÃO DIVULGÁVEL";12;"APTO";"COLIGAÇÃO";13;"PT";"PARTIDO DOS TRABALHADORES";-1;"#NULO#";"#NULO#";"#NULO#";40000050768;"O POVO FELIZ DE NOVO";"PC do B / PT";"AM";"29/09/1967";"002350162259";4;"FEMININO";8;"SUPERIOR COMPLETO";3;"CASADO(A)";"02";"PRETA";230;"PEDAGOGO";4;"NÃO ELEITO"
"13/11/2024";"10:55:17";2018;2;"ELEIÇÃO ORDINÁRIA";1;297;"Eleições Gerais Estaduais 2018";"07/10/2018";"ESTADUAL";"AM";"AM";"AMAZONAS";6;"DEPUTADO FEDERAL";40000608904;1000;"ALBERTO BARROS CAVALCANTE NETO";"CAPITÃO ALBERTO NETO";"#NULO#";"66397545334";"NÃO DIVULGÁVEL";12;"APTO";"COLIGAÇÃO";10;"PRB";"PARTIDO REPUBLICANO BRASILEIRO";-1;"#NULO#";"#NULO#";"#NULO#";40000050229;"AMAZONAS COM SEGURANÇA ";"PSD / PRB / DEM / PTC / PSDB";"CE";"05/05/1982";"055265600701";2;"MASCULINO";8;"SUPERIOR COMPLETO";3;"CASADO(A)";"03";"PARDA";233;"POLICIAL MILITAR";2;"ELEITO POR QP"
"13/11/2024";"10:55:17";2018;2;"ELEIÇÃO ORDINÁRIA";1;297;"Eleições Gerais Estaduais 2018";"07/10/2018";"ESTADUAL";"AM";"AM";"AMAZONAS";7;"DEPUTADO ESTADUAL";40000609271;43788;"JOSÉ MARIO COSTA PEREIRA";"SGT. MARIO COSTA";"#NULO#";"44122160200";"NÃO DIVULGÁVEL";12;"APTO";"PARTIDO ISOLADO";43;"PV";"PARTIDO VERDE";-1;"#NULO#";"#NULO#";"#NULO#";40000050239;"PARTIDO ISOLADO";"PV";"PA";"05/02/1972";"012823832208";2;"MASCULINO";8;"SUPERIOR COMPLETO";3;"CASADO(A)";"03";"PARDA";233;"POLICIAL MILITAR";5;"SUPLENTE"
"13/11/2024";"10:55:17";2018;2;"ELEIÇÃO ORDINÁRIA";1;297;"Eleições Gerais Estaduais 2018";"07/10/2018";"ESTADUAL";"AM";"AM";"AMAZONAS";7;"DEPUTADO ESTADUAL";40000629999;14000;"ROSINALDA DA FONSECA MOREIRA";"ROSINALDA FONSECA";"#NULO#";"43918611272";"NÃO DIVULGÁVEL";3;"INAPTO";"COLIGAÇÃO";14;"PTB";"PARTIDO TRABALHISTA BRASILEIRO";-1;"#NULO#";"#NULO#";"#NULO#";40000050463;"EU VOTO NO AMAZONAS V";"PHS / PTB / PSL";"AM";"09/12/1974";"013613042291";4;"FEMININO";6;"ENSINO MÉDIO COMPLETO";3;"CASADO(A)";"03";"PARDA";243;"TÉCNICO DE ENFERMAGEM E ASSEMELHADOS (EXCETO ENFERMEIRO)";4;"NÃO ELEITO"
"13/11/2024";"10:55:17";2018;2;"ELEIÇÃO ORDINÁRIA";1;297;"Eleições Gerais Estaduais 2018";"07/10/2018";"ESTADUAL";"AM";"AM";"AMAZONAS";7;"DEPUTADO ESTADUAL";40000628198;19888;"JONENILSON BARBOSA CAMPOS";"J. BARBOSA";"#NULO#";"47513381291";"NÃO DIVULGÁVEL";12;"APTO";"COLIGAÇÃO";19;"PODE";"PODEMOS";-1;"#NULO#";"#NULO#";"#NULO#";40000050214;"PODE";"PODE";"PA";"17/11/1972";"019400461325";2;"MASCULINO";6;"ENSINO MÉDIO COMPLETO";3;"CASADO(A)";"03";"PARDA";254;"VIGILANTE";5;"SUPLENTE"
"13/11/2024";"10:55:17";2018;2;"ELEIÇÃO ORDINÁRIA";1;297;"Eleições Gerais Estaduais 2018";"07/10/2018";"ESTADUAL";"AM";"AM";"AMAZONAS";7;"DEPUTADO ESTADUAL";40000602425;50200;"JOSÉ FREITAS DE CASTRO JÚNIOR";"JOSÉ FREITAS";"#NULO#";"56822260200";"NÃO DIVULGÁVEL";12;"APTO";"PARTIDO ISOLADO";50;"PSOL";"PARTIDO SOCIALISMO E LIBERDADE";-1;"#NULO#";"#NULO#";"#NULO#";40000050067;"PARTIDO ISOLADO";"PSOL";"AM";"31/07/1974";"016341502232";2;"MASCULINO";6;"ENSINO MÉDIO COMPLETO";3;"CASADO(A)";"01";"BRANCA";254;"VIGILANTE";4;"NÃO ELEITO"
"13/11/2024";"10:55:17";2018;2;"ELEIÇÃO ORDINÁRIA";1;297;"Eleições Gerais Estaduais 2018";"07/10/2018";"ESTADUAL";"AM";"AM";"AMAZONAS";6;"DEPUTADO FEDERAL";40000602408;5052;"JOSÉ ERALDO AMORIM MUNIZ";"ERALDO MUNIZ";"#NULO#";"34300724253";"NÃO DIVULGÁVEL";3;"INAPTO";"PARTIDO ISOLADO";50;"PSOL";"PARTIDO SOCIALISMO E LIBERDADE";-1;"#NULO#";"#NULO#";"#NULO#";40000050067;"PARTIDO ISOLADO";"PSOL";"AM";"10/08/1963";"001591702232";2;"MASCULINO";3;"ENSINO FUNDAMENTAL INCOMPLETO";1;"SOLTEIRO(A)";"03";"PARDA";254;"VIGILANTE";4;"NÃO ELEITO"
"13/11/2024";"10:55:17";2018;2;"ELEIÇÃO ORDINÁRIA";1;297;"Eleições Gerais Estaduais 2018";"07/10/2018";"ESTADUAL";"AM";"AM";"AMAZONAS";6;"DEPUTADO FEDERAL";40000623408;4444;"ELIAS TORRES DA SILVA";"ELIAS TORRES";"#NULO#";"57737762191";"NÃO DIVULGÁVEL";12;"APTO";"COLIGAÇÃO";44;"PRP";"PARTIDO REPUBLICANO PROGRESSISTA";-1;"#NULO#";"#NULO#";"#NULO#";40000050626;"EU VOTO NO AMAZONAS II";"PPS / PPL / PRP / AVANTE";"AM";"14/11/1973";"028646431066";2;"MASCULINO";6;"ENSINO MÉDIO COMPLETO";1;"SOLTEIRO(A)";"01";"BRANCA";257;"EMPRESÁRIO";4;"NÃO ELEITO"
"13/11/2024";"10:55:17";2018;2;"ELEIÇÃO ORDINÁRIA";1;297;"Eleições Gerais Estaduais 2018";"07/10/2018";"ESTADUAL";"AM";"AM";"AMAZONAS";7;"DEPUTADO ESTADUAL";40000612651;77000;"ROSSY MARINHO AMOEDO";"ROSSY AMOEDO";"#NULO#";"59996455220";"NÃO DIVULGÁVEL";12;"APTO";"COLIGAÇÃO";77;"SOLIDARIEDADE";"SOLIDARIEDADE";-1;"#NULO#";"#NULO#";"#NULO#";40000050342;"EU VOTO NO AMAZONAS IV";"PP / PR / PPL / SOLIDARIEDADE";"AM";"23/06/1977";"016456592291";2;"MASCULINO";6;"ENSINO MÉDIO COMPLETO";1;"SOLTEIRO(A)";"03";"PARDA";257;"EMPRESÁRIO";5;"SUPLENTE"
"13/11/2024";"10:55:17";2018;2;"ELEIÇÃO ORDINÁRIA";1;297;"Eleições Gerais Estaduais 2018";"07/10/2018";"ESTADUAL";"AM";"AM";"AMAZONAS";7;"DEPUTADO ESTADUAL";40000608164;36789;"CLEUCIRLEI PEREIRA DOS PASSOS";"CLEUSON PASSOS";"#NULO#";"84729082249";"NÃO DIVULGÁVEL";3;"INAPTO";"COLIGAÇÃO";36;"PTC";"PARTIDO TRABALHISTA CRISTÃO";-1;"#NULO#";"#NULO#";"#NULO#";40000050212;"AMAZONAS COM SEGURANÇA II";"PSDB / PTC";"PA";"04/11/1981";"023245962240";2;"MASCULINO";6;"ENSINO MÉDIO COMPLETO";1;"SOLTEIRO(A)";"01";"BRANCA";257;"EMPRESÁRIO";4;"NÃO ELEITO"
"13/11/2024";"10:55:17";2018;2;"ELEIÇÃO ORDINÁRIA";1;297;"Eleições Gerais Estaduais 2018";"07/10/2018";"ESTADUAL";"AM";"AM";"AMAZONAS";7;"DEPUTADO ESTADUAL";40000623427;44369;"JEOVAM JORGE MARTINIANO BARBOSA";"JB JEOVAM BARBOSA";"#NULO#";"19318715234";"NÃO DIVULGÁVEL";12;"APTO";"COLIGAÇÃO";44;"PRP";"PARTIDO REPUBLICANO PROGRESSISTA";-1;"#NULO#";"#NULO#";"#NULO#";40000050628;" EU VOTO NO AMAZONAS III ";"PDT / PRP / AVANTE";"AM";"21/10/1963";"000604162208";2;"MASCULINO";6;"ENSINO MÉDIO COMPLETO";3;"CASADO(A)";"03";"PARDA";257;"EMPRESÁRIO";5;"SUPLENTE"
"13/11/2024";"10:55:17";2018;2;"ELEIÇÃO ORDINÁRIA";1;297;"Eleições Gerais Estaduais 2018";"07/10/2018";"ESTADUAL";"AM";"AM";"AMAZONAS";7;"DEPUTADO ESTADUAL";40000617505;17456;"EDUARDO BALDOINO DA COSTA";"EDUARDO COSTA";"#NULO#";"83703411287";"NÃO DIVULGÁVEL";12;"APTO";"COLIGAÇÃO";17;"PSL";"PARTIDO SOCIAL LIBERAL";-1;"#NULO#";"#NULO#";"#NULO#";40000050463;"EU VOTO NO AMAZONAS V";"PHS / PTB / PSL";"AM";"04/02/1985";"023130792224";2;"MASCULINO";8;"SUPERIOR COMPLETO";1;"SOLTEIRO(A)";"01";"BRANCA";257;"EMPRESÁRIO";5;"SUPLENTE"
"13/11/2024";"10:55:17";2018;2;"ELEIÇÃO ORDINÁRIA";1;297;"Eleições Gerais Estaduais 2018";"07/10/2018";"ESTADUAL";"AM";"AM";"AMAZONAS";6;"DEPUTADO FEDERAL";40000623411;7000;"GUSTAVO ALEXANDRE PEREIRA GARCIA";"GUSTAVO GARCIA";"#NULO#";"00879768207";"NÃO DIVULGÁVEL";12;"APTO";"COLIGAÇÃO";70;"AVANTE";"AVANTE";-1;"#NULO#";"#NULO#";"#NULO#";40000050626;"EU VOTO NO AMAZONAS II";"PPS / PPL / PRP / AVANTE";"MT";"13/04/1992";"036088642216";2;"MASCULINO";8;"SUPERIOR COMPLETO";3;"CASADO(A)";"01";"BRANCA";257;"EMPRESÁRIO";4;"NÃO ELEITO"
"13/11/2024";"10:55:17";2018;2;"ELEIÇÃO ORDINÁRIA";1;297;"Eleições Gerais Estaduais 2018";"07/10/2018";"ESTADUAL";"AM";"AM";"AMAZONAS";7;"DEPUTADO ESTADUAL";40000612637;22022;"LUIZ AMERICO BARBOSA DE FREITAS";"LUIZ AMERICO";"#NULO#";"02181127425";"NÃO DIVULGÁVEL";12;"APTO";"COLIGAÇÃO";22;"PR";"PARTIDO DA REPÚBLICA";-1;"#NULO#";"#NULO#";"#NULO#";40000050342;"EU VOTO NO AMAZONAS IV";"PP / PR / PPL / SOLIDARIEDADE";"AM";"09/11/1975";"016329001678";2;"MASCULINO";8;"SUPERIOR COMPLETO";3;"CASADO(A)";"01";"BRANCA";257;"EMPRESÁRIO";5;"SUPLENTE"
"13/11/2024";"10:55:17";2018;2;"ELEIÇÃO ORDINÁRIA";1;297;"Eleições Gerais Estaduais 2018";"07/10/2018";"ESTADUAL";"AM";"AM";"AMAZONAS";6;"DEPUTADO FEDERAL";40000618320;2777;"JEAN NEDER MARTINIANO BARBOSA";"JEAN NEDER";"#NULO#";"33717443291";"NÃO DIVULGÁVEL";12;"APTO";"COLIGAÇÃO";27;"DC";"DEMOCRACIA CRISTÃ";-1;"#NULO#";"#NULO#";"#NULO#";40000050474;"POR UM AMAZONAS MELHOR";"MDB / DC";"AM";"30/12/1968";"015613112291";2;"MASCULINO";7;"SUPERIOR INCOMPLETO";3;"CASADO(A)";"01";"BRANCA";257;"EMPRESÁRIO";4;"NÃO ELEITO"
"13/11/2024";"10:55:17";2018;2;"ELEIÇÃO ORDINÁRIA";1;297;"Eleições Gerais Estaduais 2018";"07/10/2018";"ESTADUAL";"AM";"AM";"AMAZONAS";7;"DEPUTADO ESTADUAL";40000610338;20000;"FABIO COUTINHO DE FARIA E CUNHA";"FABIO CUNHA";"#NULO#";"02890502783";"NÃO DIVULGÁVEL";12;"APTO";"COLIGAÇÃO";20;"PSC";"PARTIDO SOCIAL CRISTÃO";-1;"#NULO#";"#NULO#";"#NULO#";40000050272;"TRANSFORMAÇÃO POR UM NOVO AMAZONAS";"REDE / PSC / PRTB";"AM";"09/04/1973";"078691270337";2;"MASCULINO";7;"SUPERIOR INCOMPLETO";3;"CASADO(A)";"01";"BRANCA";257;"EMPRESÁRIO";4;"NÃO ELEITO"
"13/11/2024";"10:55:17";2018;2;"ELEIÇÃO ORDINÁRIA";1;297;"Eleições Gerais Estaduais 2018";"07/10/2018";"ESTADUAL";"AM";"AM";"AMAZONAS";7;"DEPUTADO ESTADUAL";40000610301;18356;"RENATO NASCIMENTO DE CASTRO";"RENATO CASTRO DO VIVER MELHOR";"#NULO#";"59693800249";"NÃO DIVULGÁVEL";12;"APTO";"COLIGAÇÃO";18;"REDE";"REDE SUSTENTABILIDADE";-1;"#NULO#";"#NULO#";"#NULO#";40000050272;"TRANSFORMAÇÃO POR UM NOVO AMAZONAS";"REDE / PSC / PRTB";"AM";"18/07/1976";"017334572283";2;"MASCULINO";4;"ENSINO FUNDAMENTAL COMPLETO";1;"SOLTEIRO(A)";"03";"PARDA";257;"EMPRESÁRIO";4;"NÃO ELEITO"
"13/11/2024";"10:55:17";2018;2;"ELEIÇÃO ORDINÁRIA";1;297;"Eleições Gerais Estaduais 2018";"07/10/2018";"ESTADUAL";"AM";"AM";"AMAZONAS";6;"DEPUTADO FEDERAL";40000628264;1510;"ELIZABETH PEREIRA CASTRO";"ELIZABETH CASTRO";"#NULO#";"13717782215";"NÃO DIVULGÁVEL";3;"INAPTO";"COLIGAÇÃO";15;"MDB";"MOVIMENTO DEMOCRÁTICO BRASILEIRO";-1;"#NULO#";"#NULO#";"#NULO#";40000050474;"POR UM AMAZONAS MELHOR";"MDB / DC";"AM";"28/08/1958";"000541932216";4;"FEMININO";6;"ENSINO MÉDIO COMPLETO";1;"SOLTEIRO(A)";"01";"BRANCA";257;"EMPRESÁRIO";-1;"#NULO#"
"13/11/2024";"10:55:17";2018;2;"ELEIÇÃO ORDINÁRIA";1;297;"Eleições Gerais Estaduais 2018";"07/10/2018";"ESTADUAL";"AM";"AM";"AMAZONAS";7;"DEPUTADO ESTADUAL";40000627739;15077;"ANA CELIA BRAGA DE OLIVEIRA";"CELIA BRAGA";"#NULO#";"58571701253";"NÃO DIVULGÁVEL";12;"APTO";"COLIGAÇÃO";15;"MDB";"MOVIMENTO DEMOCRÁTICO BRASILEIRO";-1;"#NULO#";"#NULO#";"#NULO#";40000050474;"POR UM AMAZONAS MELHOR";"MDB / DC";"AM";"13/06/1959";"022423772208";4;"FEMININO";6;"ENSINO MÉDIO COMPLETO";1;"SOLTEIRO(A)";"01";"BRANCA";257;"EMPRESÁRIO";5;"SUPLENTE"
"13/11/2024";"10:55:17";2018;2;"ELEIÇÃO ORDINÁRIA";1;297;"Eleições Gerais Estaduais 2018";"07/10/2018";"ESTADUAL";"AM";"AM";"AMAZONAS";7;"DEPUTADO ESTADUAL";40000610303;18888;"NILZA FERREIRA CORDEIRO";"NILZA FERREIRA";"#NULO#";"89088697272";"NÃO DIVULGÁVEL";12;"APTO";"COLIGAÇÃO";18;"REDE";"REDE SUSTENTABILIDADE";-1;"#NULO#";"#NULO#";"#NULO#";40000050272;"TRANSFORMAÇÃO POR UM NOVO AMAZONAS";"REDE / PSC / PRTB";"AM";"02/02/1983";"021386542240";4;"FEMININO";6;"ENSINO MÉDIO COMPLETO";3;"CASADO(A)";"02";"PRETA";257;"EMPRESÁRIO";4;"NÃO ELEITO"
"13/11/2024";"10:55:17";2018;2;"ELEIÇÃO ORDINÁRIA";1;297;"Eleições Gerais Estaduais 2018";"07/10/2018";"ESTADUAL";"AM";"AM";"AMAZONAS";7;"DEPUTADO ESTADUAL";40000618282;27555;"ADALTO CUSTODIO DE MORAIS";"PROFESSOR ADALTO";"#NULO#";"38517485220";"NÃO DIVULGÁVEL";12;"APTO";"COLIGAÇÃO";27;"DC";"DEMOCRACIA CRISTÃ";-1;"#NULO#";"#NULO#";"#NULO#";40000050474;"POR UM AMAZONAS MELHOR";"MDB / DC";"MG";"14/04/1970";"011039932208";2;"MASCULINO";8;"SUPERIOR COMPLETO";3;"CASADO(A)";"02";"PRETA";266;"PROFESSOR DE ENSINO MÉDIO";5;"SUPLENTE"
"13/11/2024";"10:55:17";2018;2;"ELEIÇÃO ORDINÁRIA";1;297;"Eleições Gerais Estaduais 2018";"07/10/2018";"ESTADUAL";"AM";"AM";"AMAZONAS";6;"DEPUTADO FEDERAL";40000610425;1307;"MARIA ODIMAR DA SILVA GUIMARAES";"ODIMAR GUIMARÃES";"#NULO#";"33712859287";"NÃO DIVULGÁVEL";12;"APTO";"COLIGAÇÃO";13;"PT";"PARTIDO DOS TRABALHADORES";-1;"#NULO#";"#NULO#";"#NULO#";40000050768;"O POVO FELIZ DE NOVO";"PC do B / PT";"AM";"08/07/1972";"011582412232";4;"FEMININO";8;"SUPERIOR COMPLETO";1;"SOLTEIRO(A)";"03";"PARDA";266;"PROFESSOR DE ENSINO MÉDIO";5;"SUPLENTE"
"13/11/2024";"10:55:17";2018;2;"ELEIÇÃO ORDINÁRIA";1;297;"Eleições Gerais Estaduais 2018";"07/10/2018";"ESTADUAL";"AM";"AM";"AMAZONAS";7;"DEPUTADO ESTADUAL";40000608882;25622;"JOSÉ AUGUSTO FERRAZ DE LIMA";"AUGUSTO FERRAZ";"#NULO#";"21489513272";"NÃO DIVULGÁVEL";12;"APTO";"COLIGAÇÃO";25;"DEM";"DEMOCRATAS";-1;"#NULO#";"#NULO#";"#NULO#";40000050228;"AMAZONAS COM SEGURANÇA I";"PSD / PRB / DEM";"AC";"09/08/1962";"014813932291";2;"MASCULINO";7;"SUPERIOR INCOMPLETO";3;"CASADO(A)";"03";"PARDA";277;"DEPUTADO";2;"ELEITO POR QP"
"13/11/2024";"10:55:17";2018;2;"ELEIÇÃO ORDINÁRIA";1;297;"Eleições Gerais Estaduais 2018";"07/10/2018";"ESTADUAL";"AM";"AM";"AMAZONAS";7;"DEPUTADO ESTADUAL";40000612661;22567;"ROSEMBERG DE SOUZA BRANCO";"BERG BRANCO";"#NULO#";"61835455204";"NÃO DIVULGÁVEL";12;"APTO";"COLIGAÇÃO";22;"PR";"PARTIDO DA REPÚBLICA";-1;"#NULO#";"#NULO#";"#NULO#";40000050342;"EU VOTO NO AMAZONAS IV";"PP / PR / PPL / SOLIDARIEDADE";"AM";"21/03/1980";"018190862232";2;"MASCULINO";8;"SUPERIOR COMPLETO";1;"SOLTEIRO(A)";"03";"PARDA";278;"VEREADOR";5;"SUPLENTE"
"13/11/2024";"10:55:17";2018;2;"ELEIÇÃO ORDINÁRIA";1;297;"Eleições Gerais Estaduais 2018";"07/10/2018";"ESTADUAL";"AM";"AM";"AMAZONAS";7;"DEPUTADO ESTADUAL";40000618994;40000;"ELIANGELO OLIVEIRA DE LIMA";"ELINHO OLIVEIRA";"#NULO#";"63360667204";"NÃO DIVULGÁVEL";12;"APTO";"COLIGAÇÃO";40;"PSB";"PARTIDO SOCIALISTA BRASILEIRO";-1;"#NULO#";"#NULO#";"#NULO#";40000050493;"RENOVA AMAZONAS II";"PSB / PMB / PROS";"AM";"23/05/1979";"017629392208";2;"MASCULINO";8;"SUPERIOR COMPLETO";3;"CASADO(A)";"03";"PARDA";278;"VEREADOR";5;"SUPLENTE"
"13/11/2024";"10:55:17";2018;2;"ELEIÇÃO ORDINÁRIA";1;297;"Eleições Gerais Estaduais 2018";"07/10/2018";"ESTADUAL";"AM";"AM";"AMAZONAS";7;"DEPUTADO ESTADUAL";40000617516;17800;"PEDRO DOS SANTOS HENRIQUE";"SUBOFICIAL PEDRO HENRIQUE";"#NULO#";"33821100249";"NÃO DIVULGÁVEL";12;"APTO";"COLIGAÇÃO";17;"PSL";"PARTIDO SOCIAL LIBERAL";-1;"#NULO#";"#NULO#";"#NULO#";40000050463;"EU VOTO NO AMAZONAS V";"PHS / PTB / PSL";"AM";"29/04/1966";"005224462224";2;"MASCULINO";6;"ENSINO MÉDIO COMPLETO";3;"CASADO(A)";"01";"BRANCA";295;"MEMBRO DAS FORÇAS ARMADAS";5;"SUPLENTE"
"13/11/2024";"10:55:17";2018;2;"ELEIÇÃO ORDINÁRIA";1;297;"Eleições Gerais Estaduais 2018";"07/10/2018";"ESTADUAL";"AM";"AM";"AMAZONAS";7;"DEPUTADO ESTADUAL";40000611534;23567;"CRISTOVAO GOMES PLACIDO JUNIOR";"CRISTOVAO GOMES PLACIDO JUNIOR";"#NULO#";"66962552220";"NÃO DIVULGÁVEL";3;"INAPTO";"PARTIDO ISOLADO";23;"PPS";"PARTIDO POPULAR SOCIALISTA";-1;"#NULO#";"#NULO#";"#NULO#";40000050309;"PARTIDO ISOLADO";"PPS";"AM";"14/01/1977";"016945522224";2;"MASCULINO";8;"SUPERIOR COMPLETO";3;"CASADO(A)";"03";"PARDA";296;"SERVIDOR PÚBLICO FEDERAL";4;"NÃO ELEITO"
"13/11/2024";"10:55:17";2018;2;"ELEIÇÃO ORDINÁRIA";1;297;"Eleições Gerais Estaduais 2018";"07/10/2018";"ESTADUAL";"AM";"AM";"AMAZONAS";3;"GOVERNADOR";40000600835;16;"SIDNEY VEIGA CABRAL";"SIDNEY CABRAL";"#NULO#";"21469695200";"NÃO DIVULGÁVEL";12;"APTO";"PARTIDO ISOLADO";16;"PSTU";"PARTIDO SOCIALISTA DOS TRABALHADORES UNIFICADO";-1;"#NULO#";"#NULO#";"#NULO#";40000050030;"PARTIDO ISOLADO";"PSTU";"AM";"01/04/1963";"004903622259";2;"MASCULINO";6;"ENSINO MÉDIO COMPLETO";3;"CASADO(A)";"02";"PRETA";296;"SERVIDOR PÚBLICO FEDERAL";4;"NÃO ELEITO"
"13/11/2024";"10:55:17";2018;2;"ELEIÇÃO ORDINÁRIA";1;297;"Eleições Gerais Estaduais 2018";"07/10/2018";"ESTADUAL";"AM";"AM";"AMAZONAS";6;"DEPUTADO FEDERAL";40000610415;1717;"PABLO OLIVA SOUZA";"DELEGADO PABLO";"#NULO#";"55926169291";"NÃO DIVULGÁVEL";12;"APTO";"COLIGAÇÃO";17;"PSL";"PARTIDO SOCIAL LIBERAL";-1;"#NULO#";"#NULO#";"#NULO#";40000050278;"EU VOTO NO AMAZONAS I";"PDT / PP / PV / PR / SOLIDARIEDADE / PTB / PHS / PSL";"AM";"26/07/1976";"016340022275";2;"MASCULINO";8;"SUPERIOR COMPLETO";3;"CASADO(A)";"03";"PARDA";296;"SERVIDOR PÚBLICO FEDERAL";2;"ELEITO POR QP"
"13/11/2024";"10:55:17";2018;2;"ELEIÇÃO ORDINÁRIA";1;297;"Eleições Gerais Estaduais 2018";"07/10/2018";"ESTADUAL";"AM";"AM";"AMAZONAS";7;"DEPUTADO ESTADUAL";40000611546;23777;"MARCELO MACHADO DIAS";"DELEGADO MARCELO DIAS";"#NULO#";"42471850200";"NÃO DIVULGÁVEL";12;"APTO";"PARTIDO ISOLADO";23;"PPS";"PARTIDO POPULAR SOCIALISTA";-1;"#NULO#";"#NULO#";"#NULO#";40000050309;"PARTIDO ISOLADO";"PPS";"AM";"22/04/1973";"018867932267";2;"MASCULINO";8;"SUPERIOR COMPLETO";3;"CASADO(A)";"01";"BRANCA";296;"SERVIDOR PÚBLICO FEDERAL";5;"SUPLENTE"
"13/11/2024";"10:55:17";2018;2;"ELEIÇÃO ORDINÁRIA";1;297;"Eleições Gerais Estaduais 2018";"07/10/2018";"ESTADUAL";"AM";"AM";"AMAZONAS";6;"DEPUTADO FEDERAL";40000618315;1551;"ANA MARIA DE SOUZA MOREIRA";"ANA MOREIRA";"#NULO#";"07759886268";"NÃO DIVULGÁVEL";12;"APTO";"COLIGAÇÃO";15;"MDB";"MOVIMENTO DEMOCRÁTICO BRASILEIRO";-1;"#NULO#";"#NULO#";"#NULO#";40000050474;"POR UM AMAZONAS MELHOR";"MDB / DC";"AM";"09/07/1958";"004886022208";4;"FEMININO";8;"SUPERIOR COMPLETO";9;"DIVORCIADO(A)";"01";"BRANCA";296;"SERVIDOR PÚBLICO FEDERAL";4;"NÃO ELEITO"
"13/11/2024";"10:55:17";2018;2;"ELEIÇÃO ORDINÁRIA";1;297;"Eleições Gerais Estaduais 2018";"07/10/2018";"ESTADUAL";"AM";"AM";"AMAZONAS";7;"DEPUTADO ESTADUAL";40000623460;12012;"JORGE VIEIRA DE SOUZA";"JORGE LULA VIEIRA";"#NULO#";"07497156268";"NÃO DIVULGÁVEL";12;"APTO";"COLIGAÇÃO";12;"PDT";"PARTIDO DEMOCRÁTICO TRABALHISTA";-1;"#NULO#";"#NULO#";"#NULO#";40000050628;" EU VOTO NO AMAZONAS III ";"PDT / PRP / AVANTE";"AM";"09/12/1956";"002399462666";2;"MASCULINO";6;"ENSINO MÉDIO COMPLETO";3;"CASADO(A)";"03";"PARDA";297;"SERVIDOR PÚBLICO ESTADUAL";5;"SUPLENTE"
"13/11/2024";"10:55:17";2018;2;"ELEIÇÃO ORDINÁRIA";1;297;"Eleições Gerais Estaduais 2018";"07/10/2018";"ESTADUAL";"AM";"AM";"AMAZONAS";7;"DEPUTADO ESTADUAL";40000608229;19013;"ELIANA NASCIMENTO DE SOUZA GUEDES";"ELIANA GUEDES";"#NULO#";"59633697204";"NÃO DIVULGÁVEL";3;"INAPTO";"COLIGAÇÃO";19;"PODE";"PODEMOS";-1;"#NULO#";"#NULO#";"#NULO#";40000050214;"PODE";"PODE";"AM";"05/10/1976";"016701952208";4;"FEMININO";8;"SUPERIOR COMPLETO";3;"CASADO(A)";"03";"PARDA";297;"SERVIDOR PÚBLICO ESTADUAL";-1;"#NULO#"
"13/11/2024";"10:55:17";2018;2;"ELEIÇÃO ORDINÁRIA";1;297;"Eleições Gerais Estaduais 2018";"07/10/2018";"ESTADUAL";"AM";"AM";"AMAZONAS";7;"DEPUTADO ESTADUAL";40000609269;43221;"FRANK RODRIGUES DA SILVA";"FRANK CABECA";"#NULO#";"66822440291";"NÃO DIVULGÁVEL";12;"APTO";"PARTIDO ISOLADO";43;"PV";"PARTIDO VERDE";-1;"#NULO#";"#NULO#";"#NULO#";40000050239;"PARTIDO ISOLADO";"PV";"AM";"28/05/1981";"020375092232";2;"MASCULINO";8;"SUPERIOR COMPLETO";1;"SOLTEIRO(A)";"03";"PARDA";298;"SERVIDOR PÚBLICO MUNICIPAL";5;"SUPLENTE"
"13/11/2024";"10:55:17";2018;2;"ELEIÇÃO ORDINÁRIA";1;297;"Eleições Gerais Estaduais 2018";"07/10/2018";"ESTADUAL";"AM";"AM";"AMAZONAS";7;"DEPUTADO ESTADUAL";40000618303;27777;"MARIO JORGE BORGES SANTANA";"CONSELHEIRO MARIO JORGE";"#NULO#";"62292404249";"NÃO DIVULGÁVEL";12;"APTO";"COLIGAÇÃO";27;"DC";"DEMOCRACIA CRISTÃ";-1;"#NULO#";"#NULO#";"#NULO#";40000050474;"POR UM AMAZONAS MELHOR";"MDB / DC";"AM";"18/04/1975";"018770202275";2;"MASCULINO";6;"ENSINO MÉDIO COMPLETO";3;"CASADO(A)";"03";"PARDA";298;"SERVIDOR PÚBLICO MUNICIPAL";5;"SUPLENTE"
"13/11/2024";"10:55:17";2018;2;"ELEIÇÃO ORDINÁRIA";1;297;"Eleições Gerais Estaduais 2018";"07/10/2018";"ESTADUAL";"AM";"AM";"AMAZONAS";7;"DEPUTADO ESTADUAL";40000609255;43234;"AMAZONINO ARRUDA DE FREITAS";"AMAZONINO ARRUDA";"#NULO#";"44598467215";"NÃO DIVULGÁVEL";12;"APTO";"PARTIDO ISOLADO";43;"PV";"PARTIDO VERDE";-1;"#NULO#";"#NULO#";"#NULO#";40000050239;"PARTIDO ISOLADO";"PV";"AM";"13/11/1972";"013743892291";2;"MASCULINO";6;"ENSINO MÉDIO COMPLETO";3;"CASADO(A)";"01";"BRANCA";394;"AUXILIAR DE ESCRITÓRIO E ASSEMELHADOS";5;"SUPLENTE"
"13/11/2024";"10:55:17";2018;2;"ELEIÇÃO ORDINÁRIA";1;297;"Eleições Gerais Estaduais 2018";"07/10/2018";"ESTADUAL";"AM";"AM";"AMAZONAS";7;"DEPUTADO ESTADUAL";40000608233;19080;"JETRO XAVIER DA SILVA";"JETRO XAVIER";"#NULO#";"20253845807";"NÃO DIVULGÁVEL";12;"APTO";"COLIGAÇÃO";19;"PODE";"PODEMOS";-1;"#NULO#";"#NULO#";"#NULO#";40000050214;"PODE";"PODE";"SP";"11/11/1977";"215516460108";2;"MASCULINO";8;"SUPERIOR COMPLETO";3;"CASADO(A)";"03";"PARDA";395;"BANCÁRIO E ECONOMIÁRIO";5;"SUPLENTE"
"13/11/2024";"10:55:17";2018;2;"ELEIÇÃO ORDINÁRIA";1;297;"Eleições Gerais Estaduais 2018";"07/10/2018";"ESTADUAL";"AM";"AM";"AMAZONAS";7;"DEPUTADO ESTADUAL";40000609306;33600;"LUCIVAN DA SILVA SOUZA";"LUCY SOUZA";"#NULO#";"33652090268";"NÃO DIVULGÁVEL";12;"APTO";"PARTIDO ISOLADO";33;"PMN";"PARTIDO DA MOBILIZAÇÃO NACIONAL";-1;"#NULO#";"#NULO#";"#NULO#";40000050241;"PARTIDO ISOLADO";"PMN";"AM";"14/02/1972";"034493072275";4;"FEMININO";6;"ENSINO MÉDIO COMPLETO";1;"SOLTEIRO(A)";"03";"PARDA";401;"SUPERVISOR, INSPETOR E AGENTE DE COMPRAS E VENDAS";4;"NÃO ELEITO"
"13/11/2024";"10:55:17";2018;2;"ELEIÇÃO ORDINÁRIA";1;297;"Eleições Gerais Estaduais 2018";"07/10/2018";"ESTADUAL";"AM";"AM";"AMAZONAS";7;"DEPUTADO ESTADUAL";40000617654;77111;"EMIRALDO ALBUQUERQUE DE ARAUJO";"IRMÃO EMIRALDO";"#NULO#";"15419282291";"NÃO DIVULGÁVEL";3;"INAPTO";"COLIGAÇÃO";77;"SOLIDARIEDADE";"SOLIDARIEDADE";-1;"#NULO#";"#NULO#";"#NULO#";40000050342;"EU VOTO NO AMAZONAS IV";"PP / PR / PPL / SOLIDARIEDADE";"AM";"21/05/1964";"001591692208";2;"MASCULINO";4;"ENSINO FUNDAMENTAL COMPLETO";3;"CASADO(A)";"03";"PARDA";411;"VENDEDOR DE COMÉRCIO VAREJISTA E ATACADISTA";-1;"#NULO#"
"13/11/2024";"10:55:17";2018;2;"ELEIÇÃO ORDINÁRIA";1;297;"Eleições Gerais Estaduais 2018";"07/10/2018";"ESTADUAL";"AM";"AM";"AMAZONAS";7;"DEPUTADO ESTADUAL";40000618287;27771;"DEOCLECIANO CHAGAS DE FIGUEIREDO FILHO";"DEOCLECIANO FIGUEIREDO";"#NULO#";"43613705249";"NÃO DIVULGÁVEL";12;"APTO";"COLIGAÇÃO";27;"DC";"DEMOCRACIA CRISTÃ";-1;"#NULO#";"#NULO#";"#NULO#";40000050474;"POR UM AMAZONAS MELHOR";"MDB / DC";"AM";"21/07/1971";"014603512291";2;"MASCULINO";6;"ENSINO MÉDIO COMPLETO";1;"SOLTEIRO(A)";"03";"PARDA";537;"MOTORISTA PARTICULAR";5;"SUPLENTE"
"13/11/2024";"10:55:17";2018;2;"ELEIÇÃO ORDINÁRIA";1;297;"Eleições Gerais Estaduais 2018";"07/10/2018";"ESTADUAL";"AM";"AM";"AMAZONAS";7;"DEPUTADO ESTADUAL";40000619006;40012;"TATIANA MEDEIROS SANTANA";"TATY SANTANA";"#NULO#";"61596671220";"NÃO DIVULGÁVEL";12;"APTO";"COLIGAÇÃO";40;"PSB";"PARTIDO SOCIALISTA BRASILEIRO";-1;"#NULO#";"#NULO#";"#NULO#";40000050493;"RENOVA AMAZONAS II";"PSB / PMB / PROS";"AM";"25/10/1978";"017693782208";4;"FEMININO";8;"SUPERIOR COMPLETO";1;"SOLTEIRO(A)";"03";"PARDA";537;"MOTORISTA PARTICULAR";5;"SUPLENTE"
"13/11/2024";"10:55:17";2018;2;"ELEIÇÃO ORDINÁRIA";1;297;"Eleições Gerais Estaduais 2018";"07/10/2018";"ESTADUAL";"AM";"AM";"AMAZONAS";7;"DEPUTADO ESTADUAL";40000610323;28151;"AILTON SANTA FÉ DE JESUS";"SANTA FÉ";"#NULO#";"05496322200";"NÃO DIVULGÁVEL";12;"APTO";"COLIGAÇÃO";28;"PRTB";"PARTIDO RENOVADOR TRABALHISTA BRASILEIRO";-1;"#NULO#";"#NULO#";"#NULO#";40000050272;"TRANSFORMAÇÃO POR UM NOVO AMAZONAS";"REDE / PSC / PRTB";"AM";"01/08/1951";"006115202291";2;"MASCULINO";2;"LÊ E ESCREVE";3;"CASADO(A)";"02";"PRETA";541;"MECÂNICO DE MANUTENÇÃO";4;"NÃO ELEITO"
"13/11/2024";"10:55:17";2018;2;"ELEIÇÃO ORDINÁRIA";1;297;"Eleições Gerais Estaduais 2018";"07/10/2018";"ESTADUAL";"AM";"AM";"AMAZONAS";6;"DEPUTADO FEDERAL";40000602407;5055;"EDSON FERREIRA CAMPOS";"EDSON CAMPOS";"#NULO#";"40551784253";"NÃO DIVULGÁVEL";12;"APTO";"PARTIDO ISOLADO";50;"PSOL";"PARTIDO SOCIALISMO E LIBERDADE";-1;"#NULO#";"#NULO#";"#NULO#";40000050067;"PARTIDO ISOLADO";"PSOL";"AM";"29/04/1968";"015921312208";2;"MASCULINO";6;"ENSINO MÉDIO COMPLETO";3;"CASADO(A)";"03";"PARDA";601;"AGRICULTOR";4;"NÃO ELEITO"
"13/11/2024";"10:55:17";2018;2;"ELEIÇÃO ORDINÁRIA";1;297;"Eleições Gerais Estaduais 2018";"07/10/2018";"ESTADUAL";"AM";"AM";"AMAZONAS";7;"DEPUTADO ESTADUAL";40000602442;50999;"ALDENIR JOSÉ DA SILVA";"VALDECIR";"#NULO#";"23867736200";"NÃO DIVULGÁVEL";12;"APTO";"PARTIDO ISOLADO";50;"PSOL";"PARTIDO SOCIALISMO E LIBERDADE";-1;"#NULO#";"#NULO#";"#NULO#";40000050067;"PARTIDO ISOLADO";"PSOL";"AM";"18/03/1966";"003530022275";2;"MASCULINO";4;"ENSINO FUNDAMENTAL COMPLETO";1;"SOLTEIRO(A)";"03";"PARDA";709;"TRABALHADOR DE CONSTRUÇÃO CIVIL";4;"NÃO ELEITO"
"13/11/2024";"10:55:17";2018;2;"ELEIÇÃO ORDINÁRIA";1;297;"Eleições Gerais Estaduais 2018";"07/10/2018";"ESTADUAL";"AM";"AM";"AMAZONAS";7;"DEPUTADO ESTADUAL";40000623468;12018;"ZÉLIA HOLANDA";"ZÉLIA HOLANDA";"#NULO#";"20158645200";"NÃO DIVULGÁVEL";12;"APTO";"COLIGAÇÃO";12;"PDT";"PARTIDO DEMOCRÁTICO TRABALHISTA";-1;"#NULO#";"#NULO#";"#NULO#";40000050628;" EU VOTO NO AMAZONAS III ";"PDT / PRP / AVANTE";"AM";"17/05/1958";"000948612267";4;"FEMININO";8;"SUPERIOR COMPLETO";9;"DIVORCIADO(A)";"03";"PARDA";923;"APOSENTADO (EXCETO SERVIDOR PÚBLICO)";5;"SUPLENTE"
"13/11/2024";"10:55:17";2018;2;"ELEIÇÃO ORDINÁRIA";1;297;"Eleições Gerais Estaduais 2018";"07/10/2018";"ESTADUAL";"AM";"AM";"AMAZONAS";7;"DEPUTADO ESTADUAL";40000608159;36192;"AGERDAN BARROSO JUNIOR";"DR. AGERDAN";"#NULO#";"00723855293";"NÃO DIVULGÁVEL";12;"APTO";"COLIGAÇÃO";36;"PTC";"PARTIDO TRABALHISTA CRISTÃO";-1;"#NULO#";"#NULO#";"#NULO#";40000050212;"AMAZONAS COM SEGURANÇA II";"PSDB / PTC";"AM";"18/10/1991";"033938012267";2;"MASCULINO";7;"SUPERIOR INCOMPLETO";1;"SOLTEIRO(A)";"01";"BRANCA";931;"ESTUDANTE, BOLSISTA, ESTAGIÁRIO E ASSEMELHADOS";5;"SUPLENTE"
"13/11/2024";"10:55:17";2018;2;"ELEIÇÃO ORDINÁRIA";1;297;"Eleições Gerais Estaduais 2018";"07/10/2018";"ESTADUAL";"AM";"AM";"AMAZONAS";7;"DEPUTADO ESTADUAL";40000623469;12120;"ÂNGELA MARIA DOS SANTOS PEREIRA";"ANGELA SANTOS";"#NULO#";"21406189200";"NÃO DIVULGÁVEL";12;"APTO";"COLIGAÇÃO";12;"PDT";"PARTIDO DEMOCRÁTICO TRABALHISTA";-1;"#NULO#";"#NULO#";"#NULO#";40000050628;" EU VOTO NO AMAZONAS III ";"PDT / PRP / AVANTE";"BA";"14/03/1960";"003235782259";4;"FEMININO";8;"SUPERIOR COMPLETO";3;"CASADO(A)";"02";"PRETA";931;"ESTUDANTE, BOLSISTA, ESTAGIÁRIO E ASSEMELHADOS";5;"SUPLENTE"
"13/11/2024";"10:55:17";2018;2;"ELEIÇÃO ORDINÁRIA";1;297;"Eleições Gerais Estaduais 2018";"07/10/2018";"ESTADUAL";"AM";"AM";"AMAZONAS";7;"DEPUTADO ESTADUAL";40000618983;40017;"SIMONE MAQUINE SALES";"SIMONE MAQUINÉ";"#NULO#";"94391297272";"NÃO DIVULGÁVEL";12;"APTO";"COLIGAÇÃO";40;"PSB";"PARTIDO SOCIALISTA BRASILEIRO";-1;"#NULO#";"#NULO#";"#NULO#";40000050493;"RENOVA AMAZONAS II";"PSB / PMB / PROS";"AM";"13/02/1988";"003760392615";4;"FEMININO";7;"SUPERIOR INCOMPLETO";9;"DIVORCIADO(A)";"03";"PARDA";931;"ESTUDANTE, BOLSISTA, ESTAGIÁRIO E ASSEMELHADOS";5;"SUPLENTE"
"13/11/2024";"10:55:17";2018;2;"ELEIÇÃO ORDINÁRIA";1;297;"Eleições Gerais Estaduais 2018";"07/10/2018";"ESTADUAL";"AM";"AM";"AMAZONAS";7;"DEPUTADO ESTADUAL";40000609323;33745;"JORGE TUFIC ALAUZO JUNIOR";"JORGE TUFIC";"#NULO#";"05266106204";"NÃO DIVULGÁVEL";3;"INAPTO";"PARTIDO ISOLADO";33;"PMN";"PARTIDO DA MOBILIZAÇÃO NACIONAL";-1;"#NULO#";"#NULO#";"#NULO#";40000050241;"PARTIDO ISOLADO";"PMN";"AM";"18/10/1955";"006370262283";2;"MASCULINO";6;"ENSINO MÉDIO COMPLETO";1;"SOLTEIRO(A)";"03";"PARDA";999;"OUTROS";-1;"#NULO#"
"13/11/2024";"10:55:17";2018;2;"ELEIÇÃO ORDINÁRIA";1;297;"Eleições Gerais Estaduais 2018";"07/10/2018";"ESTADUAL";"AM";"AM";"AMAZONAS";7;"DEPUTADO ESTADUAL";40000609288;33644;"RAIMUNDO BRITO AGUIAR";"BRITÃO DO COROADO";"#NULO#";"34459910225";"NÃO DIVULGÁVEL";12;"APTO";"PARTIDO ISOLADO";33;"PMN";"PARTIDO DA MOBILIZAÇÃO NACIONAL";-1;"#NULO#";"#NULO#";"#NULO#";40000050241;"PARTIDO ISOLADO";"PMN";"AM";"10/03/1966";"037809732232";2;"MASCULINO";6;"ENSINO MÉDIO COMPLETO";9;"DIVORCIADO(A)";"03";"PARDA";999;"OUTROS";4;"NÃO ELEITO"
"13/11/2024";"10:55:17";2018;2;"ELEIÇÃO ORDINÁRIA";1;297;"Eleições Gerais Estaduais 2018";"07/10/2018";"ESTADUAL";"AM";"AM";"AMAZONAS";7;"DEPUTADO ESTADUAL";40000623432;70000;"RAFAEL AMARAL DA COSTA E SILVA";"DELEGADO COSTA E SILVA";"#NULO#";"72739886187";"NÃO DIVULGÁVEL";12;"APTO";"COLIGAÇÃO";70;"AVANTE";"AVANTE";-1;"#NULO#";"#NULO#";"#NULO#";40000050628;" EU VOTO NO AMAZONAS III ";"PDT / PRP / AVANTE";"DF";"03/04/1983";"017566642097";2;"MASCULINO";8;"SUPERIOR COMPLETO";9;"DIVORCIADO(A)";"01";"BRANCA";999;"OUTROS";5;"SUPLENTE"
"13/11/2024";"10:55:17";2018;2;"ELEIÇÃO ORDINÁRIA";1;297;"Eleições Gerais Estaduais 2018";"07/10/2018";"ESTADUAL";"AM";"AM";"AMAZONAS";7;"DEPUTADO ESTADUAL";40000618997;40090;"HUDSON CARLOS CABRAL PRAIA";"HUDSON PRAIA CARRAPICHO";"#NULO#";"61870960297";"NÃO DIVULGÁVEL";12;"APTO";"COLIGAÇÃO";40;"PSB";"PARTIDO SOCIALISTA BRASILEIRO";-1;"#NULO#";"#NULO#";"#NULO#";40000050493;"RENOVA AMAZONAS II";"PSB / PMB / PROS";"AM";"29/05/1978";"017277762208";2;"MASCULINO";6;"ENSINO MÉDIO COMPLETO";1;"SOLTEIRO(A)";"01";"BRANCA";999;"OUTROS";5;"SUPLENTE"
"13/11/2024";"10:55:17";2018;2;"ELEIÇÃO ORDINÁRIA";1;297;"Eleições Gerais Estaduais 2018";"07/10/2018";"ESTADUAL";"AM";"AM";"AMAZONAS";6;"DEPUTADO FEDERAL";40000608894;5505;"RAIDI AUGUSTO MONTEIRO REBELLO DE SOUZA";"RAIDI REBELLO";"#NULO#";"11115610287";"NÃO DIVULGÁVEL";12;"APTO";"COLIGAÇÃO";55;"PSD";"PARTIDO SOCIAL DEMOCRÁTICO";-1;"#NULO#";"#NULO#";"#NULO#";40000050229;"AMAZONAS COM SEGURANÇA ";"PSD / PRB / DEM / PTC / PSDB";"AM";"18/10/1959";"003911632224";2;"MASCULINO";6;"ENSINO MÉDIO COMPLETO";3;"CASADO(A)";"01";"BRANCA";999;"OUTROS";5;"SUPLENTE"
"13/11/2024";"10:55:17";2018;2;"ELEIÇÃO ORDINÁRIA";1;297;"Eleições Gerais Estaduais 2018";"07/10/2018";"ESTADUAL";"AM";"AM";"AMAZONAS";7;"DEPUTADO ESTADUAL";40000618998;40122;"JOSE ISAIAS LOPES MARTINS";"ISAIAS MARTINS";"#NULO#";"20204655234";"NÃO DIVULGÁVEL";12;"APTO";"COLIGAÇÃO";40;"PSB";"PARTIDO SOCIALISTA BRASILEIRO";-1;"#NULO#";"#NULO#";"#NULO#";40000050493;"RENOVA AMAZONAS II";"PSB / PMB / PROS";"AM";"08/07/1962";"006518402208";2;"MASCULINO";6;"ENSINO MÉDIO COMPLETO";3;"CASADO(A)";"02";"PRETA";999;"OUTROS";5;"SUPLENTE"
"13/11/2024";"10:55:17";2018;2;"ELEIÇÃO ORDINÁRIA";1;297;"Eleições Gerais Estaduais 2018";"07/10/2018";"ESTADUAL";"AM";"AM";"AMAZONAS";7;"DEPUTADO ESTADUAL";40000618993;40174;"EDMILSON AGUIAR DE SOUZA";"EDMILSON AGUIAR O BOKA";"#NULO#";"51826640282";"NÃO DIVULGÁVEL";12;"APTO";"COLIGAÇÃO";40;"PSB";"PARTIDO SOCIALISTA BRASILEIRO";-1;"#NULO#";"#NULO#";"#NULO#";40000050493;"RENOVA AMAZONAS II";"PSB / PMB / PROS";"AM";"17/10/1980";"018327332283";2;"MASCULINO";8;"SUPERIOR COMPLETO";1;"SOLTEIRO(A)";"02";"PRETA";999;"OUTROS";5;"SUPLENTE"
"13/11/2024";"10:55:17";2018;2;"ELEIÇÃO ORDINÁRIA";1;297;"Eleições Gerais Estaduais 2018";"07/10/2018";"ESTADUAL";"AM";"AM";"AMAZONAS";7;"DEPUTADO ESTADUAL";40000608245;19455;"ROSIVALDO OLIVEIRA CORDOVIL";"ROSIVALDO CORDOVIL";"#NULO#";"33536856268";"NÃO DIVULGÁVEL";12;"APTO";"COLIGAÇÃO";19;"PODE";"PODEMOS";-1;"#NULO#";"#NULO#";"#NULO#";40000050214;"PODE";"PODE";"PA";"22/03/1974";"017810722283";2;"MASCULINO";8;"SUPERIOR COMPLETO";3;"CASADO(A)";"03";"PARDA";999;"OUTROS";5;"SUPLENTE"
"13/11/2024";"10:55:17";2018;2;"ELEIÇÃO ORDINÁRIA";1;297;"Eleições Gerais Estaduais 2018";"07/10/2018";"ESTADUAL";"AM";"AM";"AMAZONAS";7;"DEPUTADO ESTADUAL";40000627701;65655;"MARCELO DA SILVA SANTOS";"MARCELO SILVA";"#NULO#";"63009021291";"NÃO DIVULGÁVEL";12;"APTO";"COLIGAÇÃO";65;"PC do B";"PARTIDO COMUNISTA DO BRASIL";-1;"#NULO#";"#NULO#";"#NULO#";40000050768;"O POVO FELIZ DE NOVO";"PC do B / PT";"AM";"15/03/1972";"013016112232";2;"MASCULINO";7;"SUPERIOR INCOMPLETO";1;"SOLTEIRO(A)";"03";"PARDA";999;"OUTROS";5;"SUPLENTE"
"13/11/2024";"10:55:17";2018;2;"ELEIÇÃO ORDINÁRIA";1;297;"Eleições Gerais Estaduais 2018";"07/10/2018";"ESTADUAL";"AM";"AM";"AMAZONAS";7;"DEPUTADO ESTADUAL";40000609312;33448;"SEBASTIÃO FERREIRA DO NASCIMENTO";"LACRAIA MORENA";"#NULO#";"79771157272";"NÃO DIVULGÁVEL";12;"APTO";"PARTIDO ISOLADO";33;"PMN";"PARTIDO DA MOBILIZAÇÃO NACIONAL";-1;"#NULO#";"#NULO#";"#NULO#";40000050241;"PARTIDO ISOLADO";"PMN";"AM";"29/03/1984";"022640442240";2;"MASCULINO";4;"ENSINO FUNDAMENTAL COMPLETO";1;"SOLTEIRO(A)";"03";"PARDA";999;"OUTROS";4;"NÃO ELEITO"
"13/11/2024";"10:55:17";2018;2;"ELEIÇÃO ORDINÁRIA";1;297;"Eleições Gerais Estaduais 2018";"07/10/2018";"ESTADUAL";"AM";"AM";"AMAZONAS";7;"DEPUTADO ESTADUAL";40000612674;22234;"ANDREIA MOTA TODAKA";"ANDREIA TORRES";"#NULO#";"57791198215";"NÃO DIVULGÁVEL";12;"APTO";"COLIGAÇÃO";22;"PR";"PARTIDO DA REPÚBLICA";-1;"#NULO#";"#NULO#";"#NULO#";40000050342;"EU VOTO NO AMAZONAS IV";"PP / PR / PPL / SOLIDARIEDADE";"AM";"21/04/1977";"039265252208";4;"FEMININO";6;"ENSINO MÉDIO COMPLETO";9;"DIVORCIADO(A)";"03";"PARDA";999;"OUTROS";5;"SUPLENTE"
"13/11/2024";"10:55:17";2018;2;"ELEIÇÃO ORDINÁRIA";1;297;"Eleições Gerais Estaduais 2018";"07/10/2018";"ESTADUAL";"AM";"AM";"AMAZONAS";7;"DEPUTADO ESTADUAL";40000629874;25123;"MÁRCIA REGINA GONDIM DÔCE";"MÁRCIA DOCÊ";"#NULO#";"49377930200";"NÃO DIVULGÁVEL";12;"APTO";"COLIGAÇÃO";25;"DEM";"DEMOCRATAS";-1;"#NULO#";"#NULO#";"#NULO#";40000050228;"AMAZONAS COM SEGURANÇA I";"PSD / PRB / DEM";"AM";"02/07/1974";"013574972232";4;"FEMININO";6;"ENSINO MÉDIO COMPLETO";3;"CASADO(A)";"01";"BRANCA";999;"OUTROS";5;"SUPLENTE"
"13/11/2024";"10:55:17";2018;2;"ELEIÇÃO ORDINÁRIA";1;297;"Eleições Gerais Estaduais 2018";"07/10/2018";"ESTADUAL";"AM";"AM";"AMAZONAS";7;"DEPUTADO ESTADUAL";40000604614;51200;"SHIRLE DE OLIVEIRA VERAS";"MISSIONÁRIA SHIRLE";"#NULO#";"28533500297";"NÃO DIVULGÁVEL";12;"APTO";"PARTIDO ISOLADO";51;"PATRIOTA";"PATRIOTA";-1;"#NULO#";"#NULO#";"#NULO#";40000050133;"PARTIDO ISOLADO";"PATRIOTA";"AM";"23/09/1966";"001220842259";4;"FEMININO";6;"ENSINO MÉDIO COMPLETO";3;"CASADO(A)";"03";"PARDA";999;"OUTROS";4;"NÃO ELEITO"
"13/11/2024";"10:55:17";2018;2;"ELEIÇÃO ORDINÁRIA";1;297;"Eleições Gerais Estaduais 2018";"07/10/2018";"ESTADUAL";"AM";"AM";"AMAZONAS";6;"DEPUTADO FEDERAL";40000627717;6555;"TALY NAYANDRA FIGUEIRA DOS SANTOS";"TALY NAYANDRA";"#NULO#";"01222605201";"NÃO DIVULGÁVEL";12;"APTO";"COLIGAÇÃO";65;"PC do B";"PARTIDO COMUNISTA DO BRASIL";-1;"#NULO#";"#NULO#";"#NULO#";40000050768;"O POVO FELIZ DE NOVO";"PC do B / PT";"AM";"29/11/1993";"037027712291";4;"FEMININO";8;"SUPERIOR COMPLETO";1;"SOLTEIRO(A)";"03";"PARDA";999;"OUTROS";5;"SUPLENTE"
"13/11/2024";"10:55:17";2018;2;"ELEIÇÃO ORDINÁRIA";1;297;"Eleições Gerais Estaduais 2018";"07/10/2018";"ESTADUAL";"AM";"AM";"AMAZONAS";7;"DEPUTADO ESTADUAL";40000609296;33999;"LÚCIA BASTOS DE LIMA";"LÚCIA BASTOS";"#NULO#";"58428569215";"NÃO DIVULGÁVEL";12;"APTO";"PARTIDO ISOLADO";33;"PMN";"PARTIDO DA MOBILIZAÇÃO NACIONAL";-1;"#NULO#";"#NULO#";"#NULO#";40000050241;"PARTIDO ISOLADO";"PMN";"AM";"26/03/1975";"016094352224";4;"FEMININO";8;"SUPERIOR COMPLETO";1;"SOLTEIRO(A)";"01";"BRANCA";999;"OUTROS";4;"NÃO ELEITO"
"13/11/2024";"10:55:17";2018;2;"ELEIÇÃO ORDINÁRIA";1;297;"Eleições Gerais Estaduais 2018";"07/10/2018";"ESTADUAL";"AM";"AM";"AMAZONAS";7;"DEPUTADO ESTADUAL";40000610336;28028;"NAYARA MILENA SANTOS DA SILVA";"NAYARA SILVA";"#NULO#";"97515604204";"NÃO DIVULGÁVEL";12;"APTO";"COLIGAÇÃO";28;"PRTB";"PARTIDO RENOVADOR TRABALHISTA BRASILEIRO";-1;"#NULO#";"#NULO#";"#NULO#";40000050272;"TRANSFORMAÇÃO POR UM NOVO AMAZONAS";"REDE / PSC / PRTB";"PA";"12/10/1986";"054493921376";4;"FEMININO";6;"ENSINO MÉDIO COMPLETO";3;"CASADO(A)";"05";"INDÍGENA";999;"OUTROS";4;"NÃO ELEITO"
"13/11/2024";"10:55:17";2018;2;"ELEIÇÃO ORDINÁRIA";1;297;"Eleições Gerais Estaduais 2018";"07/10/2018";"ESTADUAL";"AM";"AM";"AMAZONAS";7;"DEPUTADO ESTADUAL";40000612643;11111;"MAYARA MONIQUE FIGUEIREDO PINHEIRO";"DRA MAYARA";"#NULO#";"77267702287";"NÃO DIVULGÁVEL";12;"APTO";"COLIGAÇÃO";11;"PP";"PROGRESSISTAS";-1;"#NULO#";"#NULO#";"#NULO#";40000050342;"EU VOTO NO AMAZONAS IV";"PP / PR / PPL / SOLIDARIEDADE";"AM";"13/04/1987";"031477432275";4;"FEMININO";8;"SUPERIOR COMPLETO";3;"CASADO(A)";"01";"BRANCA";999;"OUTROS";2;"ELEITO POR QP"
"13/11/2024";"10:55:17";2018;2;"ELEIÇÃO ORDINÁRIA";1;297;"Eleições Gerais Estaduais 2018";"07/10/2018";"ESTADUAL";"AM";"AM";"AMAZONAS";7;"DEPUTADO ESTADUAL";40000610318;20190;"MARIA EDITH DE MEDEIROS FACAO";"PROFESSORA EDITH FALCÃO";"#NULO#";"34249907287";"NÃO DIVULGÁVEL";12;"APTO";"COLIGAÇÃO";20;"PSC";"PARTIDO SOCIAL CRISTÃO";-1;"#NULO#";"#NULO#";"#NULO#";40000050272;"TRANSFORMAÇÃO POR UM NOVO AMAZONAS";"REDE / PSC / PRTB";"AM";"04/05/1968";"000614412267";4;"FEMININO";8;"SUPERIOR COMPLETO";7;"SEPARADO(A) JUDICIALMENTE";"01";"BRANCA";999;"OUTROS";4;"NÃO ELEITO"
"13/11/2024";"10:55:17";2018;2;"ELEIÇÃO ORDINÁRIA";1;297;"Eleições Gerais Estaduais 2018";"07/10/2018";"ESTADUAL";"AM";"AM";"AMAZONAS";7;"DEPUTADO ESTADUAL";40000629573;19369;"SERGIO FIGUEIREDO PIMENTA";"SERGIO PIMENTA";"#NULO#";"33501815204";"NÃO DIVULGÁVEL";12;"APTO";"COLIGAÇÃO";19;"PODE";"PODEMOS";-1;"#NULO#";"#NULO#";"#NULO#";40000050214;"PODE";"PODE";"AM";"18/04/1971";"011030822283";2;"MASCULINO";8;"SUPERIOR COMPLETO";3;"CASADO(A)";"01";"BRANCA";101;"ENGENHEIRO";5;"SUPLENTE"
"13/11/2024";"10:55:17";2018;2;"ELEIÇÃO ORDINÁRIA";1;297;"Eleições Gerais Estaduais 2018";"07/10/2018";"ESTADUAL";"AM";"AM";"AMAZONAS";7;"DEPUTADO ESTADUAL";40000608212;13005;"FRANCISCA IVANETE OLIVEIRA DOS SANTOS SANTANA";"IVANETE SANTANA";"#NULO#";"58316361272";"NÃO DIVULGÁVEL";12;"APTO";"COLIGAÇÃO";13;"PT";"PARTIDO DOS TRABALHADORES";-1;"#NULO#";"#NULO#";"#NULO#";40000050768;"O POVO FELIZ DE NOVO";"PC do B / PT";"AM";"05/06/1976";"016939842208";4;"FEMININO";8;"SUPERIOR COMPLETO";3;"CASADO(A)";"01";"BRANCA";101;"ENGENHEIRO";5;"SUPLENTE"
"13/11/2024";"10:55:17";2018;2;"ELEIÇÃO ORDINÁRIA";1;297;"Eleições Gerais Estaduais 2018";"07/10/2018";"ESTADUAL";"AM";"AM";"AMAZONAS";6;"DEPUTADO FEDERAL";40000629720;3322;"SERGIO RAIMUNDO ERNESTO MACHADO";"SERGIO MACHADO";"#NULO#";"34442979200";"NÃO DIVULGÁVEL";12;"APTO";"COLIGAÇÃO";33;"PMN";"PARTIDO DA MOBILIZAÇÃO NACIONAL";-1;"#NULO#";"#NULO#";"#NULO#";40000050279;"RENOVA AMAZONAS";"PODE / PMN / PSB / PROS";"AM";"08/09/1966";"001014732208";2;"MASCULINO";8;"SUPERIOR COMPLETO";3;"CASADO(A)";"01";"BRANCA";111;"MÉDICO";4;"NÃO ELEITO"
"13/11/2024";"10:55:17";2018;2;"ELEIÇÃO ORDINÁRIA";1;297;"Eleições Gerais Estaduais 2018";"07/10/2018";"ESTADUAL";"AM";"AM";"AMAZONAS";7;"DEPUTADO ESTADUAL";40000611550;23023;"CARLOS TADEU CELESTINO DA SILVA";"DOUTOR CARLOS TADEU";"#NULO#";"14333236215";"NÃO DIVULGÁVEL";12;"APTO";"PARTIDO ISOLADO";23;"PPS";"PARTIDO POPULAR SOCIALISTA";-1;"#NULO#";"#NULO#";"#NULO#";40000050309;"PARTIDO ISOLADO";"PPS";"AM";"30/07/1960";"001506622259";2;"MASCULINO";8;"SUPERIOR COMPLETO";9;"DIVORCIADO(A)";"02";"PRETA";111;"MÉDICO";5;"SUPLENTE"
"13/11/2024";"10:55:17";2018;2;"ELEIÇÃO ORDINÁRIA";1;297;"Eleições Gerais Estaduais 2018";"07/10/2018";"ESTADUAL";"AM";"AM";"AMAZONAS";10;"2º SUPLENTE";40000604139;333;"SERGIO RAIMUNDO ERNESTO MACHADO";"SERGIO MACHADO";"#NULO#";"34442979200";"NÃO DIVULGÁVEL";3;"INAPTO";"COLIGAÇÃO";33;"PMN";"PARTIDO DA MOBILIZAÇÃO NACIONAL";-1;"#NULO#";"#NULO#";"#NULO#";40000050119;"RENOVA AMAZONAS";"PODE / PMN / PMB / PSB / PROS / PT";"AM";"08/09/1966";"001014732208";2;"MASCULINO";8;"SUPERIOR COMPLETO";3;"CASADO(A)";"01";"BRANCA";111;"MÉDICO";-1;"#NULO#"
"13/11/2024";"10:55:17";2018;2;"ELEIÇÃO ORDINÁRIA";1;297;"Eleições Gerais Estaduais 2018";"07/10/2018";"ESTADUAL";"AM";"AM";"AMAZONAS";7;"DEPUTADO ESTADUAL";40000617524;17999;"MATEUS SOARES DE FREITAS NETO";"MATEUS SOARES NETO";"#NULO#";"79530613253";"NÃO DIVULGÁVEL";12;"APTO";"COLIGAÇÃO";17;"PSL";"PARTIDO SOCIAL LIBERAL";-1;"#NULO#";"#NULO#";"#NULO#";40000050463;"EU VOTO NO AMAZONAS V";"PHS / PTB / PSL";"AM";"03/11/1984";"022807982259";2;"MASCULINO";8;"SUPERIOR COMPLETO";1;"SOLTEIRO(A)";"01";"BRANCA";113;"ENFERMEIRO";5;"SUPLENTE"
"13/11/2024";"10:55:17";2018;2;"ELEIÇÃO ORDINÁRIA";1;297;"Eleições Gerais Estaduais 2018";"07/10/2018";"ESTADUAL";"AM";"AM";"AMAZONAS";7;"DEPUTADO ESTADUAL";40000617519;17333;"ROSIANE GOMES RIBEIRO";"ROSE RIBEIRO DAS MANIFESTAÇÕES";"#NULO#";"52482332249";"NÃO DIVULGÁVEL";12;"APTO";"COLIGAÇÃO";17;"PSL";"PARTIDO SOCIAL LIBERAL";-1;"#NULO#";"#NULO#";"#NULO#";40000050463;"EU VOTO NO AMAZONAS V";"PHS / PTB / PSL";"PA";"12/06/1978";"021246132208";4;"FEMININO";7;"SUPERIOR INCOMPLETO";1;"SOLTEIRO(A)";"03";"PARDA";113;"ENFERMEIRO";5;"SUPLENTE"
"13/11/2024";"10:55:17";2018;2;"ELEIÇÃO ORDINÁRIA";1;297;"Eleições Gerais Estaduais 2018";"07/10/2018";"ESTADUAL";"AM";"AM";"AMAZONAS";7;"DEPUTADO ESTADUAL";40000608158;45046;"PEDRO PEREIRA DE LIMA";"PEDRO LIMA";"#NULO#";"02254255215";"NÃO DIVULGÁVEL";12;"APTO";"COLIGAÇÃO";45;"PSDB";"PARTIDO DA SOCIAL DEMOCRACIA BRASILEIRA";-1;"#NULO#";"#NULO#";"#NULO#";40000050212;"AMAZONAS COM SEGURANÇA II";"PSDB / PTC";"AM";"18/09/1943";"001456582208";2;"MASCULINO";6;"ENSINO MÉDIO COMPLETO";3;"CASADO(A)";"01";"BRANCA";124;"CONTADOR";5;"SUPLENTE"
"13/11/2024";"10:55:17";2018;2;"ELEIÇÃO ORDINÁRIA";1;297;"Eleições Gerais Estaduais 2018";"07/10/2018";"ESTADUAL";"AM";"AM";"AMAZONAS";7;"DEPUTADO ESTADUAL";40000618274;15131;"LUIZ OTAVIO DE VERÇOSA CHA";"DR. CHÃ";"#NULO#";"31517765234";"NÃO DIVULGÁVEL";12;"APTO";"COLIGAÇÃO";15;"MDB";"MOVIMENTO DEMOCRÁTICO BRASILEIRO";-1;"#NULO#";"#NULO#";"#NULO#";40000050474;"POR UM AMAZONAS MELHOR";"MDB / DC";"AM";"14/02/1968";"014595992208";2;"MASCULINO";8;"SUPERIOR COMPLETO";3;"CASADO(A)";"03";"PARDA";131;"ADVOGADO";5;"SUPLENTE"
"13/11/2024";"10:55:17";2018;2;"ELEIÇÃO ORDINÁRIA";1;297;"Eleições Gerais Estaduais 2018";"07/10/2018";"ESTADUAL";"AM";"AM";"AMAZONAS";6;"DEPUTADO FEDERAL";40000610355;2020;"JOSÉ NILMAR ALVES DE OLIVEIRA";"PASTOR NILMAR";"#NULO#";"23867485291";"NÃO DIVULGÁVEL";12;"APTO";"COLIGAÇÃO";20;"PSC";"PARTIDO SOCIAL CRISTÃO";-1;"#NULO#";"#NULO#";"#NULO#";40000050273;"TRANSFORMAÇÃO POR UM NOVO AMAZONAS";"REDE / PSC / PRTB";"AM";"08/06/1966";"003758432259";2;"MASCULINO";8;"SUPERIOR COMPLETO";3;"CASADO(A)";"03";"PARDA";142;"PROFESSOR DE ENSINO SUPERIOR";4;"NÃO ELEITO"
"13/11/2024";"10:55:17";2018;2;"ELEIÇÃO ORDINÁRIA";1;297;"Eleições Gerais Estaduais 2018";"07/10/2018";"ESTADUAL";"AM";"AM";"AMAZONAS";7;"DEPUTADO ESTADUAL";40000618288;27456;"EDGAR XAVIER DE SOUZA FILHO";"EDGAR FILHO";"#NULO#";"22432965272";"NÃO DIVULGÁVEL";12;"APTO";"COLIGAÇÃO";27;"DC";"DEMOCRACIA CRISTÃ";-1;"#NULO#";"#NULO#";"#NULO#";40000050474;"POR UM AMAZONAS MELHOR";"MDB / DC";"AM";"29/05/1966";"030798592208";2;"MASCULINO";8;"SUPERIOR COMPLETO";1;"SOLTEIRO(A)";"01";"BRANCA";171;"JORNALISTA E REDATOR";5;"SUPLENTE"
"13/11/2024";"10:55:17";2018;2;"ELEIÇÃO ORDINÁRIA";2;298;"Eleições Gerais Estaduais 2018";"28/10/2018";"ESTADUAL";"AM";"AM";"AMAZONAS";3;"GOVERNADOR";40000610391;20;"WILSON MIRANDA LIMA";"WILSON LIMA";"#NULO#";"44250070263";"NÃO DIVULGÁVEL";12;"APTO";"COLIGAÇÃO";20;"PSC";"PARTIDO SOCIAL CRISTÃO";-1;"#NULO#";"#NULO#";"#NULO#";40000050275;"TRANSFORMAÇÃO POR UM NOVO AMAZONAS";"PSC / PRTB / REDE";"PA";"26/06/1976";"029928161384";2;"MASCULINO";8;"SUPERIOR COMPLETO";3;"CASADO(A)";"03";"PARDA";171;"JORNALISTA E REDATOR";1;"ELEITO"
"13/11/2024";"10:55:17";2018;2;"ELEIÇÃO ORDINÁRIA";1;297;"Eleições Gerais Estaduais 2018";"07/10/2018";"ESTADUAL";"AM";"AM";"AMAZONAS";7;"DEPUTADO ESTADUAL";40000611554;23999;"LUIZ MORAES DA ROCHA";"LUIZ MORAES";"#NULO#";"24029130291";"NÃO DIVULGÁVEL";12;"APTO";"PARTIDO ISOLADO";23;"PPS";"PARTIDO POPULAR SOCIALISTA";-1;"#NULO#";"#NULO#";"#NULO#";40000050309;"PARTIDO ISOLADO";"PPS";"AC";"17/05/1963";"003535562283";2;"MASCULINO";8;"SUPERIOR COMPLETO";3;"CASADO(A)";"01";"BRANCA";171;"JORNALISTA E REDATOR";5;"SUPLENTE"
"13/11/2024";"10:55:17";2018;2;"ELEIÇÃO ORDINÁRIA";1;297;"Eleições Gerais Estaduais 2018";"07/10/2018";"ESTADUAL";"AM";"AM";"AMAZONAS";6;"DEPUTADO FEDERAL";40000615433;3511;"VALERIA SOUZA DA SILVA";"VALERIA SILVA";"#NULO#";"00178778222";"NÃO DIVULGÁVEL";12;"APTO";"PARTIDO ISOLADO";35;"PMB";"PARTIDO DA MULHER BRASILEIRA";-1;"#NULO#";"#NULO#";"#NULO#";40000050142;"PARTIDO ISOLADO";"PMB";"AM";"28/08/1988";"032307272267";4;"FEMININO";6;"ENSINO MÉDIO COMPLETO";1;"SOLTEIRO(A)";"01";"BRANCA";193;"DECORADOR";4;"NÃO ELEITO"
"13/11/2024";"10:55:17";2018;2;"ELEIÇÃO ORDINÁRIA";1;297;"Eleições Gerais Estaduais 2018";"07/10/2018";"ESTADUAL";"AM";"AM";"AMAZONAS";7;"DEPUTADO ESTADUAL";40000623466;12345;"STONES DA COSTA MACHADO";"STONES MACHADO";"#NULO#";"03523357268";"NÃO DIVULGÁVEL";12;"APTO";"COLIGAÇÃO";12;"PDT";"PARTIDO DEMOCRÁTICO TRABALHISTA";-1;"#NULO#";"#NULO#";"#NULO#";40000050628;" EU VOTO NO AMAZONAS III ";"PDT / PRP / AVANTE";"PA";"15/05/1955";"010205282240";2;"MASCULINO";8;"SUPERIOR COMPLETO";9;"DIVORCIADO(A)";"03";"PARDA";206;"INDUSTRIAL";5;"SUPLENTE"
"13/11/2024";"10:55:17";2018;2;"ELEIÇÃO ORDINÁRIA";1;297;"Eleições Gerais Estaduais 2018";"07/10/2018";"ESTADUAL";"AM";"AM";"AMAZONAS";6;"DEPUTADO FEDERAL";40000629492;3551;"MARILENE DOS SANTOS";"LENE SANTOS";"#NULO#";"64335607253";"NÃO DIVULGÁVEL";12;"APTO";"PARTIDO ISOLADO";35;"PMB";"PARTIDO DA MULHER BRASILEIRA";-1;"#NULO#";"#NULO#";"#NULO#";40000050142;"PARTIDO ISOLADO";"PMB";"AM";"03/06/1974";"019315392224";4;"FEMININO";8;"SUPERIOR COMPLETO";3;"CASADO(A)";"02";"PRETA";206;"INDUSTRIAL";4;"NÃO ELEITO"
"13/11/2024";"10:55:17";2018;2;"ELEIÇÃO ORDINÁRIA";1;297;"Eleições Gerais Estaduais 2018";"07/10/2018";"ESTADUAL";"AM";"AM";"AMAZONAS";7;"DEPUTADO ESTADUAL";40000608168;36888;"GUTEMBERG LEONARDO AMORIM";"GUTEMBERG AMORIM";"#NULO#";"07550383200";"NÃO DIVULGÁVEL";12;"APTO";"COLIGAÇÃO";36;"PTC";"PARTIDO TRABALHISTA CRISTÃO";-1;"#NULO#";"#NULO#";"#NULO#";40000050212;"AMAZONAS COM SEGURANÇA II";"PSDB / PTC";"AM";"17/06/1960";"000305652208";2;"MASCULINO";8;"SUPERIOR COMPLETO";3;"CASADO(A)";"04";"AMARELA";213;"FISCAL";5;"SUPLENTE"
"13/11/2024";"10:55:17";2018;2;"ELEIÇÃO ORDINÁRIA";1;297;"Eleições Gerais Estaduais 2018";"07/10/2018";"ESTADUAL";"AM";"AM";"AMAZONAS";7;"DEPUTADO ESTADUAL";40000609292;33000;"EDINEY ROCHA LAGOA";"EDNEY ROCHA";"#NULO#";"62089030259";"NÃO DIVULGÁVEL";12;"APTO";"PARTIDO ISOLADO";33;"PMN";"PARTIDO DA MOBILIZAÇÃO NACIONAL";-1;"#NULO#";"#NULO#";"#NULO#";40000050241;"PARTIDO ISOLADO";"PMN";"AM";"23/05/1978";"018289012208";2;"MASCULINO";5;"ENSINO MÉDIO INCOMPLETO";1;"SOLTEIRO(A)";"03";"PARDA";220;"MONTADOR DE MÁQUINAS";4;"NÃO ELEITO"
"13/11/2024";"10:55:17";2018;2;"ELEIÇÃO ORDINÁRIA";1;297;"Eleições Gerais Estaduais 2018";"07/10/2018";"ESTADUAL";"AM";"AM";"AMAZONAS";7;"DEPUTADO ESTADUAL";40000618284;27454;"ANTONIVAN CAMPOS MONTEIRO";"IVAN BRASIL";"#NULO#";"60386878234";"NÃO DIVULGÁVEL";12;"APTO";"COLIGAÇÃO";27;"DC";"DEMOCRACIA CRISTÃ";-1;"#NULO#";"#NULO#";"#NULO#";40000050474;"POR UM AMAZONAS MELHOR";"MDB / DC";"AM";"07/01/1976";"015006362208";2;"MASCULINO";6;"ENSINO MÉDIO COMPLETO";1;"SOLTEIRO(A)";"03";"PARDA";221;"MOTOBOY";5;"SUPLENTE"
"13/11/2024";"10:55:17";2018;2;"ELEIÇÃO ORDINÁRIA";1;297;"Eleições Gerais Estaduais 2018";"07/10/2018";"ESTADUAL";"AM";"AM";"AMAZONAS";7;"DEPUTADO ESTADUAL";40000618291;27047;"GEILSON AMORIM DA SILVA DE OLIVEIRA";"GEILSON DO MOTOTAXI";"#NULO#";"79160387220";"NÃO DIVULGÁVEL";12;"APTO";"COLIGAÇÃO";27;"DC";"DEMOCRACIA CRISTÃ";-1;"#NULO#";"#NULO#";"#NULO#";40000050474;"POR UM AMAZONAS MELHOR";"MDB / DC";"AM";"04/08/1982";"020368232224";2;"MASCULINO";4;"ENSINO FUNDAMENTAL COMPLETO";3;"CASADO(A)";"03";"PARDA";221;"MOTOBOY";5;"SUPLENTE"
"13/11/2024";"10:55:17";2018;2;"ELEIÇÃO ORDINÁRIA";1;297;"Eleições Gerais Estaduais 2018";"07/10/2018";"ESTADUAL";"AM";"AM";"AMAZONAS";6;"DEPUTADO FEDERAL";40000604889;3540;"PETER SCHMIDT";"CORONEL PETER";"#NULO#";"83332367749";"NÃO DIVULGÁVEL";12;"APTO";"PARTIDO ISOLADO";35;"PMB";"PARTIDO DA MULHER BRASILEIRA";-1;"#NULO#";"#NULO#";"#NULO#";40000050142;"PARTIDO ISOLADO";"PMB";"MG";"06/09/1965";"017238722224";2;"MASCULINO";8;"SUPERIOR COMPLETO";3;"CASADO(A)";"03";"PARDA";233;"POLICIAL MILITAR";4;"NÃO ELEITO"
"13/11/2024";"10:55:17";2018;2;"ELEIÇÃO ORDINÁRIA";1;297;"Eleições Gerais Estaduais 2018";"07/10/2018";"ESTADUAL";"AM";"AM";"AMAZONAS";7;"DEPUTADO ESTADUAL";40000604620;51080;"MARCILEIA FONSECA DA SILVA ARAGÃO";"MARCILEIA ARAGÃO";"#NULO#";"58032550259";"NÃO DIVULGÁVEL";12;"APTO";"PARTIDO ISOLADO";51;"PATRIOTA";"PATRIOTA";-1;"#NULO#";"#NULO#";"#NULO#";40000050133;"PARTIDO ISOLADO";"PATRIOTA";"AM";"06/05/1977";"016705522216";4;"FEMININO";8;"SUPERIOR COMPLETO";3;"CASADO(A)";"01";"BRANCA";233;"POLICIAL MILITAR";4;"NÃO ELEITO"
"13/11/2024";"10:55:17";2018;2;"ELEIÇÃO ORDINÁRIA";1;297;"Eleições Gerais Estaduais 2018";"07/10/2018";"ESTADUAL";"AM";"AM";"AMAZONAS";7;"DEPUTADO ESTADUAL";40000608890;10100;"GILMARA PINHEIRO TAMBORINI";"SARGENTO GILMARA TAMBORINI";"#NULO#";"56435622272";"NÃO DIVULGÁVEL";12;"APTO";"COLIGAÇÃO";10;"PRB";"PARTIDO REPUBLICANO BRASILEIRO";-1;"#NULO#";"#NULO#";"#NULO#";40000050228;"AMAZONAS COM SEGURANÇA I";"PSD / PRB / DEM";"AM";"31/05/1977";"016319772208";4;"FEMININO";8;"SUPERIOR COMPLETO";3;"CASADO(A)";"03";"PARDA";233;"POLICIAL MILITAR";5;"SUPLENTE"
"13/11/2024";"10:55:17";2018;2;"ELEIÇÃO ORDINÁRIA";1;297;"Eleições Gerais Estaduais 2018";"07/10/2018";"ESTADUAL";"AM";"AM";"AMAZONAS";7;"DEPUTADO ESTADUAL";40000627712;65255;"ELISON DE OLIVEIRA MARQUES";"ELISON MARQUES";"#NULO#";"00129919292";"NÃO DIVULGÁVEL";12;"APTO";"COLIGAÇÃO";65;"PC do B";"PARTIDO COMUNISTA DO BRASIL";-1;"#NULO#";"#NULO#";"#NULO#";40000050768;"O POVO FELIZ DE NOVO";"PC do B / PT";"AM";"20/10/1988";"033112562283";2;"MASCULINO";6;"ENSINO MÉDIO COMPLETO";1;"SOLTEIRO(A)";"03";"PARDA";254;"VIGILANTE";5;"SUPLENTE"
"13/11/2024";"10:55:17";2018;2;"ELEIÇÃO ORDINÁRIA";1;297;"Eleições Gerais Estaduais 2018";"07/10/2018";"ESTADUAL";"AM";"AM";"AMAZONAS";7;"DEPUTADO ESTADUAL";40000602420;50007;"JOSEFA TEIXEIRA DOS SANTOS";"CUIÚ CUIÚ";"#NULO#";"01501491237";"NÃO DIVULGÁVEL";12;"APTO";"PARTIDO ISOLADO";50;"PSOL";"PARTIDO SOCIALISMO E LIBERDADE";-1;"#NULO#";"#NULO#";"#NULO#";40000050067;"PARTIDO ISOLADO";"PSOL";"AM";"28/08/1990";"034719222291";4;"FEMININO";6;"ENSINO MÉDIO COMPLETO";1;"SOLTEIRO(A)";"05";"INDÍGENA";254;"VIGILANTE";4;"NÃO ELEITO"
"13/11/2024";"10:55:17";2018;2;"ELEIÇÃO ORDINÁRIA";1;297;"Eleições Gerais Estaduais 2018";"07/10/2018";"ESTADUAL";"AM";"AM";"AMAZONAS";7;"DEPUTADO ESTADUAL";40000611529;23003;"ERNALDO DE VASCONCELOS";"VASCON O HOMEM DA PÁ";"#NULO#";"30985072253";"NÃO DIVULGÁVEL";3;"INAPTO";"PARTIDO ISOLADO";23;"PPS";"PARTIDO POPULAR SOCIALISTA";-1;"#NULO#";"#NULO#";"#NULO#";40000050309;"PARTIDO ISOLADO";"PPS";"AM";"18/11/1966";"000194682291";2;"MASCULINO";8;"SUPERIOR COMPLETO";3;"CASADO(A)";"01";"BRANCA";257;"EMPRESÁRIO";4;"NÃO ELEITO"
"13/11/2024";"10:55:17";2018;2;"ELEIÇÃO ORDINÁRIA";1;297;"Eleições Gerais Estaduais 2018";"07/10/2018";"ESTADUAL";"AM";"AM";"AMAZONAS";7;"DEPUTADO ESTADUAL";40000604582;51345;"CLAUDIO RODRIGUES LIMA SOUSA";"TENENTE CLAUDIO SOUSA";"#NULO#";"65901525191";"NÃO DIVULGÁVEL";12;"APTO";"PARTIDO ISOLADO";51;"PATRIOTA";"PATRIOTA";-1;"#NULO#";"#NULO#";"#NULO#";40000050133;"PARTIDO ISOLADO";"PATRIOTA";"MA";"12/09/1970";"020436171538";2;"MASCULINO";6;"ENSINO MÉDIO COMPLETO";3;"CASADO(A)";"03";"PARDA";257;"EMPRESÁRIO";4;"NÃO ELEITO"
"13/11/2024";"10:55:17";2018;2;"ELEIÇÃO ORDINÁRIA";1;297;"Eleições Gerais Estaduais 2018";"07/10/2018";"ESTADUAL";"AM";"AM";"AMAZONAS";7;"DEPUTADO ESTADUAL";40000604579;51111;"CARLOS ALBERTO LEMOS DE ALMEIDA";"CACÁ ALMEIDA";"#NULO#";"14579413253";"NÃO DIVULGÁVEL";12;"APTO";"PARTIDO ISOLADO";51;"PATRIOTA";"PATRIOTA";-1;"#NULO#";"#NULO#";"#NULO#";40000050133;"PARTIDO ISOLADO";"PATRIOTA";"AM";"03/02/1964";"004248822216";2;"MASCULINO";6;"ENSINO MÉDIO COMPLETO";3;"CASADO(A)";"03";"PARDA";257;"EMPRESÁRIO";4;"NÃO ELEITO"
"13/11/2024";"10:55:17";2018;2;"ELEIÇÃO ORDINÁRIA";1;297;"Eleições Gerais Estaduais 2018";"07/10/2018";"ESTADUAL";"AM";"AM";"AMAZONAS";7;"DEPUTADO ESTADUAL";40000608881;25555;"IRANILSON DA SILVA MEDEIROS";"IRAN MEDEIROS";"#NULO#";"27414850200";"NÃO DIVULGÁVEL";12;"APTO";"COLIGAÇÃO";25;"DEM";"DEMOCRATAS";-1;"#NULO#";"#NULO#";"#NULO#";40000050228;"AMAZONAS COM SEGURANÇA I";"PSD / PRB / DEM";"AM";"14/12/1965";"002063782267";2;"MASCULINO";8;"SUPERIOR COMPLETO";3;"CASADO(A)";"03";"PARDA";257;"EMPRESÁRIO";4;"NÃO ELEITO"
"13/11/2024";"10:55:17";2018;2;"ELEIÇÃO ORDINÁRIA";1;297;"Eleições Gerais Estaduais 2018";"07/10/2018";"ESTADUAL";"AM";"AM";"AMAZONAS";7;"DEPUTADO ESTADUAL";40000609284;33222;"CELSO CORSINO DA SILVA";"CELSO CORSINO";"#NULO#";"38685280249";"NÃO DIVULGÁVEL";12;"APTO";"PARTIDO ISOLADO";33;"PMN";"PARTIDO DA MOBILIZAÇÃO NACIONAL";-1;"#NULO#";"#NULO#";"#NULO#";40000050241;"PARTIDO ISOLADO";"PMN";"SP";"10/08/1970";"019067902291";2;"MASCULINO";8;"SUPERIOR COMPLETO";3;"CASADO(A)";"01";"BRANCA";257;"EMPRESÁRIO";4;"NÃO ELEITO"
"13/11/2024";"10:55:17";2018;2;"ELEIÇÃO ORDINÁRIA";1;297;"Eleições Gerais Estaduais 2018";"07/10/2018";"ESTADUAL";"AM";"AM";"AMAZONAS";7;"DEPUTADO ESTADUAL";40000609314;33333;"SIRLAM GOMES COHEN";"SIRLAM COHEN";"#NULO#";"11926856287";"NÃO DIVULGÁVEL";12;"APTO";"PARTIDO ISOLADO";33;"PMN";"PARTIDO DA MOBILIZAÇÃO NACIONAL";-1;"#NULO#";"#NULO#";"#NULO#";40000050241;"PARTIDO ISOLADO";"PMN";"AM";"19/08/1960";"000771282275";2;"MASCULINO";8;"SUPERIOR COMPLETO";7;"SEPARADO(A) JUDICIALMENTE";"03";"PARDA";257;"EMPRESÁRIO";4;"NÃO ELEITO"
"13/11/2024";"10:55:17";2018;2;"ELEIÇÃO ORDINÁRIA";1;297;"Eleições Gerais Estaduais 2018";"07/10/2018";"ESTADUAL";"AM";"AM";"AMAZONAS";6;"DEPUTADO FEDERAL";40000628089;1245;"ANTONIO BIRMAR DE LIMA CUNHA";"MAZINHO DO CONSELHO TUTELAR";"#NULO#";"41611969204";"NÃO DIVULGÁVEL";3;"INAPTO";"PARTIDO ISOLADO";12;"PDT";"PARTIDO DEMOCRÁTICO TRABALHISTA";-1;"#NULO#";"#NULO#";"#NULO#";40000050781;"PARTIDO ISOLADO";"PDT";"CE";"27/10/1969";"013037052267";2;"MASCULINO";7;"SUPERIOR INCOMPLETO";1;"SOLTEIRO(A)";"03";"PARDA";257;"EMPRESÁRIO";4;"NÃO ELEITO"
"13/11/2024";"10:55:17";2018;2;"ELEIÇÃO ORDINÁRIA";1;297;"Eleições Gerais Estaduais 2018";"07/10/2018";"ESTADUAL";"AM";"AM";"AMAZONAS";6;"DEPUTADO FEDERAL";40000618318;2727;"ANTONIO MARCOS DE OLIVEIRA APURINÃ";"MARCOS APURINÃ";"#NULO#";"40943070287";"NÃO DIVULGÁVEL";12;"APTO";"COLIGAÇÃO";27;"DC";"DEMOCRACIA CRISTÃ";-1;"#NULO#";"#NULO#";"#NULO#";40000050474;"POR UM AMAZONAS MELHOR";"MDB / DC";"AM";"09/06/1970";"004979502380";2;"MASCULINO";4;"ENSINO FUNDAMENTAL COMPLETO";3;"CASADO(A)";"05";"INDÍGENA";257;"EMPRESÁRIO";4;"NÃO ELEITO"
"13/11/2024";"10:55:17";2018;2;"ELEIÇÃO ORDINÁRIA";1;297;"Eleições Gerais Estaduais 2018";"07/10/2018";"ESTADUAL";"AM";"AM";"AMAZONAS";7;"DEPUTADO ESTADUAL";40000604608;51789;"RENATA RODRIGUES PINTO";"RENATA RODRIGUES";"#NULO#";"03338656777";"NÃO DIVULGÁVEL";12;"APTO";"PARTIDO ISOLADO";51;"PATRIOTA";"PATRIOTA";-1;"#NULO#";"#NULO#";"#NULO#";40000050133;"PARTIDO ISOLADO";"PATRIOTA";"RJ";"09/05/1977";"098658860370";4;"FEMININO";6;"ENSINO MÉDIO COMPLETO";9;"DIVORCIADO(A)";"01";"BRANCA";257;"EMPRESÁRIO";4;"NÃO ELEITO"
"13/11/2024";"10:55:17";2018;2;"ELEIÇÃO ORDINÁRIA";1;297;"Eleições Gerais Estaduais 2018";"07/10/2018";"ESTADUAL";"AM";"AM";"AMAZONAS";7;"DEPUTADO ESTADUAL";40000627737;15147;"ANTONIA ALMEIDA DE SOUZA";"TOINHA";"#NULO#";"13547690234";"NÃO DIVULGÁVEL";12;"APTO";"COLIGAÇÃO";15;"MDB";"MOVIMENTO DEMOCRÁTICO BRASILEIRO";-1;"#NULO#";"#NULO#";"#NULO#";40000050474;"POR UM AMAZONAS MELHOR";"MDB / DC";"PA";"06/06/1954";"000376222216";4;"FEMININO";6;"ENSINO MÉDIO COMPLETO";1;"SOLTEIRO(A)";"03";"PARDA";257;"EMPRESÁRIO";5;"SUPLENTE"
"13/11/2024";"10:55:17";2018;2;"ELEIÇÃO ORDINÁRIA";1;297;"Eleições Gerais Estaduais 2018";"07/10/2018";"ESTADUAL";"AM";"AM";"AMAZONAS";6;"DEPUTADO FEDERAL";40000602416;5027;"PERPÉTUA PEREIRA CERQUEIRA";"PERPÉTUA TSUNI KUKAMI";"#NULO#";"61831387204";"NÃO DIVULGÁVEL";12;"APTO";"PARTIDO ISOLADO";50;"PSOL";"PARTIDO SOCIALISMO E LIBERDADE";-1;"#NULO#";"#NULO#";"#NULO#";40000050067;"PARTIDO ISOLADO";"PSOL";"AM";"26/06/1972";"013538552216";4;"FEMININO";8;"SUPERIOR COMPLETO";5;"VIÚVO(A)";"05";"INDÍGENA";260;"BIBLIOTECÁRIO";4;"NÃO ELEITO"
"13/11/2024";"10:55:17";2018;2;"ELEIÇÃO ORDINÁRIA";1;297;"Eleições Gerais Estaduais 2018";"07/10/2018";"ESTADUAL";"AM";"AM";"AMAZONAS";7;"DEPUTADO ESTADUAL";40000623439;70111;"MAURO GOMES DE SOUZA";"MAURO ANIMALESCO";"#NULO#";"24297496291";"NÃO DIVULGÁVEL";12;"APTO";"COLIGAÇÃO";70;"AVANTE";"AVANTE";-1;"#NULO#";"#NULO#";"#NULO#";40000050628;" EU VOTO NO AMAZONAS III ";"PDT / PRP / AVANTE";"AM";"28/12/1964";"006228932232";2;"MASCULINO";8;"SUPERIOR COMPLETO";3;"CASADO(A)";"03";"PARDA";263;"BIÓLOGO";5;"SUPLENTE"
"13/11/2024";"10:55:17";2018;2;"ELEIÇÃO ORDINÁRIA";1;297;"Eleições Gerais Estaduais 2018";"07/10/2018";"ESTADUAL";"AM";"AM";"AMAZONAS";7;"DEPUTADO ESTADUAL";40000628244;70766;"KEFFESONRUSSO CORREIA VASCONCELOS";"KEFFESONRUSSO";"#NULO#";"81032030259";"NÃO DIVULGÁVEL";3;"INAPTO";"COLIGAÇÃO";70;"AVANTE";"AVANTE";-1;"#NULO#";"#NULO#";"#NULO#";40000050628;" EU VOTO NO AMAZONAS III ";"PDT / PRP / AVANTE";"AM";"25/08/1989";"032626182259";2;"MASCULINO";8;"SUPERIOR COMPLETO";1;"SOLTEIRO(A)";"01";"BRANCA";265;"PROFESSOR DE ENSINO FUNDAMENTAL";4;"NÃO ELEITO"
"13/11/2024";"10:55:17";2018;2;"ELEIÇÃO ORDINÁRIA";1;297;"Eleições Gerais Estaduais 2018";"07/10/2018";"ESTADUAL";"AM";"AM";"AMAZONAS";7;"DEPUTADO ESTADUAL";40000610321;28444;"HAMILTON MORAIS DO NASCIMENTO";"PROFESSOR HAMILTON MORAIS";"#NULO#";"32056923220";"NÃO DIVULGÁVEL";12;"APTO";"COLIGAÇÃO";28;"PRTB";"PARTIDO RENOVADOR TRABALHISTA BRASILEIRO";-1;"#NULO#";"#NULO#";"#NULO#";40000050272;"TRANSFORMAÇÃO POR UM NOVO AMAZONAS";"REDE / PSC / PRTB";"AM";"03/03/1967";"010675772291";2;"MASCULINO";8;"SUPERIOR COMPLETO";3;"CASADO(A)";"03";"PARDA";265;"PROFESSOR DE ENSINO FUNDAMENTAL";4;"NÃO ELEITO"
"13/11/2024";"10:55:17";2018;2;"ELEIÇÃO ORDINÁRIA";1;297;"Eleições Gerais Estaduais 2018";"07/10/2018";"ESTADUAL";"AM";"AM";"AMAZONAS";7;"DEPUTADO ESTADUAL";40000611548;23723;"MAURICIO ABREU DA SILVA";"PROF. MAURICIO ABREU";"#NULO#";"68884141249";"NÃO DIVULGÁVEL";3;"INAPTO";"PARTIDO ISOLADO";23;"PPS";"PARTIDO POPULAR SOCIALISTA";-1;"#NULO#";"#NULO#";"#NULO#";40000050309;"PARTIDO ISOLADO";"PPS";"AM";"11/06/1982";"020639692240";2;"MASCULINO";8;"SUPERIOR COMPLETO";1;"SOLTEIRO(A)";"01";"BRANCA";266;"PROFESSOR DE ENSINO MÉDIO";4;"NÃO ELEITO"
"13/11/2024";"10:55:17";2018;2;"ELEIÇÃO ORDINÁRIA";1;297;"Eleições Gerais Estaduais 2018";"07/10/2018";"ESTADUAL";"AM";"AM";"AMAZONAS";7;"DEPUTADO ESTADUAL";40000618985;40001;"ALI ASSI";"PROFESSOR ALI ASSI";"#NULO#";"59234695291";"NÃO DIVULGÁVEL";12;"APTO";"COLIGAÇÃO";40;"PSB";"PARTIDO SOCIALISTA BRASILEIRO";-1;"#NULO#";"#NULO#";"#NULO#";40000050493;"RENOVA AMAZONAS II";"PSB / PMB / PROS";"AM";"26/01/1977";"016495662275";2;"MASCULINO";8;"SUPERIOR COMPLETO";1;"SOLTEIRO(A)";"01";"BRANCA";266;"PROFESSOR DE ENSINO MÉDIO";5;"SUPLENTE"
"13/11/2024";"10:55:17";2018;2;"ELEIÇÃO ORDINÁRIA";1;297;"Eleições Gerais Estaduais 2018";"07/10/2018";"ESTADUAL";"AM";"AM";"AMAZONAS";7;"DEPUTADO ESTADUAL";40000608206;13646;"MARIA DE FATIMA TORRES BARBOSA";"FATIMA TORRES";"#NULO#";"07726031204";"NÃO DIVULGÁVEL";12;"APTO";"COLIGAÇÃO";13;"PT";"PARTIDO DOS TRABALHADORES";-1;"#NULO#";"#NULO#";"#NULO#";40000050768;"O POVO FELIZ DE NOVO";"PC do B / PT";"AM";"23/11/1956";"002563562283";4;"FEMININO";8;"SUPERIOR COMPLETO";9;"DIVORCIADO(A)";"01";"BRANCA";266;"PROFESSOR DE ENSINO MÉDIO";5;"SUPLENTE"
"13/11/2024";"10:55:17";2018;2;"ELEIÇÃO ORDINÁRIA";1;297;"Eleições Gerais Estaduais 2018";"07/10/2018";"ESTADUAL";"AM";"AM";"AMAZONAS";7;"DEPUTADO ESTADUAL";40000623422;70333;"ANTONIA DO NASCIMENTO LINHARES";"ANTONIA MCGREGOR";"#NULO#";"16017730215";"NÃO DIVULGÁVEL";12;"APTO";"COLIGAÇÃO";70;"AVANTE";"AVANTE";-1;"#NULO#";"#NULO#";"#NULO#";40000050628;" EU VOTO NO AMAZONAS III ";"PDT / PRP / AVANTE";"AC";"02/09/1966";"000548662291";4;"FEMININO";8;"SUPERIOR COMPLETO";1;"SOLTEIRO(A)";"03";"PARDA";266;"PROFESSOR DE ENSINO MÉDIO";5;"SUPLENTE"
"13/11/2024";"10:55:17";2018;2;"ELEIÇÃO ORDINÁRIA";1;297;"Eleições Gerais Estaduais 2018";"07/10/2018";"ESTADUAL";"AM";"AM";"AMAZONAS";7;"DEPUTADO ESTADUAL";40000608232;19010;"GEANE BARBOSA DA SILVA";"PROF. GEANE";"#NULO#";"74738909215";"NÃO DIVULGÁVEL";12;"APTO";"COLIGAÇÃO";19;"PODE";"PODEMOS";-1;"#NULO#";"#NULO#";"#NULO#";40000050214;"PODE";"PODE";"PA";"18/08/1984";"042372091376";4;"FEMININO";8;"SUPERIOR COMPLETO";3;"CASADO(A)";"03";"PARDA";266;"PROFESSOR DE ENSINO MÉDIO";5;"SUPLENTE"
"13/11/2024";"10:55:17";2018;2;"ELEIÇÃO ORDINÁRIA";1;297;"Eleições Gerais Estaduais 2018";"07/10/2018";"ESTADUAL";"AM";"AM";"AMAZONAS";5;"SENADOR";40000627725;656;"VANESSA GRAZZIOTIN";"VANESSA";"#NULO#";"16114620291";"NÃO DIVULGÁVEL";12;"APTO";"COLIGAÇÃO";65;"PC do B";"PARTIDO COMUNISTA DO BRASIL";-1;"#NULO#";"#NULO#";"#NULO#";40000050768;"O POVO FELIZ DE NOVO";"PC do B / PT";"SC";"29/06/1961";"003965652216";4;"FEMININO";8;"SUPERIOR COMPLETO";3;"CASADO(A)";"01";"BRANCA";276;"SENADOR";4;"NÃO ELEITO"
"13/11/2024";"10:55:17";2018;2;"ELEIÇÃO ORDINÁRIA";1;297;"Eleições Gerais Estaduais 2018";"07/10/2018";"ESTADUAL";"AM";"AM";"AMAZONAS";5;"SENADOR";40000610393;180;"LUIZ CASTRO ANDRADE NETO";"LUIZ CASTRO";"#NULO#";"07396570204";"NÃO DIVULGÁVEL";12;"APTO";"COLIGAÇÃO";18;"REDE";"REDE SUSTENTABILIDADE";-1;"#NULO#";"#NULO#";"#NULO#";40000050276;"TRANSFORMAÇÃO POR UM NOVO AMAZONAS";"REDE / PRTB / PSC";"SP";"14/10/1958";"003836842232";2;"MASCULINO";8;"SUPERIOR COMPLETO";3;"CASADO(A)";"01";"BRANCA";277;"DEPUTADO";4;"NÃO ELEITO"
"13/11/2024";"10:55:17";2018;2;"ELEIÇÃO ORDINÁRIA";1;297;"Eleições Gerais Estaduais 2018";"07/10/2018";"ESTADUAL";"AM";"AM";"AMAZONAS";7;"DEPUTADO ESTADUAL";40000612638;22123;"SEBASTIÃO DA SILVA REIS";"SABÁ REIS";"#NULO#";"24004260230";"NÃO DIVULGÁVEL";12;"APTO";"COLIGAÇÃO";22;"PR";"PARTIDO DA REPÚBLICA";-1;"#NULO#";"#NULO#";"#NULO#";40000050342;"EU VOTO NO AMAZONAS IV";"PP / PR / PPL / SOLIDARIEDADE";"AM";"24/03/1955";"000711012224";2;"MASCULINO";8;"SUPERIOR COMPLETO";3;"CASADO(A)";"03";"PARDA";277;"DEPUTADO";5;"SUPLENTE"
"13/11/2024";"10:55:17";2018;2;"ELEIÇÃO ORDINÁRIA";1;297;"Eleições Gerais Estaduais 2018";"07/10/2018";"ESTADUAL";"AM";"AM";"AMAZONAS";7;"DEPUTADO ESTADUAL";40000609257;43123;"VICENTE LOPES DE SOUZA";"DR. VICENTE";"#NULO#";"12021202291";"NÃO DIVULGÁVEL";12;"APTO";"PARTIDO ISOLADO";43;"PV";"PARTIDO VERDE";-1;"#NULO#";"#NULO#";"#NULO#";40000050239;"PARTIDO ISOLADO";"PV";"PE";"27/08/1961";"004157812283";2;"MASCULINO";8;"SUPERIOR COMPLETO";3;"CASADO(A)";"03";"PARDA";277;"DEPUTADO";5;"SUPLENTE"
"13/11/2024";"10:55:17";2018;2;"ELEIÇÃO ORDINÁRIA";1;297;"Eleições Gerais Estaduais 2018";"07/10/2018";"ESTADUAL";"AM";"AM";"AMAZONAS";9;"1º SUPLENTE";40000624381;455;"CARLOS ALBERTO DE CASTRO ALMEIDA";"CARLOS ALBERTO";"#NULO#";"48499692753";"NÃO DIVULGÁVEL";12;"APTO";"COLIGAÇÃO";10;"PRB";"PARTIDO REPUBLICANO BRASILEIRO";-1;"#NULO#";"#NULO#";"#NULO#";40000050103;"AMAZONAS COM SEGURANÇA";"PSD / PSDB / DEM / PRB / PTC / PATRIOTA";"RJ";"17/07/1951";"040406821023";2;"MASCULINO";4;"ENSINO FUNDAMENTAL COMPLETO";3;"CASADO(A)";"03";"PARDA";277;"DEPUTADO";1;"ELEITO"
"13/11/2024";"10:55:17";2018;2;"ELEIÇÃO ORDINÁRIA";1;297;"Eleições Gerais Estaduais 2018";"07/10/2018";"ESTADUAL";"AM";"AM";"AMAZONAS";7;"DEPUTADO ESTADUAL";40000619015;90123;"FRANCISCO COELHO DA SILVA";"FRANCISCO COELHO";"#NULO#";"29139163253";"NÃO DIVULGÁVEL";12;"APTO";"COLIGAÇÃO";90;"PROS";"PARTIDO REPUBLICANO DA ORDEM SOCIAL";-1;"#NULO#";"#NULO#";"#NULO#";40000050493;"RENOVA AMAZONAS II";"PSB / PMB / PROS";"AM";"18/03/1968";"000080052259";2;"MASCULINO";8;"SUPERIOR COMPLETO";3;"CASADO(A)";"03";"PARDA";278;"VEREADOR";5;"SUPLENTE"
"13/11/2024";"10:55:17";2018;2;"ELEIÇÃO ORDINÁRIA";1;297;"Eleições Gerais Estaduais 2018";"07/10/2018";"ESTADUAL";"AM";"AM";"AMAZONAS";7;"DEPUTADO ESTADUAL";40000611553;23077;"FRANCELSON MARTINS DO CARMO";"CELSO MARTINS";"#NULO#";"64912361291";"NÃO DIVULGÁVEL";3;"INAPTO";"PARTIDO ISOLADO";23;"PPS";"PARTIDO POPULAR SOCIALISTA";-1;"#NULO#";"#NULO#";"#NULO#";40000050309;"PARTIDO ISOLADO";"PPS";"PA";"02/08/1981";"003056812534";2;"MASCULINO";8;"SUPERIOR COMPLETO";1;"SOLTEIRO(A)";"02";"PRETA";292;"AGENTE ADMINISTRATIVO";4;"NÃO ELEITO"
"13/11/2024";"10:55:17";2018;2;"ELEIÇÃO ORDINÁRIA";1;297;"Eleições Gerais Estaduais 2018";"07/10/2018";"ESTADUAL";"AM";"AM";"AMAZONAS";7;"DEPUTADO ESTADUAL";40000623435;70221;"CARLOS ANDRE BARROSO TABOSA DOS REIS";"ANDRE TABOSA";"#NULO#";"37933469272";"NÃO DIVULGÁVEL";3;"INAPTO";"COLIGAÇÃO";70;"AVANTE";"AVANTE";-1;"#NULO#";"#NULO#";"#NULO#";40000050628;" EU VOTO NO AMAZONAS III ";"PDT / PRP / AVANTE";"AM";"11/10/1970";"026800911384";2;"MASCULINO";8;"SUPERIOR COMPLETO";3;"CASADO(A)";"03";"PARDA";296;"SERVIDOR PÚBLICO FEDERAL";4;"NÃO ELEITO"
"13/11/2024";"10:55:17";2018;2;"ELEIÇÃO ORDINÁRIA";1;297;"Eleições Gerais Estaduais 2018";"07/10/2018";"ESTADUAL";"AM";"AM";"AMAZONAS";6;"DEPUTADO FEDERAL";40000610348;1899;"ALZENIR ARAUJO DA CRUZ";"ALZENIR ARAÚJO";"#NULO#";"40641317204";"NÃO DIVULGÁVEL";12;"APTO";"COLIGAÇÃO";18;"REDE";"REDE SUSTENTABILIDADE";-1;"#NULO#";"#NULO#";"#NULO#";40000050273;"TRANSFORMAÇÃO POR UM NOVO AMAZONAS";"REDE / PSC / PRTB";"AM";"09/01/1972";"011425892208";2;"MASCULINO";8;"SUPERIOR COMPLETO";3;"CASADO(A)";"03";"PARDA";296;"SERVIDOR PÚBLICO FEDERAL";4;"NÃO ELEITO"
"13/11/2024";"10:55:17";2018;2;"ELEIÇÃO ORDINÁRIA";1;297;"Eleições Gerais Estaduais 2018";"07/10/2018";"ESTADUAL";"AM";"AM";"AMAZONAS";7;"DEPUTADO ESTADUAL";40000623467;12333;"WILLISON GONÇALVES MARQUES";"WILLISON MARQUES";"#NULO#";"64485420272";"NÃO DIVULGÁVEL";12;"APTO";"COLIGAÇÃO";12;"PDT";"PARTIDO DEMOCRÁTICO TRABALHISTA";-1;"#NULO#";"#NULO#";"#NULO#";40000050628;" EU VOTO NO AMAZONAS III ";"PDT / PRP / AVANTE";"AM";"31/10/1977";"017184922240";2;"MASCULINO";6;"ENSINO MÉDIO COMPLETO";1;"SOLTEIRO(A)";"03";"PARDA";298;"SERVIDOR PÚBLICO MUNICIPAL";5;"SUPLENTE"
"13/11/2024";"10:55:17";2018;2;"ELEIÇÃO ORDINÁRIA";1;297;"Eleições Gerais Estaduais 2018";"07/10/2018";"ESTADUAL";"AM";"AM";"AMAZONAS";6;"DEPUTADO FEDERAL";40000628262;7040;"ADRIEL SALES DA CONCEIÇÃO";"ADRIEL KOKAMA";"#NULO#";"63668823200";"NÃO DIVULGÁVEL";12;"APTO";"COLIGAÇÃO";70;"AVANTE";"AVANTE";-1;"#NULO#";"#NULO#";"#NULO#";40000050626;"EU VOTO NO AMAZONAS II";"PPS / PPL / PRP / AVANTE";"AM";"27/10/1978";"019021992224";2;"MASCULINO";8;"SUPERIOR COMPLETO";3;"CASADO(A)";"05";"INDÍGENA";298;"SERVIDOR PÚBLICO MUNICIPAL";4;"NÃO ELEITO"
"13/11/2024";"10:55:17";2018;2;"ELEIÇÃO ORDINÁRIA";1;297;"Eleições Gerais Estaduais 2018";"07/10/2018";"ESTADUAL";"AM";"AM";"AMAZONAS";7;"DEPUTADO ESTADUAL";40000611533;23523;"CINTYA VALERIA SOARES MAIA";"CINTYA MAIA";"#NULO#";"40550095268";"NÃO DIVULGÁVEL";12;"APTO";"PARTIDO ISOLADO";23;"PPS";"PARTIDO POPULAR SOCIALISTA";-1;"#NULO#";"#NULO#";"#NULO#";40000050309;"PARTIDO ISOLADO";"PPS";"AM";"06/01/1971";"011054652240";4;"FEMININO";8;"SUPERIOR COMPLETO";1;"SOLTEIRO(A)";"01";"BRANCA";298;"SERVIDOR PÚBLICO MUNICIPAL";5;"SUPLENTE"
"13/11/2024";"10:55:17";2018;2;"ELEIÇÃO ORDINÁRIA";1;297;"Eleições Gerais Estaduais 2018";"07/10/2018";"ESTADUAL";"AM";"AM";"AMAZONAS";7;"DEPUTADO ESTADUAL";40000617523;14888;"MARIA DE LOURDES DO NASCIMENTO DA ROCHA";"LOURDES ROCHA";"#NULO#";"56691556291";"NÃO DIVULGÁVEL";3;"INAPTO";"COLIGAÇÃO";14;"PTB";"PARTIDO TRABALHISTA BRASILEIRO";-1;"#NULO#";"#NULO#";"#NULO#";40000050463;"EU VOTO NO AMAZONAS V";"PHS / PTB / PSL";"AM";"28/05/1966";"002774622232";4;"FEMININO";6;"ENSINO MÉDIO COMPLETO";3;"CASADO(A)";"03";"PARDA";397;"RECEPCIONISTA";-1;"#NULO#"
"13/11/2024";"10:55:17";2018;2;"ELEIÇÃO ORDINÁRIA";1;297;"Eleições Gerais Estaduais 2018";"07/10/2018";"ESTADUAL";"AM";"AM";"AMAZONAS";7;"DEPUTADO ESTADUAL";40000604600;51500;"MARCO AURELIO DE SOUZA MOITA";"MARCO MOITA";"#NULO#";"00274923203";"NÃO DIVULGÁVEL";12;"APTO";"PARTIDO ISOLADO";51;"PATRIOTA";"PATRIOTA";-1;"#NULO#";"#NULO#";"#NULO#";40000050133;"PARTIDO ISOLADO";"PATRIOTA";"AM";"13/08/1977";"017610722291";2;"MASCULINO";6;"ENSINO MÉDIO COMPLETO";3;"CASADO(A)";"03";"PARDA";402;"VENDEDOR PRACISTA, REPRESENTANTE, CAIXEIRO-VIAJANTE E ASSEMELHADOS";4;"NÃO ELEITO"
"13/11/2024";"10:55:17";2018;2;"ELEIÇÃO ORDINÁRIA";1;297;"Eleições Gerais Estaduais 2018";"07/10/2018";"ESTADUAL";"AM";"AM";"AMAZONAS";7;"DEPUTADO ESTADUAL";40000609297;33251;"SEBASTIANA DOS SANTOS BARATA";"ANA SANTOS";"#NULO#";"07687486234";"NÃO DIVULGÁVEL";12;"APTO";"PARTIDO ISOLADO";33;"PMN";"PARTIDO DA MOBILIZAÇÃO NACIONAL";-1;"#NULO#";"#NULO#";"#NULO#";40000050241;"PARTIDO ISOLADO";"PMN";"AM";"28/08/1956";"001767412208";4;"FEMININO";5;"ENSINO MÉDIO INCOMPLETO";1;"SOLTEIRO(A)";"03";"PARDA";402;"VENDEDOR PRACISTA, REPRESENTANTE, CAIXEIRO-VIAJANTE E ASSEMELHADOS";4;"NÃO ELEITO"
"13/11/2024";"10:55:17";2018;2;"ELEIÇÃO ORDINÁRIA";1;297;"Eleições Gerais Estaduais 2018";"07/10/2018";"ESTADUAL";"AM";"AM";"AMAZONAS";7;"DEPUTADO ESTADUAL";40000609254;43888;"MERCEDES MAGALHÃES DE SOUZA SANTOS";"MERCEDES MAGALHÃES";"#NULO#";"19263902291";"NÃO DIVULGÁVEL";12;"APTO";"PARTIDO ISOLADO";43;"PV";"PARTIDO VERDE";-1;"#NULO#";"#NULO#";"#NULO#";40000050239;"PARTIDO ISOLADO";"PV";"AM";"04/03/1959";"000555052232";4;"FEMININO";6;"ENSINO MÉDIO COMPLETO";5;"VIÚVO(A)";"01";"BRANCA";411;"VENDEDOR DE COMÉRCIO VAREJISTA E ATACADISTA";5;"SUPLENTE"
"13/11/2024";"10:55:17";2018;2;"ELEIÇÃO ORDINÁRIA";1;297;"Eleições Gerais Estaduais 2018";"07/10/2018";"ESTADUAL";"AM";"AM";"AMAZONAS";7;"DEPUTADO ESTADUAL";40000608165;36777;"FRANCISCA LILA DA SILVA";"LILA SILVA";"#NULO#";"22583378287";"NÃO DIVULGÁVEL";12;"APTO";"COLIGAÇÃO";36;"PTC";"PARTIDO TRABALHISTA CRISTÃO";-1;"#NULO#";"#NULO#";"#NULO#";40000050212;"AMAZONAS COM SEGURANÇA II";"PSDB / PTC";"RR";"07/08/1964";"000344322607";4;"FEMININO";8;"SUPERIOR COMPLETO";3;"CASADO(A)";"02";"PRETA";512;"CABELEIREIRO E BARBEIRO";5;"SUPLENTE"
"13/11/2024";"10:55:17";2018;2;"ELEIÇÃO ORDINÁRIA";1;297;"Eleições Gerais Estaduais 2018";"07/10/2018";"ESTADUAL";"AM";"AM";"AMAZONAS";7;"DEPUTADO ESTADUAL";40000627719;65144;"JOSILDO DE OLIVEIRA SILVA";"JOSILDO DOS RODOVIARIOS";"#NULO#";"34511440263";"NÃO DIVULGÁVEL";12;"APTO";"COLIGAÇÃO";65;"PC do B";"PARTIDO COMUNISTA DO BRASIL";-1;"#NULO#";"#NULO#";"#NULO#";40000050768;"O POVO FELIZ DE NOVO";"PC do B / PT";"RN";"05/07/1970";"010729522267";2;"MASCULINO";6;"ENSINO MÉDIO COMPLETO";3;"CASADO(A)";"03";"PARDA";531;"MOTORISTA DE VEÍCULOS DE TRANSPORTE COLETIVO DE PASSAGEIROS";5;"SUPLENTE"
"13/11/2024";"10:55:17";2018;2;"ELEIÇÃO ORDINÁRIA";1;297;"Eleições Gerais Estaduais 2018";"07/10/2018";"ESTADUAL";"AM";"AM";"AMAZONAS";7;"DEPUTADO ESTADUAL";40000612647;77741;"EQUIAS SILVA SUBRINHO";"EQUIAS SUBRINHO";"#NULO#";"45612196253";"NÃO DIVULGÁVEL";12;"APTO";"COLIGAÇÃO";77;"SOLIDARIEDADE";"SOLIDARIEDADE";-1;"#NULO#";"#NULO#";"#NULO#";40000050342;"EU VOTO NO AMAZONAS IV";"PP / PR / PPL / SOLIDARIEDADE";"PA";"03/03/1974";"014820052267";2;"MASCULINO";6;"ENSINO MÉDIO COMPLETO";9;"DIVORCIADO(A)";"03";"PARDA";537;"MOTORISTA PARTICULAR";5;"SUPLENTE"
"13/11/2024";"10:55:17";2018;2;"ELEIÇÃO ORDINÁRIA";1;297;"Eleições Gerais Estaduais 2018";"07/10/2018";"ESTADUAL";"AM";"AM";"AMAZONAS";6;"DEPUTADO FEDERAL";40000600837;1616;"JOSÉ EVANDRO DE OLIVEIRA";"EVANDRO DE OLIVEIRA";"#NULO#";"63002817287";"NÃO DIVULGÁVEL";12;"APTO";"PARTIDO ISOLADO";16;"PSTU";"PARTIDO SOCIALISTA DOS TRABALHADORES UNIFICADO";-1;"#NULO#";"#NULO#";"#NULO#";40000050030;"PARTIDO ISOLADO";"PSTU";"AM";"12/02/1979";"017894572232";2;"MASCULINO";6;"ENSINO MÉDIO COMPLETO";1;"SOLTEIRO(A)";"02";"PRETA";541;"MECÂNICO DE MANUTENÇÃO";4;"NÃO ELEITO"
"13/11/2024";"10:55:17";2018;2;"ELEIÇÃO ORDINÁRIA";1;297;"Eleições Gerais Estaduais 2018";"07/10/2018";"ESTADUAL";"AM";"AM";"AMAZONAS";6;"DEPUTADO FEDERAL";40000627733;6511;"MIRIAM MORAES DA SILVA";"MIRIAM MORAES";"#NULO#";"57010820244";"NÃO DIVULGÁVEL";12;"APTO";"COLIGAÇÃO";65;"PC do B";"PARTIDO COMUNISTA DO BRASIL";-1;"#NULO#";"#NULO#";"#NULO#";40000050768;"O POVO FELIZ DE NOVO";"PC do B / PT";"AM";"01/01/1977";"016236202232";4;"FEMININO";6;"ENSINO MÉDIO COMPLETO";1;"SOLTEIRO(A)";"03";"PARDA";581;"DONA DE CASA";5;"SUPLENTE"
"13/11/2024";"10:55:17";2018;2;"ELEIÇÃO ORDINÁRIA";1;297;"Eleições Gerais Estaduais 2018";"07/10/2018";"ESTADUAL";"AM";"AM";"AMAZONAS";7;"DEPUTADO ESTADUAL";40000610331;28346;"ANGELO ANTONIO MESQUITA LOBO";"ANGELO CABEÇA";"#NULO#";"99119714220";"NÃO DIVULGÁVEL";12;"APTO";"COLIGAÇÃO";28;"PRTB";"PARTIDO RENOVADOR TRABALHISTA BRASILEIRO";-1;"#NULO#";"#NULO#";"#NULO#";40000050272;"TRANSFORMAÇÃO POR UM NOVO AMAZONAS";"REDE / PSC / PRTB";"PA";"13/06/1989";"055387911384";2;"MASCULINO";6;"ENSINO MÉDIO COMPLETO";3;"CASADO(A)";"03";"PARDA";595;"AGENTE DE SERVIÇOS FUNERÁRIOS E EMBALSAMADOR";4;"NÃO ELEITO"
"13/11/2024";"10:55:17";2018;2;"ELEIÇÃO ORDINÁRIA";1;297;"Eleições Gerais Estaduais 2018";"07/10/2018";"ESTADUAL";"AM";"AM";"AMAZONAS";9;"1º SUPLENTE";40000602445;508;"ROSILANE GUIMARÃES DE ALMEIDA";"ROSILANE ALMEIDA";"#NULO#";"22966498234";"NÃO DIVULGÁVEL";12;"APTO";"PARTIDO ISOLADO";50;"PSOL";"PARTIDO SOCIALISMO E LIBERDADE";-1;"#NULO#";"#NULO#";"#NULO#";40000050067;"PARTIDO ISOLADO";"PSOL";"AM";"06/01/1964";"005347432224";4;"FEMININO";6;"ENSINO MÉDIO COMPLETO";1;"SOLTEIRO(A)";"03";"PARDA";601;"AGRICULTOR";4;"NÃO ELEITO"
"13/11/2024";"10:55:17";2018;2;"ELEIÇÃO ORDINÁRIA";1;297;"Eleições Gerais Estaduais 2018";"07/10/2018";"ESTADUAL";"AM";"AM";"AMAZONAS";7;"DEPUTADO ESTADUAL";40000609324;33003;"MANOEL NOGUEIRA";"NOGUEIRA DO MULTIRÃO";"#NULO#";"31402950225";"NÃO DIVULGÁVEL";12;"APTO";"PARTIDO ISOLADO";33;"PMN";"PARTIDO DA MOBILIZAÇÃO NACIONAL";-1;"#NULO#";"#NULO#";"#NULO#";40000050241;"PARTIDO ISOLADO";"PMN";"AM";"04/11/1967";"003469782267";2;"MASCULINO";6;"ENSINO MÉDIO COMPLETO";3;"CASADO(A)";"03";"PARDA";921;"MILITAR REFORMADO";4;"NÃO ELEITO"
"13/11/2024";"10:55:17";2018;2;"ELEIÇÃO ORDINÁRIA";1;297;"Eleições Gerais Estaduais 2018";"07/10/2018";"ESTADUAL";"AM";"AM";"AMAZONAS";7;"DEPUTADO ESTADUAL";40000608215;13222;"JOAO ALVES DA COSTA";"JOAO BOLINHO";"#NULO#";"25912453391";"NÃO DIVULGÁVEL";12;"APTO";"COLIGAÇÃO";13;"PT";"PARTIDO DOS TRABALHADORES";-1;"#NULO#";"#NULO#";"#NULO#";40000050768;"O POVO FELIZ DE NOVO";"PC do B / PT";"CE";"24/05/1958";"012561692208";2;"MASCULINO";3;"ENSINO FUNDAMENTAL INCOMPLETO";3;"CASADO(A)";"02";"PRETA";923;"APOSENTADO (EXCETO SERVIDOR PÚBLICO)";5;"SUPLENTE"
"13/11/2024";"10:55:17";2018;2;"ELEIÇÃO ORDINÁRIA";1;297;"Eleições Gerais Estaduais 2018";"07/10/2018";"ESTADUAL";"AM";"AM";"AMAZONAS";7;"DEPUTADO ESTADUAL";40000619012;40044;"DOLORES MONTEIRO TORRES";"DOLORES TORRES";"#NULO#";"16014413200";"NÃO DIVULGÁVEL";12;"APTO";"COLIGAÇÃO";40;"PSB";"PARTIDO SOCIALISTA BRASILEIRO";-1;"#NULO#";"#NULO#";"#NULO#";40000050493;"RENOVA AMAZONAS II";"PSB / PMB / PROS";"AM";"03/10/1957";"000644562208";4;"FEMININO";7;"SUPERIOR INCOMPLETO";1;"SOLTEIRO(A)";"03";"PARDA";923;"APOSENTADO (EXCETO SERVIDOR PÚBLICO)";5;"SUPLENTE"
"13/11/2024";"10:55:17";2018;2;"ELEIÇÃO ORDINÁRIA";1;297;"Eleições Gerais Estaduais 2018";"07/10/2018";"ESTADUAL";"AM";"AM";"AMAZONAS";7;"DEPUTADO ESTADUAL";40000609276;43003;"AURILENE BARBOSA GONÇALVES";"AURILENE GONÇALVES";"#NULO#";"40372383220";"NÃO DIVULGÁVEL";12;"APTO";"PARTIDO ISOLADO";43;"PV";"PARTIDO VERDE";-1;"#NULO#";"#NULO#";"#NULO#";40000050239;"PARTIDO ISOLADO";"PV";"PA";"02/05/1974";"017256092275";4;"FEMININO";7;"SUPERIOR INCOMPLETO";9;"DIVORCIADO(A)";"01";"BRANCA";931;"ESTUDANTE, BOLSISTA, ESTAGIÁRIO E ASSEMELHADOS";5;"SUPLENTE"
"13/11/2024";"10:55:17";2018;2;"ELEIÇÃO ORDINÁRIA";1;297;"Eleições Gerais Estaduais 2018";"07/10/2018";"ESTADUAL";"AM";"AM";"AMAZONAS";7;"DEPUTADO ESTADUAL";40000609311;33933;"CID PEIXOTO SOARES";"CID SOARES";"#NULO#";"23410167234";"NÃO DIVULGÁVEL";3;"INAPTO";"PARTIDO ISOLADO";33;"PMN";"PARTIDO DA MOBILIZAÇÃO NACIONAL";-1;"#NULO#";"#NULO#";"#NULO#";40000050241;"PARTIDO ISOLADO";"PMN";"AM";"29/05/1964";"016920932275";2;"MASCULINO";8;"SUPERIOR COMPLETO";1;"SOLTEIRO(A)";"01";"BRANCA";999;"OUTROS";4;"NÃO ELEITO"
"13/11/2024";"10:55:17";2018;2;"ELEIÇÃO ORDINÁRIA";1;297;"Eleições Gerais Estaduais 2018";"07/10/2018";"ESTADUAL";"AM";"AM";"AMAZONAS";7;"DEPUTADO ESTADUAL";40000604610;51137;"RICARDO FREIRE DE CARVALHO";"RICARDO FREIRE";"#NULO#";"24085782215";"NÃO DIVULGÁVEL";12;"APTO";"PARTIDO ISOLADO";51;"PATRIOTA";"PATRIOTA";-1;"#NULO#";"#NULO#";"#NULO#";40000050133;"PARTIDO ISOLADO";"PATRIOTA";"AM";"18/01/1966";"010511312283";2;"MASCULINO";6;"ENSINO MÉDIO COMPLETO";1;"SOLTEIRO(A)";"03";"PARDA";999;"OUTROS";4;"NÃO ELEITO"
"13/11/2024";"10:55:17";2018;2;"ELEIÇÃO ORDINÁRIA";1;297;"Eleições Gerais Estaduais 2018";"07/10/2018";"ESTADUAL";"AM";"AM";"AMAZONAS";7;"DEPUTADO ESTADUAL";40000609318;33111;"RAYLTON GONÇALVES DE SOSSA";"RAYLTON SOSSA";"#NULO#";"43923208200";"NÃO DIVULGÁVEL";12;"APTO";"PARTIDO ISOLADO";33;"PMN";"PARTIDO DA MOBILIZAÇÃO NACIONAL";-1;"#NULO#";"#NULO#";"#NULO#";40000050241;"PARTIDO ISOLADO";"PMN";"AM";"27/03/1973";"014746942283";2;"MASCULINO";8;"SUPERIOR COMPLETO";1;"SOLTEIRO(A)";"03";"PARDA";999;"OUTROS";4;"NÃO ELEITO"
"13/11/2024";"10:55:17";2018;2;"ELEIÇÃO ORDINÁRIA";1;297;"Eleições Gerais Estaduais 2018";"07/10/2018";"ESTADUAL";"AM";"AM";"AMAZONAS";7;"DEPUTADO ESTADUAL";40000608859;55444;"EDILSON OLIVEIRA DA SILVA";"PREVA OLIVEIRA";"#NULO#";"74353985272";"NÃO DIVULGÁVEL";12;"APTO";"COLIGAÇÃO";55;"PSD";"PARTIDO SOCIAL DEMOCRÁTICO";-1;"#NULO#";"#NULO#";"#NULO#";40000050228;"AMAZONAS COM SEGURANÇA I";"PSD / PRB / DEM";"AM";"09/08/1982";"017775312208";2;"MASCULINO";6;"ENSINO MÉDIO COMPLETO";1;"SOLTEIRO(A)";"03";"PARDA";999;"OUTROS";5;"SUPLENTE"
"13/11/2024";"10:55:17";2018;2;"ELEIÇÃO ORDINÁRIA";1;297;"Eleições Gerais Estaduais 2018";"07/10/2018";"ESTADUAL";"AM";"AM";"AMAZONAS";7;"DEPUTADO ESTADUAL";40000609256;43677;"AIRTON GONÇALVES DA SILVA";"AIRTON GONÇALVES";"#NULO#";"41341066215";"NÃO DIVULGÁVEL";12;"APTO";"PARTIDO ISOLADO";43;"PV";"PARTIDO VERDE";-1;"#NULO#";"#NULO#";"#NULO#";40000050239;"PARTIDO ISOLADO";"PV";"MA";"25/03/1973";"011575442216";2;"MASCULINO";6;"ENSINO MÉDIO COMPLETO";1;"SOLTEIRO(A)";"03";"PARDA";999;"OUTROS";5;"SUPLENTE"
"13/11/2024";"10:55:17";2018;2;"ELEIÇÃO ORDINÁRIA";1;297;"Eleições Gerais Estaduais 2018";"07/10/2018";"ESTADUAL";"AM";"AM";"AMAZONAS";7;"DEPUTADO ESTADUAL";40000604584;51543;"CLODELMIRO SILVA DE FIGUEIREDO";"DEL FIGUEIREDO";"#NULO#";"51403447268";"NÃO DIVULGÁVEL";12;"APTO";"PARTIDO ISOLADO";51;"PATRIOTA";"PATRIOTA";-1;"#NULO#";"#NULO#";"#NULO#";40000050133;"PARTIDO ISOLADO";"PATRIOTA";"AM";"10/02/1964";"016923122208";2;"MASCULINO";6;"ENSINO MÉDIO COMPLETO";3;"CASADO(A)";"01";"BRANCA";999;"OUTROS";4;"NÃO ELEITO"
"13/11/2024";"10:55:17";2018;2;"ELEIÇÃO ORDINÁRIA";1;297;"Eleições Gerais Estaduais 2018";"07/10/2018";"ESTADUAL";"AM";"AM";"AMAZONAS";7;"DEPUTADO ESTADUAL";40000612667;77999;"FRANCISCO ANDERSON ARAUJO DO AMARAL";"CHIQUINHO AMARAL";"#NULO#";"74034162287";"NÃO DIVULGÁVEL";12;"APTO";"COLIGAÇÃO";77;"SOLIDARIEDADE";"SOLIDARIEDADE";-1;"#NULO#";"#NULO#";"#NULO#";40000050342;"EU VOTO NO AMAZONAS IV";"PP / PR / PPL / SOLIDARIEDADE";"AM";"23/06/1982";"019895302259";2;"MASCULINO";8;"SUPERIOR COMPLETO";1;"SOLTEIRO(A)";"03";"PARDA";999;"OUTROS";5;"SUPLENTE"
"13/11/2024";"10:55:17";2018;2;"ELEIÇÃO ORDINÁRIA";1;297;"Eleições Gerais Estaduais 2018";"07/10/2018";"ESTADUAL";"AM";"AM";"AMAZONAS";7;"DEPUTADO ESTADUAL";40000608167;36433;"FRANÇOAL BATISTA";"MISSIONÁRIO FRANÇOAR";"#NULO#";"73583103220";"NÃO DIVULGÁVEL";12;"APTO";"COLIGAÇÃO";36;"PTC";"PARTIDO TRABALHISTA CRISTÃO";-1;"#NULO#";"#NULO#";"#NULO#";40000050212;"AMAZONAS COM SEGURANÇA II";"PSDB / PTC";"AM";"25/03/1979";"018487542283";2;"MASCULINO";6;"ENSINO MÉDIO COMPLETO";3;"CASADO(A)";"01";"BRANCA";999;"OUTROS";5;"SUPLENTE"
"13/11/2024";"10:55:17";2018;2;"ELEIÇÃO ORDINÁRIA";1;297;"Eleições Gerais Estaduais 2018";"07/10/2018";"ESTADUAL";"AM";"AM";"AMAZONAS";7;"DEPUTADO ESTADUAL";40000604586;51511;"ELDER JONES ALVES PEREIRA";"SARGENTO ELDER";"#NULO#";"32103301234";"NÃO DIVULGÁVEL";12;"APTO";"PARTIDO ISOLADO";51;"PATRIOTA";"PATRIOTA";-1;"#NULO#";"#NULO#";"#NULO#";40000050133;"PARTIDO ISOLADO";"PATRIOTA";"PA";"17/11/1970";"010242662208";2;"MASCULINO";6;"ENSINO MÉDIO COMPLETO";3;"CASADO(A)";"02";"PRETA";999;"OUTROS";4;"NÃO ELEITO"
"13/11/2024";"10:55:17";2018;2;"ELEIÇÃO ORDINÁRIA";1;297;"Eleições Gerais Estaduais 2018";"07/10/2018";"ESTADUAL";"AM";"AM";"AMAZONAS";6;"DEPUTADO FEDERAL";40000610405;7777;"JOÃO BOSCO GOMES SARAIVA";"BOSCO SARAIVA";"#NULO#";"13717820249";"NÃO DIVULGÁVEL";12;"APTO";"COLIGAÇÃO";77;"SOLIDARIEDADE";"SOLIDARIEDADE";-1;"#NULO#";"#NULO#";"#NULO#";40000050278;"EU VOTO NO AMAZONAS I";"PDT / PP / PV / PR / SOLIDARIEDADE / PTB / PHS / PSL";"AM";"10/10/1959";"003343832291";2;"MASCULINO";8;"SUPERIOR COMPLETO";3;"CASADO(A)";"03";"PARDA";999;"OUTROS";3;"ELEITO POR MÉDIA"
"13/11/2024";"10:55:17";2018;2;"ELEIÇÃO ORDINÁRIA";1;297;"Eleições Gerais Estaduais 2018";"07/10/2018";"ESTADUAL";"AM";"AM";"AMAZONAS";7;"DEPUTADO ESTADUAL";40000617513;17107;"MANOEL BATISTA FERNANDES";"PASTOR MANOEL FERNANDES";"#NULO#";"27353664215";"NÃO DIVULGÁVEL";12;"APTO";"COLIGAÇÃO";17;"PSL";"PARTIDO SOCIAL LIBERAL";-1;"#NULO#";"#NULO#";"#NULO#";40000050463;"EU VOTO NO AMAZONAS V";"PHS / PTB / PSL";"AM";"10/11/1959";"000752092267";2;"MASCULINO";4;"ENSINO FUNDAMENTAL COMPLETO";3;"CASADO(A)";"03";"PARDA";999;"OUTROS";5;"SUPLENTE"
"13/11/2024";"10:55:17";2018;2;"ELEIÇÃO ORDINÁRIA";1;297;"Eleições Gerais Estaduais 2018";"07/10/2018";"ESTADUAL";"AM";"AM";"AMAZONAS";7;"DEPUTADO ESTADUAL";40000610343;20956;"EDNELZA COSTA DE LIMA";"EDNELZA COSTA";"#NULO#";"32108109234";"NÃO DIVULGÁVEL";12;"APTO";"COLIGAÇÃO";20;"PSC";"PARTIDO SOCIAL CRISTÃO";-1;"#NULO#";"#NULO#";"#NULO#";40000050272;"TRANSFORMAÇÃO POR UM NOVO AMAZONAS";"REDE / PSC / PRTB";"AM";"23/07/1964";"003096792232";4;"FEMININO";2;"LÊ E ESCREVE";3;"CASADO(A)";"03";"PARDA";999;"OUTROS";4;"NÃO ELEITO"
"13/11/2024";"10:55:17";2018;2;"ELEIÇÃO ORDINÁRIA";1;297;"Eleições Gerais Estaduais 2018";"07/10/2018";"ESTADUAL";"AM";"AM";"AMAZONAS";7;"DEPUTADO ESTADUAL";40000627722;65345;"ANA MARIA RODRIGUES DA SILVA";"ANA RODRIGUES";"#NULO#";"22463038268";"NÃO DIVULGÁVEL";12;"APTO";"COLIGAÇÃO";65;"PC do B";"PARTIDO COMUNISTA DO BRASIL";-1;"#NULO#";"#NULO#";"#NULO#";40000050768;"O POVO FELIZ DE NOVO";"PC do B / PT";"AM";"09/02/1964";"002225152283";4;"FEMININO";6;"ENSINO MÉDIO COMPLETO";1;"SOLTEIRO(A)";"03";"PARDA";999;"OUTROS";5;"SUPLENTE"
"13/11/2024";"10:55:17";2018;2;"ELEIÇÃO ORDINÁRIA";1;297;"Eleições Gerais Estaduais 2018";"07/10/2018";"ESTADUAL";"AM";"AM";"AMAZONAS";7;"DEPUTADO ESTADUAL";40000608151;45333;"FRANCISCA DE ARAUJO FREITAS";"CHIQUINHA";"#NULO#";"32116780268";"NÃO DIVULGÁVEL";12;"APTO";"COLIGAÇÃO";45;"PSDB";"PARTIDO DA SOCIAL DEMOCRACIA BRASILEIRA";-1;"#NULO#";"#NULO#";"#NULO#";40000050212;"AMAZONAS COM SEGURANÇA II";"PSDB / PTC";"AM";"18/01/1969";"013003892259";4;"FEMININO";6;"ENSINO MÉDIO COMPLETO";1;"SOLTEIRO(A)";"01";"BRANCA";999;"OUTROS";5;"SUPLENTE"
"13/11/2024";"10:55:17";2018;2;"ELEIÇÃO ORDINÁRIA";1;297;"Eleições Gerais Estaduais 2018";"07/10/2018";"ESTADUAL";"AM";"AM";"AMAZONAS";7;"DEPUTADO ESTADUAL";40000629576;19001;"LIDIA KELLY LOPES DA SILVA";"LIDIA KELLY";"#NULO#";"78487196268";"NÃO DIVULGÁVEL";12;"APTO";"COLIGAÇÃO";19;"PODE";"PODEMOS";-1;"#NULO#";"#NULO#";"#NULO#";40000050214;"PODE";"PODE";"AM";"31/12/1982";"022641142291";4;"FEMININO";6;"ENSINO MÉDIO COMPLETO";3;"CASADO(A)";"03";"PARDA";999;"OUTROS";5;"SUPLENTE"
"13/11/2024";"10:55:17";2018;2;"ELEIÇÃO ORDINÁRIA";1;297;"Eleições Gerais Estaduais 2018";"07/10/2018";"ESTADUAL";"AM";"AM";"AMAZONAS";7;"DEPUTADO ESTADUAL";40000629015;40640;"MARIA LASIANE FRANCO PAIXÃO";"MARIA LASIANE";"#NULO#";"93738609253";"NÃO DIVULGÁVEL";12;"APTO";"COLIGAÇÃO";40;"PSB";"PARTIDO SOCIALISTA BRASILEIRO";-1;"#NULO#";"#NULO#";"#NULO#";40000050493;"RENOVA AMAZONAS II";"PSB / PMB / PROS";"AM";"11/02/1987";"030880912224";4;"FEMININO";6;"ENSINO MÉDIO COMPLETO";3;"CASADO(A)";"02";"PRETA";999;"OUTROS";5;"SUPLENTE"
"13/11/2024";"10:55:17";2018;2;"ELEIÇÃO ORDINÁRIA";1;297;"Eleições Gerais Estaduais 2018";"07/10/2018";"ESTADUAL";"AM";"AM";"AMAZONAS";6;"DEPUTADO FEDERAL";40000623416;4413;"MARIA DAS DORES OLIVEIRA DA SILVA";"MARA SANTOS";"#NULO#";"13494490244";"NÃO DIVULGÁVEL";12;"APTO";"COLIGAÇÃO";44;"PRP";"PARTIDO REPUBLICANO PROGRESSISTA";-1;"#NULO#";"#NULO#";"#NULO#";40000050626;"EU VOTO NO AMAZONAS II";"PPS / PPL / PRP / AVANTE";"AM";"20/04/1957";"002976402240";4;"FEMININO";5;"ENSINO MÉDIO INCOMPLETO";3;"CASADO(A)";"03";"PARDA";999;"OUTROS";4;"NÃO ELEITO"
"13/11/2024";"10:55:17";2018;2;"ELEIÇÃO ORDINÁRIA";1;297;"Eleições Gerais Estaduais 2018";"07/10/2018";"ESTADUAL";"AM";"AM";"AMAZONAS";6;"DEPUTADO FEDERAL";40000623413;7023;"FERNANDA KAISSA DO NASCIMENTO SILVA";"FERNANDA SILVA";"#NULO#";"01799928217";"NÃO DIVULGÁVEL";3;"INAPTO";"COLIGAÇÃO";70;"AVANTE";"AVANTE";-1;"#NULO#";"#NULO#";"#NULO#";40000050626;"EU VOTO NO AMAZONAS II";"PPS / PPL / PRP / AVANTE";"AC";"12/12/1995";"006570582453";4;"FEMININO";7;"SUPERIOR INCOMPLETO";1;"SOLTEIRO(A)";"01";"BRANCA";999;"OUTROS";-1;"#NULO#"
"13/11/2024";"10:55:17";2018;2;"ELEIÇÃO ORDINÁRIA";1;297;"Eleições Gerais Estaduais 2018";"07/10/2018";"ESTADUAL";"AM";"AM";"AMAZONAS";6;"DEPUTADO FEDERAL";40000610351;2800;"MARIA CLARA FERREIRA MOTTA";"CLARA MOTTA";"#NULO#";"24062979268";"NÃO DIVULGÁVEL";12;"APTO";"COLIGAÇÃO";28;"PRTB";"PARTIDO RENOVADOR TRABALHISTA BRASILEIRO";-1;"#NULO#";"#NULO#";"#NULO#";40000050273;"TRANSFORMAÇÃO POR UM NOVO AMAZONAS";"REDE / PSC / PRTB";"AM";"31/05/1968";"071970610442";4;"FEMININO";7;"SUPERIOR INCOMPLETO";1;"SOLTEIRO(A)";"03";"PARDA";999;"OUTROS";4;"NÃO ELEITO"
"13/11/2024";"10:55:17";2018;2;"ELEIÇÃO ORDINÁRIA";1;297;"Eleições Gerais Estaduais 2018";"07/10/2018";"ESTADUAL";"AM";"AM";"AMAZONAS";7;"DEPUTADO ESTADUAL";40000604621;51051;"CLEIDE CARDOSO DE LIMA";"CLEIDE CARDOSO";"#NULO#";"68864604200";"NÃO DIVULGÁVEL";3;"INAPTO";"PARTIDO ISOLADO";51;"PATRIOTA";"PATRIOTA";-1;"#NULO#";"#NULO#";"#NULO#";40000050133;"PARTIDO ISOLADO";"PATRIOTA";"AM";"18/12/1974";"018469022275";4;"FEMININO";3;"ENSINO FUNDAMENTAL INCOMPLETO";1;"SOLTEIRO(A)";"02";"PRETA";999;"OUTROS";-1;"#NULO#"
"13/11/2024";"10:55:17";2018;2;"ELEIÇÃO ORDINÁRIA";1;297;"Eleições Gerais Estaduais 2018";"07/10/2018";"ESTADUAL";"AM";"AM";"AMAZONAS";7;"DEPUTADO ESTADUAL";40000604588;51567;"FABIO GOMES NEPOMUCENO";"FABIO NEPOMUCENO";"#NULO#";"01332039219";"NÃO DIVULGÁVEL";12;"APTO";"PARTIDO ISOLADO";51;"PATRIOTA";"PATRIOTA";-1;"#NULO#";"#NULO#";"#NULO#";40000050133;"PARTIDO ISOLADO";"PATRIOTA";"AM";"25/07/1993";"037102692291";2;"MASCULINO";8;"SUPERIOR COMPLETO";1;"SOLTEIRO(A)";"03";"PARDA";101;"ENGENHEIRO";4;"NÃO ELEITO"
"13/11/2024";"10:55:17";2018;2;"ELEIÇÃO ORDINÁRIA";1;297;"Eleições Gerais Estaduais 2018";"07/10/2018";"ESTADUAL";"AM";"AM";"AMAZONAS";10;"2º SUPLENTE";40000618263;155;"MIGUEL CAPOBIANGO NETO";"MIGUEL BIANGO";"#NULO#";"78501342734";"NÃO DIVULGÁVEL";12;"APTO";"PARTIDO ISOLADO";15;"MDB";"MOVIMENTO DEMOCRÁTICO BRASILEIRO";-1;"#NULO#";"#NULO#";"#NULO#";40000050473;"PARTIDO ISOLADO";"MDB";"RJ";"20/01/1963";"010726002240";2;"MASCULINO";8;"SUPERIOR COMPLETO";3;"CASADO(A)";"01";"BRANCA";102;"ARQUITETO";1;"ELEITO"
"13/11/2024";"10:55:17";2018;2;"ELEIÇÃO ORDINÁRIA";1;297;"Eleições Gerais Estaduais 2018";"07/10/2018";"ESTADUAL";"AM";"AM";"AMAZONAS";7;"DEPUTADO ESTADUAL";40000618271;15657;"JORGE LUIS GARCEZ TEIXEIRA";"JORGE GARCEZ";"#NULO#";"07817690278";"NÃO DIVULGÁVEL";12;"APTO";"COLIGAÇÃO";15;"MDB";"MOVIMENTO DEMOCRÁTICO BRASILEIRO";-1;"#NULO#";"#NULO#";"#NULO#";40000050474;"POR UM AMAZONAS MELHOR";"MDB / DC";"AM";"17/10/1957";"017700372208";2;"MASCULINO";8;"SUPERIOR COMPLETO";3;"CASADO(A)";"03";"PARDA";107;"GEÓLOGO";5;"SUPLENTE"
"13/11/2024";"10:55:17";2018;2;"ELEIÇÃO ORDINÁRIA";1;297;"Eleições Gerais Estaduais 2018";"07/10/2018";"ESTADUAL";"AM";"AM";"AMAZONAS";7;"DEPUTADO ESTADUAL";40000609304;33777;"ROGELIO ALONSO CAMPUZANO CACHAYA";"DOUTOR ROGELIO";"#NULO#";"53912802220";"NÃO DIVULGÁVEL";12;"APTO";"PARTIDO ISOLADO";33;"PMN";"PARTIDO DA MOBILIZAÇÃO NACIONAL";-1;"#NULO#";"#NULO#";"#NULO#";40000050241;"PARTIDO ISOLADO";"PMN";"ZZ";"10/03/1975";"042470812216";2;"MASCULINO";8;"SUPERIOR COMPLETO";1;"SOLTEIRO(A)";"01";"BRANCA";111;"MÉDICO";4;"NÃO ELEITO"
"13/11/2024";"10:55:17";2018;2;"ELEIÇÃO ORDINÁRIA";1;297;"Eleições Gerais Estaduais 2018";"07/10/2018";"ESTADUAL";"AM";"AM";"AMAZONAS";7;"DEPUTADO ESTADUAL";40000617483;31789;"EWERTON CAMPOS WANDERLEY ";"DR. EWERTON WANDERLEY ";"#NULO#";"44472412268";"NÃO DIVULGÁVEL";3;"INAPTO";"COLIGAÇÃO";31;"PHS";"PARTIDO HUMANISTA DA SOLIDARIEDADE";-1;"#NULO#";"#NULO#";"#NULO#";40000050463;"EU VOTO NO AMAZONAS V";"PHS / PTB / PSL";"PA";"25/09/1972";"010810412224";2;"MASCULINO";8;"SUPERIOR COMPLETO";3;"CASADO(A)";"03";"PARDA";111;"MÉDICO";-1;"#NULO#"
"13/11/2024";"10:55:17";2018;2;"ELEIÇÃO ORDINÁRIA";1;297;"Eleições Gerais Estaduais 2018";"07/10/2018";"ESTADUAL";"AM";"AM";"AMAZONAS";7;"DEPUTADO ESTADUAL";40000617491;31300;"KLEBER PINHEIRO DE OLIVEIRA";"DR. KLEBER PINHEIRO";"#NULO#";"30845670425";"NÃO DIVULGÁVEL";12;"APTO";"COLIGAÇÃO";31;"PHS";"PARTIDO HUMANISTA DA SOLIDARIEDADE";-1;"#NULO#";"#NULO#";"#NULO#";40000050463;"EU VOTO NO AMAZONAS V";"PHS / PTB / PSL";"CE";"29/11/1963";"001918522240";2;"MASCULINO";8;"SUPERIOR COMPLETO";3;"CASADO(A)";"03";"PARDA";111;"MÉDICO";5;"SUPLENTE"
"13/11/2024";"10:55:17";2018;2;"ELEIÇÃO ORDINÁRIA";1;297;"Eleições Gerais Estaduais 2018";"07/10/2018";"ESTADUAL";"AM";"AM";"AMAZONAS";7;"DEPUTADO ESTADUAL";40000617486;31111;"HOMERO DE MIRANDA LEAO NETO";"HOMERO DE MIRANDA LEAO NETO";"#NULO#";"13493825234";"NÃO DIVULGÁVEL";12;"APTO";"COLIGAÇÃO";31;"PHS";"PARTIDO HUMANISTA DA SOLIDARIEDADE";-1;"#NULO#";"#NULO#";"#NULO#";40000050463;"EU VOTO NO AMAZONAS V";"PHS / PTB / PSL";"AM";"04/06/1962";"005041902224";2;"MASCULINO";8;"SUPERIOR COMPLETO";3;"CASADO(A)";"03";"PARDA";111;"MÉDICO";5;"SUPLENTE"
"13/11/2024";"10:55:17";2018;2;"ELEIÇÃO ORDINÁRIA";1;297;"Eleições Gerais Estaduais 2018";"07/10/2018";"ESTADUAL";"AM";"AM";"AMAZONAS";7;"DEPUTADO ESTADUAL";40000618308;27778;"ZENEIDE DOS REIS FARIAS";"ENF. ZENEIDE REIS";"#NULO#";"10002189291";"NÃO DIVULGÁVEL";12;"APTO";"COLIGAÇÃO";27;"DC";"DEMOCRACIA CRISTÃ";-1;"#NULO#";"#NULO#";"#NULO#";40000050474;"POR UM AMAZONAS MELHOR";"MDB / DC";"AM";"09/02/1958";"010989222267";4;"FEMININO";8;"SUPERIOR COMPLETO";9;"DIVORCIADO(A)";"03";"PARDA";113;"ENFERMEIRO";5;"SUPLENTE"
"13/11/2024";"10:55:17";2018;2;"ELEIÇÃO ORDINÁRIA";1;297;"Eleições Gerais Estaduais 2018";"07/10/2018";"ESTADUAL";"AM";"AM";"AMAZONAS";6;"DEPUTADO FEDERAL";40000610409;1233;"EDILENE COELHO PERES PINTO";"ENFERMEIRA EDILENE KOKAMA";"#NULO#";"23841982204";"NÃO DIVULGÁVEL";12;"APTO";"COLIGAÇÃO";12;"PDT";"PARTIDO DEMOCRÁTICO TRABALHISTA";-1;"#NULO#";"#NULO#";"#NULO#";40000050278;"EU VOTO NO AMAZONAS I";"PDT / PP / PV / PR / SOLIDARIEDADE / PTB / PHS / PSL";"AM";"13/06/1964";"004942402208";4;"FEMININO";8;"SUPERIOR COMPLETO";3;"CASADO(A)";"05";"INDÍGENA";113;"ENFERMEIRO";5;"SUPLENTE"
"13/11/2024";"10:55:17";2018;2;"ELEIÇÃO ORDINÁRIA";1;297;"Eleições Gerais Estaduais 2018";"07/10/2018";"ESTADUAL";"AM";"AM";"AMAZONAS";7;"DEPUTADO ESTADUAL";40000617485;31444;"GIVANILDO MARQUES MAIA";"MARQUINHO MAIA ";"#NULO#";"63443490263";"NÃO DIVULGÁVEL";12;"APTO";"COLIGAÇÃO";31;"PHS";"PARTIDO HUMANISTA DA SOLIDARIEDADE";-1;"#NULO#";"#NULO#";"#NULO#";40000050463;"EU VOTO NO AMAZONAS V";"PHS / PTB / PSL";"AM";"06/04/1980";"018834502275";2;"MASCULINO";6;"ENSINO MÉDIO COMPLETO";9;"DIVORCIADO(A)";"03";"PARDA";125;"ADMINISTRADOR";5;"SUPLENTE"
"13/11/2024";"10:55:17";2018;2;"ELEIÇÃO ORDINÁRIA";1;297;"Eleições Gerais Estaduais 2018";"07/10/2018";"ESTADUAL";"AM";"AM";"AMAZONAS";7;"DEPUTADO ESTADUAL";40000602417;50888;"EDUARDO NICOLAS VIEIRA OLIVERA";"DUDU VIEIRA";"#NULO#";"82848386720";"NÃO DIVULGÁVEL";12;"APTO";"PARTIDO ISOLADO";50;"PSOL";"PARTIDO SOCIALISMO E LIBERDADE";-1;"#NULO#";"#NULO#";"#NULO#";40000050067;"PARTIDO ISOLADO";"PSOL";"RJ";"09/04/1966";"026155010302";2;"MASCULINO";8;"SUPERIOR COMPLETO";3;"CASADO(A)";"01";"BRANCA";125;"ADMINISTRADOR";4;"NÃO ELEITO"
"13/11/2024";"10:55:17";2018;2;"ELEIÇÃO ORDINÁRIA";1;297;"Eleições Gerais Estaduais 2018";"07/10/2018";"ESTADUAL";"AM";"AM";"AMAZONAS";7;"DEPUTADO ESTADUAL";40000608861;55789;"LUIS RICARDO SALDANHA NICOLAU";"RICARDO NICOLAU";"#NULO#";"56286287272";"NÃO DIVULGÁVEL";12;"APTO";"COLIGAÇÃO";55;"PSD";"PARTIDO SOCIAL DEMOCRÁTICO";-1;"#NULO#";"#NULO#";"#NULO#";40000050228;"AMAZONAS COM SEGURANÇA I";"PSD / PRB / DEM";"AM";"21/08/1975";"015836822275";2;"MASCULINO";7;"SUPERIOR INCOMPLETO";3;"CASADO(A)";"01";"BRANCA";125;"ADMINISTRADOR";2;"ELEITO POR QP"
"13/11/2024";"10:55:17";2018;2;"ELEIÇÃO ORDINÁRIA";1;297;"Eleições Gerais Estaduais 2018";"07/10/2018";"ESTADUAL";"AM";"AM";"AMAZONAS";7;"DEPUTADO ESTADUAL";40000609286;33678;"KETLEN ANNY SOARES SOUZA";"KETLEN SOARES";"#NULO#";"88640752249";"NÃO DIVULGÁVEL";12;"APTO";"PARTIDO ISOLADO";33;"PMN";"PARTIDO DA MOBILIZAÇÃO NACIONAL";-1;"#NULO#";"#NULO#";"#NULO#";40000050241;"PARTIDO ISOLADO";"PMN";"AM";"03/01/1988";"023774062216";4;"FEMININO";8;"SUPERIOR COMPLETO";1;"SOLTEIRO(A)";"03";"PARDA";125;"ADMINISTRADOR";4;"NÃO ELEITO"
"13/11/2024";"10:55:17";2018;2;"ELEIÇÃO ORDINÁRIA";1;297;"Eleições Gerais Estaduais 2018";"07/10/2018";"ESTADUAL";"AM";"AM";"AMAZONAS";7;"DEPUTADO ESTADUAL";40000608143;45789;"MARIA DO SOCORRO SAMPAIO MOURA DA FONTOURA";"SOCORRO SAMPAIO";"#NULO#";"46437045272";"NÃO DIVULGÁVEL";12;"APTO";"COLIGAÇÃO";45;"PSDB";"PARTIDO DA SOCIAL DEMOCRACIA BRASILEIRA";-1;"#NULO#";"#NULO#";"#NULO#";40000050212;"AMAZONAS COM SEGURANÇA II";"PSDB / PTC";"PA";"29/07/1971";"011429062224";4;"FEMININO";8;"SUPERIOR COMPLETO";3;"CASADO(A)";"03";"PARDA";125;"ADMINISTRADOR";5;"SUPLENTE"
"13/11/2024";"10:55:17";2018;2;"ELEIÇÃO ORDINÁRIA";1;297;"Eleições Gerais Estaduais 2018";"07/10/2018";"ESTADUAL";"AM";"AM";"AMAZONAS";6;"DEPUTADO FEDERAL";40000610408;1122;"ALBERTO D ALMEIDA COELHO";"ALBERTO D ALMEIDA";"#NULO#";"60331151200";"NÃO DIVULGÁVEL";12;"APTO";"COLIGAÇÃO";11;"PP";"PROGRESSISTAS";-1;"#NULO#";"#NULO#";"#NULO#";40000050278;"EU VOTO NO AMAZONAS I";"PDT / PP / PV / PR / SOLIDARIEDADE / PTB / PHS / PSL";"AM";"03/11/1976";"016878842216";2;"MASCULINO";8;"SUPERIOR COMPLETO";3;"CASADO(A)";"03";"PARDA";131;"ADVOGADO";5;"SUPLENTE"
"13/11/2024";"10:55:17";2018;2;"ELEIÇÃO ORDINÁRIA";1;297;"Eleições Gerais Estaduais 2018";"07/10/2018";"ESTADUAL";"AM";"AM";"AMAZONAS";7;"DEPUTADO ESTADUAL";40000609239;43433;"CARLOS EDUARDO BESSA DE SA";"CARLINHOS BESSA";"#NULO#";"76917460249";"NÃO DIVULGÁVEL";12;"APTO";"PARTIDO ISOLADO";43;"PV";"PARTIDO VERDE";-1;"#NULO#";"#NULO#";"#NULO#";40000050239;"PARTIDO ISOLADO";"PV";"AM";"22/05/1984";"021091172208";2;"MASCULINO";8;"SUPERIOR COMPLETO";1;"SOLTEIRO(A)";"01";"BRANCA";131;"ADVOGADO";3;"ELEITO POR MÉDIA"
"13/11/2024";"10:55:17";2018;2;"ELEIÇÃO ORDINÁRIA";1;297;"Eleições Gerais Estaduais 2018";"07/10/2018";"ESTADUAL";"AM";"AM";"AMAZONAS";7;"DEPUTADO ESTADUAL";40000617509;17890;"JAMMES BEZERRA DE OLIVEIRA";"SUBTENENTE JAMMES";"#NULO#";"25149075353";"NÃO DIVULGÁVEL";12;"APTO";"COLIGAÇÃO";17;"PSL";"PARTIDO SOCIAL LIBERAL";-1;"#NULO#";"#NULO#";"#NULO#";40000050463;"EU VOTO NO AMAZONAS V";"PHS / PTB / PSL";"AM";"05/10/1966";"026934821252";2;"MASCULINO";8;"SUPERIOR COMPLETO";3;"CASADO(A)";"01";"BRANCA";131;"ADVOGADO";5;"SUPLENTE"
"13/11/2024";"10:55:17";2018;2;"ELEIÇÃO ORDINÁRIA";1;297;"Eleições Gerais Estaduais 2018";"07/10/2018";"ESTADUAL";"AM";"AM";"AMAZONAS";7;"DEPUTADO ESTADUAL";40000610332;20333;"EDINHO GOMES DA CRUZ";"DR. EDINHO GOMES";"#NULO#";"93474156268";"NÃO DIVULGÁVEL";3;"INAPTO";"COLIGAÇÃO";20;"PSC";"PARTIDO SOCIAL CRISTÃO";-1;"#NULO#";"#NULO#";"#NULO#";40000050272;"TRANSFORMAÇÃO POR UM NOVO AMAZONAS";"REDE / PSC / PRTB";"AM";"28/07/1985";"030264372259";2;"MASCULINO";8;"SUPERIOR COMPLETO";3;"CASADO(A)";"05";"INDÍGENA";131;"ADVOGADO";4;"NÃO ELEITO"
"13/11/2024";"10:55:17";2018;2;"ELEIÇÃO ORDINÁRIA";1;297;"Eleições Gerais Estaduais 2018";"07/10/2018";"ESTADUAL";"AM";"AM";"AMAZONAS";7;"DEPUTADO ESTADUAL";40000608880;25766;"ILDENICE RAMOS DE OLIVEIRA";"ILDENICE RAMOS";"#NULO#";"45027277253";"NÃO DIVULGÁVEL";12;"APTO";"COLIGAÇÃO";25;"DEM";"DEMOCRATAS";-1;"#NULO#";"#NULO#";"#NULO#";40000050228;"AMAZONAS COM SEGURANÇA I";"PSD / PRB / DEM";"PA";"04/10/1975";"017369372216";4;"FEMININO";8;"SUPERIOR COMPLETO";9;"DIVORCIADO(A)";"03";"PARDA";131;"ADVOGADO";5;"SUPLENTE"
"13/11/2024";"10:55:17";2018;2;"ELEIÇÃO ORDINÁRIA";1;297;"Eleições Gerais Estaduais 2018";"07/10/2018";"ESTADUAL";"AM";"AM";"AMAZONAS";7;"DEPUTADO ESTADUAL";40000617488;31234;"JOAO FRANCISCO DE MIRANDA SOARES";"JOÃOZINHO MIRANDA";"#NULO#";"23842504268";"NÃO DIVULGÁVEL";12;"APTO";"COLIGAÇÃO";31;"PHS";"PARTIDO HUMANISTA DA SOLIDARIEDADE";-1;"#NULO#";"#NULO#";"#NULO#";40000050463;"EU VOTO NO AMAZONAS V";"PHS / PTB / PSL";"AM";"01/04/1966";"006393062232";2;"MASCULINO";8;"SUPERIOR COMPLETO";3;"CASADO(A)";"03";"PARDA";134;"ASSISTENTE SOCIAL";5;"SUPLENTE"
"13/11/2024";"10:55:17";2018;2;"ELEIÇÃO ORDINÁRIA";1;297;"Eleições Gerais Estaduais 2018";"07/10/2018";"ESTADUAL";"AM";"AM";"AMAZONAS";7;"DEPUTADO ESTADUAL";40000609259;43134;"MARIA DO SOCORRO NUNES VITOR";"SOCORRO VITOR";"#NULO#";"07447914215";"NÃO DIVULGÁVEL";3;"INAPTO";"PARTIDO ISOLADO";43;"PV";"PARTIDO VERDE";-1;"#NULO#";"#NULO#";"#NULO#";40000050239;"PARTIDO ISOLADO";"PV";"AM";"25/02/1959";"000807572259";4;"FEMININO";8;"SUPERIOR COMPLETO";3;"CASADO(A)";"03";"PARDA";134;"ASSISTENTE SOCIAL";-1;"#NULO#"
"13/11/2024";"10:55:17";2018;2;"ELEIÇÃO ORDINÁRIA";1;297;"Eleições Gerais Estaduais 2018";"07/10/2018";"ESTADUAL";"AM";"AM";"AMAZONAS";7;"DEPUTADO ESTADUAL";40000627680;43999;"MAURO JOSE PEDROSA";"PROF.PEDROSA";"#NULO#";"57537470600";"NÃO DIVULGÁVEL";3;"INAPTO";"PARTIDO ISOLADO";43;"PV";"PARTIDO VERDE";-1;"#NULO#";"#NULO#";"#NULO#";40000050239;"PARTIDO ISOLADO";"PV";"MG";"20/03/1966";"087602340221";2;"MASCULINO";8;"SUPERIOR COMPLETO";3;"CASADO(A)";"03";"PARDA";142;"PROFESSOR DE ENSINO SUPERIOR";-1;"#NULO#"
"13/11/2024";"10:55:17";2018;2;"ELEIÇÃO ORDINÁRIA";1;297;"Eleições Gerais Estaduais 2018";"07/10/2018";"ESTADUAL";"AM";"AM";"AMAZONAS";6;"DEPUTADO FEDERAL";40000610430;1900;"ARONE DO NASCIMENTO BENTES";"ARONE BENTES";"#NULO#";"34343296253";"NÃO DIVULGÁVEL";12;"APTO";"COLIGAÇÃO";19;"PODE";"PODEMOS";-1;"#NULO#";"#NULO#";"#NULO#";40000050279;"RENOVA AMAZONAS";"PODE / PMN / PSB / PROS";"AM";"12/02/1970";"011071782283";2;"MASCULINO";8;"SUPERIOR COMPLETO";3;"CASADO(A)";"03";"PARDA";142;"PROFESSOR DE ENSINO SUPERIOR";4;"NÃO ELEITO"
"13/11/2024";"10:55:17";2018;2;"ELEIÇÃO ORDINÁRIA";1;297;"Eleições Gerais Estaduais 2018";"07/10/2018";"ESTADUAL";"AM";"AM";"AMAZONAS";7;"DEPUTADO ESTADUAL";40000628456;44456;"CARLOS ALBERTO DA SILVA NICACIO";"NICACIO";"#NULO#";"18059961268";"NÃO DIVULGÁVEL";3;"INAPTO";"COLIGAÇÃO";44;"PRP";"PARTIDO REPUBLICANO PROGRESSISTA";-1;"#NULO#";"#NULO#";"#NULO#";40000050628;" EU VOTO NO AMAZONAS III ";"PDT / PRP / AVANTE";"PA";"19/09/1964";"013013432224";2;"MASCULINO";6;"ENSINO MÉDIO COMPLETO";1;"SOLTEIRO(A)";"01";"BRANCA";151;"TÉCNICO CONTABILIDADE, ESTATÍSTICA, ECONOMIA DOMÉSTICA E ADMINISTRAÇÃO";-1;"#NULO#"
"13/11/2024";"10:55:17";2018;2;"ELEIÇÃO ORDINÁRIA";1;297;"Eleições Gerais Estaduais 2018";"07/10/2018";"ESTADUAL";"AM";"AM";"AMAZONAS";7;"DEPUTADO ESTADUAL";40000623462;12112;"OZIEL GOMES MADURO";"OZIEL MADURO";"#NULO#";"64775216287";"NÃO DIVULGÁVEL";12;"APTO";"COLIGAÇÃO";12;"PDT";"PARTIDO DEMOCRÁTICO TRABALHISTA";-1;"#NULO#";"#NULO#";"#NULO#";40000050628;" EU VOTO NO AMAZONAS III ";"PDT / PRP / AVANTE";"AM";"10/05/1979";"018768812240";2;"MASCULINO";7;"SUPERIOR INCOMPLETO";3;"CASADO(A)";"03";"PARDA";163;"CANTOR E COMPOSITOR";5;"SUPLENTE"
"13/11/2024";"10:55:17";2018;2;"ELEIÇÃO ORDINÁRIA";1;297;"Eleições Gerais Estaduais 2018";"07/10/2018";"ESTADUAL";"AM";"AM";"AMAZONAS";7;"DEPUTADO ESTADUAL";40000612639;22222;"EVANDRO ALMEIDA LIMA JUNIOR";"DJ EVANDRO JR";"#NULO#";"62093282291";"NÃO DIVULGÁVEL";12;"APTO";"COLIGAÇÃO";22;"PR";"PARTIDO DA REPÚBLICA";-1;"#NULO#";"#NULO#";"#NULO#";40000050342;"EU VOTO NO AMAZONAS IV";"PP / PR / PPL / SOLIDARIEDADE";"AM";"18/10/1978";"018804932240";2;"MASCULINO";6;"ENSINO MÉDIO COMPLETO";3;"CASADO(A)";"03";"PARDA";164;"MÚSICO";5;"SUPLENTE"
"13/11/2024";"10:55:17";2018;2;"ELEIÇÃO ORDINÁRIA";1;297;"Eleições Gerais Estaduais 2018";"07/10/2018";"ESTADUAL";"AM";"AM";"AMAZONAS";7;"DEPUTADO ESTADUAL";40000623456;12007;"FABIO JOSE CAETANO";"FABÃO CONTI";"#NULO#";"44527900200";"NÃO DIVULGÁVEL";12;"APTO";"COLIGAÇÃO";12;"PDT";"PARTIDO DEMOCRÁTICO TRABALHISTA";-1;"#NULO#";"#NULO#";"#NULO#";40000050628;" EU VOTO NO AMAZONAS III ";"PDT / PRP / AVANTE";"PE";"29/12/1972";"016416812232";2;"MASCULINO";6;"ENSINO MÉDIO COMPLETO";5;"VIÚVO(A)";"01";"BRANCA";166;"LOCUTOR E COMENTARISTA DE RÁDIO E TELEVISÃO E RADIALISTA";5;"SUPLENTE"
"13/11/2024";"10:55:17";2018;2;"ELEIÇÃO ORDINÁRIA";1;297;"Eleições Gerais Estaduais 2018";"07/10/2018";"ESTADUAL";"AM";"AM";"AMAZONAS";7;"DEPUTADO ESTADUAL";40000609302;33433;"LUIS ARTEIRO DE PAIVA";"ARTEIRO DE PAIVA";"#NULO#";"66261511268";"NÃO DIVULGÁVEL";12;"APTO";"PARTIDO ISOLADO";33;"PMN";"PARTIDO DA MOBILIZAÇÃO NACIONAL";-1;"#NULO#";"#NULO#";"#NULO#";40000050241;"PARTIDO ISOLADO";"PMN";"AM";"22/08/1966";"019368952208";2;"MASCULINO";6;"ENSINO MÉDIO COMPLETO";1;"SOLTEIRO(A)";"03";"PARDA";169;"COMERCIANTE";4;"NÃO ELEITO"
"13/11/2024";"10:55:17";2018;2;"ELEIÇÃO ORDINÁRIA";1;297;"Eleições Gerais Estaduais 2018";"07/10/2018";"ESTADUAL";"AM";"AM";"AMAZONAS";7;"DEPUTADO ESTADUAL";40000609272;43101;"FLORENTINO RODRIGUES DE BRITO";"BRITO KOLLA";"#NULO#";"24128775215";"NÃO DIVULGÁVEL";12;"APTO";"PARTIDO ISOLADO";43;"PV";"PARTIDO VERDE";-1;"#NULO#";"#NULO#";"#NULO#";40000050239;"PARTIDO ISOLADO";"PV";"AM";"10/06/1966";"000113822240";2;"MASCULINO";6;"ENSINO MÉDIO COMPLETO";9;"DIVORCIADO(A)";"03";"PARDA";169;"COMERCIANTE";5;"SUPLENTE"
"13/11/2024";"10:55:17";2018;2;"ELEIÇÃO ORDINÁRIA";1;297;"Eleições Gerais Estaduais 2018";"07/10/2018";"ESTADUAL";"AM";"AM";"AMAZONAS";7;"DEPUTADO ESTADUAL";40000608878;25133;"GERSINHO DOS SANTOS PINHEIRO COLARES";"GERSON DO CENTRO";"#NULO#";"31529313287";"NÃO DIVULGÁVEL";12;"APTO";"COLIGAÇÃO";25;"DEM";"DEMOCRATAS";-1;"#NULO#";"#NULO#";"#NULO#";40000050228;"AMAZONAS COM SEGURANÇA I";"PSD / PRB / DEM";"AM";"24/03/1970";"017288022291";2;"MASCULINO";6;"ENSINO MÉDIO COMPLETO";3;"CASADO(A)";"03";"PARDA";169;"COMERCIANTE";5;"SUPLENTE"
"13/11/2024";"10:55:17";2018;2;"ELEIÇÃO ORDINÁRIA";1;297;"Eleições Gerais Estaduais 2018";"07/10/2018";"ESTADUAL";"AM";"AM";"AMAZONAS";7;"DEPUTADO ESTADUAL";40000604581;51555;"CINTHYA SANTIAGO DE AMORIM NUNES CORRÊA";"CINTHYA CORRÊA";"#NULO#";"59921188291";"NÃO DIVULGÁVEL";12;"APTO";"PARTIDO ISOLADO";51;"PATRIOTA";"PATRIOTA";-1;"#NULO#";"#NULO#";"#NULO#";40000050133;"PARTIDO ISOLADO";"PATRIOTA";"AM";"30/08/1975";"017454022267";4;"FEMININO";6;"ENSINO MÉDIO COMPLETO";1;"SOLTEIRO(A)";"01";"BRANCA";169;"COMERCIANTE";4;"NÃO ELEITO"
"13/11/2024";"10:55:17";2018;2;"ELEIÇÃO ORDINÁRIA";1;297;"Eleições Gerais Estaduais 2018";"07/10/2018";"ESTADUAL";"AM";"AM";"AMAZONAS";7;"DEPUTADO ESTADUAL";40000608146;45045;"ELIAS EMANUEL REBOUCAS DE LIMA";"ELIAS EMANUEL";"#NULO#";"27539849215";"NÃO DIVULGÁVEL";12;"APTO";"COLIGAÇÃO";45;"PSDB";"PARTIDO DA SOCIAL DEMOCRACIA BRASILEIRA";-1;"#NULO#";"#NULO#";"#NULO#";40000050212;"AMAZONAS COM SEGURANÇA II";"PSDB / PTC";"AM";"10/01/1967";"003097802232";2;"MASCULINO";8;"SUPERIOR COMPLETO";3;"CASADO(A)";"01";"BRANCA";171;"JORNALISTA E REDATOR";5;"SUPLENTE"
"13/11/2024";"10:55:17";2018;2;"ELEIÇÃO ORDINÁRIA";1;297;"Eleições Gerais Estaduais 2018";"07/10/2018";"ESTADUAL";"AM";"AM";"AMAZONAS";7;"DEPUTADO ESTADUAL";40000610326;20777;"MILTINHO CASTRO DA SILVA";"MILTINHO";"#NULO#";"43004776200";"NÃO DIVULGÁVEL";3;"INAPTO";"COLIGAÇÃO";20;"PSC";"PARTIDO SOCIAL CRISTÃO";-1;"#NULO#";"#NULO#";"#NULO#";40000050272;"TRANSFORMAÇÃO POR UM NOVO AMAZONAS";"REDE / PSC / PRTB";"AM";"27/07/1974";"026816851376";2;"MASCULINO";7;"SUPERIOR INCOMPLETO";3;"CASADO(A)";"03";"PARDA";172;"PUBLICITÁRIO";4;"NÃO ELEITO"
"13/11/2024";"10:55:17";2018;2;"ELEIÇÃO ORDINÁRIA";1;297;"Eleições Gerais Estaduais 2018";"07/10/2018";"ESTADUAL";"AM";"AM";"AMAZONAS";9;"1º SUPLENTE";40000627728;656;"EDILON MELO DE QUEIROZ";"EDILON QUEIROZ";"#NULO#";"24043915268";"NÃO DIVULGÁVEL";3;"INAPTO";"COLIGAÇÃO";65;"PC do B";"PARTIDO COMUNISTA DO BRASIL";-1;"#NULO#";"#NULO#";"#NULO#";40000050768;"O POVO FELIZ DE NOVO";"PC do B / PT";"AM";"03/05/1964";"002570512232";2;"MASCULINO";6;"ENSINO MÉDIO COMPLETO";9;"DIVORCIADO(A)";"03";"PARDA";206;"INDUSTRIAL";-1;"#NULO#"
"13/11/2024";"10:55:17";2018;2;"ELEIÇÃO ORDINÁRIA";1;297;"Eleições Gerais Estaduais 2018";"07/10/2018";"ESTADUAL";"AM";"AM";"AMAZONAS";7;"DEPUTADO ESTADUAL";40000623450;70666;"MARCIONILIA LIMA DA SILVA";"MARCIA SILVA";"#NULO#";"41758595272";"NÃO DIVULGÁVEL";3;"INAPTO";"COLIGAÇÃO";70;"AVANTE";"AVANTE";-1;"#NULO#";"#NULO#";"#NULO#";40000050628;" EU VOTO NO AMAZONAS III ";"PDT / PRP / AVANTE";"AM";"27/11/1973";"015789132267";4;"FEMININO";6;"ENSINO MÉDIO COMPLETO";1;"SOLTEIRO(A)";"03";"PARDA";221;"MOTOBOY";-1;"#NULO#"
"13/11/2024";"10:55:17";2018;2;"ELEIÇÃO ORDINÁRIA";1;297;"Eleições Gerais Estaduais 2018";"07/10/2018";"ESTADUAL";"AM";"AM";"AMAZONAS";6;"DEPUTADO FEDERAL";40000629719;3340;"AUGUSTO CEZAR SILVA DE MENEZES";"TEN. CEL AUGUSTO CEZAR";"#NULO#";"46400125272";"NÃO DIVULGÁVEL";12;"APTO";"COLIGAÇÃO";33;"PMN";"PARTIDO DA MOBILIZAÇÃO NACIONAL";-1;"#NULO#";"#NULO#";"#NULO#";40000050279;"RENOVA AMAZONAS";"PODE / PMN / PSB / PROS";"AM";"29/11/1973";"013253182224";2;"MASCULINO";8;"SUPERIOR COMPLETO";3;"CASADO(A)";"01";"BRANCA";233;"POLICIAL MILITAR";4;"NÃO ELEITO"
"13/11/2024";"10:55:17";2018;2;"ELEIÇÃO ORDINÁRIA";1;297;"Eleições Gerais Estaduais 2018";"07/10/2018";"ESTADUAL";"AM";"AM";"AMAZONAS";7;"DEPUTADO ESTADUAL";40000612662;22555;"WILSON DOS SANTOS MARQUES FILHO";"CORONEL WILSON MARQUES";"#NULO#";"31735274291";"NÃO DIVULGÁVEL";12;"APTO";"COLIGAÇÃO";22;"PR";"PARTIDO DA REPÚBLICA";-1;"#NULO#";"#NULO#";"#NULO#";40000050342;"EU VOTO NO AMAZONAS IV";"PP / PR / PPL / SOLIDARIEDADE";"AM";"25/12/1968";"013190312283";2;"MASCULINO";8;"SUPERIOR COMPLETO";3;"CASADO(A)";"03";"PARDA";233;"POLICIAL MILITAR";5;"SUPLENTE"
"13/11/2024";"10:55:17";2018;2;"ELEIÇÃO ORDINÁRIA";1;297;"Eleições Gerais Estaduais 2018";"07/10/2018";"ESTADUAL";"AM";"AM";"AMAZONAS";7;"DEPUTADO ESTADUAL";40000611556;23321;"AMADEU DA SILVA SOARES JUNIOR";"CORONEL AMADEU";"#NULO#";"33026726249";"NÃO DIVULGÁVEL";12;"APTO";"PARTIDO ISOLADO";23;"PPS";"PARTIDO POPULAR SOCIALISTA";-1;"#NULO#";"#NULO#";"#NULO#";40000050309;"PARTIDO ISOLADO";"PPS";"RR";"11/01/1970";"011133122208";2;"MASCULINO";8;"SUPERIOR COMPLETO";3;"CASADO(A)";"03";"PARDA";233;"POLICIAL MILITAR";5;"SUPLENTE"
"13/11/2024";"10:55:17";2018;2;"ELEIÇÃO ORDINÁRIA";1;297;"Eleições Gerais Estaduais 2018";"07/10/2018";"ESTADUAL";"AM";"AM";"AMAZONAS";7;"DEPUTADO ESTADUAL";40000604580;51123;"CARLOS ANTONIO MARQUES MORAES";"SGT. CARLOS MORAES";"#NULO#";"25075047220";"NÃO DIVULGÁVEL";12;"APTO";"PARTIDO ISOLADO";51;"PATRIOTA";"PATRIOTA";-1;"#NULO#";"#NULO#";"#NULO#";40000050133;"PARTIDO ISOLADO";"PATRIOTA";"CE";"26/09/1965";"010654082291";2;"MASCULINO";4;"ENSINO FUNDAMENTAL COMPLETO";3;"CASADO(A)";"03";"PARDA";233;"POLICIAL MILITAR";4;"NÃO ELEITO"
"13/11/2024";"10:55:17";2018;2;"ELEIÇÃO ORDINÁRIA";1;297;"Eleições Gerais Estaduais 2018";"07/10/2018";"ESTADUAL";"AM";"AM";"AMAZONAS";6;"DEPUTADO FEDERAL";40000604618;5177;"BÁRBARA ANGÉLICA LIMA DOS SANTOS";"BARBARA LIMA";"#NULO#";"60245280278";"NÃO DIVULGÁVEL";3;"INAPTO";"PARTIDO ISOLADO";51;"PATRIOTA";"PATRIOTA";-1;"#NULO#";"#NULO#";"#NULO#";40000050133;"PARTIDO ISOLADO";"PATRIOTA";"PA";"30/03/1979";"017459622216";4;"FEMININO";6;"ENSINO MÉDIO COMPLETO";1;"SOLTEIRO(A)";"01";"BRANCA";233;"POLICIAL MILITAR";-1;"#NULO#"
"13/11/2024";"10:55:17";2018;2;"ELEIÇÃO ORDINÁRIA";1;297;"Eleições Gerais Estaduais 2018";"07/10/2018";"ESTADUAL";"AM";"AM";"AMAZONAS";6;"DEPUTADO FEDERAL";40000604617;5111;"CINTIA GERALDA OLIVEIRA FRAGA";"CINTIA FRAGA";"#NULO#";"47467959249";"NÃO DIVULGÁVEL";12;"APTO";"PARTIDO ISOLADO";51;"PATRIOTA";"PATRIOTA";-1;"#NULO#";"#NULO#";"#NULO#";40000050133;"PARTIDO ISOLADO";"PATRIOTA";"AM";"24/01/1971";"010811452216";4;"FEMININO";6;"ENSINO MÉDIO COMPLETO";1;"SOLTEIRO(A)";"02";"PRETA";233;"POLICIAL MILITAR";4;"NÃO ELEITO"
"13/11/2024";"10:55:17";2018;2;"ELEIÇÃO ORDINÁRIA";1;297;"Eleições Gerais Estaduais 2018";"07/10/2018";"ESTADUAL";"AM";"AM";"AMAZONAS";7;"DEPUTADO ESTADUAL";40000608162;36190;"ANTONIA SOCORRO DANTAS DA SILVA";"SOCORRO DANTAS";"#NULO#";"24313580204";"NÃO DIVULGÁVEL";12;"APTO";"COLIGAÇÃO";36;"PTC";"PARTIDO TRABALHISTA CRISTÃO";-1;"#NULO#";"#NULO#";"#NULO#";40000050212;"AMAZONAS COM SEGURANÇA II";"PSDB / PTC";"AM";"19/09/1970";"013119082275";4;"FEMININO";6;"ENSINO MÉDIO COMPLETO";3;"CASADO(A)";"01";"BRANCA";233;"POLICIAL MILITAR";5;"SUPLENTE"
"13/11/2024";"10:55:17";2018;2;"ELEIÇÃO ORDINÁRIA";1;297;"Eleições Gerais Estaduais 2018";"07/10/2018";"ESTADUAL";"AM";"AM";"AMAZONAS";7;"DEPUTADO ESTADUAL";40000608877;25469;"FRANCISCO DE ASSIS OLIVEIRA MORAIS";"BARBADO DO IPORÁ";"#NULO#";"37120522272";"NÃO DIVULGÁVEL";12;"APTO";"COLIGAÇÃO";25;"DEM";"DEMOCRATAS";-1;"#NULO#";"#NULO#";"#NULO#";40000050228;"AMAZONAS COM SEGURANÇA I";"PSD / PRB / DEM";"RN";"03/06/1970";"013747332291";2;"MASCULINO";6;"ENSINO MÉDIO COMPLETO";1;"SOLTEIRO(A)";"03";"PARDA";234;"PRODUTOR AGROPECUÁRIO";5;"SUPLENTE"
"13/11/2024";"10:55:17";2018;2;"ELEIÇÃO ORDINÁRIA";1;297;"Eleições Gerais Estaduais 2018";"07/10/2018";"ESTADUAL";"AM";"AM";"AMAZONAS";7;"DEPUTADO ESTADUAL";40000602437;50000;"GABRIEL LIMA MOTA";"GABRIEL MOTA";"#NULO#";"91294134272";"NÃO DIVULGÁVEL";12;"APTO";"PARTIDO ISOLADO";50;"PSOL";"PARTIDO SOCIALISMO E LIBERDADE";-1;"#NULO#";"#NULO#";"#NULO#";40000050067;"PARTIDO ISOLADO";"PSOL";"AM";"20/08/1992";"035251082259";2;"MASCULINO";8;"SUPERIOR COMPLETO";1;"SOLTEIRO(A)";"01";"BRANCA";235;"PROFESSOR E INSTRUTOR DE FORMAÇÃO PROFISSIONAL";4;"NÃO ELEITO"
"13/11/2024";"10:55:17";2018;2;"ELEIÇÃO ORDINÁRIA";1;297;"Eleições Gerais Estaduais 2018";"07/10/2018";"ESTADUAL";"AM";"AM";"AMAZONAS";7;"DEPUTADO ESTADUAL";40000627743;54222;"VANNEY DUVELON QUEIROZ DE JESUS";"VANNEY DA SEGURANÇA";"#NULO#";"58884017220";"NÃO DIVULGÁVEL";3;"INAPTO";"COLIGAÇÃO";54;"PPL";"PARTIDO PÁTRIA LIVRE";-1;"#NULO#";"#NULO#";"#NULO#";40000050342;"EU VOTO NO AMAZONAS IV";"PP / PR / PPL / SOLIDARIEDADE";"AM";"13/08/1976";"016052812216";2;"MASCULINO";6;"ENSINO MÉDIO COMPLETO";3;"CASADO(A)";"01";"BRANCA";254;"VIGILANTE";4;"NÃO ELEITO"
"13/11/2024";"10:55:17";2018;2;"ELEIÇÃO ORDINÁRIA";1;297;"Eleições Gerais Estaduais 2018";"07/10/2018";"ESTADUAL";"AM";"AM";"AMAZONAS";7;"DEPUTADO ESTADUAL";40000627711;65105;"FORTUNATO DE NAZARE AVELAR DE ALMEIDA";"FORTUNATO ALMEIDA";"#NULO#";"18645496291";"NÃO DIVULGÁVEL";3;"INAPTO";"COLIGAÇÃO";65;"PC do B";"PARTIDO COMUNISTA DO BRASIL";-1;"#NULO#";"#NULO#";"#NULO#";40000050768;"O POVO FELIZ DE NOVO";"PC do B / PT";"PA";"14/10/1956";"000544542208";2;"MASCULINO";6;"ENSINO MÉDIO COMPLETO";3;"CASADO(A)";"02";"PRETA";254;"VIGILANTE";-1;"#NULO#"
"13/11/2024";"10:55:17";2018;2;"ELEIÇÃO ORDINÁRIA";1;297;"Eleições Gerais Estaduais 2018";"07/10/2018";"ESTADUAL";"AM";"AM";"AMAZONAS";7;"DEPUTADO ESTADUAL";40000627721;65789;"JOSE AUGUSTO BARBOSA DA SILVA";"AUGUSTO RENOVAÇÃO";"#NULO#";"70631514287";"NÃO DIVULGÁVEL";12;"APTO";"COLIGAÇÃO";65;"PC do B";"PARTIDO COMUNISTA DO BRASIL";-1;"#NULO#";"#NULO#";"#NULO#";40000050768;"O POVO FELIZ DE NOVO";"PC do B / PT";"AM";"15/04/1982";"019520382275";2;"MASCULINO";7;"SUPERIOR INCOMPLETO";1;"SOLTEIRO(A)";"03";"PARDA";254;"VIGILANTE";5;"SUPLENTE"
"13/11/2024";"10:55:17";2018;2;"ELEIÇÃO ORDINÁRIA";1;297;"Eleições Gerais Estaduais 2018";"07/10/2018";"ESTADUAL";"AM";"AM";"AMAZONAS";7;"DEPUTADO ESTADUAL";40000612682;54567;"REGEANE DOS SANTOS OLIVEIRA";"REGEANE DOS SANTOS";"#NULO#";"52482316200";"NÃO DIVULGÁVEL";12;"APTO";"COLIGAÇÃO";54;"PPL";"PARTIDO PÁTRIA LIVRE";-1;"#NULO#";"#NULO#";"#NULO#";40000050342;"EU VOTO NO AMAZONAS IV";"PP / PR / PPL / SOLIDARIEDADE";"AM";"25/12/1977";"021246312291";4;"FEMININO";6;"ENSINO MÉDIO COMPLETO";1;"SOLTEIRO(A)";"03";"PARDA";254;"VIGILANTE";5;"SUPLENTE"
"13/11/2024";"10:55:17";2018;2;"ELEIÇÃO ORDINÁRIA";1;297;"Eleições Gerais Estaduais 2018";"07/10/2018";"ESTADUAL";"AM";"AM";"AMAZONAS";7;"DEPUTADO ESTADUAL";40000617487;31258;"IGOR TRINDADE VIANA";"IGOR VIANA";"#NULO#";"51152509268";"NÃO DIVULGÁVEL";3;"INAPTO";"COLIGAÇÃO";31;"PHS";"PARTIDO HUMANISTA DA SOLIDARIEDADE";-1;"#NULO#";"#NULO#";"#NULO#";40000050463;"EU VOTO NO AMAZONAS V";"PHS / PTB / PSL";"AM";"14/11/1979";"017838302240";2;"MASCULINO";6;"ENSINO MÉDIO COMPLETO";1;"SOLTEIRO(A)";"03";"PARDA";257;"EMPRESÁRIO";-1;"#NULO#"
"13/11/2024";"10:55:17";2018;2;"ELEIÇÃO ORDINÁRIA";1;297;"Eleições Gerais Estaduais 2018";"07/10/2018";"ESTADUAL";"AM";"AM";"AMAZONAS";7;"DEPUTADO ESTADUAL";40000618269;15456;"EVANDRO NOGUEIRA CRUZ";"EVANDRO CRUZ";"#NULO#";"18262589220";"NÃO DIVULGÁVEL";3;"INAPTO";"COLIGAÇÃO";15;"MDB";"MOVIMENTO DEMOCRÁTICO BRASILEIRO";-1;"#NULO#";"#NULO#";"#NULO#";40000050474;"POR UM AMAZONAS MELHOR";"MDB / DC";"AM";"31/03/1964";"018686112275";2;"MASCULINO";6;"ENSINO MÉDIO COMPLETO";3;"CASADO(A)";"01";"BRANCA";257;"EMPRESÁRIO";4;"NÃO ELEITO"
"13/11/2024";"10:55:17";2018;2;"ELEIÇÃO ORDINÁRIA";1;297;"Eleições Gerais Estaduais 2018";"07/10/2018";"ESTADUAL";"AM";"AM";"AMAZONAS";7;"DEPUTADO ESTADUAL";40000612681;54333;"VALMY BATISTA MARTINS";"VALMY MARTINS";"#NULO#";"22978860200";"NÃO DIVULGÁVEL";12;"APTO";"COLIGAÇÃO";54;"PPL";"PARTIDO PÁTRIA LIVRE";-1;"#NULO#";"#NULO#";"#NULO#";40000050342;"EU VOTO NO AMAZONAS IV";"PP / PR / PPL / SOLIDARIEDADE";"AM";"28/09/1966";"006060892275";2;"MASCULINO";6;"ENSINO MÉDIO COMPLETO";3;"CASADO(A)";"03";"PARDA";257;"EMPRESÁRIO";5;"SUPLENTE"
"13/11/2024";"10:55:17";2018;2;"ELEIÇÃO ORDINÁRIA";1;297;"Eleições Gerais Estaduais 2018";"07/10/2018";"ESTADUAL";"AM";"AM";"AMAZONAS";7;"DEPUTADO ESTADUAL";40000617493;31345;"MARCELO RUBIM PORTO";"MARCELO RUBIM";"#NULO#";"41371097291";"NÃO DIVULGÁVEL";12;"APTO";"COLIGAÇÃO";31;"PHS";"PARTIDO HUMANISTA DA SOLIDARIEDADE";-1;"#NULO#";"#NULO#";"#NULO#";40000050463;"EU VOTO NO AMAZONAS V";"PHS / PTB / PSL";"AM";"23/08/1965";"004487322208";2;"MASCULINO";6;"ENSINO MÉDIO COMPLETO";3;"CASADO(A)";"03";"PARDA";257;"EMPRESÁRIO";5;"SUPLENTE"
"13/11/2024";"10:55:17";2018;2;"ELEIÇÃO ORDINÁRIA";1;297;"Eleições Gerais Estaduais 2018";"07/10/2018";"ESTADUAL";"AM";"AM";"AMAZONAS";7;"DEPUTADO ESTADUAL";40000609242;43000;"FAUSTO VIEIRA DOS SANTOS JUNIOR";"FAUSTO JUNIOR";"#NULO#";"01772713295";"NÃO DIVULGÁVEL";12;"APTO";"PARTIDO ISOLADO";43;"PV";"PARTIDO VERDE";-1;"#NULO#";"#NULO#";"#NULO#";40000050239;"PARTIDO ISOLADO";"PV";"AM";"20/12/1992";"034364952216";2;"MASCULINO";8;"SUPERIOR COMPLETO";1;"SOLTEIRO(A)";"01";"BRANCA";257;"EMPRESÁRIO";2;"ELEITO POR QP"
"13/11/2024";"10:55:17";2018;2;"ELEIÇÃO ORDINÁRIA";1;297;"Eleições Gerais Estaduais 2018";"07/10/2018";"ESTADUAL";"AM";"AM";"AMAZONAS";7;"DEPUTADO ESTADUAL";40000628247;70888;"FRANCISCO FLAVIO QUEIROZ FAÇANHA";"FLAVIO QUEIROZ";"#NULO#";"22011382300";"NÃO DIVULGÁVEL";3;"INAPTO";"COLIGAÇÃO";70;"AVANTE";"AVANTE";-1;"#NULO#";"#NULO#";"#NULO#";40000050628;" EU VOTO NO AMAZONAS III ";"PDT / PRP / AVANTE";"CE";"05/09/1966";"002128002240";2;"MASCULINO";5;"ENSINO MÉDIO INCOMPLETO";1;"SOLTEIRO(A)";"03";"PARDA";257;"EMPRESÁRIO";4;"NÃO ELEITO"
"13/11/2024";"10:55:17";2018;2;"ELEIÇÃO ORDINÁRIA";1;297;"Eleições Gerais Estaduais 2018";"07/10/2018";"ESTADUAL";"AM";"AM";"AMAZONAS";7;"DEPUTADO ESTADUAL";40000617495;31321;"MÁRCIO ASSUNÇÃO GOMES";"MÁRCIO GOMES";"#NULO#";"38386046287";"NÃO DIVULGÁVEL";12;"APTO";"COLIGAÇÃO";31;"PHS";"PARTIDO HUMANISTA DA SOLIDARIEDADE";-1;"#NULO#";"#NULO#";"#NULO#";40000050463;"EU VOTO NO AMAZONAS V";"PHS / PTB / PSL";"AM";"12/05/1970";"011007942208";2;"MASCULINO";8;"SUPERIOR COMPLETO";3;"CASADO(A)";"03";"PARDA";257;"EMPRESÁRIO";5;"SUPLENTE"
"13/11/2024";"10:55:17";2018;2;"ELEIÇÃO ORDINÁRIA";1;297;"Eleições Gerais Estaduais 2018";"07/10/2018";"ESTADUAL";"AM";"AM";"AMAZONAS";7;"DEPUTADO ESTADUAL";40000623441;70040;"RENATO FROTA MAGALHÃES";"RENATO JUNIOR";"#NULO#";"94423504200";"NÃO DIVULGÁVEL";12;"APTO";"COLIGAÇÃO";70;"AVANTE";"AVANTE";-1;"#NULO#";"#NULO#";"#NULO#";40000050628;" EU VOTO NO AMAZONAS III ";"PDT / PRP / AVANTE";"AM";"29/01/1987";"032315562224";2;"MASCULINO";7;"SUPERIOR INCOMPLETO";3;"CASADO(A)";"01";"BRANCA";257;"EMPRESÁRIO";5;"SUPLENTE"
"13/11/2024";"10:55:17";2018;2;"ELEIÇÃO ORDINÁRIA";1;297;"Eleições Gerais Estaduais 2018";"07/10/2018";"ESTADUAL";"AM";"AM";"AMAZONAS";7;"DEPUTADO ESTADUAL";40000618280;15555;"RAIMUNDO GUEDES DOS SANTOS";"GUEDINHO";"#NULO#";"13011693234";"NÃO DIVULGÁVEL";12;"APTO";"COLIGAÇÃO";15;"MDB";"MOVIMENTO DEMOCRÁTICO BRASILEIRO";-1;"#NULO#";"#NULO#";"#NULO#";40000050474;"POR UM AMAZONAS MELHOR";"MDB / DC";"AM";"13/10/1960";"003176822275";2;"MASCULINO";4;"ENSINO FUNDAMENTAL COMPLETO";9;"DIVORCIADO(A)";"02";"PRETA";257;"EMPRESÁRIO";5;"SUPLENTE"
"13/11/2024";"10:55:17";2018;2;"ELEIÇÃO ORDINÁRIA";1;297;"Eleições Gerais Estaduais 2018";"07/10/2018";"ESTADUAL";"AM";"AM";"AMAZONAS";7;"DEPUTADO ESTADUAL";40000619005;40222;"SUZANE DE OLIVEIRA GRAÇA";"SUZANE OLIVEIRA";"#NULO#";"02171078260";"NÃO DIVULGÁVEL";12;"APTO";"COLIGAÇÃO";40;"PSB";"PARTIDO SOCIALISTA BRASILEIRO";-1;"#NULO#";"#NULO#";"#NULO#";40000050493;"RENOVA AMAZONAS II";"PSB / PMB / PROS";"AM";"24/01/1993";"036566082208";4;"FEMININO";8;"SUPERIOR COMPLETO";1;"SOLTEIRO(A)";"01";"BRANCA";257;"EMPRESÁRIO";5;"SUPLENTE"
"13/11/2024";"10:55:17";2018;2;"ELEIÇÃO ORDINÁRIA";1;297;"Eleições Gerais Estaduais 2018";"07/10/2018";"ESTADUAL";"AM";"AM";"AMAZONAS";7;"DEPUTADO ESTADUAL";40000618283;27270;"ANA RAQUEL MAGALHÃES BANDEIRA DE MOURA";"ANA RAQUEL BANDEIRA";"#NULO#";"52872432272";"NÃO DIVULGÁVEL";12;"APTO";"COLIGAÇÃO";27;"DC";"DEMOCRACIA CRISTÃ";-1;"#NULO#";"#NULO#";"#NULO#";40000050474;"POR UM AMAZONAS MELHOR";"MDB / DC";"AM";"24/05/1993";"039265382224";4;"FEMININO";8;"SUPERIOR COMPLETO";1;"SOLTEIRO(A)";"01";"BRANCA";257;"EMPRESÁRIO";5;"SUPLENTE"
"13/11/2024";"10:55:17";2018;2;"ELEIÇÃO ORDINÁRIA";1;297;"Eleições Gerais Estaduais 2018";"07/10/2018";"ESTADUAL";"AM";"AM";"AMAZONAS";7;"DEPUTADO ESTADUAL";40000608871;55000;"NEJMI JOMAA ABDEL AZIZ";"NEJMI AZIZ";"#NULO#";"31705286291";"NÃO DIVULGÁVEL";12;"APTO";"COLIGAÇÃO";55;"PSD";"PARTIDO SOCIAL DEMOCRÁTICO";-1;"#NULO#";"#NULO#";"#NULO#";40000050228;"AMAZONAS COM SEGURANÇA I";"PSD / PRB / DEM";"PR";"01/05/1970";"018924332267";4;"FEMININO";6;"ENSINO MÉDIO COMPLETO";3;"CASADO(A)";"01";"BRANCA";257;"EMPRESÁRIO";5;"SUPLENTE"
"13/11/2024";"10:55:17";2018;2;"ELEIÇÃO ORDINÁRIA";1;297;"Eleições Gerais Estaduais 2018";"07/10/2018";"ESTADUAL";"AM";"AM";"AMAZONAS";7;"DEPUTADO ESTADUAL";40000602422;50456;"MANUEL MENDES VALENTE FILHO";"DAVID MENDES";"#NULO#";"72463821272";"NÃO DIVULGÁVEL";12;"APTO";"PARTIDO ISOLADO";50;"PSOL";"PARTIDO SOCIALISMO E LIBERDADE";-1;"#NULO#";"#NULO#";"#NULO#";40000050067;"PARTIDO ISOLADO";"PSOL";"AM";"17/03/1973";"013534172232";2;"MASCULINO";6;"ENSINO MÉDIO COMPLETO";9;"DIVORCIADO(A)";"03";"PARDA";265;"PROFESSOR DE ENSINO FUNDAMENTAL";4;"NÃO ELEITO"
"13/11/2024";"10:55:17";2018;2;"ELEIÇÃO ORDINÁRIA";1;297;"Eleições Gerais Estaduais 2018";"07/10/2018";"ESTADUAL";"AM";"AM";"AMAZONAS";6;"DEPUTADO FEDERAL";40000602409;5044;"JOSÉ LUIZ DA SILVA VASQUES";"JOSÉ LUIZ";"#NULO#";"40516253204";"NÃO DIVULGÁVEL";12;"APTO";"PARTIDO ISOLADO";50;"PSOL";"PARTIDO SOCIALISMO E LIBERDADE";-1;"#NULO#";"#NULO#";"#NULO#";40000050067;"PARTIDO ISOLADO";"PSOL";"AM";"10/09/1973";"012263972240";2;"MASCULINO";8;"SUPERIOR COMPLETO";1;"SOLTEIRO(A)";"03";"PARDA";266;"PROFESSOR DE ENSINO MÉDIO";4;"NÃO ELEITO"
"13/11/2024";"10:55:17";2018;2;"ELEIÇÃO ORDINÁRIA";1;297;"Eleições Gerais Estaduais 2018";"07/10/2018";"ESTADUAL";"AM";"AM";"AMAZONAS";7;"DEPUTADO ESTADUAL";40000617511;17111;"JOUBERT ALMEIDA SARAIVA";"JOUBERT SARAIVA";"#NULO#";"22458638287";"NÃO DIVULGÁVEL";12;"APTO";"COLIGAÇÃO";17;"PSL";"PARTIDO SOCIAL LIBERAL";-1;"#NULO#";"#NULO#";"#NULO#";40000050463;"EU VOTO NO AMAZONAS V";"PHS / PTB / PSL";"AM";"29/05/1962";"002277672208";2;"MASCULINO";8;"SUPERIOR COMPLETO";9;"DIVORCIADO(A)";"03";"PARDA";266;"PROFESSOR DE ENSINO MÉDIO";5;"SUPLENTE"
"13/11/2024";"10:55:17";2018;2;"ELEIÇÃO ORDINÁRIA";1;297;"Eleições Gerais Estaduais 2018";"07/10/2018";"ESTADUAL";"AM";"AM";"AMAZONAS";7;"DEPUTADO ESTADUAL";40000611543;23010;"JORGE ATLAS DA SILVA MATTOS";"JORGE ATLAS";"#NULO#";"31484441249";"NÃO DIVULGÁVEL";12;"APTO";"PARTIDO ISOLADO";23;"PPS";"PARTIDO POPULAR SOCIALISTA";-1;"#NULO#";"#NULO#";"#NULO#";40000050309;"PARTIDO ISOLADO";"PPS";"AM";"12/10/1966";"000150702232";2;"MASCULINO";8;"SUPERIOR COMPLETO";9;"DIVORCIADO(A)";"01";"BRANCA";266;"PROFESSOR DE ENSINO MÉDIO";5;"SUPLENTE"
"13/11/2024";"10:55:17";2018;2;"ELEIÇÃO ORDINÁRIA";1;297;"Eleições Gerais Estaduais 2018";"07/10/2018";"ESTADUAL";"AM";"AM";"AMAZONAS";6;"DEPUTADO FEDERAL";40000610411;1244;"CRISTOVAM LUIZ MARTINS CARLOS";"CRISTOVAM";"#NULO#";"02671921268";"NÃO DIVULGÁVEL";12;"APTO";"COLIGAÇÃO";12;"PDT";"PARTIDO DEMOCRÁTICO TRABALHISTA";-1;"#NULO#";"#NULO#";"#NULO#";40000050278;"EU VOTO NO AMAZONAS I";"PDT / PP / PV / PR / SOLIDARIEDADE / PTB / PHS / PSL";"AM";"01/10/1953";"001456542275";2;"MASCULINO";8;"SUPERIOR COMPLETO";1;"SOLTEIRO(A)";"03";"PARDA";266;"PROFESSOR DE ENSINO MÉDIO";5;"SUPLENTE"
"13/11/2024";"10:55:17";2018;2;"ELEIÇÃO ORDINÁRIA";1;297;"Eleições Gerais Estaduais 2018";"07/10/2018";"ESTADUAL";"AM";"AM";"AMAZONAS";7;"DEPUTADO ESTADUAL";40000608226;19789;"ATILA DE SOUZA";"PROF. ATILA SOUZA";"#NULO#";"53201655287";"NÃO DIVULGÁVEL";12;"APTO";"COLIGAÇÃO";19;"PODE";"PODEMOS";-1;"#NULO#";"#NULO#";"#NULO#";40000050214;"PODE";"PODE";"RO";"19/11/1985";"012122702305";2;"MASCULINO";8;"SUPERIOR COMPLETO";3;"CASADO(A)";"03";"PARDA";266;"PROFESSOR DE ENSINO MÉDIO";5;"SUPLENTE"
"13/11/2024";"10:55:17";2018;2;"ELEIÇÃO ORDINÁRIA";1;297;"Eleições Gerais Estaduais 2018";"07/10/2018";"ESTADUAL";"AM";"AM";"AMAZONAS";7;"DEPUTADO ESTADUAL";40000608150;45451;"SAIMON EDUARDO DA PAZ MACHADO";"SIMÃO";"#NULO#";"84081414220";"NÃO DIVULGÁVEL";3;"INAPTO";"COLIGAÇÃO";45;"PSDB";"PARTIDO DA SOCIAL DEMOCRACIA BRASILEIRA";-1;"#NULO#";"#NULO#";"#NULO#";40000050212;"AMAZONAS COM SEGURANÇA II";"PSDB / PTC";"AM";"09/04/1985";"023198242291";2;"MASCULINO";8;"SUPERIOR COMPLETO";3;"CASADO(A)";"01";"BRANCA";266;"PROFESSOR DE ENSINO MÉDIO";-1;"#NULO#"
"13/11/2024";"10:55:17";2018;2;"ELEIÇÃO ORDINÁRIA";2;298;"Eleições Gerais Estaduais 2018";"28/10/2018";"ESTADUAL";"AM";"AM";"AMAZONAS";3;"GOVERNADOR";40000610067;12;"AMAZONINO ARMANDO MENDES";"AMAZONINO MENDES";"#NULO#";"00164828249";"NÃO DIVULGÁVEL";12;"APTO";"COLIGAÇÃO";12;"PDT";"PARTIDO DEMOCRÁTICO TRABALHISTA";-1;"#NULO#";"#NULO#";"#NULO#";40000050267;"EU VOTO NO AMAZONAS";"PDT / PRP / AVANTE / PP / PV / PR / SOLIDARIEDADE / PPS / PTB / PHS / PSL / PPL";"AM";"16/11/1939";"004464322208";2;"MASCULINO";8;"SUPERIOR COMPLETO";5;"VIÚVO(A)";"03";"PARDA";274;"GOVERNADOR";4;"NÃO ELEITO"
"13/11/2024";"10:55:17";2018;2;"ELEIÇÃO ORDINÁRIA";1;297;"Eleições Gerais Estaduais 2018";"07/10/2018";"ESTADUAL";"AM";"AM";"AMAZONAS";3;"GOVERNADOR";40000603709;55;"OMAR JOSÉ ABDEL AZIZ";"OMAR AZIZ";"#NULO#";"07588615249";"NÃO DIVULGÁVEL";12;"APTO";"COLIGAÇÃO";55;"PSD";"PARTIDO SOCIAL DEMOCRÁTICO";-1;"#NULO#";"#NULO#";"#NULO#";40000050103;"AMAZONAS COM SEGURANÇA";"PSD / PSDB / DEM / PRB / PTC / PATRIOTA";"SP";"13/08/1958";"005198432275";2;"MASCULINO";8;"SUPERIOR COMPLETO";3;"CASADO(A)";"01";"BRANCA";276;"SENADOR";4;"NÃO ELEITO"
"13/11/2024";"10:55:17";2018;2;"ELEIÇÃO ORDINÁRIA";1;297;"Eleições Gerais Estaduais 2018";"07/10/2018";"ESTADUAL";"AM";"AM";"AMAZONAS";3;"GOVERNADOR";40000604136;40;"DAVID ANTONIO ABISAI PEREIRA DE ALMEIDA";"DAVID ALMEIDA";"#NULO#";"40582280249";"NÃO DIVULGÁVEL";12;"APTO";"COLIGAÇÃO";40;"PSB";"PARTIDO SOCIALISTA BRASILEIRO";-1;"#NULO#";"#NULO#";"#NULO#";40000050119;"RENOVA AMAZONAS";"PODE / PMN / PMB / PSB / PROS / PT";"AM";"08/02/1969";"011512942267";2;"MASCULINO";8;"SUPERIOR COMPLETO";3;"CASADO(A)";"01";"BRANCA";277;"DEPUTADO";4;"NÃO ELEITO"
"13/11/2024";"10:55:17";2018;2;"ELEIÇÃO ORDINÁRIA";1;297;"Eleições Gerais Estaduais 2018";"07/10/2018";"ESTADUAL";"AM";"AM";"AMAZONAS";7;"DEPUTADO ESTADUAL";40000612669;77333;"JOSE WANDERLEY DALLAS REI DIAS";"WANDERLEY DALLAS";"#NULO#";"06041183253";"NÃO DIVULGÁVEL";12;"APTO";"COLIGAÇÃO";77;"SOLIDARIEDADE";"SOLIDARIEDADE";-1;"#NULO#";"#NULO#";"#NULO#";40000050342;"EU VOTO NO AMAZONAS IV";"PP / PR / PPL / SOLIDARIEDADE";"AM";"19/05/1959";"000233912291";2;"MASCULINO";8;"SUPERIOR COMPLETO";3;"CASADO(A)";"03";"PARDA";277;"DEPUTADO";5;"SUPLENTE"
"13/11/2024";"10:55:17";2018;2;"ELEIÇÃO ORDINÁRIA";1;297;"Eleições Gerais Estaduais 2018";"07/10/2018";"ESTADUAL";"AM";"AM";"AMAZONAS";6;"DEPUTADO FEDERAL";40000610416;3131;"MARCEL ALEXANDRE DA SILVA";"MARCEL ALEXANDRE";"#NULO#";"26201100504";"NÃO DIVULGÁVEL";12;"APTO";"COLIGAÇÃO";31;"PHS";"PARTIDO HUMANISTA DA SOLIDARIEDADE";-1;"#NULO#";"#NULO#";"#NULO#";40000050278;"EU VOTO NO AMAZONAS I";"PDT / PP / PV / PR / SOLIDARIEDADE / PTB / PHS / PSL";"BA";"04/10/1963";"017185222208";2;"MASCULINO";8;"SUPERIOR COMPLETO";3;"CASADO(A)";"03";"PARDA";278;"VEREADOR";5;"SUPLENTE"
"13/11/2024";"10:55:17";2018;2;"ELEIÇÃO ORDINÁRIA";1;297;"Eleições Gerais Estaduais 2018";"07/10/2018";"ESTADUAL";"AM";"AM";"AMAZONAS";7;"DEPUTADO ESTADUAL";40000612656;22444;"FELICIANO BORGES NETO";"SUBTENENTE BORGES";"#NULO#";"60027380530";"NÃO DIVULGÁVEL";12;"APTO";"COLIGAÇÃO";22;"PR";"PARTIDO DA REPÚBLICA";-1;"#NULO#";"#NULO#";"#NULO#";40000050342;"EU VOTO NO AMAZONAS IV";"PP / PR / PPL / SOLIDARIEDADE";"BA";"14/02/1969";"059609120558";2;"MASCULINO";8;"SUPERIOR COMPLETO";3;"CASADO(A)";"02";"PRETA";278;"VEREADOR";5;"SUPLENTE"
"13/11/2024";"10:55:17";2018;2;"ELEIÇÃO ORDINÁRIA";1;297;"Eleições Gerais Estaduais 2018";"07/10/2018";"ESTADUAL";"AM";"AM";"AMAZONAS";7;"DEPUTADO ESTADUAL";40000609275;43321;"ERIANNE GUEDES DE SOUZA";"ERIANNE SOUZA";"#NULO#";"00140761284";"NÃO DIVULGÁVEL";12;"APTO";"PARTIDO ISOLADO";43;"PV";"PARTIDO VERDE";-1;"#NULO#";"#NULO#";"#NULO#";40000050239;"PARTIDO ISOLADO";"PV";"AM";"07/11/1990";"034321152224";4;"FEMININO";8;"SUPERIOR COMPLETO";1;"SOLTEIRO(A)";"03";"PARDA";278;"VEREADOR";5;"SUPLENTE"
"13/11/2024";"10:55:17";2018;2;"ELEIÇÃO ORDINÁRIA";1;297;"Eleições Gerais Estaduais 2018";"07/10/2018";"ESTADUAL";"AM";"AM";"AMAZONAS";7;"DEPUTADO ESTADUAL";40000617506;17899;"EWERTON CRISTO DOS SANTOS";"CABO CRISTO";"#NULO#";"73484032200";"NÃO DIVULGÁVEL";12;"APTO";"COLIGAÇÃO";17;"PSL";"PARTIDO SOCIAL LIBERAL";-1;"#NULO#";"#NULO#";"#NULO#";40000050463;"EU VOTO NO AMAZONAS V";"PHS / PTB / PSL";"AM";"05/09/1982";"022139612232";2;"MASCULINO";8;"SUPERIOR COMPLETO";3;"CASADO(A)";"01";"BRANCA";295;"MEMBRO DAS FORÇAS ARMADAS";5;"SUPLENTE"
"13/11/2024";"10:55:17";2018;2;"ELEIÇÃO ORDINÁRIA";1;297;"Eleições Gerais Estaduais 2018";"07/10/2018";"ESTADUAL";"AM";"AM";"AMAZONAS";7;"DEPUTADO ESTADUAL";40000623442;70777;"GLAUBER MARCOS CAVALCANTE DUARTE";"MARCOS CAVALCANTE";"#NULO#";"61417521287";"NÃO DIVULGÁVEL";12;"APTO";"COLIGAÇÃO";70;"AVANTE";"AVANTE";-1;"#NULO#";"#NULO#";"#NULO#";40000050628;" EU VOTO NO AMAZONAS III ";"PDT / PRP / AVANTE";"AM";"01/09/1978";"017828922291";2;"MASCULINO";8;"SUPERIOR COMPLETO";3;"CASADO(A)";"03";"PARDA";296;"SERVIDOR PÚBLICO FEDERAL";5;"SUPLENTE"
"13/11/2024";"10:55:17";2018;2;"ELEIÇÃO ORDINÁRIA";1;297;"Eleições Gerais Estaduais 2018";"07/10/2018";"ESTADUAL";"AM";"AM";"AMAZONAS";7;"DEPUTADO ESTADUAL";40000623423;70555;"AUREA CILENE LIMA DO NASCIMENTO";"AUREA LIMA";"#NULO#";"57014400282";"NÃO DIVULGÁVEL";12;"APTO";"COLIGAÇÃO";70;"AVANTE";"AVANTE";-1;"#NULO#";"#NULO#";"#NULO#";40000050628;" EU VOTO NO AMAZONAS III ";"PDT / PRP / AVANTE";"AM";"05/01/1977";"016420812208";4;"FEMININO";7;"SUPERIOR INCOMPLETO";1;"SOLTEIRO(A)";"03";"PARDA";296;"SERVIDOR PÚBLICO FEDERAL";5;"SUPLENTE"
"13/11/2024";"10:55:17";2018;2;"ELEIÇÃO ORDINÁRIA";1;297;"Eleições Gerais Estaduais 2018";"07/10/2018";"ESTADUAL";"AM";"AM";"AMAZONAS";6;"DEPUTADO FEDERAL";40000604887;3577;"ISRAEL SEVALHO DE JESUS";"ISRAEL SEVALHO";"#NULO#";"41833660200";"NÃO DIVULGÁVEL";12;"APTO";"PARTIDO ISOLADO";35;"PMB";"PARTIDO DA MULHER BRASILEIRA";-1;"#NULO#";"#NULO#";"#NULO#";40000050142;"PARTIDO ISOLADO";"PMB";"AM";"11/04/1971";"012007122291";2;"MASCULINO";8;"SUPERIOR COMPLETO";1;"SOLTEIRO(A)";"03";"PARDA";297;"SERVIDOR PÚBLICO ESTADUAL";4;"NÃO ELEITO"
"13/11/2024";"10:55:17";2018;2;"ELEIÇÃO ORDINÁRIA";1;297;"Eleições Gerais Estaduais 2018";"07/10/2018";"ESTADUAL";"AM";"AM";"AMAZONAS";7;"DEPUTADO ESTADUAL";40000623461;12789;"MARCIO ROBERTO DA SILVA FRAGATA";"ENFERMEIRO FRAGATA";"#NULO#";"47610050253";"NÃO DIVULGÁVEL";12;"APTO";"COLIGAÇÃO";12;"PDT";"PARTIDO DEMOCRÁTICO TRABALHISTA";-1;"#NULO#";"#NULO#";"#NULO#";40000050628;" EU VOTO NO AMAZONAS III ";"PDT / PRP / AVANTE";"AM";"27/09/1974";"013973522259";2;"MASCULINO";8;"SUPERIOR COMPLETO";1;"SOLTEIRO(A)";"03";"PARDA";297;"SERVIDOR PÚBLICO ESTADUAL";5;"SUPLENTE"
"13/11/2024";"10:55:17";2018;2;"ELEIÇÃO ORDINÁRIA";1;297;"Eleições Gerais Estaduais 2018";"07/10/2018";"ESTADUAL";"AM";"AM";"AMAZONAS";7;"DEPUTADO ESTADUAL";40000608863;55258;"RADYR GOMES DE OLIVEIRA";"RADYR OLIVEIRA";"#NULO#";"11928115268";"NÃO DIVULGÁVEL";12;"APTO";"COLIGAÇÃO";55;"PSD";"PARTIDO SOCIAL DEMOCRÁTICO";-1;"#NULO#";"#NULO#";"#NULO#";40000050228;"AMAZONAS COM SEGURANÇA I";"PSD / PRB / DEM";"AM";"16/01/1958";"003041622208";2;"MASCULINO";6;"ENSINO MÉDIO COMPLETO";3;"CASADO(A)";"03";"PARDA";297;"SERVIDOR PÚBLICO ESTADUAL";5;"SUPLENTE"
"13/11/2024";"10:55:17";2018;2;"ELEIÇÃO ORDINÁRIA";1;297;"Eleições Gerais Estaduais 2018";"07/10/2018";"ESTADUAL";"AM";"AM";"AMAZONAS";4;"VICE-GOVERNADOR";40000610392;20;"CARLOS ALBERTO SOUZA DE ALMEIDA FILHO";"DEFENSOR CARLOS ALMEIDA";"#NULO#";"65677951234";"NÃO DIVULGÁVEL";12;"APTO";"COLIGAÇÃO";28;"PRTB";"PARTIDO RENOVADOR TRABALHISTA BRASILEIRO";-1;"#NULO#";"#NULO#";"#NULO#";40000050275;"TRANSFORMAÇÃO POR UM NOVO AMAZONAS";"PSC / PRTB / REDE";"AM";"28/06/1979";"019152632291";2;"MASCULINO";8;"SUPERIOR COMPLETO";3;"CASADO(A)";"01";"BRANCA";297;"SERVIDOR PÚBLICO ESTADUAL";6;"2º TURNO"
"13/11/2024";"10:55:17";2018;2;"ELEIÇÃO ORDINÁRIA";1;297;"Eleições Gerais Estaduais 2018";"07/10/2018";"ESTADUAL";"AM";"AM";"AMAZONAS";7;"DEPUTADO ESTADUAL";40000612678;54002;"ELIZABETH DE OLIVEIRA";"ELIZABETH OLIVEIRA";"#NULO#";"40542009234";"NÃO DIVULGÁVEL";3;"INAPTO";"COLIGAÇÃO";54;"PPL";"PARTIDO PÁTRIA LIVRE";-1;"#NULO#";"#NULO#";"#NULO#";40000050342;"EU VOTO NO AMAZONAS IV";"PP / PR / PPL / SOLIDARIEDADE";"AM";"12/06/1971";"012791512224";4;"FEMININO";6;"ENSINO MÉDIO COMPLETO";3;"CASADO(A)";"02";"PRETA";298;"SERVIDOR PÚBLICO MUNICIPAL";4;"NÃO ELEITO"
"13/11/2024";"10:55:17";2018;2;"ELEIÇÃO ORDINÁRIA";1;297;"Eleições Gerais Estaduais 2018";"07/10/2018";"ESTADUAL";"AM";"AM";"AMAZONAS";6;"DEPUTADO FEDERAL";40000602404;5025;"ALEXANDRE MACHADO MAIA";"ALEXANDRE MAIA";"#NULO#";"57280622291";"NÃO DIVULGÁVEL";12;"APTO";"PARTIDO ISOLADO";50;"PSOL";"PARTIDO SOCIALISMO E LIBERDADE";-1;"#NULO#";"#NULO#";"#NULO#";40000050067;"PARTIDO ISOLADO";"PSOL";"AM";"19/11/1976";"017190232216";2;"MASCULINO";4;"ENSINO FUNDAMENTAL COMPLETO";1;"SOLTEIRO(A)";"03";"PARDA";395;"BANCÁRIO E ECONOMIÁRIO";4;"NÃO ELEITO"
"13/11/2024";"10:55:17";2018;2;"ELEIÇÃO ORDINÁRIA";1;297;"Eleições Gerais Estaduais 2018";"07/10/2018";"ESTADUAL";"AM";"AM";"AMAZONAS";7;"DEPUTADO ESTADUAL";40000623437;70193;"MAYRA GISELE CARVALHO DA COSTA";"MAYRA CARVALHO";"#NULO#";"03276483254";"NÃO DIVULGÁVEL";12;"APTO";"COLIGAÇÃO";70;"AVANTE";"AVANTE";-1;"#NULO#";"#NULO#";"#NULO#";40000050628;" EU VOTO NO AMAZONAS III ";"PDT / PRP / AVANTE";"AM";"01/08/1997";"041169752216";4;"FEMININO";6;"ENSINO MÉDIO COMPLETO";3;"CASADO(A)";"01";"BRANCA";397;"RECEPCIONISTA";5;"SUPLENTE"
"13/11/2024";"10:55:17";2018;2;"ELEIÇÃO ORDINÁRIA";1;297;"Eleições Gerais Estaduais 2018";"07/10/2018";"ESTADUAL";"AM";"AM";"AMAZONAS";7;"DEPUTADO ESTADUAL";40000608149;45007;"FRANCISCO BENTO MACEDO DA MOTA";"CHICO BENTO";"#NULO#";"16040252200";"NÃO DIVULGÁVEL";12;"APTO";"COLIGAÇÃO";45;"PSDB";"PARTIDO DA SOCIAL DEMOCRACIA BRASILEIRA";-1;"#NULO#";"#NULO#";"#NULO#";40000050212;"AMAZONAS COM SEGURANÇA II";"PSDB / PTC";"AM";"01/10/1962";"004553102216";2;"MASCULINO";4;"ENSINO FUNDAMENTAL COMPLETO";3;"CASADO(A)";"03";"PARDA";402;"VENDEDOR PRACISTA, REPRESENTANTE, CAIXEIRO-VIAJANTE E ASSEMELHADOS";5;"SUPLENTE"
"13/11/2024";"10:55:17";2018;2;"ELEIÇÃO ORDINÁRIA";1;297;"Eleições Gerais Estaduais 2018";"07/10/2018";"ESTADUAL";"AM";"AM";"AMAZONAS";6;"DEPUTADO FEDERAL";40000628090;1224;"MARIA HELENA DAS CHAGAS ARAUJO";"HELENA ARAUJO";"#NULO#";"31973051249";"NÃO DIVULGÁVEL";3;"INAPTO";"PARTIDO ISOLADO";12;"PDT";"PARTIDO DEMOCRÁTICO TRABALHISTA";-1;"#NULO#";"#NULO#";"#NULO#";40000050781;"PARTIDO ISOLADO";"PDT";"PA";"26/03/1956";"010374411384";4;"FEMININO";6;"ENSINO MÉDIO COMPLETO";9;"DIVORCIADO(A)";"03";"PARDA";411;"VENDEDOR DE COMÉRCIO VAREJISTA E ATACADISTA";4;"NÃO ELEITO"
"13/11/2024";"10:55:17";2018;2;"ELEIÇÃO ORDINÁRIA";1;297;"Eleições Gerais Estaduais 2018";"07/10/2018";"ESTADUAL";"AM";"AM";"AMAZONAS";7;"DEPUTADO ESTADUAL";40000609278;43008;"ANA PAULA ANDRADE DA SILVA";"PAULINHA ANDRADE";"#NULO#";"01068406224";"NÃO DIVULGÁVEL";3;"INAPTO";"PARTIDO ISOLADO";43;"PV";"PARTIDO VERDE";-1;"#NULO#";"#NULO#";"#NULO#";40000050239;"PARTIDO ISOLADO";"PV";"AM";"16/02/1990";"033326332291";4;"FEMININO";6;"ENSINO MÉDIO COMPLETO";1;"SOLTEIRO(A)";"01";"BRANCA";411;"VENDEDOR DE COMÉRCIO VAREJISTA E ATACADISTA";-1;"#NULO#"
"13/11/2024";"10:55:17";2018;2;"ELEIÇÃO ORDINÁRIA";1;297;"Eleições Gerais Estaduais 2018";"07/10/2018";"ESTADUAL";"AM";"AM";"AMAZONAS";7;"DEPUTADO ESTADUAL";40000618276;15987;"MARCIO IGO FERRAZ DE SOUZA";"MARCIO FERRAZ";"#NULO#";"79555250278";"NÃO DIVULGÁVEL";12;"APTO";"COLIGAÇÃO";15;"MDB";"MOVIMENTO DEMOCRÁTICO BRASILEIRO";-1;"#NULO#";"#NULO#";"#NULO#";40000050474;"POR UM AMAZONAS MELHOR";"MDB / DC";"AM";"02/10/1980";"019311662240";2;"MASCULINO";6;"ENSINO MÉDIO COMPLETO";3;"CASADO(A)";"03";"PARDA";512;"CABELEIREIRO E BARBEIRO";5;"SUPLENTE"
"13/11/2024";"10:55:17";2018;2;"ELEIÇÃO ORDINÁRIA";1;297;"Eleições Gerais Estaduais 2018";"07/10/2018";"ESTADUAL";"AM";"AM";"AMAZONAS";7;"DEPUTADO ESTADUAL";40000627706;65000;"MOISES ROCHA DE VASCONCELOS";"MOISES ROCHA";"#NULO#";"29144680244";"NÃO DIVULGÁVEL";12;"APTO";"COLIGAÇÃO";65;"PC do B";"PARTIDO COMUNISTA DO BRASIL";-1;"#NULO#";"#NULO#";"#NULO#";40000050768;"O POVO FELIZ DE NOVO";"PC do B / PT";"AM";"26/05/1967";"005681492291";2;"MASCULINO";6;"ENSINO MÉDIO COMPLETO";3;"CASADO(A)";"03";"PARDA";531;"MOTORISTA DE VEÍCULOS DE TRANSPORTE COLETIVO DE PASSAGEIROS";4;"NÃO ELEITO"
"13/11/2024";"10:55:17";2018;2;"ELEIÇÃO ORDINÁRIA";1;297;"Eleições Gerais Estaduais 2018";"07/10/2018";"ESTADUAL";"AM";"AM";"AMAZONAS";7;"DEPUTADO ESTADUAL";40000618293;27305;"ILTON RODRIGUES DE VASCONCELOS";"ILTON RODRIGUES";"#NULO#";"72259671268";"NÃO DIVULGÁVEL";12;"APTO";"COLIGAÇÃO";27;"DC";"DEMOCRACIA CRISTÃ";-1;"#NULO#";"#NULO#";"#NULO#";40000050474;"POR UM AMAZONAS MELHOR";"MDB / DC";"AM";"07/03/1980";"019505792259";2;"MASCULINO";6;"ENSINO MÉDIO COMPLETO";1;"SOLTEIRO(A)";"03";"PARDA";536;"TAXISTA";5;"SUPLENTE"
"13/11/2024";"10:55:17";2018;2;"ELEIÇÃO ORDINÁRIA";1;297;"Eleições Gerais Estaduais 2018";"07/10/2018";"ESTADUAL";"AM";"AM";"AMAZONAS";7;"DEPUTADO ESTADUAL";40000608873;25325;"ANTONIO CARMO DE LIMA";"CEARÁ";"#NULO#";"16331230300";"NÃO DIVULGÁVEL";12;"APTO";"COLIGAÇÃO";25;"DEM";"DEMOCRATAS";-1;"#NULO#";"#NULO#";"#NULO#";40000050228;"AMAZONAS COM SEGURANÇA I";"PSD / PRB / DEM";"CE";"21/05/1955";"004942112267";2;"MASCULINO";6;"ENSINO MÉDIO COMPLETO";3;"CASADO(A)";"03";"PARDA";537;"MOTORISTA PARTICULAR";5;"SUPLENTE"
"13/11/2024";"10:55:17";2018;2;"ELEIÇÃO ORDINÁRIA";1;297;"Eleições Gerais Estaduais 2018";"07/10/2018";"ESTADUAL";"AM";"AM";"AMAZONAS";7;"DEPUTADO ESTADUAL";40000604592;51100;"HILDE TIMOTEO DA SILVA";"TIMOTEO";"#NULO#";"38515652234";"NÃO DIVULGÁVEL";3;"INAPTO";"PARTIDO ISOLADO";51;"PATRIOTA";"PATRIOTA";-1;"#NULO#";"#NULO#";"#NULO#";40000050133;"PARTIDO ISOLADO";"PATRIOTA";"AM";"09/02/1970";"012785352208";2;"MASCULINO";3;"ENSINO FUNDAMENTAL INCOMPLETO";3;"CASADO(A)";"02";"PRETA";537;"MOTORISTA PARTICULAR";-1;"#NULO#"
