"DT_GERACAO";"HH_GERACAO";"ANO_ELEICAO";"CD_ELEICAO";"SQ_CANDIDATO";"CD_DETALHE_SITUACAO_CAND";"DS_DETALHE_SITUACAO_CAND";"CD_NACIONALIDADE";"DS_NACIONALIDADE";"CD_MUNICIPIO_NASCIMENTO";"NM_MUNICIPIO_NASCIMENTO";"NR_IDADE_DATA_POSSE";"ST_QUILOMBOLA";"CD_ETNIA_INDIGENA";"DS_ETNIA_INDIGENA";"VR_DESPESA_MAX_CAMPANHA";"ST_REELEICAO";"ST_DECLARAR_BENS";"NR_PROTOCOLO_CANDIDATURA";"NR_PROCESSO";"CD_SITUACAO_CANDIDATO_PLEITO";"DS_SITUACAO_CANDIDATO_PLEITO";"CD_SITUACAO_CANDIDATO_URNA";"DS_SITUACAO_CANDIDATO_URNA";"ST_CANDIDATO_INSERIDO_URNA";"NM_TIPO_DESTINACAO_VOTOS";"CD_SITUACAO_CANDIDATO_TOT";"DS_SITUACAO_CANDIDATO_TOT";"ST_PREST_CONTAS";"ST_SUBSTITUIDO";"SQ_SUBSTITUIDO";"SQ_ORDEM_SUPLENCIA";"DT_ACEITE_CANDIDATURA";"CD_SITUACAO_JULGAMENTO";"DS_SITUACAO_JULGAMENTO";"CD_SITUACAO_JULGAMENTO_PLEITO";"DS_SITUACAO_JULGAMENTO_PLEITO";"CD_SITUACAO_JULGAMENTO_URNA";"DS_SITUACAO_JULGAMENTO_URNA";"CD_SITUACAO_CASSACAO";"DS_SITUACAO_CASSACAO";"CD_SITUACAO_CASSACAO_MIDIA";"DS_SITUACAO_CASSACAO_MIDIA";"CD_SITUACAO_DIPLOMA";"DS_SITUACAO_DIPLOMA";"CD_GENERO_FEFC";"DS_GENERO_FEFC";"CD_COR_RACA_FEFC";"DS_COR_RACA_FEFC"
"26/08/2026";"03:15:18";2022;546;40001618499;2;"DEFERIDO";1;"BRASILEIRA NATA";-3;"MANAUS";"75";"#NE";-3;"#NE";"1270629.01";"S";"S";"-1";"06004839220226040000";"2";"DEFERIDO";"2";"DEFERIDO";"SIM";"Válido";2;"DEFERIDO";"S";"N";-1;-1;"2022-08-10 09:18:30";-3;"#NE";"-3";"#NE";"-3";"#NE";-3;"#NE";-3;"#NE";-3;"#NE";-3;"#NE";"-3";"#NE"
"26/08/2026";"03:15:18";2022;546;40001739338;2;"DEFERIDO";1;"BRASILEIRA NATA";-3;"MANAUS";"47";"#NE";-3;"#NE";"-1";"N";"S";"-1";"06018574620226040000";"2";"DEFERIDO";"17";"PENDENTE DE JULGAMENTO";"SIM";"#NULO";2;"DEFERIDO";"N";"N";40001719266;1;"2022-09-13 14:50:50";-3;"#NE";"-3";"#NE";"-3";"#NE";-3;"#NE";-3;"#NE";-3;"#NE";-3;"#NE";"-3";"#NE"
"26/08/2026";"03:15:18";2022;546;40001738676;5;"CANCELADO";1;"BRASILEIRA NATA";-3;"MANAUS";"64";"#NE";-3;"#NE";"1270629.01";"N";"S";"-1";"06016479220226040000";"-1";"#NULO";"-1";"#NULO";"NÃO";"#NULO";-1;"#NULO";"N";"N";-1;-1;"2022-09-12 12:01:28";-3;"#NE";"-3";"#NE";"-3";"#NE";-3;"#NE";-3;"#NE";-3;"#NE";-3;"#NE";"-3";"#NE"
"26/08/2026";"03:15:18";2022;546;40001718568;2;"DEFERIDO";1;"BRASILEIRA NATA";-3;"MANACAPURU";"35";"#NE";-3;"#NE";"3176572.53";"N";"S";"-1";"06008355020226040000";"2";"DEFERIDO";"2";"DEFERIDO";"SIM";"Válido";2;"DEFERIDO";"S";"N";-1;-1;"2022-08-15 12:38:33";-3;"#NE";"-3";"#NE";"-3";"#NE";-3;"#NE";-3;"#NE";-3;"#NE";-3;"#NE";"-3";"#NE"
"26/08/2026";"03:15:18";2022;546;40001609233;2;"DEFERIDO";1;"BRASILEIRA NATA";-3;"MANAUS";"72";"#NE";-3;"#NE";"3176572.53";"N";"S";"-1";"06002907720226040000";"2";"DEFERIDO";"2";"DEFERIDO";"SIM";"Válido";2;"DEFERIDO";"S";"N";-1;-1;"2022-08-08 11:26:45";-3;"#NE";"-3";"#NE";"-3";"#NE";-3;"#NE";-3;"#NE";-3;"#NE";-3;"#NE";"-3";"#NE"
"26/08/2026";"03:15:18";2022;546;40001719162;2;"DEFERIDO";1;"BRASILEIRA NATA";-3;"MANAUS";"57";"#NE";-3;"#NE";"3176572.53";"N";"S";"-1";"06008484920226040000";"2";"DEFERIDO";"2";"DEFERIDO";"SIM";"Válido";2;"DEFERIDO";"S";"N";-1;3;"2022-08-15 13:13:45";-3;"#NE";"-3";"#NE";"-3";"#NE";-3;"#NE";-3;"#NE";-3;"#NE";-3;"#NE";"-3";"#NE"
"26/08/2026";"03:15:18";2022;546;40001719166;2;"DEFERIDO";1;"BRASILEIRA NATA";-3;"PARINTINS";"40";"#NE";-3;"#NE";"3176572.53";"N";"S";"-1";"06008493420226040000";"2";"DEFERIDO";"2";"DEFERIDO";"SIM";"Válido";2;"DEFERIDO";"S";"N";-1;1;"2022-08-15 13:13:45";-3;"#NE";"-3";"#NE";"-3";"#NE";-3;"#NE";-3;"#NE";-3;"#NE";-3;"#NE";"-3";"#NE"
"26/08/2026";"03:15:18";2022;546;40001609255;2;"DEFERIDO";1;"BRASILEIRA NATA";-3;"MONTE ALEGRE";"37";"#NE";-3;"#NE";"3176572.53";"N";"S";"-1";"06003063120226040000";"2";"DEFERIDO";"2";"DEFERIDO";"SIM";"Válido";2;"DEFERIDO";"S";"N";-1;-1;"2022-08-08 11:27:45";-3;"#NE";"-3";"#NE";"-3";"#NE";-3;"#NE";-3;"#NE";-3;"#NE";-3;"#NE";"-3";"#NE"
"26/08/2026";"03:15:18";2022;546;40001633251;2;"DEFERIDO";1;"BRASILEIRA NATA";-3;"VIDEIRA";"61";"#NE";-3;"#NE";"3176572.53";"N";"S";"-1";"06006163720226040000";"2";"DEFERIDO";"2";"DEFERIDO";"SIM";"Válido";2;"DEFERIDO";"S";"N";-1;-1;"2022-08-11 07:46:46";-3;"#NE";"-3";"#NE";"-3";"#NE";-3;"#NE";-3;"#NE";-3;"#NE";-3;"#NE";"-3";"#NE"
"26/08/2026";"03:15:18";2022;546;40001719839;2;"DEFERIDO";1;"BRASILEIRA NATA";-3;"MANAUS";"44";"#NE";-3;"#NE";"3176572.53";"N";"S";"-1";"06008979020226040000";"2";"DEFERIDO";"17";"PENDENTE DE JULGAMENTO";"SIM";"Válido";2;"DEFERIDO";"S";"N";-1;-1;"2022-08-15 13:40:17";-3;"#NE";"-3";"#NE";"-3";"#NE";-3;"#NE";-3;"#NE";-3;"#NE";-3;"#NE";"-3";"#NE"
"26/08/2026";"03:15:18";2022;546;40001671683;2;"DEFERIDO";1;"BRASILEIRA NATA";-3;"MANAUS";"41";"#NE";-3;"#NE";"1270629.01";"N";"S";"-1";"06007887620226040000";"2";"DEFERIDO";"2";"DEFERIDO";"SIM";"Válido";2;"DEFERIDO";"S";"N";-1;-1;"2022-08-13 13:23:05";-3;"#NE";"-3";"#NE";"-3";"#NE";-3;"#NE";-3;"#NE";-3;"#NE";-3;"#NE";"-3";"#NE"
"26/08/2026";"03:15:18";2022;546;40001618360;2;"DEFERIDO";1;"BRASILEIRA NATA";-3;"PIRASSUNUNGA";"52";"#NE";-3;"#NE";"1270629.01";"N";"S";"-1";"06004206720226040000";"2";"DEFERIDO";"2";"DEFERIDO";"SIM";"Válido";2;"DEFERIDO";"S";"N";-1;-1;"2022-08-10 09:17:10";-3;"#NE";"-3";"#NE";"-3";"#NE";-3;"#NE";-3;"#NE";-3;"#NE";-3;"#NE";"-3";"#NE"
"26/08/2026";"03:15:18";2022;546;40001633265;2;"DEFERIDO";1;"BRASILEIRA NATA";-3;"SANTARÉM";"59";"#NE";-3;"#NE";"1270629.01";"S";"S";"-1";"06006337320226040000";"2";"DEFERIDO";"2";"DEFERIDO";"SIM";"Válido";2;"DEFERIDO";"S";"N";-1;-1;"2022-08-11 07:47:59";-3;"#NE";"-3";"#NE";"-3";"#NE";-3;"#NE";-3;"#NE";-3;"#NE";-3;"#NE";"-3";"#NE"
"26/08/2026";"03:15:18";2022;546;40001609200;2;"DEFERIDO";1;"BRASILEIRA NATA";-3;"MANAUS";"30";"#NE";-3;"#NE";"1270629.01";"N";"S";"-1";"06002751120226040000";"2";"DEFERIDO";"4";"INDEFERIDO COM RECURSO";"SIM";"Válido";2;"DEFERIDO";"S";"N";-1;10;"2022-08-08 11:16:57";-3;"#NE";"-3";"#NE";"-3";"#NE";-3;"#NE";-3;"#NE";-3;"#NE";-3;"#NE";"-3";"#NE"
"26/08/2026";"03:15:18";2022;546;40001620679;2;"DEFERIDO";1;"BRASILEIRA NATA";-3;"MANAUS";"46";"#NE";-3;"#NE";"1270629.01";"N";"S";"-1";"06005817720226040000";"2";"DEFERIDO";"2";"DEFERIDO";"SIM";"Válido";2;"DEFERIDO";"S";"N";-1;8;"2022-08-10 15:50:27";-3;"#NE";"-3";"#NE";"-3";"#NE";-3;"#NE";-3;"#NE";-3;"#NE";-3;"#NE";"-3";"#NE"
"26/08/2026";"03:15:18";2022;546;40001618673;2;"DEFERIDO";1;"BRASILEIRA NATA";-3;"ITACOATIARA";"48";"#NE";-3;"#NE";"1270629.01";"N";"S";"-1";"06005384320226040000";"2";"DEFERIDO";"2";"DEFERIDO";"SIM";"Válido";2;"DEFERIDO";"S";"N";-1;12;"2022-08-10 09:56:37";-3;"#NE";"-3";"#NE";"-3";"#NE";-3;"#NE";-3;"#NE";-3;"#NE";-3;"#NE";"-3";"#NE"
"26/08/2026";"03:15:18";2022;546;40001650491;2;"DEFERIDO";1;"BRASILEIRA NATA";-3;"MANAUS";"51";"#NE";-3;"#NE";"1270629.01";"N";"S";"-1";"06007697020226040000";"2";"DEFERIDO";"2";"DEFERIDO";"SIM";"Válido";2;"DEFERIDO";"S";"N";-1;17;"2022-08-12 16:22:42";-3;"#NE";"-3";"#NE";"-3";"#NE";-3;"#NE";-3;"#NE";-3;"#NE";-3;"#NE";"-3";"#NE"
"26/08/2026";"03:15:18";2022;546;40001633347;2;"DEFERIDO";1;"BRASILEIRA NATA";-3;"MANAUS";"24";"#NE";-3;"#NE";"1270629.01";"N";"N";"-1";"06006796220226040000";"2";"DEFERIDO";"2";"DEFERIDO";"SIM";"Válido";2;"DEFERIDO";"S";"N";-1;12;"2022-08-11 07:49:34";-3;"#NE";"-3";"#NE";"-3";"#NE";-3;"#NE";-3;"#NE";-3;"#NE";-3;"#NE";"-3";"#NE"
"26/08/2026";"03:15:18";2022;546;40001633341;2;"DEFERIDO";1;"BRASILEIRA NATA";-3;"MANAUS";"45";"#NE";-3;"#NE";"1270629.01";"S";"S";"-1";"06006657820226040000";"2";"DEFERIDO";"2";"DEFERIDO";"SIM";"Válido";2;"DEFERIDO";"S";"N";-1;-1;"2022-08-11 07:49:34";-3;"#NE";"-3";"#NE";"-3";"#NE";-3;"#NE";-3;"#NE";-3;"#NE";-3;"#NE";"-3";"#NE"
"26/08/2026";"03:15:18";2022;546;40001650507;2;"DEFERIDO";1;"BRASILEIRA NATA";-3;"BELÉM";"55";"#NE";-3;"#NE";"1270629.01";"N";"N";"-1";"06007644820226040000";"2";"DEFERIDO";"2";"DEFERIDO";"SIM";"Válido";2;"DEFERIDO";"S";"N";-1;2;"2022-08-12 16:22:42";-3;"#NE";"-3";"#NE";"-3";"#NE";-3;"#NE";-3;"#NE";-3;"#NE";-3;"#NE";"-3";"#NE"
"26/08/2026";"03:15:18";2022;546;40001733848;6;"RENÚNCIA";1;"BRASILEIRA NATA";-3;"MANAUS";"47";"#NE";-3;"#NE";"3176572.53";"N";"S";"-1";"06013265720226040000";"6";"RENÚNCIA";"17";"PENDENTE DE JULGAMENTO";"SIM";"Nulo técnico";6;"RENÚNCIA";"S";"N";-1;-1;"2022-09-03 08:00:53";-3;"#NE";"-3";"#NE";"-3";"#NE";-3;"#NE";-3;"#NE";-3;"#NE";-3;"#NE";"-3";"#NE"
"26/08/2026";"03:15:18";2022;546;40001618515;2;"DEFERIDO";1;"BRASILEIRA NATA";-3;"ITACOATIARA";"46";"#NE";-3;"#NE";"-1";"N";"S";"-1";"06005159720226040000";"2";"DEFERIDO";"2";"DEFERIDO";"SIM";"#NULO";2;"DEFERIDO";"N";"N";-1;1;"2022-08-10 09:20:24";-3;"#NE";"-3";"#NE";"-3";"#NE";-3;"#NE";-3;"#NE";-3;"#NE";-3;"#NE";"-3";"#NE"
"26/08/2026";"03:15:18";2022;546;40001609319;4;"INDEFERIDO COM RECURSO";1;"BRASILEIRA NATA";-3;"MANAUS";"49";"#NE";-3;"#NE";"1270629.01";"N";"S";"-1";"06003132320226040000";"4";"INDEFERIDO COM RECURSO";"4";"INDEFERIDO COM RECURSO";"SIM";"Anulado sub judice";4;"INDEFERIDO COM RECURSO";"S";"N";-1;-1;"2022-08-08 11:35:47";-3;"#NE";"-3";"#NE";"-3";"#NE";-3;"#NE";-3;"#NE";-3;"#NE";-3;"#NE";"-3";"#NE"
"26/08/2026";"03:15:18";2022;546;40001719241;14;"INDEFERIDO";1;"BRASILEIRA NATA";-3;"MANAQUIRI";"37";"#NE";-3;"#NE";"1270629.01";"N";"S";"-1";"06008675520226040000";"-1";"#NULO";"-1";"#NULO";"NÃO";"#NULO";-1;"#NULO";"N";"N";-1;-1;"2022-08-15 13:15:15";-3;"#NE";"-3";"#NE";"-3";"#NE";-3;"#NE";-3;"#NE";-3;"#NE";-3;"#NE";"-3";"#NE"
"26/08/2026";"03:15:18";2022;546;40001718580;2;"DEFERIDO";1;"BRASILEIRA NATA";-3;"PORTO SEGURO";"37";"#NE";-3;"#NE";"1270629.01";"N";"S";"-1";"06008277320226040000";"2";"DEFERIDO";"2";"DEFERIDO";"SIM";"Válido";2;"DEFERIDO";"S";"N";-1;-1;"2022-08-15 12:39:18";-3;"#NE";"-3";"#NE";"-3";"#NE";-3;"#NE";-3;"#NE";-3;"#NE";-3;"#NE";"-3";"#NE"
"26/08/2026";"03:15:18";2022;546;40001618465;2;"DEFERIDO";1;"BRASILEIRA NATA";-3;"FORTALEZA";"56";"#NE";-3;"#NE";"1270629.01";"N";"S";"-1";"06004908420226040000";"2";"DEFERIDO";"2";"DEFERIDO";"SIM";"Válido";2;"DEFERIDO";"S";"N";-1;8;"2022-08-10 09:19:58";-3;"#NE";"-3";"#NE";"-3";"#NE";-3;"#NE";-3;"#NE";-3;"#NE";-3;"#NE";"-3";"#NE"
"26/08/2026";"03:15:18";2022;546;40001718570;14;"INDEFERIDO";1;"BRASILEIRA NATA";-3;"PASSIRA";"66";"#NE";-3;"#NE";"3176572.53";"N";"S";"-1";"06008398720226040000";"-1";"#NULO";"-1";"#NULO";"NÃO";"#NULO";-1;"#NULO";"N";"N";-1;-1;"2022-08-15 12:38:33";-3;"#NE";"-3";"#NE";"-3";"#NE";-3;"#NE";-3;"#NE";-3;"#NE";-3;"#NE";"-3";"#NE"
"26/08/2026";"03:15:18";2022;546;40001733851;13;"PEDIDO NÃO CONHECIDO";1;"BRASILEIRA NATA";-3;"ITACOATIARA";"43";"#NE";-3;"#NE";"3176572.53";"N";"S";"-1";"06013222020226040000";"-1";"#NULO";"-1";"#NULO";"NÃO";"#NULO";-1;"#NULO";"N";"N";-1;-1;"2022-09-03 08:00:53";-3;"#NE";"-3";"#NE";"-3";"#NE";-3;"#NE";-3;"#NE";-3;"#NE";-3;"#NE";"-3";"#NE"
"26/08/2026";"03:15:18";2022;546;40001620677;2;"DEFERIDO";1;"BRASILEIRA NATA";-3;"MANAUS";"40";"#NE";-3;"#NE";"3176572.53";"N";"N";"-1";"06005730320226040000";"2";"DEFERIDO";"2";"DEFERIDO";"SIM";"Válido";2;"DEFERIDO";"S";"N";-1;-1;"2022-08-10 15:50:56";-3;"#NE";"-3";"#NE";"-3";"#NE";-3;"#NE";-3;"#NE";-3;"#NE";-3;"#NE";"-3";"#NE"
"26/08/2026";"03:15:18";2022;546;40001633246;2;"DEFERIDO";1;"BRASILEIRA NATA";-3;"LAVRAS DA MANGABEIRA";"47";"#NE";-3;"#NE";"3176572.53";"N";"S";"-1";"06006086020226040000";"2";"DEFERIDO";"2";"DEFERIDO";"SIM";"Válido";2;"DEFERIDO";"S";"N";-1;-1;"2022-08-11 07:46:46";-3;"#NE";"-3";"#NE";"-3";"#NE";-3;"#NE";-3;"#NE";-3;"#NE";-3;"#NE";"-3";"#NE"
"26/08/2026";"03:15:18";2022;546;40001618446;2;"DEFERIDO";1;"BRASILEIRA NATA";-3;"MANAUS";"38";"#NE";-3;"#NE";"3176572.53";"N";"S";"-1";"06004674120226040000";"2";"DEFERIDO";"2";"DEFERIDO";"SIM";"Válido";2;"DEFERIDO";"S";"N";-1;-1;"2022-08-10 09:18:57";-3;"#NE";"-3";"#NE";"-3";"#NE";-3;"#NE";-3;"#NE";-3;"#NE";-3;"#NE";"-3";"#NE"
"26/08/2026";"03:15:18";2022;546;40001609213;2;"DEFERIDO";1;"BRASILEIRA NATA";-3;"MANAUS";"46";"#NE";-3;"#NE";"3176572.53";"N";"S";"-1";"06002847020226040000";"2";"DEFERIDO";"2";"DEFERIDO";"SIM";"Válido";2;"DEFERIDO";"S";"N";-1;-1;"2022-08-08 11:19:47";-3;"#NE";"-3";"#NE";"-3";"#NE";-3;"#NE";-3;"#NE";-3;"#NE";-3;"#NE";"-3";"#NE"
"26/08/2026";"03:15:18";2022;546;40001643215;2;"DEFERIDO";1;"BRASILEIRA NATA";-3;"MANAUS";"39";"#NE";-3;"#NE";"3176572.53";"N";"S";"-1";"06006917620226040000";"2";"DEFERIDO";"2";"DEFERIDO";"SIM";"Válido";2;"DEFERIDO";"S";"N";-1;-1;"2022-08-12 10:02:37";-3;"#NE";"-3";"#NE";"-3";"#NE";-3;"#NE";-3;"#NE";-3;"#NE";-3;"#NE";"-3";"#NE"
"26/08/2026";"03:15:18";2022;546;40001643951;2;"DEFERIDO";1;"BRASILEIRA NATA";-3;"NHAMUNDÁ";"31";"#NE";-3;"#NE";"1270629.01";"N";"N";"-1";"06007315820226040000";"2";"DEFERIDO";"2";"DEFERIDO";"SIM";"Válido";2;"DEFERIDO";"S";"N";-1;-1;"2022-08-11 17:06:17";-3;"#NE";"-3";"#NE";"-3";"#NE";-3;"#NE";-3;"#NE";-3;"#NE";-3;"#NE";"-3";"#NE"
"26/08/2026";"03:15:18";2022;546;40001609320;2;"DEFERIDO";1;"BRASILEIRA NATA";-3;"MANAUS";"34";"#NE";-3;"#NE";"1270629.01";"N";"S";"-1";"06003167520226040000";"2";"DEFERIDO";"2";"DEFERIDO";"SIM";"Válido";2;"DEFERIDO";"S";"N";-1;6;"2022-08-08 11:35:47";-3;"#NE";"-3";"#NE";"-3";"#NE";-3;"#NE";-3;"#NE";-3;"#NE";-3;"#NE";"-3";"#NE"
"26/08/2026";"03:15:18";2022;546;40001618359;2;"DEFERIDO";1;"BRASILEIRA NATA";-3;"MANAUS";"39";"#NE";-3;"#NE";"1270629.01";"N";"S";"-1";"06003972420226040000";"2";"DEFERIDO";"2";"DEFERIDO";"SIM";"Válido";2;"DEFERIDO";"S";"N";-1;-1;"2022-08-10 09:17:10";-3;"#NE";"-3";"#NE";"-3";"#NE";-3;"#NE";-3;"#NE";-3;"#NE";-3;"#NE";"-3";"#NE"
"26/08/2026";"03:15:18";2022;546;40001600322;2;"DEFERIDO";1;"BRASILEIRA NATA";-3;"BOA VISTA";"53";"#NE";-3;"#NE";"1270629.01";"N";"S";"-1";"06002162320226040000";"2";"DEFERIDO";"2";"DEFERIDO";"SIM";"Válido";2;"DEFERIDO";"S";"N";-1;7;"2022-08-01 10:39:35";-3;"#NE";"-3";"#NE";"-3";"#NE";-3;"#NE";-3;"#NE";-3;"#NE";-3;"#NE";"-3";"#NE"
"26/08/2026";"03:15:18";2022;546;40001719851;14;"INDEFERIDO";1;"BRASILEIRA NATA";-3;"MANAUS";"35";"#NE";-3;"#NE";"1270629.01";"N";"S";"-1";"06009117420226040000";"14";"INDEFERIDO";"17";"PENDENTE DE JULGAMENTO";"SIM";"Nulo técnico";14;"INDEFERIDO";"N";"N";-1;-1;"2022-08-15 13:39:47";-3;"#NE";"-3";"#NE";"-3";"#NE";-3;"#NE";-3;"#NE";-3;"#NE";-3;"#NE";"-3";"#NE"
"26/08/2026";"03:15:18";2022;546;40001731325;14;"INDEFERIDO";1;"BRASILEIRA NATA";-3;"MANACAPURU";"30";"#NE";-3;"#NE";"1270629.01";"N";"S";"-1";"06011897520226040000";"14";"INDEFERIDO";"17";"PENDENTE DE JULGAMENTO";"SIM";"Nulo técnico";14;"INDEFERIDO";"N";"N";-1;-1;"2022-08-29 17:31:26";-3;"#NE";"-3";"#NE";"-3";"#NE";-3;"#NE";-3;"#NE";-3;"#NE";-3;"#NE";"-3";"#NE"
"26/08/2026";"03:15:18";2022;546;40001719857;14;"INDEFERIDO";1;"BRASILEIRA NATA";-3;"ALTO SANTO";"65";"#NE";-3;"#NE";"1270629.01";"N";"S";"-1";"06009056720226040000";"14";"INDEFERIDO";"17";"PENDENTE DE JULGAMENTO";"SIM";"Nulo técnico";14;"INDEFERIDO";"N";"N";-1;-1;"2022-08-15 13:39:47";-3;"#NE";"-3";"#NE";"-3";"#NE";-3;"#NE";-3;"#NE";-3;"#NE";-3;"#NE";"-3";"#NE"
"26/08/2026";"03:15:18";2022;546;40001609187;2;"DEFERIDO";1;"BRASILEIRA NATA";-3;"ÓBIDOS";"46";"#NE";-3;"#NE";"1270629.01";"N";"S";"-1";"06002578720226040000";"2";"DEFERIDO";"2";"DEFERIDO";"SIM";"Válido";2;"DEFERIDO";"S";"N";-1;16;"2022-08-08 11:16:57";-3;"#NE";"-3";"#NE";"-3";"#NE";-3;"#NE";-3;"#NE";-3;"#NE";-3;"#NE";"-3";"#NE"
"26/08/2026";"03:15:18";2022;546;40001618386;2;"DEFERIDO";1;"BRASILEIRA NATA";-3;"MANAUS";"49";"#NE";-3;"#NE";"1270629.01";"N";"S";"-1";"06004284420226040000";"2";"DEFERIDO";"2";"DEFERIDO";"SIM";"Válido";2;"DEFERIDO";"S";"N";-1;-1;"2022-08-10 09:15:12";-3;"#NE";"-3";"#NE";"-3";"#NE";-3;"#NE";-3;"#NE";-3;"#NE";-3;"#NE";"-3";"#NE"
"26/08/2026";"03:15:18";2022;546;40001650483;2;"DEFERIDO";1;"BRASILEIRA NATA";-3;"MANAUS";"61";"#NE";-3;"#NE";"1270629.01";"N";"S";"-1";"06007462720226040000";"2";"DEFERIDO";"2";"DEFERIDO";"SIM";"Válido";2;"DEFERIDO";"S";"N";-1;18;"2022-08-12 16:22:42";-3;"#NE";"-3";"#NE";"-3";"#NE";-3;"#NE";-3;"#NE";-3;"#NE";-3;"#NE";"-3";"#NE"
"26/08/2026";"03:15:18";2022;546;40001719326;14;"INDEFERIDO";1;"BRASILEIRA NATA";-3;"MANAUS";"54";"#NE";-3;"#NE";"3176572.53";"N";"N";"-1";"06008909820226040000";"14";"INDEFERIDO";"17";"PENDENTE DE JULGAMENTO";"SIM";"Nulo técnico";14;"INDEFERIDO";"S";"N";-1;-1;"2022-08-15 13:19:10";-3;"#NE";"-3";"#NE";"-3";"#NE";-3;"#NE";-3;"#NE";-3;"#NE";-3;"#NE";"-3";"#NE"
"26/08/2026";"03:15:18";2022;546;40001671685;14;"INDEFERIDO";1;"BRASILEIRA NATA";-3;"NOVA OLINDA DO NORTE";"48";"#NE";-3;"#NE";"1270629.01";"N";"S";"-1";"06007835420226040000";"-1";"#NULO";"-1";"#NULO";"NÃO";"#NULO";-1;"#NULO";"N";"N";-1;-1;"2022-08-13 13:23:05";-3;"#NE";"-3";"#NE";"-3";"#NE";-3;"#NE";-3;"#NE";-3;"#NE";-3;"#NE";"-3";"#NE"
"26/08/2026";"03:15:18";2022;546;40001718574;2;"DEFERIDO";1;"BRASILEIRA NATA";-3;"RIO PRETO DA EVA";"41";"#NE";-3;"#NE";"1270629.01";"N";"S";"-1";"06008250620226040000";"2";"DEFERIDO";"2";"DEFERIDO";"SIM";"Válido";2;"DEFERIDO";"S";"N";-1;-1;"2022-08-15 12:39:18";-3;"#NE";"-3";"#NE";"-3";"#NE";-3;"#NE";-3;"#NE";-3;"#NE";-3;"#NE";"-3";"#NE"
"26/08/2026";"03:15:18";2022;546;40001633253;6;"RENÚNCIA";1;"BRASILEIRA NATA";-3;"RIO BRANCO";"44";"#NE";-3;"#NE";"3176572.53";"N";"S";"-1";"06006111520226040000";"-1";"#NULO";"-1";"#NULO";"NÃO";"#NULO";-1;"#NULO";"N";"N";-1;-1;"2022-08-11 07:46:46";-3;"#NE";"-3";"#NE";"-3";"#NE";-3;"#NE";-3;"#NE";-3;"#NE";-3;"#NE";"-3";"#NE"
"26/08/2026";"03:15:18";2022;546;40001719227;2;"DEFERIDO";1;"BRASILEIRA NATA";-3;"MANAUS";"63";"#NE";-3;"#NE";"3176572.53";"N";"S";"-1";"06008606320226040000";"2";"DEFERIDO";"2";"DEFERIDO";"SIM";"Válido";2;"DEFERIDO";"S";"N";-1;-1;"2022-08-15 13:14:23";-3;"#NE";"-3";"#NE";"-3";"#NE";-3;"#NE";-3;"#NE";-3;"#NE";-3;"#NE";"-3";"#NE"
"26/08/2026";"03:15:18";2022;546;40001719232;2;"DEFERIDO";1;"BRASILEIRA NATA";-3;"TEFÉ";"49";"#NE";-3;"#NE";"3176572.53";"N";"S";"-1";"06008640320226040000";"2";"DEFERIDO";"2";"DEFERIDO";"SIM";"Válido";2;"DEFERIDO";"S";"N";-1;-1;"2022-08-15 13:14:23";-3;"#NE";"-3";"#NE";"-3";"#NE";-3;"#NE";-3;"#NE";-3;"#NE";-3;"#NE";"-3";"#NE"
"26/08/2026";"03:15:18";2022;546;40001719316;6;"RENÚNCIA";1;"BRASILEIRA NATA";-3;"ARAGUARI";"71";"#NE";-3;"#NE";"-1";"N";"S";"-1";"06008857620226040000";"-1";"#NULO";"-1";"#NULO";"NÃO";"#NULO";-1;"#NULO";"N";"S";-1;-1;"2022-08-15 13:18:54";-3;"#NE";"-3";"#NE";"-3";"#NE";-3;"#NE";-3;"#NE";-3;"#NE";-3;"#NE";"-3";"#NE"
"26/08/2026";"03:15:18";2022;547;40001619527;2;"DEFERIDO";1;"BRASILEIRA NATA";-3;"MANAUS";"50";"#NE";-3;"#NE";"-1";"N";"S";"-1";"06005661120226040000";"2";"DEFERIDO";"2";"DEFERIDO";"SIM";"#NULO";2;"DEFERIDO";"N";"N";-1;1;"2022-08-10 12:25:06";-3;"#NE";"-3";"#NE";"-3";"#NE";-3;"#NE";-3;"#NE";-3;"#NE";-3;"#NE";"-3";"#NE"
"26/08/2026";"03:15:18";2022;546;40001618366;2;"DEFERIDO";1;"BRASILEIRA NATA";-3;"MANAUS";"49";"#NE";-3;"#NE";"3176572.53";"N";"S";"-1";"06004397320226040000";"2";"DEFERIDO";"2";"DEFERIDO";"SIM";"Válido";2;"DEFERIDO";"S";"N";-1;-1;"2022-08-10 09:16:06";-3;"#NE";"-3";"#NE";"-3";"#NE";-3;"#NE";-3;"#NE";-3;"#NE";-3;"#NE";"-3";"#NE"
"26/08/2026";"03:15:18";2022;546;40001618372;2;"DEFERIDO";1;"BRASILEIRA NATA";-3;"RIO PRETO DA EVA";"65";"#NE";-3;"#NE";"3176572.53";"N";"S";"-1";"06004431320226040000";"2";"DEFERIDO";"2";"DEFERIDO";"SIM";"Válido";2;"DEFERIDO";"S";"N";-1;-1;"2022-08-10 09:16:06";-3;"#NE";"-3";"#NE";"-3";"#NE";-3;"#NE";-3;"#NE";-3;"#NE";-3;"#NE";"-3";"#NE"
"26/08/2026";"03:15:18";2022;546;40001609251;2;"DEFERIDO";1;"BRASILEIRA NATA";-3;"MANAUS";"42";"#NE";-3;"#NE";"3176572.53";"N";"S";"-1";"06003089820226040000";"2";"DEFERIDO";"2";"DEFERIDO";"SIM";"Válido";2;"DEFERIDO";"S";"N";-1;-1;"2022-08-08 11:27:45";-3;"#NE";"-3";"#NE";"-3";"#NE";-3;"#NE";-3;"#NE";-3;"#NE";-3;"#NE";"-3";"#NE"
"26/08/2026";"03:15:18";2022;546;40001671795;2;"DEFERIDO";1;"BRASILEIRA NATA";-3;"PETROLINA";"48";"#NE";-3;"#NE";"3176572.53";"N";"S";"-1";"06009142920226040000";"2";"DEFERIDO";"2";"DEFERIDO";"SIM";"Válido";2;"DEFERIDO";"S";"N";-1;-1;"2022-08-13 13:23:31";-3;"#NE";"-3";"#NE";"-3";"#NE";-3;"#NE";-3;"#NE";-3;"#NE";-3;"#NE";"-3";"#NE"
"26/08/2026";"03:15:18";2022;546;40001609376;2;"DEFERIDO";1;"BRASILEIRA NATA";-3;"MANAUS";"30";"#NE";-3;"#NE";"3176572.53";"N";"S";"-1";"06003366620226040000";"2";"DEFERIDO";"2";"DEFERIDO";"SIM";"Válido";2;"DEFERIDO";"S";"N";-1;-1;"2022-08-08 11:36:20";-3;"#NE";"-3";"#NE";"-3";"#NE";-3;"#NE";-3;"#NE";-3;"#NE";-3;"#NE";"-3";"#NE"
"26/08/2026";"03:15:18";2022;546;40001643952;2;"DEFERIDO";1;"BRASILEIRA NATA";-3;"MANAUS";"40";"#NE";-3;"#NE";"1270629.01";"N";"N";"-1";"06007211420226040000";"2";"DEFERIDO";"2";"DEFERIDO";"SIM";"Válido";2;"DEFERIDO";"S";"N";-1;-1;"2022-08-11 17:06:17";-3;"#NE";"-3";"#NE";"-3";"#NE";-3;"#NE";-3;"#NE";-3;"#NE";-3;"#NE";"-3";"#NE"
"26/08/2026";"03:15:18";2022;546;40001609317;2;"DEFERIDO";1;"BRASILEIRA NATA";-3;"MANAUS";"71";"#NE";-3;"#NE";"1270629.01";"N";"S";"-1";"06003176020226040000";"2";"DEFERIDO";"2";"DEFERIDO";"SIM";"Válido";2;"DEFERIDO";"S";"N";-1;16;"2022-08-08 11:35:47";-3;"#NE";"-3";"#NE";"-3";"#NE";-3;"#NE";-3;"#NE";-3;"#NE";-3;"#NE";"-3";"#NE"
"26/08/2026";"03:15:18";2022;546;40001718576;14;"INDEFERIDO";1;"BRASILEIRA NATA";-3;"PARINTINS";"60";"#NE";-3;"#NE";"1270629.01";"N";"S";"-1";"06008216620226040000";"-1";"#NULO";"-1";"#NULO";"NÃO";"#NULO";-1;"#NULO";"N";"N";-1;-1;"2022-08-15 12:39:18";-3;"#NE";"-3";"#NE";"-3";"#NE";-3;"#NE";-3;"#NE";-3;"#NE";-3;"#NE";"-3";"#NE"
"26/08/2026";"03:15:18";2022;546;40001718573;6;"RENÚNCIA";1;"BRASILEIRA NATA";-3;"SÃO PAULO";"45";"#NE";-3;"#NE";"1270629.01";"N";"S";"-1";"06008233620226040000";"-1";"#NULO";"-1";"#NULO";"NÃO";"#NULO";-1;"#NULO";"N";"N";-1;-1;"2022-08-15 12:39:18";-3;"#NE";"-3";"#NE";"-3";"#NE";-3;"#NE";-3;"#NE";-3;"#NE";-3;"#NE";"-3";"#NE"
"26/08/2026";"03:15:18";2022;546;40001650487;5;"CANCELADO";1;"BRASILEIRA NATA";-3;"MANICORÉ";"44";"#NE";-3;"#NE";"1270629.01";"N";"S";"-1";"06007627820226040000";"-1";"#NULO";"-1";"#NULO";"NÃO";"#NULO";-1;"#NULO";"N";"N";-1;-1;"2022-08-12 16:22:42";-3;"#NE";"-3";"#NE";"-3";"#NE";-3;"#NE";-3;"#NE";-3;"#NE";-3;"#NE";"-3";"#NE"
"26/08/2026";"03:15:18";2022;546;40001618475;2;"DEFERIDO";1;"BRASILEIRA NATA";-3;"MANAUS";"40";"#NE";-3;"#NE";"1270629.01";"N";"S";"-1";"06005011620226040000";"2";"DEFERIDO";"2";"DEFERIDO";"SIM";"Válido";2;"DEFERIDO";"S";"N";-1;-1;"2022-08-10 09:19:58";-3;"#NE";"-3";"#NE";"-3";"#NE";-3;"#NE";-3;"#NE";-3;"#NE";-3;"#NE";"-3";"#NE"
"26/08/2026";"03:15:18";2022;546;40001633275;2;"DEFERIDO";1;"BRASILEIRA NATA";-3;"MANAUS";"32";"#NE";-3;"#NE";"1270629.01";"N";"S";"-1";"06006345820226040000";"2";"DEFERIDO";"2";"DEFERIDO";"SIM";"Válido";2;"DEFERIDO";"S";"N";-1;15;"2022-08-11 07:47:59";-3;"#NE";"-3";"#NE";"-3";"#NE";-3;"#NE";-3;"#NE";-3;"#NE";-3;"#NE";"-3";"#NE"
"26/08/2026";"03:15:18";2022;546;40001609180;2;"DEFERIDO";1;"BRASILEIRA NATA";-3;"MANAUS";"59";"#NE";-3;"#NE";"1270629.01";"N";"N";"-1";"06002690420226040000";"2";"DEFERIDO";"2";"DEFERIDO";"SIM";"Válido";2;"DEFERIDO";"S";"N";-1;8;"2022-08-08 11:16:57";-3;"#NE";"-3";"#NE";"-3";"#NE";-3;"#NE";-3;"#NE";-3;"#NE";-3;"#NE";"-3";"#NE"
"26/08/2026";"03:15:18";2022;546;40001618388;2;"DEFERIDO";1;"BRASILEIRA NATA";-3;"AUTAZES";"40";"#NE";-3;"#NE";"1270629.01";"N";"S";"-1";"06004414320226040000";"2";"DEFERIDO";"2";"DEFERIDO";"SIM";"Válido";2;"DEFERIDO";"S";"N";-1;-1;"2022-08-10 09:15:12";-3;"#NE";"-3";"#NE";"-3";"#NE";-3;"#NE";-3;"#NE";-3;"#NE";-3;"#NE";"-3";"#NE"
"26/08/2026";"03:15:18";2022;546;40001618660;2;"DEFERIDO";1;"BRASILEIRA NATA";-3;"MANAUS";"43";"#NE";-3;"#NE";"1270629.01";"N";"S";"-1";"06005375820226040000";"2";"DEFERIDO";"2";"DEFERIDO";"SIM";"Válido";2;"DEFERIDO";"S";"N";-1;3;"2022-08-10 09:56:37";-3;"#NE";"-3";"#NE";"-3";"#NE";-3;"#NE";-3;"#NE";-3;"#NE";-3;"#NE";"-3";"#NE"
"26/08/2026";"03:15:18";2022;546;40001618669;2;"DEFERIDO";1;"BRASILEIRA NATA";-3;"TONANTINS";"30";"#NE";-3;"#NE";"1270629.01";"N";"S";"-1";"06005445020226040000";"2";"DEFERIDO";"2";"DEFERIDO";"SIM";"Válido";2;"DEFERIDO";"S";"N";-1;15;"2022-08-10 09:56:37";-3;"#NE";"-3";"#NE";"-3";"#NE";-3;"#NE";-3;"#NE";-3;"#NE";-3;"#NE";"-3";"#NE"
"26/08/2026";"03:15:18";2022;546;40001650503;2;"DEFERIDO";1;"BRASILEIRA NATA";-3;"ALENQUER";"50";"#NE";-3;"#NE";"1270629.01";"N";"S";"-1";"06007497920226040000";"2";"DEFERIDO";"2";"DEFERIDO";"SIM";"Válido";2;"DEFERIDO";"S";"N";-1;10;"2022-08-12 16:22:42";-3;"#NE";"-3";"#NE";"-3";"#NE";-3;"#NE";-3;"#NE";-3;"#NE";-3;"#NE";"-3";"#NE"
"26/08/2026";"03:15:18";2022;546;40001650504;2;"DEFERIDO";1;"BRASILEIRA NATA";-3;"MANAUS";"39";"#NE";-3;"#NE";"1270629.01";"N";"S";"-1";"06007575620226040000";"2";"DEFERIDO";"2";"DEFERIDO";"SIM";"Válido";2;"DEFERIDO";"S";"N";-1;9;"2022-08-12 16:22:42";-3;"#NE";"-3";"#NE";"-3";"#NE";-3;"#NE";-3;"#NE";-3;"#NE";-3;"#NE";"-3";"#NE"
"26/08/2026";"03:15:18";2022;546;40001643458;2;"DEFERIDO";1;"BRASILEIRA NATA";-3;"TEFÉ";"62";"#NE";-3;"#NE";"1270629.01";"N";"S";"-1";"06007012320226040000";"2";"DEFERIDO";"2";"DEFERIDO";"SIM";"Válido";2;"DEFERIDO";"S";"N";-1;-1;"2022-08-12 10:02:08";-3;"#NE";"-3";"#NE";"-3";"#NE";-3;"#NE";-3;"#NE";-3;"#NE";-3;"#NE";"-3";"#NE"
"26/08/2026";"03:15:18";2022;546;40001618485;2;"DEFERIDO";1;"BRASILEIRA NATA";-3;"FONTE BOA";"39";"#NE";-3;"#NE";"1270629.01";"N";"S";"-1";"06005262920226040000";"2";"DEFERIDO";"2";"DEFERIDO";"SIM";"Válido";2;"DEFERIDO";"S";"N";-1;-1;"2022-08-10 09:18:30";-3;"#NE";"-3";"#NE";"-3";"#NE";-3;"#NE";-3;"#NE";-3;"#NE";-3;"#NE";"-3";"#NE"
"26/08/2026";"03:15:18";2022;546;40001719233;4;"INDEFERIDO COM RECURSO";1;"BRASILEIRA NATA";-3;"MANAUS";"46";"#NE";-3;"#NE";"3176572.53";"N";"S";"-1";"06008614820226040000";"4";"INDEFERIDO COM RECURSO";"4";"INDEFERIDO COM RECURSO";"SIM";"Anulado sub judice";4;"INDEFERIDO COM RECURSO";"S";"N";-1;-1;"2022-08-15 13:14:23";-3;"#NE";"-3";"#NE";"-3";"#NE";-3;"#NE";-3;"#NE";-3;"#NE";-3;"#NE";"-3";"#NE"
"26/08/2026";"03:15:18";2022;546;40001609171;4;"INDEFERIDO COM RECURSO";1;"BRASILEIRA NATA";-3;"Caraúbas";"47";"#NE";-3;"#NE";"3176572.53";"N";"S";"-1";"06002976920226040000";"4";"INDEFERIDO COM RECURSO";"4";"INDEFERIDO COM RECURSO";"SIM";"Anulado sub judice";4;"INDEFERIDO COM RECURSO";"S";"N";-1;-1;"2022-08-08 11:26:45";-3;"#NE";"-3";"#NE";"-3";"#NE";-3;"#NE";-3;"#NE";-3;"#NE";-3;"#NE";"-3";"#NE"
"26/08/2026";"03:15:18";2022;546;40001733847;4;"INDEFERIDO COM RECURSO";1;"BRASILEIRA NATA";-3;"PATOS DE MINAS";"57";"#NE";-3;"#NE";"3176572.53";"N";"S";"-1";"06013248720226040000";"4";"INDEFERIDO COM RECURSO";"4";"INDEFERIDO COM RECURSO";"SIM";"Anulado sub judice";4;"INDEFERIDO COM RECURSO";"S";"N";-1;-1;"2022-09-03 08:00:53";-3;"#NE";"-3";"#NE";"-3";"#NE";-3;"#NE";-3;"#NE";-3;"#NE";-3;"#NE";"-3";"#NE"
"26/08/2026";"03:15:18";2022;546;40001610345;2;"DEFERIDO";1;"BRASILEIRA NATA";-3;"BELÉM";"62";"#NE";-3;"#NE";"7115522.46";"N";"S";"-1";"06003452820226040000";"2";"DEFERIDO";"2";"DEFERIDO";"SIM";"Válido";2;"DEFERIDO";"S";"N";-1;-1;"2022-08-08 15:00:20";-3;"#NE";"-3";"#NE";"-3";"#NE";-3;"#NE";-3;"#NE";-3;"#NE";-3;"#NE";"-3";"#NE"
"26/08/2026";"03:15:18";2022;546;40001719168;2;"DEFERIDO";1;"BRASILEIRA NATA";-3;"SÃO GABRIEL DA CACHOEIRA";"49";"#NE";-3;"#NE";"7115522.46";"N";"S";"-1";"06008441220226040000";"2";"DEFERIDO";"2";"DEFERIDO";"SIM";"Válido";2;"DEFERIDO";"S";"N";-1;-1;"2022-08-15 13:13:57";-3;"#NE";"-3";"#NE";"-3";"#NE";-3;"#NE";-3;"#NE";-3;"#NE";-3;"#NE";"-3";"#NE"
"26/08/2026";"03:15:18";2022;546;40001612955;2;"DEFERIDO";1;"BRASILEIRA NATA";-3;"MANAUS";"42";"#NE";-3;"#NE";"3176572.53";"N";"S";"-1";"06003808520226040000";"2";"DEFERIDO";"2";"DEFERIDO";"SIM";"Válido";2;"DEFERIDO";"S";"N";-1;2;"2022-08-09 08:09:39";-3;"#NE";"-3";"#NE";"-3";"#NE";-3;"#NE";-3;"#NE";-3;"#NE";-3;"#NE";"-3";"#NE"
"26/08/2026";"03:15:18";2022;546;40001609235;2;"DEFERIDO";1;"BRASILEIRA NATA";-3;"MANAUS";"51";"#NE";-3;"#NE";"3176572.53";"N";"S";"-1";"06002950220226040000";"2";"DEFERIDO";"2";"DEFERIDO";"SIM";"Válido";2;"DEFERIDO";"S";"N";-1;3;"2022-08-08 11:26:45";-3;"#NE";"-3";"#NE";"-3";"#NE";-3;"#NE";-3;"#NE";-3;"#NE";-3;"#NE";"-3";"#NE"
"26/08/2026";"03:15:18";2022;546;40001609211;2;"DEFERIDO";1;"BRASILEIRA NATA";-3;"SALVADOR";"59";"#NE";-3;"#NE";"3176572.53";"N";"S";"-1";"06002881020226040000";"2";"DEFERIDO";"2";"DEFERIDO";"SIM";"Válido";2;"DEFERIDO";"S";"N";-1;-1;"2022-08-08 11:19:47";-3;"#NE";"-3";"#NE";"-3";"#NE";-3;"#NE";-3;"#NE";-3;"#NE";-3;"#NE";"-3";"#NE"
"26/08/2026";"03:15:18";2022;546;40001643448;2;"DEFERIDO";1;"BRASILEIRA NATA";-3;"MANAUS";"58";"#NE";-3;"#NE";"1270629.01";"N";"S";"-1";"06007108220226040000";"2";"DEFERIDO";"2";"DEFERIDO";"SIM";"Válido";2;"DEFERIDO";"S";"N";-1;-1;"2022-08-12 10:02:08";-3;"#NE";"-3";"#NE";"-3";"#NE";-3;"#NE";-3;"#NE";-3;"#NE";-3;"#NE";"-3";"#NE"
"26/08/2026";"03:15:18";2022;546;40001643957;2;"DEFERIDO";1;"BRASILEIRA NATA";-3;"ITACOATIARA";"39";"#NE";-3;"#NE";"1270629.01";"N";"N";"-1";"06007368020226040000";"2";"DEFERIDO";"2";"DEFERIDO";"SIM";"Válido";2;"DEFERIDO";"S";"N";-1;-1;"2022-08-11 17:06:17";-3;"#NE";"-3";"#NE";"-3";"#NE";-3;"#NE";-3;"#NE";-3;"#NE";-3;"#NE";"-3";"#NE"
"26/08/2026";"03:15:18";2022;546;40001618340;2;"DEFERIDO";1;"BRASILEIRA NATA";-3;"MARAÃ";"38";"#NE";-3;"#NE";"1270629.01";"N";"S";"-1";"06004146020226040000";"2";"DEFERIDO";"2";"DEFERIDO";"SIM";"Válido";2;"DEFERIDO";"S";"N";-1;-1;"2022-08-10 09:17:10";-3;"#NE";"-3";"#NE";"-3";"#NE";-3;"#NE";-3;"#NE";-3;"#NE";-3;"#NE";"-3";"#NE"
"26/08/2026";"03:15:18";2022;546;40001618354;2;"DEFERIDO";1;"BRASILEIRA NATA";-3;"MANAUS";"34";"#NE";-3;"#NE";"1270629.01";"N";"S";"-1";"06004041620226040000";"2";"DEFERIDO";"2";"DEFERIDO";"SIM";"Válido";2;"DEFERIDO";"S";"N";-1;-1;"2022-08-10 09:17:10";-3;"#NE";"-3";"#NE";"-3";"#NE";-3;"#NE";-3;"#NE";-3;"#NE";-3;"#NE";"-3";"#NE"
"26/08/2026";"03:15:18";2022;546;40001600311;2;"DEFERIDO";1;"BRASILEIRA NATA";-3;"SALVADOR";"65";"#NE";-3;"#NE";"1270629.01";"N";"S";"-1";"06002197520226040000";"2";"DEFERIDO";"2";"DEFERIDO";"SIM";"Válido";2;"DEFERIDO";"S";"N";-1;11;"2022-08-01 10:39:35";-3;"#NE";"-3";"#NE";"-3";"#NE";-3;"#NE";-3;"#NE";-3;"#NE";-3;"#NE";"-3";"#NE"
"26/08/2026";"03:15:18";2022;546;40001731321;14;"INDEFERIDO";1;"BRASILEIRA NATA";-3;"ITACOATIARA";"57";"#NE";-3;"#NE";"1270629.01";"N";"N";"-1";"06011870820226040000";"14";"INDEFERIDO";"17";"PENDENTE DE JULGAMENTO";"SIM";"Nulo técnico";14;"INDEFERIDO";"S";"N";-1;-1;"2022-08-29 17:31:26";-3;"#NE";"-3";"#NE";"-3";"#NE";-3;"#NE";-3;"#NE";-3;"#NE";-3;"#NE";"-3";"#NE"
"26/08/2026";"03:15:18";2022;546;40001609191;2;"DEFERIDO";1;"BRASILEIRA NATA";-3;"MANAUS";"54";"#NE";-3;"#NE";"1270629.01";"N";"S";"-1";"06002673420226040000";"2";"DEFERIDO";"2";"DEFERIDO";"SIM";"Válido";2;"DEFERIDO";"S";"N";-1;21;"2022-08-08 11:16:57";-3;"#NE";"-3";"#NE";"-3";"#NE";-3;"#NE";-3;"#NE";-3;"#NE";-3;"#NE";"-3";"#NE"
"26/08/2026";"03:15:18";2022;546;40001620700;2;"DEFERIDO";1;"BRASILEIRA NATA";-3;"MANAUS";"45";"#NE";-3;"#NE";"1270629.01";"N";"N";"-1";"06006008320226040000";"2";"DEFERIDO";"2";"DEFERIDO";"SIM";"Válido";2;"DEFERIDO";"S";"N";-1;23;"2022-08-10 15:50:27";-3;"#NE";"-3";"#NE";"-3";"#NE";-3;"#NE";-3;"#NE";-3;"#NE";-3;"#NE";"-3";"#NE"
"26/08/2026";"03:15:18";2022;546;40001618678;2;"DEFERIDO";1;"BRASILEIRA NATA";-3;"MANAUS";"48";"#NE";-3;"#NE";"1270629.01";"N";"S";"-1";"06005505720226040000";"2";"DEFERIDO";"2";"DEFERIDO";"SIM";"Válido";2;"DEFERIDO";"S";"N";-1;10;"2022-08-10 09:56:37";-3;"#NE";"-3";"#NE";"-3";"#NE";-3;"#NE";-3;"#NE";-3;"#NE";-3;"#NE";"-3";"#NE"
"26/08/2026";"03:15:18";2022;546;40001643452;2;"DEFERIDO";1;"BRASILEIRA NATA";-3;"MANAUS";"47";"#NE";-3;"#NE";"1270629.01";"N";"S";"-1";"06006978320226040000";"2";"DEFERIDO";"2";"DEFERIDO";"SIM";"Válido";2;"DEFERIDO";"S";"N";-1;-1;"2022-08-12 10:02:08";-3;"#NE";"-3";"#NE";"-3";"#NE";-3;"#NE";-3;"#NE";-3;"#NE";-3;"#NE";"-3";"#NE"
"26/08/2026";"03:15:18";2022;546;40001643459;2;"DEFERIDO";1;"BRASILEIRA NATA";-3;"MANAUS";"40";"#NE";-3;"#NE";"1270629.01";"N";"S";"-1";"06006995320226040000";"2";"DEFERIDO";"2";"DEFERIDO";"SIM";"Válido";2;"DEFERIDO";"S";"N";-1;-1;"2022-08-12 10:02:08";-3;"#NE";"-3";"#NE";"-3";"#NE";-3;"#NE";-3;"#NE";-3;"#NE";-3;"#NE";"-3";"#NE"
"26/08/2026";"03:15:18";2022;546;40001618498;2;"DEFERIDO";1;"BRASILEIRA NATA";-3;"MANAUS";"42";"#NE";-3;"#NE";"1270629.01";"N";"S";"-1";"06004734820226040000";"2";"DEFERIDO";"2";"DEFERIDO";"SIM";"Válido";2;"DEFERIDO";"S";"N";-1;-1;"2022-08-10 09:18:30";-3;"#NE";"-3";"#NE";"-3";"#NE";-3;"#NE";-3;"#NE";-3;"#NE";-3;"#NE";"-3";"#NE"
"26/08/2026";"03:15:18";2022;546;40001618668;17;"PENDENTE DE JULGAMENTO";1;"BRASILEIRA NATA";-3;"RIO DE JANEIRO";"58";"#NE";-3;"#NE";"1270629.01";"N";"S";"-1";"06005340620226040000";"17";"PENDENTE DE JULGAMENTO";"17";"PENDENTE DE JULGAMENTO";"SIM";"Válido";17;"PENDENTE DE JULGAMENTO";"S";"N";-1;8;"2022-08-10 09:56:37";-3;"#NE";"-3";"#NE";"-3";"#NE";-3;"#NE";-3;"#NE";-3;"#NE";-3;"#NE";"-3";"#NE"
"26/08/2026";"03:15:18";2022;546;40001609327;14;"INDEFERIDO";1;"BRASILEIRA NATA";-3;"RIO BRANCO";"45";"#NE";-3;"#NE";"1270629.01";"N";"N";"-1";"06003305920226040000";"-1";"#NULO";"-1";"#NULO";"NÃO";"#NULO";-1;"#NULO";"N";"N";-1;-1;"2022-08-08 11:35:47";-3;"#NE";"-3";"#NE";"-3";"#NE";-3;"#NE";-3;"#NE";-3;"#NE";-3;"#NE";"-3";"#NE"
"26/08/2026";"03:15:18";2022;547;40001610344;2;"DEFERIDO";1;"BRASILEIRA NATA";-3;"MANAUS";"35";"#NE";-3;"#NE";"-1";"N";"S";"-1";"06003461320226040000";"2";"DEFERIDO";"2";"DEFERIDO";"SIM";"#NULO";2;"DEFERIDO";"N";"N";-1;1;"2022-08-08 15:00:20";-3;"#NE";"-3";"#NE";"-3";"#NE";-3;"#NE";-3;"#NE";-3;"#NE";-3;"#NE";"-3";"#NE"
"26/08/2026";"03:15:18";2022;546;40001719231;2;"DEFERIDO";1;"BRASILEIRA NATA";-3;"MAUÉS";"46";"#NE";-3;"#NE";"3176572.53";"N";"S";"-1";"06008623320226040000";"2";"DEFERIDO";"2";"DEFERIDO";"SIM";"Válido";2;"DEFERIDO";"S";"N";-1;-1;"2022-08-15 13:14:23";-3;"#NE";"-3";"#NE";"-3";"#NE";-3;"#NE";-3;"#NE";-3;"#NE";-3;"#NE";"-3";"#NE"
"26/08/2026";"03:15:18";2022;546;40001620676;2;"DEFERIDO";1;"BRASILEIRA NATA";-3;"MANAUS";"64";"#NE";-3;"#NE";"3176572.53";"N";"N";"-1";"06005721820226040000";"2";"DEFERIDO";"2";"DEFERIDO";"SIM";"Válido";2;"DEFERIDO";"S";"N";-1;-1;"2022-08-10 15:50:56";-3;"#NE";"-3";"#NE";"-3";"#NE";-3;"#NE";-3;"#NE";-3;"#NE";-3;"#NE";"-3";"#NE"
"26/08/2026";"03:15:18";2022;546;40001633247;2;"DEFERIDO";1;"BRASILEIRA NATA";-3;"MANAUS";"55";"#NE";-3;"#NE";"3176572.53";"N";"S";"-1";"06006103020226040000";"2";"DEFERIDO";"2";"DEFERIDO";"SIM";"Válido";2;"DEFERIDO";"S";"N";-1;-1;"2022-08-11 07:46:46";-3;"#NE";"-3";"#NE";"-3";"#NE";-3;"#NE";-3;"#NE";-3;"#NE";-3;"#NE";"-3";"#NE"
"26/08/2026";"03:15:18";2022;546;40001618512;2;"DEFERIDO";1;"BRASILEIRA NATA";-3;"PIRACICABA";"54";"#NE";-3;"#NE";"3176572.53";"N";"S";"-1";"06005055320226040000";"2";"DEFERIDO";"2";"DEFERIDO";"SIM";"Válido";2;"DEFERIDO";"S";"N";-1;-1;"2022-08-10 09:15:39";-3;"#NE";"-3";"#NE";"-3";"#NE";-3;"#NE";-3;"#NE";-3;"#NE";-3;"#NE";"-3";"#NE"
"26/08/2026";"03:15:18";2022;546;40001618511;2;"DEFERIDO";1;"BRASILEIRA NATA";-3;"ITACOATIARA";"34";"#NE";-3;"#NE";"3176572.53";"N";"S";"-1";"06005046820226040000";"2";"DEFERIDO";"2";"DEFERIDO";"SIM";"Válido";2;"DEFERIDO";"S";"N";-1;-1;"2022-08-10 09:15:39";-3;"#NE";"-3";"#NE";"-3";"#NE";-3;"#NE";-3;"#NE";-3;"#NE";-3;"#NE";"-3";"#NE"
"26/08/2026";"03:15:18";2022;546;40001643710;2;"DEFERIDO";1;"BRASILEIRA NATA";-3;"MANAUS";"59";"#NE";-3;"#NE";"3811887.03";"N";"S";"-1";"06007116720226040000";"2";"DEFERIDO";"2";"DEFERIDO";"SIM";"Válido";2;"DEFERIDO";"S";"N";-1;-1;"2022-08-12 10:03:24";-3;"#NE";"-3";"#NE";"-3";"#NE";-3;"#NE";-3;"#NE";-3;"#NE";-3;"#NE";"-3";"#NE"
"26/08/2026";"03:15:18";2022;546;40001612925;2;"DEFERIDO";1;"BRASILEIRA NATA";-3;"MANAUS";"81";"#NE";-3;"#NE";"1270629.01";"N";"S";"-1";"06003609420226040000";"2";"DEFERIDO";"2";"DEFERIDO";"SIM";"Válido";2;"DEFERIDO";"S";"N";-1;11;"2022-08-09 08:08:23";-3;"#NE";"-3";"#NE";"-3";"#NE";-3;"#NE";-3;"#NE";-3;"#NE";-3;"#NE";"-3";"#NE"
"26/08/2026";"03:15:18";2022;546;40001600319;2;"DEFERIDO";1;"BRASILEIRA NATA";-3;"MANAUS";"46";"#NE";-3;"#NE";"1270629.01";"N";"S";"-1";"06002361420226040000";"2";"DEFERIDO";"2";"DEFERIDO";"SIM";"Válido";2;"DEFERIDO";"S";"N";-1;19;"2022-08-01 10:39:35";-3;"#NE";"-3";"#NE";"-3";"#NE";-3;"#NE";-3;"#NE";-3;"#NE";-3;"#NE";"-3";"#NE"
"26/08/2026";"03:15:18";2022;546;40001600309;2;"DEFERIDO";1;"BRASILEIRA NATA";-3;"MANAQUIRI";"50";"#NE";-3;"#NE";"1270629.01";"N";"S";"-1";"06002379620226040000";"2";"DEFERIDO";"2";"DEFERIDO";"SIM";"Válido";2;"DEFERIDO";"S";"N";-1;18;"2022-08-01 10:39:35";-3;"#NE";"-3";"#NE";"-3";"#NE";-3;"#NE";-3;"#NE";-3;"#NE";-3;"#NE";"-3";"#NE"
"26/08/2026";"03:15:18";2022;546;40001718585;14;"INDEFERIDO";1;"BRASILEIRA NATA";-3;"MANAUS";"31";"#NE";-3;"#NE";"1270629.01";"N";"S";"-1";"06008285820226040000";"-1";"#NULO";"-1";"#NULO";"NÃO";"#NULO";-1;"#NULO";"N";"N";-1;-1;"2022-08-15 12:39:18";-3;"#NE";"-3";"#NE";"-3";"#NE";-3;"#NE";-3;"#NE";-3;"#NE";-3;"#NE";"-3";"#NE"
"26/08/2026";"03:15:18";2022;546;40001618464;2;"DEFERIDO";1;"BRASILEIRA NATA";-3;"MANAUS";"60";"#NE";-3;"#NE";"1270629.01";"N";"S";"-1";"06004873220226040000";"2";"DEFERIDO";"2";"DEFERIDO";"SIM";"Válido";2;"DEFERIDO";"S";"N";-1;9;"2022-08-10 09:19:58";-3;"#NE";"-3";"#NE";"-3";"#NE";-3;"#NE";-3;"#NE";-3;"#NE";-3;"#NE";"-3";"#NE"
"26/08/2026";"03:15:18";2022;546;40001633260;2;"DEFERIDO";1;"BRASILEIRA NATA";-3;"MANAUS";"38";"#NE";-3;"#NE";"1270629.01";"N";"N";"-1";"06006215920226040000";"2";"DEFERIDO";"2";"DEFERIDO";"SIM";"Válido";2;"DEFERIDO";"S";"N";-1;19;"2022-08-11 07:47:59";-3;"#NE";"-3";"#NE";"-3";"#NE";-3;"#NE";-3;"#NE";-3;"#NE";-3;"#NE";"-3";"#NE"
"26/08/2026";"03:15:18";2022;546;40001633256;2;"DEFERIDO";1;"BRASILEIRA NATA";-3;"MANAUS";"30";"#NE";-3;"#NE";"1270629.01";"N";"S";"-1";"06006268120226040000";"2";"DEFERIDO";"2";"DEFERIDO";"SIM";"Válido";2;"DEFERIDO";"S";"N";-1;5;"2022-08-11 07:47:59";-3;"#NE";"-3";"#NE";"-3";"#NE";-3;"#NE";-3;"#NE";-3;"#NE";-3;"#NE";"-3";"#NE"
"26/08/2026";"03:15:18";2022;546;40001609186;2;"DEFERIDO";1;"BRASILEIRA NATA";-3;"ITACOATIARA";"31";"#NE";-3;"#NE";"1270629.01";"N";"S";"-1";"06002621220226040000";"2";"DEFERIDO";"2";"DEFERIDO";"SIM";"Válido";2;"DEFERIDO";"S";"N";-1;-1;"2022-08-08 11:16:57";-3;"#NE";"-3";"#NE";"-3";"#NE";-3;"#NE";-3;"#NE";-3;"#NE";-3;"#NE";"-3";"#NE"
"26/08/2026";"03:15:18";2022;546;40001618382;2;"DEFERIDO";1;"BRASILEIRA NATA";-3;"MANAUS";"51";"#NE";-3;"#NE";"1270629.01";"N";"S";"-1";"06004319620226040000";"2";"DEFERIDO";"2";"DEFERIDO";"SIM";"Válido";2;"DEFERIDO";"S";"N";-1;-1;"2022-08-10 09:15:12";-3;"#NE";"-3";"#NE";"-3";"#NE";-3;"#NE";-3;"#NE";-3;"#NE";-3;"#NE";"-3";"#NE"
"26/08/2026";"03:15:18";2022;546;40001618385;2;"DEFERIDO";1;"BRASILEIRA NATA";-3;"MANAUS";"43";"#NE";-3;"#NE";"1270629.01";"N";"S";"-1";"06004370620226040000";"2";"DEFERIDO";"2";"DEFERIDO";"SIM";"Válido";2;"DEFERIDO";"S";"N";-1;-1;"2022-08-10 09:15:12";-3;"#NE";"-3";"#NE";"-3";"#NE";-3;"#NE";-3;"#NE";-3;"#NE";-3;"#NE";"-3";"#NE"
"26/08/2026";"03:15:18";2022;546;40001618665;2;"DEFERIDO";1;"BRASILEIRA NATA";-3;"JAURU";"43";"#NE";-3;"#NE";"1270629.01";"N";"S";"-1";"06005315120226040000";"2";"DEFERIDO";"2";"DEFERIDO";"SIM";"Válido";2;"DEFERIDO";"S";"N";-1;13;"2022-08-10 09:56:37";-3;"#NE";"-3";"#NE";"-3";"#NE";-3;"#NE";-3;"#NE";-3;"#NE";-3;"#NE";"-3";"#NE"
"26/08/2026";"03:15:18";2022;546;40001618671;2;"DEFERIDO";1;"BRASILEIRA NATA";-3;"SÃO PAULO DE OLIVENÇA";"47";"#NE";-3;"#NE";"1270629.01";"N";"S";"-1";"06005497220226040000";"2";"DEFERIDO";"2";"DEFERIDO";"SIM";"Válido";2;"DEFERIDO";"S";"N";-1;18;"2022-08-10 09:56:37";-3;"#NE";"-3";"#NE";"-3";"#NE";-3;"#NE";-3;"#NE";-3;"#NE";-3;"#NE";"-3";"#NE"
"26/08/2026";"03:15:18";2022;546;40001618662;2;"DEFERIDO";1;"BRASILEIRA NATA";-3;"ÓBIDOS";"48";"#NE";-3;"#NE";"1270629.01";"N";"S";"-1";"06005306620226040000";"2";"DEFERIDO";"2";"DEFERIDO";"SIM";"Válido";2;"DEFERIDO";"S";"N";-1;5;"2022-08-10 09:56:37";-3;"#NE";"-3";"#NE";"-3";"#NE";-3;"#NE";-3;"#NE";-3;"#NE";-3;"#NE";"-3";"#NE"
"26/08/2026";"03:15:18";2022;546;40001643944;2;"DEFERIDO";1;"BRASILEIRA NATA";-3;"MANAUS";"33";"#NE";-3;"#NE";"1270629.01";"N";"N";"-1";"06007428720226040000";"2";"DEFERIDO";"2";"DEFERIDO";"SIM";"Válido";2;"DEFERIDO";"S";"N";-1;-1;"2022-08-11 17:06:17";-3;"#NE";"-3";"#NE";"-3";"#NE";-3;"#NE";-3;"#NE";-3;"#NE";-3;"#NE";"-3";"#NE"
"26/08/2026";"03:15:18";2022;546;40001618513;2;"DEFERIDO";1;"BRASILEIRA NATA";-3;"PARINTINS";"70";"#NE";-3;"#NE";"-1";"N";"S";"-1";"06005168220226040000";"2";"DEFERIDO";"2";"DEFERIDO";"SIM";"#NULO";2;"DEFERIDO";"N";"N";-1;2;"2022-08-10 09:20:24";-3;"#NE";"-3";"#NE";"-3";"#NE";-3;"#NE";-3;"#NE";-3;"#NE";-3;"#NE";"-3";"#NE"
"26/08/2026";"03:15:18";2022;546;40001618473;2;"DEFERIDO";1;"BRASILEIRA NATA";-3;"MANAUS";"33";"#NE";-3;"#NE";"1270629.01";"N";"S";"-1";"06004933920226040000";"2";"DEFERIDO";"2";"DEFERIDO";"SIM";"Válido";2;"DEFERIDO";"S";"N";-1;14;"2022-08-10 09:19:58";-3;"#NE";"-3";"#NE";"-3";"#NE";-3;"#NE";-3;"#NE";-3;"#NE";-3;"#NE";"-3";"#NE"
"26/08/2026";"03:15:18";2022;546;40001612954;2;"DEFERIDO";1;"BRASILEIRA NATA";-3;"BRASÍLIA";"39";"#NE";-3;"#NE";"3176572.53";"N";"S";"-1";"06003781820226040000";"2";"DEFERIDO";"2";"DEFERIDO";"SIM";"Válido";2;"DEFERIDO";"S";"N";-1;3;"2022-08-09 08:09:39";-3;"#NE";"-3";"#NE";"-3";"#NE";-3;"#NE";-3;"#NE";-3;"#NE";-3;"#NE";"-3";"#NE"
"26/08/2026";"03:15:18";2022;546;40001719837;2;"DEFERIDO";1;"BRASILEIRA NATA";-3;"SÃO BERNARDO DO CAMPO";"46";"#NE";-3;"#NE";"3176572.53";"N";"S";"-1";"06008960820226040000";"2";"DEFERIDO";"17";"PENDENTE DE JULGAMENTO";"SIM";"Válido";2;"DEFERIDO";"S";"N";-1;-1;"2022-08-15 13:40:17";-3;"#NE";"-3";"#NE";"-3";"#NE";-3;"#NE";-3;"#NE";-3;"#NE";-3;"#NE";"-3";"#NE"
"26/08/2026";"03:15:18";2022;546;40001618514;2;"DEFERIDO";1;"BRASILEIRA NATA";-3;"SÃO PAULO";"64";"#NE";-3;"#NE";"3811887.03";"S";"S";"-1";"06005133020226040000";"2";"DEFERIDO";"2";"DEFERIDO";"SIM";"Válido";2;"DEFERIDO";"S";"N";-1;-1;"2022-08-10 09:20:24";-3;"#NE";"-3";"#NE";"-3";"#NE";-3;"#NE";-3;"#NE";-3;"#NE";-3;"#NE";"-3";"#NE"
"26/08/2026";"03:15:18";2022;546;40001643963;2;"DEFERIDO";1;"BRASILEIRA NATA";-3;"MANAUS";"27";"#NE";-3;"#NE";"1270629.01";"N";"N";"-1";"06007307320226040000";"2";"DEFERIDO";"2";"DEFERIDO";"SIM";"Válido";2;"DEFERIDO";"S";"N";-1;-1;"2022-08-11 17:06:17";-3;"#NE";"-3";"#NE";"-3";"#NE";-3;"#NE";-3;"#NE";-3;"#NE";-3;"#NE";"-3";"#NE"
"26/08/2026";"03:15:18";2022;546;40001733372;2;"DEFERIDO";1;"BRASILEIRA NATA";-3;"MANAUS";"36";"#NE";-3;"#NE";"1270629.01";"N";"S";"-1";"06012901520226040000";"2";"DEFERIDO";"2";"DEFERIDO";"SIM";"Válido";2;"DEFERIDO";"S";"N";40001643956;-1;"2022-09-02 13:21:08";-3;"#NE";"-3";"#NE";"-3";"#NE";-3;"#NE";-3;"#NE";-3;"#NE";-3;"#NE";"-3";"#NE"
"26/08/2026";"03:15:18";2022;546;40001612910;2;"DEFERIDO";1;"BRASILEIRA NATA";-3;"MANAUS";"78";"#NE";-3;"#NE";"1270629.01";"N";"S";"-1";"06003626420226040000";"2";"DEFERIDO";"2";"DEFERIDO";"SIM";"Válido";2;"DEFERIDO";"S";"N";-1;21;"2022-08-09 08:08:23";-3;"#NE";"-3";"#NE";"-3";"#NE";-3;"#NE";-3;"#NE";-3;"#NE";-3;"#NE";"-3";"#NE"
"26/08/2026";"03:15:18";2022;546;40001612922;2;"DEFERIDO";1;"BRASILEIRA NATA";-3;"MANAUS";"44";"#NE";-3;"#NE";"1270629.01";"N";"S";"-1";"06003643420226040000";"2";"DEFERIDO";"2";"DEFERIDO";"SIM";"Válido";2;"DEFERIDO";"S";"N";-1;3;"2022-08-09 08:08:23";-3;"#NE";"-3";"#NE";"-3";"#NE";-3;"#NE";-3;"#NE";-3;"#NE";-3;"#NE";"-3";"#NE"
"26/08/2026";"03:15:18";2022;546;40001719240;2;"DEFERIDO";1;"BRASILEIRA NATA";-3;"MANAUS";"49";"#NE";-3;"#NE";"1270629.01";"N";"S";"-1";"06008753220226040000";"2";"DEFERIDO";"2";"DEFERIDO";"SIM";"Válido";2;"DEFERIDO";"S";"N";-1;-1;"2022-08-15 13:15:15";-3;"#NE";"-3";"#NE";"-3";"#NE";-3;"#NE";-3;"#NE";-3;"#NE";-3;"#NE";"-3";"#NE"
"26/08/2026";"03:15:18";2022;546;40001618343;2;"DEFERIDO";1;"BRASILEIRA NATA";-3;"MAUÉS";"40";"#NE";-3;"#NE";"1270629.01";"N";"N";"-1";"06004024620226040000";"2";"DEFERIDO";"2";"DEFERIDO";"SIM";"Válido";2;"DEFERIDO";"S";"N";-1;-1;"2022-08-10 09:17:10";-3;"#NE";"-3";"#NE";"-3";"#NE";-3;"#NE";-3;"#NE";-3;"#NE";-3;"#NE";"-3";"#NE"
"26/08/2026";"03:15:18";2022;546;40001618462;2;"DEFERIDO";1;"BRASILEIRA NATA";-3;"MANAUS";"55";"#NE";-3;"#NE";"1270629.01";"N";"S";"-1";"06004856220226040000";"2";"DEFERIDO";"2";"DEFERIDO";"SIM";"Válido";2;"DEFERIDO";"S";"N";-1;11;"2022-08-10 09:19:58";-3;"#NE";"-3";"#NE";"-3";"#NE";-3;"#NE";-3;"#NE";-3;"#NE";-3;"#NE";"-3";"#NE"
"26/08/2026";"03:15:18";2022;546;40001618376;2;"DEFERIDO";1;"BRASILEIRA NATA";-3;"MANAUS";"71";"#NE";-3;"#NE";"1270629.01";"N";"S";"-1";"06004267420226040000";"2";"DEFERIDO";"2";"DEFERIDO";"SIM";"Válido";2;"DEFERIDO";"S";"N";-1;-1;"2022-08-10 09:15:12";-3;"#NE";"-3";"#NE";"-3";"#NE";-3;"#NE";-3;"#NE";-3;"#NE";-3;"#NE";"-3";"#NE"
"26/08/2026";"03:15:18";2022;546;40001618497;2;"DEFERIDO";1;"BRASILEIRA NATA";-3;"PARINTINS";"47";"#NE";-3;"#NE";"1270629.01";"N";"S";"-1";"06004726320226040000";"2";"DEFERIDO";"2";"DEFERIDO";"SIM";"Válido";2;"DEFERIDO";"S";"N";-1;-1;"2022-08-10 09:18:30";-3;"#NE";"-3";"#NE";"-3";"#NE";-3;"#NE";-3;"#NE";-3;"#NE";-3;"#NE";"-3";"#NE"
"26/08/2026";"03:15:18";2022;546;40001618675;2;"DEFERIDO";1;"BRASILEIRA NATA";-3;"MANAUS";"35";"#NE";-3;"#NE";"1270629.01";"N";"S";"-1";"06005462020226040000";"2";"DEFERIDO";"2";"DEFERIDO";"SIM";"Válido";2;"DEFERIDO";"S";"N";-1;7;"2022-08-10 09:56:37";-3;"#NE";"-3";"#NE";"-3";"#NE";-3;"#NE";-3;"#NE";-3;"#NE";-3;"#NE";"-3";"#NE"
"26/08/2026";"03:15:18";2022;546;40001618679;2;"DEFERIDO";1;"BRASILEIRA NATA";-3;"SÃO PAULO DE OLIVENÇA";"55";"#NE";-3;"#NE";"1270629.01";"N";"S";"-1";"06005470520226040000";"2";"DEFERIDO";"2";"DEFERIDO";"SIM";"Válido";2;"DEFERIDO";"S";"N";-1;6;"2022-08-10 09:56:37";-3;"#NE";"-3";"#NE";"-3";"#NE";-3;"#NE";-3;"#NE";-3;"#NE";-3;"#NE";"-3";"#NE"
"26/08/2026";"03:15:18";2022;546;40001650492;2;"DEFERIDO";1;"BRASILEIRA NATA";-3;"MANAUS";"49";"#NE";-3;"#NE";"1270629.01";"N";"N";"-1";"06007489420226040000";"2";"DEFERIDO";"2";"DEFERIDO";"SIM";"Válido";2;"DEFERIDO";"S";"N";-1;22;"2022-08-12 16:22:42";-3;"#NE";"-3";"#NE";"-3";"#NE";-3;"#NE";-3;"#NE";-3;"#NE";-3;"#NE";"-3";"#NE"
"26/08/2026";"03:15:18";2022;546;40001633334;2;"DEFERIDO";1;"BRASILEIRA NATA";-3;"MANAUS";"46";"#NE";-3;"#NE";"1270629.01";"N";"S";"-1";"06006458720226040000";"2";"DEFERIDO";"2";"DEFERIDO";"SIM";"Válido";2;"DEFERIDO";"S";"N";-1;19;"2022-08-11 07:49:34";-3;"#NE";"-3";"#NE";"-3";"#NE";-3;"#NE";-3;"#NE";-3;"#NE";-3;"#NE";"-3";"#NE"
"26/08/2026";"03:15:18";2022;546;40001650506;2;"DEFERIDO";1;"BRASILEIRA NATA";-3;"MANAUS";"46";"#NE";-3;"#NE";"1270629.01";"S";"S";"-1";"06007601120226040000";"2";"DEFERIDO";"2";"DEFERIDO";"SIM";"Válido";2;"DEFERIDO";"S";"N";-1;-1;"2022-08-12 16:22:42";-3;"#NE";"-3";"#NE";"-3";"#NE";-3;"#NE";-3;"#NE";-3;"#NE";-3;"#NE";"-3";"#NE"
"26/08/2026";"03:15:18";2022;546;40001643960;2;"DEFERIDO";1;"BRASILEIRA NATA";-3;"MANAUS";"49";"#NE";-3;"#NE";"1270629.01";"N";"N";"-1";"06007263620226040000";"2";"DEFERIDO";"2";"DEFERIDO";"SIM";"Válido";2;"DEFERIDO";"S";"N";-1;-1;"2022-08-11 17:06:17";-3;"#NE";"-3";"#NE";"-3";"#NE";-3;"#NE";-3;"#NE";-3;"#NE";-3;"#NE";"-3";"#NE"
"26/08/2026";"03:15:18";2022;546;40001654979;4;"INDEFERIDO COM RECURSO";1;"BRASILEIRA NATA";-3;"PARINTINS";"51";"#NE";-3;"#NE";"-1";"N";"N";"-1";"06007774720226040000";"4";"INDEFERIDO COM RECURSO";"4";"INDEFERIDO COM RECURSO";"SIM";"#NULO";4;"INDEFERIDO COM RECURSO";"N";"N";-1;1;"2022-08-12 19:44:13";-3;"#NE";"-3";"#NE";"-3";"#NE";-3;"#NE";-3;"#NE";-3;"#NE";-3;"#NE";"-3";"#NE"
"26/08/2026";"03:15:18";2022;547;40001619528;2;"DEFERIDO";1;"BRASILEIRA NATA";-3;"SANTARÉM";"46";"#NE";-3;"#NE";"3557761.23";"S";"S";"-1";"06005679320226040000";"2";"DEFERIDO";"2";"DEFERIDO";"SIM";"Válido";2;"DEFERIDO";"S";"N";-1;-1;"2022-08-10 12:25:06";-3;"#NE";"-3";"#NE";"-3";"#NE";-3;"#NE";-3;"#NE";-3;"#NE";-3;"#NE";"-3";"#NE"
"26/08/2026";"03:15:18";2022;546;40001718564;2;"DEFERIDO";1;"BRASILEIRA NATA";-3;"MANAUS";"53";"#NE";-3;"#NE";"3176572.53";"N";"S";"-1";"06008363520226040000";"2";"DEFERIDO";"2";"DEFERIDO";"SIM";"Válido";2;"DEFERIDO";"S";"N";-1;-1;"2022-08-15 12:38:33";-3;"#NE";"-3";"#NE";"-3";"#NE";-3;"#NE";-3;"#NE";-3;"#NE";-3;"#NE";"-3";"#NE"
"26/08/2026";"03:15:18";2022;546;40001618365;2;"DEFERIDO";1;"BRASILEIRA NATA";-3;"NATAL";"45";"#NE";-3;"#NE";"3176572.53";"N";"S";"-1";"06004500520226040000";"2";"DEFERIDO";"2";"DEFERIDO";"SIM";"Válido";2;"DEFERIDO";"S";"N";-1;-1;"2022-08-10 09:16:06";-3;"#NE";"-3";"#NE";"-3";"#NE";-3;"#NE";-3;"#NE";-3;"#NE";-3;"#NE";"-3";"#NE"
"26/08/2026";"03:15:18";2022;546;40001620670;2;"DEFERIDO";1;"BRASILEIRA NATA";-3;"MANAUS";"45";"#NE";-3;"#NE";"3176572.53";"N";"N";"-1";"06005782520226040000";"2";"DEFERIDO";"2";"DEFERIDO";"SIM";"Válido";2;"DEFERIDO";"S";"N";-1;-1;"2022-08-10 15:50:56";-3;"#NE";"-3";"#NE";"-3";"#NE";-3;"#NE";-3;"#NE";-3;"#NE";-3;"#NE";"-3";"#NE"
"26/08/2026";"03:15:18";2022;546;40001609257;2;"DEFERIDO";1;"BRASILEIRA NATA";-3;"MANAUS";"56";"#NE";-3;"#NE";"3176572.53";"N";"S";"-1";"06003054620226040000";"2";"DEFERIDO";"2";"DEFERIDO";"SIM";"Válido";2;"DEFERIDO";"S";"N";-1;-1;"2022-08-08 11:27:45";-3;"#NE";"-3";"#NE";"-3";"#NE";-3;"#NE";-3;"#NE";-3;"#NE";-3;"#NE";"-3";"#NE"
"26/08/2026";"03:15:18";2022;546;40001633245;2;"DEFERIDO";1;"BRASILEIRA NATA";-3;"BELÉM";"52";"#NE";-3;"#NE";"3176572.53";"N";"N";"-1";"06006146720226040000";"2";"DEFERIDO";"2";"DEFERIDO";"SIM";"Válido";2;"DEFERIDO";"S";"N";-1;-1;"2022-08-11 07:46:46";-3;"#NE";"-3";"#NE";"-3";"#NE";-3;"#NE";-3;"#NE";-3;"#NE";-3;"#NE";"-3";"#NE"
"26/08/2026";"03:15:18";2022;546;40001618506;2;"DEFERIDO";1;"BRASILEIRA NATA";-3;"MANAUS";"38";"#NE";-3;"#NE";"3176572.53";"N";"S";"-1";"06005124520226040000";"2";"DEFERIDO";"2";"DEFERIDO";"SIM";"Válido";2;"DEFERIDO";"S";"N";-1;-1;"2022-08-10 09:15:39";-3;"#NE";"-3";"#NE";"-3";"#NE";-3;"#NE";-3;"#NE";-3;"#NE";-3;"#NE";"-3";"#NE"
"26/08/2026";"03:15:18";2022;546;40001719245;2;"DEFERIDO";1;"BRASILEIRA NATA";-3;"MANAUS";"43";"#NE";-3;"#NE";"1270629.01";"N";"S";"-1";"06008719220226040000";"2";"DEFERIDO";"2";"DEFERIDO";"SIM";"Válido";2;"DEFERIDO";"S";"N";-1;-1;"2022-08-15 13:15:15";-3;"#NE";"-3";"#NE";"-3";"#NE";-3;"#NE";-3;"#NE";-3;"#NE";-3;"#NE";"-3";"#NE"
"26/08/2026";"03:15:18";2022;546;40001671692;2;"DEFERIDO";1;"BRASILEIRA NATA";-3;"MANAUS";"41";"#NE";-3;"#NE";"1270629.01";"N";"S";"-1";"06008078220226040000";"2";"DEFERIDO";"2";"DEFERIDO";"SIM";"Válido";2;"DEFERIDO";"S";"N";-1;-1;"2022-08-13 13:23:05";-3;"#NE";"-3";"#NE";"-3";"#NE";-3;"#NE";-3;"#NE";-3;"#NE";-3;"#NE";"-3";"#NE"
"26/08/2026";"03:15:18";2022;546;40001731326;2;"DEFERIDO";1;"BRASILEIRA NATA";-3;"MANAUS";"60";"#NE";-3;"#NE";"1270629.01";"N";"S";"-1";"06011923020226040000";"2";"DEFERIDO";"17";"PENDENTE DE JULGAMENTO";"SIM";"Válido";2;"DEFERIDO";"N";"N";-1;-1;"2022-08-29 17:31:26";-3;"#NE";"-3";"#NE";"-3";"#NE";-3;"#NE";-3;"#NE";-3;"#NE";-3;"#NE";"-3";"#NE"
"26/08/2026";"03:15:18";2022;546;40001643463;14;"INDEFERIDO";1;"BRASILEIRA NATA";-3;"MANAUS";"41";"#NE";-3;"#NE";"1270629.01";"N";"S";"-1";"06006986820226040000";"-1";"#NULO";"-1";"#NULO";"NÃO";"#NULO";-1;"#NULO";"N";"N";-1;-1;"2022-08-12 10:02:08";-3;"#NE";"-3";"#NE";"-3";"#NE";-3;"#NE";-3;"#NE";-3;"#NE";-3;"#NE";"-3";"#NE"
"26/08/2026";"03:15:18";2022;546;40001618477;2;"DEFERIDO";1;"BRASILEIRA NATA";-3;"COARI";"46";"#NE";-3;"#NE";"1270629.01";"N";"S";"-1";"06005038320226040000";"2";"DEFERIDO";"2";"DEFERIDO";"SIM";"Válido";2;"DEFERIDO";"S";"N";-1;12;"2022-08-10 09:19:58";-3;"#NE";"-3";"#NE";"-3";"#NE";-3;"#NE";-3;"#NE";-3;"#NE";-3;"#NE";"-3";"#NE"
"26/08/2026";"03:15:18";2022;546;40001633269;2;"DEFERIDO";1;"BRASILEIRA NATA";-3;"MANAUS";"38";"#NE";-3;"#NE";"1270629.01";"N";"N";"-1";"06006406520226040000";"2";"DEFERIDO";"2";"DEFERIDO";"SIM";"Válido";2;"DEFERIDO";"S";"N";-1;3;"2022-08-11 07:47:59";-3;"#NE";"-3";"#NE";"-3";"#NE";-3;"#NE";-3;"#NE";-3;"#NE";-3;"#NE";"-3";"#NE"
"26/08/2026";"03:15:18";2022;546;40001609170;2;"DEFERIDO";1;"BRASILEIRA NATA";-3;"OSASCO";"53";"#NE";-3;"#NE";"3176572.53";"N";"N";"-1";"06002941720226040000";"2";"DEFERIDO";"2";"DEFERIDO";"SIM";"Válido";2;"DEFERIDO";"S";"N";-1;2;"2022-08-08 11:26:45";-3;"#NE";"-3";"#NE";"-3";"#NE";-3;"#NE";-3;"#NE";-3;"#NE";-3;"#NE";"-3";"#NE"
"26/08/2026";"03:15:18";2022;546;40001609172;2;"DEFERIDO";1;"BRASILEIRA NATA";-3;"MANAUS";"49";"#NE";-3;"#NE";"3176572.53";"S";"S";"-1";"06002916220226040000";"2";"DEFERIDO";"2";"DEFERIDO";"SIM";"Válido";2;"DEFERIDO";"S";"N";-1;1;"2022-08-08 11:26:45";-3;"#NE";"-3";"#NE";"-3";"#NE";-3;"#NE";-3;"#NE";-3;"#NE";-3;"#NE";"-3";"#NE"
"26/08/2026";"03:15:18";2022;546;40001719165;2;"DEFERIDO";1;"BRASILEIRA NATA";-3;"RECIFE";"22";"#NE";-3;"#NE";"3176572.53";"N";"S";"-1";"06008467920226040000";"2";"DEFERIDO";"2";"DEFERIDO";"SIM";"Válido";2;"DEFERIDO";"S";"N";-1;-1;"2022-08-15 13:13:45";-3;"#NE";"-3";"#NE";"-3";"#NE";-3;"#NE";-3;"#NE";-3;"#NE";-3;"#NE";"-3";"#NE"
"26/08/2026";"03:15:18";2022;546;40001724092;2;"DEFERIDO";1;"BRASILEIRA NATA";-3;"BACURI";"27";"#NE";-3;"#NE";"3176572.53";"N";"S";"-1";"06009220620226040000";"2";"DEFERIDO";"2";"DEFERIDO";"SIM";"Válido";2;"DEFERIDO";"S";"N";-1;8;"2022-08-16 10:39:32";-3;"#NE";"-3";"#NE";"-3";"#NE";-3;"#NE";-3;"#NE";-3;"#NE";-3;"#NE";"-3";"#NE"
"26/08/2026";"03:15:18";2022;546;40001618451;2;"DEFERIDO";1;"BRASILEIRA NATA";-3;"MANAUS";"30";"#NE";-3;"#NE";"3176572.53";"N";"S";"-1";"06004596420226040000";"2";"DEFERIDO";"2";"DEFERIDO";"SIM";"Válido";2;"DEFERIDO";"S";"N";-1;-1;"2022-08-10 09:18:57";-3;"#NE";"-3";"#NE";"-3";"#NE";-3;"#NE";-3;"#NE";-3;"#NE";-3;"#NE";"-3";"#NE"
"26/08/2026";"03:15:18";2022;546;40001609209;2;"DEFERIDO";1;"BRASILEIRA NATA";-3;"MANAUS";"45";"#NE";-3;"#NE";"3176572.53";"N";"S";"-1";"06002838520226040000";"2";"DEFERIDO";"2";"DEFERIDO";"SIM";"Válido";2;"DEFERIDO";"S";"N";-1;-1;"2022-08-08 11:19:47";-3;"#NE";"-3";"#NE";"-3";"#NE";-3;"#NE";-3;"#NE";-3;"#NE";-3;"#NE";"-3";"#NE"
"26/08/2026";"03:15:18";2022;546;40001643449;2;"DEFERIDO";1;"BRASILEIRA NATA";-3;"MANAUS";"44";"#NE";-3;"#NE";"1270629.01";"N";"S";"-1";"06007064520226040000";"2";"DEFERIDO";"2";"DEFERIDO";"SIM";"Válido";2;"DEFERIDO";"S";"N";-1;-1;"2022-08-12 10:02:08";-3;"#NE";"-3";"#NE";"-3";"#NE";-3;"#NE";-3;"#NE";-3;"#NE";-3;"#NE";"-3";"#NE"
"26/08/2026";"03:15:18";2022;546;40001612902;2;"DEFERIDO";1;"BRASILEIRA NATA";-3;"MANAUS";"63";"#NE";-3;"#NE";"1270629.01";"N";"S";"-1";"06003678620226040000";"2";"DEFERIDO";"2";"DEFERIDO";"SIM";"Válido";2;"DEFERIDO";"S";"N";-1;23;"2022-08-09 08:08:23";-3;"#NE";"-3";"#NE";"-3";"#NE";-3;"#NE";-3;"#NE";-3;"#NE";-3;"#NE";"-3";"#NE"
"26/08/2026";"03:15:18";2022;546;40001719243;2;"DEFERIDO";1;"BRASILEIRA NATA";-3;"MANAUS";"26";"#NE";-3;"#NE";"1270629.01";"N";"S";"-1";"06008727720226040000";"2";"DEFERIDO";"2";"DEFERIDO";"SIM";"Válido";2;"DEFERIDO";"S";"N";-1;-1;"2022-08-15 13:15:15";-3;"#NE";"-3";"#NE";"-3";"#NE";-3;"#NE";-3;"#NE";-3;"#NE";-3;"#NE";"-3";"#NE"
"26/08/2026";"03:15:18";2022;546;40001671701;2;"DEFERIDO";1;"BRASILEIRA NATA";-3;"ITACOATIARA";"30";"#NE";-3;"#NE";"1270629.01";"N";"S";"-1";"06008043020226040000";"2";"DEFERIDO";"2";"DEFERIDO";"SIM";"Válido";2;"DEFERIDO";"S";"N";-1;-1;"2022-08-13 13:23:05";-3;"#NE";"-3";"#NE";"-3";"#NE";-3;"#NE";-3;"#NE";-3;"#NE";-3;"#NE";"-3";"#NE"
"26/08/2026";"03:15:18";2022;546;40001618345;2;"DEFERIDO";1;"BRASILEIRA NATA";-3;"MANAUS";"22";"#NE";-3;"#NE";"1270629.01";"N";"N";"-1";"06004068320226040000";"2";"DEFERIDO";"2";"DEFERIDO";"SIM";"Válido";2;"DEFERIDO";"S";"N";-1;-1;"2022-08-10 09:17:10";-3;"#NE";"-3";"#NE";"-3";"#NE";-3;"#NE";-3;"#NE";-3;"#NE";-3;"#NE";"-3";"#NE"
"26/08/2026";"03:15:18";2022;546;40001643956;14;"INDEFERIDO";1;"BRASILEIRA NATA";-3;"MANAUS";"30";"#NE";-3;"#NE";"1270629.01";"N";"N";"-1";"06007332820226040000";"-1";"#NULO";"-1";"#NULO";"NÃO";"#NULO";-1;"#NULO";"N";"S";-1;-1;"2022-08-11 17:06:17";-3;"#NE";"-3";"#NE";"-3";"#NE";-3;"#NE";-3;"#NE";-3;"#NE";-3;"#NE";"-3";"#NE"
"26/08/2026";"03:15:18";2022;546;40001618457;2;"DEFERIDO";1;"BRASILEIRA NATA";-3;"COARI";"56";"#NE";-3;"#NE";"1270629.01";"N";"N";"-1";"06005003120226040000";"2";"DEFERIDO";"2";"DEFERIDO";"SIM";"Válido";2;"DEFERIDO";"S";"N";-1;19;"2022-08-10 09:19:58";-3;"#NE";"-3";"#NE";"-3";"#NE";-3;"#NE";-3;"#NE";-3;"#NE";-3;"#NE";"-3";"#NE"
"26/08/2026";"03:15:18";2022;546;40001618455;2;"DEFERIDO";1;"BRASILEIRA NATA";-3;"PARNAMIRIM";"34";"#NE";-3;"#NE";"1270629.01";"N";"S";"-1";"06005228920226040000";"2";"DEFERIDO";"2";"DEFERIDO";"SIM";"Válido";2;"DEFERIDO";"S";"N";-1;-1;"2022-08-10 09:19:58";-3;"#NE";"-3";"#NE";"-3";"#NE";-3;"#NE";-3;"#NE";-3;"#NE";-3;"#NE";"-3";"#NE"
"26/08/2026";"03:15:18";2022;546;40001618463;2;"DEFERIDO";1;"BRASILEIRA NATA";-3;"MANAUS";"44";"#NE";-3;"#NE";"1270629.01";"N";"S";"-1";"06004969120226040000";"2";"DEFERIDO";"2";"DEFERIDO";"SIM";"Válido";2;"DEFERIDO";"S";"N";-1;7;"2022-08-10 09:19:58";-3;"#NE";"-3";"#NE";"-3";"#NE";-3;"#NE";-3;"#NE";-3;"#NE";-3;"#NE";"-3";"#NE"
"26/08/2026";"03:15:18";2022;546;40001618476;2;"DEFERIDO";1;"BRASILEIRA NATA";-3;"PARINTINS";"29";"#NE";-3;"#NE";"1270629.01";"N";"S";"-1";"06005185220226040000";"2";"DEFERIDO";"2";"DEFERIDO";"SIM";"Válido";2;"DEFERIDO";"S";"N";-1;2;"2022-08-10 09:19:58";-3;"#NE";"-3";"#NE";"-3";"#NE";-3;"#NE";-3;"#NE";-3;"#NE";-3;"#NE";"-3";"#NE"
"26/08/2026";"03:15:18";2022;546;40001618472;2;"DEFERIDO";1;"BRASILEIRA NATA";-3;"MANAUS";"36";"#NE";-3;"#NE";"1270629.01";"S";"S";"-1";"06005107520226040000";"2";"DEFERIDO";"2";"DEFERIDO";"SIM";"Válido";2;"DEFERIDO";"S";"N";-1;-1;"2022-08-10 09:19:58";-3;"#NE";"-3";"#NE";"-3";"#NE";-3;"#NE";-3;"#NE";-3;"#NE";-3;"#NE";"-3";"#NE"
"26/08/2026";"03:15:18";2022;546;40001633254;2;"DEFERIDO";1;"BRASILEIRA NATA";-3;"ITACOATIARA";"56";"#NE";-3;"#NE";"1270629.01";"N";"S";"-1";"06006198920226040000";"2";"DEFERIDO";"2";"DEFERIDO";"SIM";"Válido";2;"DEFERIDO";"S";"N";-1;6;"2022-08-11 07:47:59";-3;"#NE";"-3";"#NE";"-3";"#NE";-3;"#NE";-3;"#NE";-3;"#NE";-3;"#NE";"-3";"#NE"
"26/08/2026";"03:15:18";2022;546;40001609194;2;"DEFERIDO";1;"BRASILEIRA NATA";-3;"MANAUS";"54";"#NE";-3;"#NE";"1270629.01";"N";"S";"-1";"06002681920226040000";"2";"DEFERIDO";"2";"DEFERIDO";"SIM";"Válido";2;"DEFERIDO";"S";"N";-1;17;"2022-08-08 11:16:57";-3;"#NE";"-3";"#NE";"-3";"#NE";-3;"#NE";-3;"#NE";-3;"#NE";-3;"#NE";"-3";"#NE"
"26/08/2026";"03:15:18";2022;546;40001643953;2;"DEFERIDO";1;"BRASILEIRA NATA";-3;"MANAUS";"70";"#NE";-3;"#NE";"1270629.01";"N";"S";"-1";"06007229620226040000";"2";"DEFERIDO";"2";"DEFERIDO";"SIM";"Válido";2;"DEFERIDO";"S";"N";-1;-1;"2022-08-11 17:06:17";-3;"#NE";"-3";"#NE";"-3";"#NE";-3;"#NE";-3;"#NE";-3;"#NE";-3;"#NE";"-3";"#NE"
"26/08/2026";"03:15:18";2022;546;40001643949;2;"DEFERIDO";1;"BRASILEIRA NATA";-3;"MANAUS";"56";"#NE";-3;"#NE";"1270629.01";"N";"S";"-1";"06007246620226040000";"2";"DEFERIDO";"2";"DEFERIDO";"SIM";"Válido";2;"DEFERIDO";"S";"N";-1;-1;"2022-08-11 17:06:17";-3;"#NE";"-3";"#NE";"-3";"#NE";-3;"#NE";-3;"#NE";-3;"#NE";-3;"#NE";"-3";"#NE"
"26/08/2026";"03:15:18";2022;546;40001719844;14;"INDEFERIDO";1;"BRASILEIRA NATA";-3;"SANTARÉM";"34";"#NE";-3;"#NE";"3176572.53";"N";"S";"-1";"06009004520226040000";"14";"INDEFERIDO";"17";"PENDENTE DE JULGAMENTO";"SIM";"Nulo técnico";14;"INDEFERIDO";"N";"N";-1;-1;"2022-08-15 13:40:17";-3;"#NE";"-3";"#NE";"-3";"#NE";-3;"#NE";-3;"#NE";-3;"#NE";-3;"#NE";"-3";"#NE"
"26/08/2026";"03:15:18";2022;546;40001609322;14;"INDEFERIDO";1;"BRASILEIRA NATA";-3;"MANAUS";"23";"#NE";-3;"#NE";"1270629.01";"N";"S";"-1";"06003159020226040000";"4";"INDEFERIDO COM RECURSO";"4";"INDEFERIDO COM RECURSO";"SIM";"Anulado sub judice";4;"INDEFERIDO COM RECURSO";"S";"N";-1;-1;"2022-08-08 11:35:47";-3;"#NE";"-3";"#NE";"-3";"#NE";-3;"#NE";-3;"#NE";-3;"#NE";-3;"#NE";"-3";"#NE"
"26/08/2026";"03:15:18";2022;546;40001600315;2;"DEFERIDO";1;"BRASILEIRA NATA";-3;"BORBA";"57";"#NE";-3;"#NE";"1270629.01";"N";"S";"-1";"06002231520226040000";"2";"DEFERIDO";"2";"DEFERIDO";"SIM";"Válido";2;"DEFERIDO";"S";"N";-1;23;"2022-08-01 10:39:35";-3;"#NE";"-3";"#NE";"-3";"#NE";-3;"#NE";-3;"#NE";-3;"#NE";-3;"#NE";"-3";"#NE"
"26/08/2026";"03:15:18";2022;546;40001600310;2;"DEFERIDO";1;"BRASILEIRA NATA";-3;"PORTO VELHO";"46";"#NE";-3;"#NE";"1270629.01";"N";"S";"-1";"06002292220226040000";"2";"DEFERIDO";"2";"DEFERIDO";"SIM";"Válido";2;"DEFERIDO";"S";"N";-1;-1;"2022-08-01 10:39:35";-3;"#NE";"-3";"#NE";"-3";"#NE";-3;"#NE";-3;"#NE";-3;"#NE";-3;"#NE";"-3";"#NE"
"26/08/2026";"03:15:18";2022;546;40001718577;2;"DEFERIDO";1;"BRASILEIRA NATA";-3;"MONTE ALEGRE";"58";"#NE";-3;"#NE";"1270629.01";"N";"S";"-1";"06008225120226040000";"2";"DEFERIDO";"2";"DEFERIDO";"SIM";"Válido";2;"DEFERIDO";"S";"N";-1;-1;"2022-08-15 12:39:18";-3;"#NE";"-3";"#NE";"-3";"#NE";-3;"#NE";-3;"#NE";-3;"#NE";-3;"#NE";"-3";"#NE"
"26/08/2026";"03:15:18";2022;546;40001718579;2;"DEFERIDO";1;"BRASILEIRA NATA";-3;"MANAUS";"39";"#NE";-3;"#NE";"1270629.01";"N";"S";"-1";"06008242120226040000";"2";"DEFERIDO";"2";"DEFERIDO";"SIM";"Válido";2;"DEFERIDO";"N";"N";-1;-1;"2022-08-15 12:39:18";-3;"#NE";"-3";"#NE";"-3";"#NE";-3;"#NE";-3;"#NE";-3;"#NE";-3;"#NE";"-3";"#NE"
"26/08/2026";"03:15:18";2022;547;40001610345;2;"DEFERIDO";1;"BRASILEIRA NATA";-3;"BELÉM";"62";"#NE";-3;"#NE";"3557761.23";"N";"S";"-1";"06003452820226040000";"2";"DEFERIDO";"2";"DEFERIDO";"SIM";"Válido";2;"DEFERIDO";"S";"N";-1;-1;"2022-08-08 15:00:20";-3;"#NE";"-3";"#NE";"-3";"#NE";-3;"#NE";-3;"#NE";-3;"#NE";-3;"#NE";"-3";"#NE"
"26/08/2026";"03:15:18";2022;546;40001620675;2;"DEFERIDO";1;"BRASILEIRA NATA";-3;"MANAUS";"38";"#NE";-3;"#NE";"3176572.53";"N";"N";"-1";"06005774020226040000";"2";"DEFERIDO";"2";"DEFERIDO";"SIM";"Válido";2;"DEFERIDO";"S";"N";-1;-1;"2022-08-10 15:50:56";-3;"#NE";"-3";"#NE";"-3";"#NE";-3;"#NE";-3;"#NE";-3;"#NE";-3;"#NE";"-3";"#NE"
"26/08/2026";"03:15:18";2022;546;40001618505;2;"DEFERIDO";1;"BRASILEIRA NATA";-3;"SÃO PAULO DE OLIVENÇA";"55";"#NE";-3;"#NE";"3176572.53";"N";"S";"-1";"06005141520226040000";"2";"DEFERIDO";"2";"DEFERIDO";"SIM";"Válido";2;"DEFERIDO";"S";"N";-1;-1;"2022-08-10 09:15:39";-3;"#NE";"-3";"#NE";"-3";"#NE";-3;"#NE";-3;"#NE";-3;"#NE";-3;"#NE";"-3";"#NE"
"26/08/2026";"03:15:18";2022;546;40001609380;2;"DEFERIDO";1;"BRASILEIRA NATA";-3;"MANAUS";"50";"#NE";-3;"#NE";"3176572.53";"N";"S";"-1";"06003427320226040000";"2";"DEFERIDO";"2";"DEFERIDO";"SIM";"Válido";2;"DEFERIDO";"S";"N";-1;3;"2022-08-08 11:36:20";-3;"#NE";"-3";"#NE";"-3";"#NE";-3;"#NE";-3;"#NE";-3;"#NE";-3;"#NE";"-3";"#NE"
"26/08/2026";"03:15:18";2022;546;40001618905;2;"DEFERIDO";1;"BRASILEIRA NATA";-3;"VIGIA";"42";"#NE";-3;"#NE";"3176572.53";"N";"S";"-1";"06005574920226040000";"2";"DEFERIDO";"2";"DEFERIDO";"SIM";"Válido";2;"DEFERIDO";"S";"N";-1;-1;"2022-08-10 10:53:52";-3;"#NE";"-3";"#NE";"-3";"#NE";-3;"#NE";-3;"#NE";-3;"#NE";-3;"#NE";"-3";"#NE"
"26/08/2026";"03:15:18";2022;546;40001643216;2;"DEFERIDO";1;"BRASILEIRA NATA";-3;"MANAUS";"47";"#NE";-3;"#NE";"3176572.53";"N";"S";"-1";"06006909120226040000";"2";"DEFERIDO";"2";"DEFERIDO";"SIM";"Válido";2;"DEFERIDO";"S";"N";-1;-1;"2022-08-12 10:02:37";-3;"#NE";"-3";"#NE";"-3";"#NE";-3;"#NE";-3;"#NE";-3;"#NE";-3;"#NE";"-3";"#NE"
"26/08/2026";"03:15:18";2022;546;40001612908;2;"DEFERIDO";1;"BRASILEIRA NATA";-3;"SOLONÓPOLE";"70";"#NE";-3;"#NE";"1270629.01";"N";"S";"-1";"06003660420226040000";"2";"DEFERIDO";"2";"DEFERIDO";"SIM";"Válido";2;"DEFERIDO";"S";"N";-1;6;"2022-08-09 08:08:23";-3;"#NE";"-3";"#NE";"-3";"#NE";-3;"#NE";-3;"#NE";-3;"#NE";-3;"#NE";"-3";"#NE"
"26/08/2026";"03:15:18";2022;546;40001618461;2;"DEFERIDO";1;"BRASILEIRA NATA";-3;"MANAUS";"42";"#NE";-3;"#NE";"1270629.01";"N";"S";"-1";"06004950920226040000";"2";"DEFERIDO";"2";"DEFERIDO";"SIM";"Válido";2;"DEFERIDO";"S";"N";-1;13;"2022-08-10 09:19:58";-3;"#NE";"-3";"#NE";"-3";"#NE";-3;"#NE";-3;"#NE";-3;"#NE";-3;"#NE";"-3";"#NE"
"26/08/2026";"03:15:18";2022;546;40001618468;2;"DEFERIDO";1;"BRASILEIRA NATA";-3;"MANAUS";"30";"#NE";-3;"#NE";"1270629.01";"N";"S";"-1";"06004977620226040000";"2";"DEFERIDO";"2";"DEFERIDO";"SIM";"Válido";2;"DEFERIDO";"S";"N";-1;-1;"2022-08-10 09:19:58";-3;"#NE";"-3";"#NE";"-3";"#NE";-3;"#NE";-3;"#NE";-3;"#NE";-3;"#NE";"-3";"#NE"
"26/08/2026";"03:15:18";2022;546;40001633263;2;"DEFERIDO";1;"BRASILEIRA NATA";-3;"PORTO VELHO";"60";"#NE";-3;"#NE";"1270629.01";"N";"S";"-1";"06006276620226040000";"2";"DEFERIDO";"2";"DEFERIDO";"SIM";"Válido";2;"DEFERIDO";"S";"N";-1;10;"2022-08-11 07:47:59";-3;"#NE";"-3";"#NE";"-3";"#NE";-3;"#NE";-3;"#NE";-3;"#NE";-3;"#NE";"-3";"#NE"
"26/08/2026";"03:15:18";2022;546;40001609179;2;"DEFERIDO";1;"BRASILEIRA NATA";-3;"MANAUS";"41";"#NE";-3;"#NE";"1270629.01";"N";"S";"-1";"06002587220226040000";"2";"DEFERIDO";"2";"DEFERIDO";"SIM";"Válido";2;"DEFERIDO";"S";"N";-1;2;"2022-08-08 11:16:57";-3;"#NE";"-3";"#NE";"-3";"#NE";-3;"#NE";-3;"#NE";-3;"#NE";-3;"#NE";"-3";"#NE"
"26/08/2026";"03:15:18";2022;546;40001609188;2;"DEFERIDO";1;"BRASILEIRA NATA";-3;"PRAINHA";"45";"#NE";-3;"#NE";"1270629.01";"N";"S";"-1";"06002769320226040000";"2";"DEFERIDO";"2";"DEFERIDO";"SIM";"Válido";2;"DEFERIDO";"S";"N";-1;5;"2022-08-08 11:16:57";-3;"#NE";"-3";"#NE";"-3";"#NE";-3;"#NE";-3;"#NE";-3;"#NE";-3;"#NE";"-3";"#NE"
"26/08/2026";"03:15:18";2022;546;40001633336;2;"DEFERIDO";1;"BRASILEIRA NATA";-3;"TAUBATÉ";"28";"#NE";-3;"#NE";"1270629.01";"N";"S";"-1";"06006597120226040000";"2";"DEFERIDO";"2";"DEFERIDO";"SIM";"Válido";2;"DEFERIDO";"S";"N";-1;-1;"2022-08-11 07:49:34";-3;"#NE";"-3";"#NE";"-3";"#NE";-3;"#NE";-3;"#NE";-3;"#NE";-3;"#NE";"-3";"#NE"
"26/08/2026";"03:15:18";2022;546;40001726396;2;"DEFERIDO";1;"BRASILEIRA NATA";-3;"MANAUS";"38";"#NE";-3;"#NE";"1270629.01";"N";"N";"-1";"06009957520226040000";"2";"DEFERIDO";"2";"DEFERIDO";"SIM";"Válido";2;"DEFERIDO";"S";"N";-1;-1;"2022-08-20 10:41:45";-3;"#NE";"-3";"#NE";"-3";"#NE";-3;"#NE";-3;"#NE";-3;"#NE";-3;"#NE";"-3";"#NE"
"26/08/2026";"03:15:18";2022;546;40001719246;2;"DEFERIDO";1;"BRASILEIRA NATA";-3;"MANAUS";"31";"#NE";-3;"#NE";"1270629.01";"N";"S";"-1";"06008692520226040000";"2";"DEFERIDO";"2";"DEFERIDO";"SIM";"Válido";2;"DEFERIDO";"S";"N";-1;-1;"2022-08-15 13:15:15";-3;"#NE";"-3";"#NE";"-3";"#NE";-3;"#NE";-3;"#NE";-3;"#NE";-3;"#NE";"-3";"#NE"
"26/08/2026";"03:15:18";2022;546;40001719242;2;"DEFERIDO";1;"BRASILEIRA NATA";-3;"TEFÉ";"47";"#NE";-3;"#NE";"1270629.01";"N";"N";"-1";"06008684020226040000";"2";"DEFERIDO";"2";"DEFERIDO";"SIM";"Válido";2;"DEFERIDO";"S";"N";-1;-1;"2022-08-15 13:15:15";-3;"#NE";"-3";"#NE";"-3";"#NE";-3;"#NE";-3;"#NE";-3;"#NE";-3;"#NE";"-3";"#NE"
"26/08/2026";"03:15:18";2022;546;40001731324;2;"DEFERIDO";1;"BRASILEIRA NATA";-3;"CAREIRO";"45";"#NE";-3;"#NE";"1270629.01";"N";"S";"-1";"06011889020226040000";"2";"DEFERIDO";"17";"PENDENTE DE JULGAMENTO";"SIM";"Válido";2;"DEFERIDO";"S";"N";-1;-1;"2022-08-29 17:31:26";-3;"#NE";"-3";"#NE";"-3";"#NE";-3;"#NE";-3;"#NE";-3;"#NE";-3;"#NE";"-3";"#NE"
"26/08/2026";"03:15:18";2022;546;40001609202;2;"DEFERIDO";1;"BRASILEIRA NATA";-3;"MOSSORÓ";"52";"#NE";-3;"#NE";"1270629.01";"N";"S";"-1";"06002612720226040000";"2";"DEFERIDO";"2";"DEFERIDO";"SIM";"Válido";2;"DEFERIDO";"S";"N";-1;1;"2022-08-08 11:16:57";-3;"#NE";"-3";"#NE";"-3";"#NE";-3;"#NE";-3;"#NE";-3;"#NE";-3;"#NE";"-3";"#NE"
"26/08/2026";"03:15:18";2022;546;40001618387;2;"DEFERIDO";1;"BRASILEIRA NATA";-3;"MANAUS";"44";"#NE";-3;"#NE";"1270629.01";"N";"S";"-1";"06004292920226040000";"2";"DEFERIDO";"2";"DEFERIDO";"SIM";"Válido";2;"DEFERIDO";"S";"N";-1;-1;"2022-08-10 09:15:12";-3;"#NE";"-3";"#NE";"-3";"#NE";-3;"#NE";-3;"#NE";-3;"#NE";-3;"#NE";"-3";"#NE"
"26/08/2026";"03:15:18";2022;546;40001620685;2;"DEFERIDO";1;"BRASILEIRA NATA";-3;"MANAUS";"57";"#NE";-3;"#NE";"1270629.01";"N";"N";"-1";"06005791020226040000";"2";"DEFERIDO";"2";"DEFERIDO";"SIM";"Válido";2;"DEFERIDO";"S";"N";-1;12;"2022-08-10 15:50:27";-3;"#NE";"-3";"#NE";"-3";"#NE";-3;"#NE";-3;"#NE";-3;"#NE";-3;"#NE";"-3";"#NE"
"26/08/2026";"03:15:18";2022;546;40001618674;2;"DEFERIDO";1;"BRASILEIRA NATA";-3;"SÃO DOMINGOS DO CAPIM";"46";"#NE";-3;"#NE";"1270629.01";"N";"S";"-1";"06005514220226040000";"2";"DEFERIDO";"2";"DEFERIDO";"SIM";"Válido";2;"DEFERIDO";"S";"N";-1;20;"2022-08-10 09:56:37";-3;"#NE";"-3";"#NE";"-3";"#NE";-3;"#NE";-3;"#NE";-3;"#NE";-3;"#NE";"-3";"#NE"
"26/08/2026";"03:15:18";2022;546;40001618657;2;"DEFERIDO";1;"BRASILEIRA NATA";-3;"MANAUS";"41";"#NE";-3;"#NE";"1270629.01";"N";"N";"-1";"06005332120226040000";"2";"DEFERIDO";"2";"DEFERIDO";"SIM";"Válido";2;"DEFERIDO";"S";"N";-1;22;"2022-08-10 09:56:37";-3;"#NE";"-3";"#NE";"-3";"#NE";-3;"#NE";-3;"#NE";-3;"#NE";-3;"#NE";"-3";"#NE"
"26/08/2026";"03:15:18";2022;546;40001650500;2;"DEFERIDO";1;"BRASILEIRA NATA";-3;"MANAUS";"42";"#NE";-3;"#NE";"1270629.01";"N";"S";"-1";"06007592620226040000";"2";"DEFERIDO";"2";"DEFERIDO";"SIM";"Válido";2;"DEFERIDO";"S";"N";-1;12;"2022-08-12 16:22:42";-3;"#NE";"-3";"#NE";"-3";"#NE";-3;"#NE";-3;"#NE";-3;"#NE";-3;"#NE";"-3";"#NE"
"26/08/2026";"03:15:18";2022;546;40001618907;2;"DEFERIDO";1;"BRASILEIRA NATA";-3;"MANAUS";"38";"#NE";-3;"#NE";"3176572.53";"N";"N";"-1";"06005566420226040000";"2";"DEFERIDO";"2";"DEFERIDO";"SIM";"Válido";2;"DEFERIDO";"S";"N";-1;-1;"2022-08-10 10:53:52";-3;"#NE";"-3";"#NE";"-3";"#NE";-3;"#NE";-3;"#NE";-3;"#NE";-3;"#NE";"-3";"#NE"
"26/08/2026";"03:15:18";2022;546;40001643939;2;"DEFERIDO";1;"BRASILEIRA NATA";-3;"MANAUS";"49";"#NE";-3;"#NE";"3176572.53";"N";"S";"-1";"06007142220226040000";"2";"DEFERIDO";"2";"DEFERIDO";"SIM";"Válido";2;"DEFERIDO";"S";"N";-1;-1;"2022-08-12 10:04:01";-3;"#NE";"-3";"#NE";"-3";"#NE";-3;"#NE";-3;"#NE";-3;"#NE";-3;"#NE";"-3";"#NE"
"26/08/2026";"03:15:18";2022;546;40001612906;2;"DEFERIDO";1;"BRASILEIRA NATA";-3;"MANAUS";"31";"#NE";-3;"#NE";"1270629.01";"N";"S";"-1";"06003548720226040000";"2";"DEFERIDO";"2";"DEFERIDO";"SIM";"Válido";2;"DEFERIDO";"S";"N";-1;14;"2022-08-09 08:08:23";-3;"#NE";"-3";"#NE";"-3";"#NE";-3;"#NE";-3;"#NE";-3;"#NE";-3;"#NE";"-3";"#NE"
"26/08/2026";"03:15:18";2022;546;40001671699;2;"DEFERIDO";1;"BRASILEIRA NATA";-3;"MANAUS";"54";"#NE";-3;"#NE";"1270629.01";"N";"S";"-1";"06008034520226040000";"2";"DEFERIDO";"2";"DEFERIDO";"SIM";"Válido";2;"DEFERIDO";"S";"N";-1;-1;"2022-08-13 13:23:05";-3;"#NE";"-3";"#NE";"-3";"#NE";-3;"#NE";-3;"#NE";-3;"#NE";-3;"#NE";"-3";"#NE"
"26/08/2026";"03:15:18";2022;546;40001618339;2;"DEFERIDO";1;"BRASILEIRA NATA";-3;"MANAUS";"29";"#NE";-3;"#NE";"1270629.01";"N";"N";"-1";"06004059820226040000";"2";"DEFERIDO";"2";"DEFERIDO";"SIM";"Válido";2;"DEFERIDO";"S";"N";-1;-1;"2022-08-10 09:17:10";-3;"#NE";"-3";"#NE";"-3";"#NE";-3;"#NE";-3;"#NE";-3;"#NE";-3;"#NE";"-3";"#NE"
"26/08/2026";"03:15:18";2022;546;40001618358;2;"DEFERIDO";1;"BRASILEIRA NATA";-3;"MANAUS";"33";"#NE";-3;"#NE";"1270629.01";"N";"S";"-1";"06003980920226040000";"2";"DEFERIDO";"2";"DEFERIDO";"SIM";"Válido";2;"DEFERIDO";"S";"N";-1;-1;"2022-08-10 09:17:10";-3;"#NE";"-3";"#NE";"-3";"#NE";-3;"#NE";-3;"#NE";-3;"#NE";-3;"#NE";"-3";"#NE"
"26/08/2026";"03:15:18";2022;546;40001600316;2;"DEFERIDO";1;"BRASILEIRA NATA";-3;"MANAUS";"45";"#NE";-3;"#NE";"1270629.01";"N";"S";"-1";"06002206020226040000";"2";"DEFERIDO";"2";"DEFERIDO";"SIM";"Válido";2;"DEFERIDO";"S";"N";-1;8;"2022-08-01 10:39:35";-3;"#NE";"-3";"#NE";"-3";"#NE";-3;"#NE";-3;"#NE";-3;"#NE";-3;"#NE";"-3";"#NE"
"26/08/2026";"03:15:18";2022;546;40001600305;2;"DEFERIDO";1;"BRASILEIRA NATA";-3;"MANAUS";"49";"#NE";-3;"#NE";"1270629.01";"N";"S";"-1";"06002335920226040000";"2";"DEFERIDO";"2";"DEFERIDO";"SIM";"Válido";2;"DEFERIDO";"S";"N";-1;15;"2022-08-01 10:39:35";-3;"#NE";"-3";"#NE";"-3";"#NE";-3;"#NE";-3;"#NE";-3;"#NE";-3;"#NE";"-3";"#NE"
"26/08/2026";"03:15:18";2022;546;40001600303;2;"DEFERIDO";1;"BRASILEIRA NATA";-3;"MANAUS";"42";"#NE";-3;"#NE";"1270629.01";"N";"S";"-1";"06002327420226040000";"2";"DEFERIDO";"2";"DEFERIDO";"SIM";"Válido";2;"DEFERIDO";"S";"N";-1;17;"2022-08-01 10:39:35";-3;"#NE";"-3";"#NE";"-3";"#NE";-3;"#NE";-3;"#NE";-3;"#NE";-3;"#NE";"-3";"#NE"
"26/08/2026";"03:15:18";2022;546;40001600321;2;"DEFERIDO";1;"BRASILEIRA NATA";-3;"ROSÁRIO";"60";"#NE";-3;"#NE";"1270629.01";"N";"S";"-1";"06002283720226040000";"2";"DEFERIDO";"2";"DEFERIDO";"SIM";"Válido";2;"DEFERIDO";"S";"N";-1;22;"2022-08-01 10:39:35";-3;"#NE";"-3";"#NE";"-3";"#NE";-3;"#NE";-3;"#NE";-3;"#NE";-3;"#NE";"-3";"#NE"
"26/08/2026";"03:15:18";2022;546;40001620689;14;"INDEFERIDO";1;"BRASILEIRA NATA";-3;"VITÓRIA";"33";"#NE";-3;"#NE";"1270629.01";"N";"S";"-1";"06005947620226040000";"-1";"#NULO";"-1";"#NULO";"NÃO";"#NULO";-1;"#NULO";"N";"S";-1;-1;"2022-08-10 15:50:27";-3;"#NE";"-3";"#NE";"-3";"#NE";-3;"#NE";-3;"#NE";-3;"#NE";-3;"#NE";"-3";"#NE"
"26/08/2026";"03:15:18";2022;546;40001618677;6;"RENÚNCIA";1;"BRASILEIRA NATA";-3;"MANAUS";"34";"#NE";-3;"#NE";"1270629.01";"N";"S";"-1";"06005522720226040000";"-1";"#NULO";"-1";"#NULO";"NÃO";"#NULO";-1;"#NULO";"N";"S";-1;-1;"2022-08-10 09:56:37";-3;"#NE";"-3";"#NE";"-3";"#NE";-3;"#NE";-3;"#NE";-3;"#NE";-3;"#NE";"-3";"#NE"
"26/08/2026";"03:15:18";2022;546;40001719320;14;"INDEFERIDO";-4;"NÃO DIVULGÁVEL";-3;"Não divulgável";"";"#NE";-4;"NÃO DIVULGÁVEL";"-4";"Não divulgável";"Não divulgável";"-1";"06008874620226040000";"-1";"#NULO";"-1";"#NULO";"NÃO";"#NULO";-1;"#NULO";"N";"N";-1;-1;"2022-08-15 13:19:24";-3;"#NE";"-3";"#NE";"-3";"#NE";-3;"#NE";-3;"#NE";-3;"#NE";-4;"NÃO DIVULGÁVEL";"-4";"NÃO DIVULGÁVEL"
"26/08/2026";"03:15:18";2022;546;40001618460;2;"DEFERIDO";1;"BRASILEIRA NATA";-3;"MANAUS";"47";"#NE";-3;"#NE";"1270629.01";"N";"S";"-1";"06004994620226040000";"2";"DEFERIDO";"2";"DEFERIDO";"SIM";"Válido";2;"DEFERIDO";"S";"N";-1;15;"2022-08-10 09:19:58";-3;"#NE";"-3";"#NE";"-3";"#NE";-3;"#NE";-3;"#NE";-3;"#NE";-3;"#NE";"-3";"#NE"
"26/08/2026";"03:15:18";2022;546;40001620698;2;"DEFERIDO";1;"BRASILEIRA NATA";-3;"MANAUS";"46";"#NE";-3;"#NE";"1270629.01";"N";"N";"-1";"06005920920226040000";"2";"DEFERIDO";"2";"DEFERIDO";"SIM";"Válido";2;"DEFERIDO";"S";"N";-1;15;"2022-08-10 15:50:27";-3;"#NE";"-3";"#NE";"-3";"#NE";-3;"#NE";-3;"#NE";-3;"#NE";-3;"#NE";"-3";"#NE"
"26/08/2026";"03:15:18";2022;546;40001618672;2;"DEFERIDO";1;"BRASILEIRA NATA";-3;"LÁBREA";"54";"#NE";-3;"#NE";"1270629.01";"N";"N";"-1";"06005436520226040000";"2";"DEFERIDO";"2";"DEFERIDO";"SIM";"Válido";2;"DEFERIDO";"S";"N";-1;14;"2022-08-10 09:56:37";-3;"#NE";"-3";"#NE";"-3";"#NE";-3;"#NE";-3;"#NE";-3;"#NE";-3;"#NE";"-3";"#NE"
"26/08/2026";"03:15:18";2022;546;40001633327;2;"DEFERIDO";1;"BRASILEIRA NATA";-3;"RIO DE JANEIRO";"42";"#NE";-3;"#NE";"1270629.01";"N";"S";"-1";"06006501220226040000";"2";"DEFERIDO";"2";"DEFERIDO";"SIM";"Válido";2;"DEFERIDO";"S";"N";-1;3;"2022-08-11 07:49:34";-3;"#NE";"-3";"#NE";"-3";"#NE";-3;"#NE";-3;"#NE";-3;"#NE";-3;"#NE";"-3";"#NE"
"26/08/2026";"03:15:18";2022;546;40001633331;2;"DEFERIDO";1;"BRASILEIRA NATA";-3;"MANAUS";"65";"#NE";-3;"#NE";"1270629.01";"N";"N";"-1";"06006622620226040000";"2";"DEFERIDO";"2";"DEFERIDO";"SIM";"Válido";2;"DEFERIDO";"S";"N";-1;20;"2022-08-11 07:49:34";-3;"#NE";"-3";"#NE";"-3";"#NE";-3;"#NE";-3;"#NE";-3;"#NE";-3;"#NE";"-3";"#NE"
"26/08/2026";"03:15:18";2022;546;40001620696;2;"DEFERIDO";1;"BRASILEIRA NATA";-3;"CRUZEIRO DO SUL";"39";"#NE";-3;"#NE";"1270629.01";"N";"N";"-1";"06005973120226040000";"2";"DEFERIDO";"2";"DEFERIDO";"SIM";"Válido";2;"DEFERIDO";"S";"N";-1;17;"2022-08-10 15:50:27";-3;"#NE";"-3";"#NE";"-3";"#NE";-3;"#NE";-3;"#NE";-3;"#NE";-3;"#NE";"-3";"#NE"
"26/08/2026";"03:15:18";2022;546;40001718562;2;"DEFERIDO";1;"BRASILEIRA NATA";-3;"MANAUS";"69";"#NE";-3;"#NE";"-1";"N";"S";"-1";"06008181420226040000";"2";"DEFERIDO";"17";"PENDENTE DE JULGAMENTO";"SIM";"#NULO";2;"DEFERIDO";"N";"N";-1;1;"2022-08-15 12:39:37";-3;"#NE";"-3";"#NE";"-3";"#NE";-3;"#NE";-3;"#NE";-3;"#NE";-3;"#NE";"-3";"#NE"
"26/08/2026";"03:15:18";2022;546;40001718485;14;"INDEFERIDO";1;"BRASILEIRA NATA";-3;"MANAUS";"25";"#NE";-3;"#NE";"3176572.53";"N";"N";"-1";"06016669820226040000";"14";"INDEFERIDO";"4";"INDEFERIDO COM RECURSO";"SIM";"Nulo técnico";14;"INDEFERIDO";"S";"N";-1;-1;"2022-08-15 12:37:42";-3;"#NE";"-3";"#NE";"-3";"#NE";-3;"#NE";-3;"#NE";-3;"#NE";-3;"#NE";"-3";"#NE"
"26/08/2026";"03:15:18";2022;546;40001718578;2;"DEFERIDO";1;"BRASILEIRA NATA";-3;"TARAUACÁ";"59";"#NE";-3;"#NE";"1270629.01";"N";"S";"-1";"06008268820226040000";"2";"DEFERIDO";"2";"DEFERIDO";"SIM";"Válido";2;"DEFERIDO";"S";"N";-1;-1;"2022-08-15 12:39:18";-3;"#NE";"-3";"#NE";"-3";"#NE";-3;"#NE";-3;"#NE";-3;"#NE";-3;"#NE";"-3";"#NE"
"26/08/2026";"03:15:18";2022;546;40001719226;2;"DEFERIDO";1;"BRASILEIRA NATA";-3;"AMATURÁ";"35";"#NE";-3;"#NE";"3176572.53";"N";"S";"-1";"06008597820226040000";"2";"DEFERIDO";"2";"DEFERIDO";"SIM";"Válido";2;"DEFERIDO";"S";"N";-1;-1;"2022-08-15 13:14:23";-3;"#NE";"-3";"#NE";"-3";"#NE";-3;"#NE";-3;"#NE";-3;"#NE";-3;"#NE";"-3";"#NE"
"26/08/2026";"03:15:18";2022;546;40001618370;2;"DEFERIDO";1;"BRASILEIRA NATA";-3;"MANAUS";"48";"#NE";-3;"#NE";"3176572.53";"N";"S";"-1";"06004518720226040000";"2";"DEFERIDO";"2";"DEFERIDO";"SIM";"Válido";2;"DEFERIDO";"S";"N";-1;-1;"2022-08-10 09:16:06";-3;"#NE";"-3";"#NE";"-3";"#NE";-3;"#NE";-3;"#NE";-3;"#NE";-3;"#NE";"-3";"#NE"
"26/08/2026";"03:15:18";2022;546;40001612952;2;"DEFERIDO";1;"BRASILEIRA NATA";-3;"MANAUS";"56";"#NE";-3;"#NE";"3176572.53";"N";"S";"-1";"06003739320226040000";"2";"DEFERIDO";"2";"DEFERIDO";"SIM";"Válido";2;"DEFERIDO";"S";"N";-1;4;"2022-08-09 08:09:39";-3;"#NE";"-3";"#NE";"-3";"#NE";-3;"#NE";-3;"#NE";-3;"#NE";-3;"#NE";"-3";"#NE"
"26/08/2026";"03:15:18";2022;546;40001609208;2;"DEFERIDO";1;"BRASILEIRA NATA";-3;"NATAL";"40";"#NE";-3;"#NE";"3176572.53";"N";"S";"-1";"06002811820226040000";"2";"DEFERIDO";"2";"DEFERIDO";"SIM";"Válido";2;"DEFERIDO";"S";"N";-1;-1;"2022-08-08 11:19:47";-3;"#NE";"-3";"#NE";"-3";"#NE";-3;"#NE";-3;"#NE";-3;"#NE";-3;"#NE";"-3";"#NE"
"26/08/2026";"03:15:18";2022;546;40001618508;2;"DEFERIDO";1;"BRASILEIRA NATA";-3;"RIO DE JANEIRO";"68";"#NE";-3;"#NE";"3176572.53";"N";"S";"-1";"06005080820226040000";"2";"DEFERIDO";"2";"DEFERIDO";"SIM";"Válido";2;"DEFERIDO";"S";"N";-1;-1;"2022-08-10 09:15:39";-3;"#NE";"-3";"#NE";"-3";"#NE";-3;"#NE";-3;"#NE";-3;"#NE";-3;"#NE";"-3";"#NE"
"26/08/2026";"03:15:18";2022;546;40001609377;2;"DEFERIDO";1;"BRASILEIRA NATA";-3;"RIO BRANCO";"60";"#NE";-3;"#NE";"3176572.53";"S";"S";"-1";"06003358120226040000";"2";"DEFERIDO";"2";"DEFERIDO";"SIM";"Válido";2;"DEFERIDO";"S";"N";-1;-1;"2022-08-08 11:36:20";-3;"#NE";"-3";"#NE";"-3";"#NE";-3;"#NE";-3;"#NE";-3;"#NE";-3;"#NE";"-3";"#NE"
"26/08/2026";"03:15:18";2022;546;40001671703;2;"DEFERIDO";1;"BRASILEIRA NATA";-3;"MANAUS";"56";"#NE";-3;"#NE";"1270629.01";"N";"S";"-1";"06007904620226040000";"2";"DEFERIDO";"2";"DEFERIDO";"SIM";"Válido";2;"DEFERIDO";"S";"N";-1;-1;"2022-08-13 13:23:05";-3;"#NE";"-3";"#NE";"-3";"#NE";-3;"#NE";-3;"#NE";-3;"#NE";-3;"#NE";"-3";"#NE"
"26/08/2026";"03:15:18";2022;546;40001618466;2;"DEFERIDO";1;"BRASILEIRA NATA";-3;"MANAUS";"60";"#NE";-3;"#NE";"1270629.01";"N";"S";"-1";"06005271420226040000";"2";"DEFERIDO";"2";"DEFERIDO";"SIM";"Válido";2;"DEFERIDO";"S";"N";-1;5;"2022-08-10 09:19:58";-3;"#NE";"-3";"#NE";"-3";"#NE";-3;"#NE";-3;"#NE";-3;"#NE";-3;"#NE";"-3";"#NE"
"26/08/2026";"03:15:18";2022;546;40001618469;2;"DEFERIDO";1;"BRASILEIRA NATA";-3;"MANAUS";"42";"#NE";-3;"#NE";"1270629.01";"N";"N";"-1";"06005072320226040000";"2";"DEFERIDO";"2";"DEFERIDO";"SIM";"Válido";2;"DEFERIDO";"S";"N";-1;10;"2022-08-10 09:19:58";-3;"#NE";"-3";"#NE";"-3";"#NE";-3;"#NE";-3;"#NE";-3;"#NE";-3;"#NE";"-3";"#NE"
"26/08/2026";"03:15:18";2022;546;40001633268;2;"DEFERIDO";1;"BRASILEIRA NATA";-3;"MANAUS";"63";"#NE";-3;"#NE";"1270629.01";"N";"S";"-1";"06006293620226040000";"2";"DEFERIDO";"2";"DEFERIDO";"SIM";"Válido";2;"DEFERIDO";"S";"N";-1;17;"2022-08-11 07:47:59";-3;"#NE";"-3";"#NE";"-3";"#NE";-3;"#NE";-3;"#NE";-3;"#NE";-3;"#NE";"-3";"#NE"
"26/08/2026";"03:15:18";2022;546;40001726397;2;"DEFERIDO";1;"BRASILEIRA NATA";-3;"NHAMUNDÁ";"54";"#NE";-3;"#NE";"1270629.01";"N";"S";"-1";"06009930820226040000";"2";"DEFERIDO";"2";"DEFERIDO";"SIM";"Válido";2;"DEFERIDO";"S";"N";-1;18;"2022-08-20 10:41:33";-3;"#NE";"-3";"#NE";"-3";"#NE";-3;"#NE";-3;"#NE";-3;"#NE";-3;"#NE";"-3";"#NE"
"26/08/2026";"03:15:18";2022;546;40001633259;2;"DEFERIDO";1;"BRASILEIRA NATA";-3;"MANAUS";"51";"#NE";-3;"#NE";"1270629.01";"N";"S";"-1";"06006310620226040000";"2";"DEFERIDO";"2";"DEFERIDO";"SIM";"Válido";2;"DEFERIDO";"S";"N";-1;8;"2022-08-11 07:47:59";-3;"#NE";"-3";"#NE";"-3";"#NE";-3;"#NE";-3;"#NE";-3;"#NE";-3;"#NE";"-3";"#NE"
"26/08/2026";"03:15:18";2022;546;40001618375;2;"DEFERIDO";1;"BRASILEIRA NATA";-3;"CARACARAÍ";"30";"#NE";-3;"#NE";"1270629.01";"N";"S";"-1";"06004240720226040000";"2";"DEFERIDO";"2";"DEFERIDO";"SIM";"Válido";2;"DEFERIDO";"S";"N";-1;-1;"2022-08-10 09:15:12";-3;"#NE";"-3";"#NE";"-3";"#NE";-3;"#NE";-3;"#NE";-3;"#NE";-3;"#NE";"-3";"#NE"
"26/08/2026";"03:15:18";2022;546;40001618383;2;"DEFERIDO";1;"BRASILEIRA NATA";-3;"AÇAILÂNDIA";"46";"#NE";-3;"#NE";"1270629.01";"N";"S";"-1";"06004336620226040000";"2";"DEFERIDO";"2";"DEFERIDO";"SIM";"Válido";2;"DEFERIDO";"S";"N";-1;-1;"2022-08-10 09:15:12";-3;"#NE";"-3";"#NE";"-3";"#NE";-3;"#NE";-3;"#NE";-3;"#NE";-3;"#NE";"-3";"#NE"
"26/08/2026";"03:15:18";2022;546;40001650569;14;"INDEFERIDO";1;"BRASILEIRA NATA";-3;"MANAUS";"47";"#NE";-3;"#NE";"-1";"N";"S";"-1";"06007731020226040000";"-1";"#NULO";"-1";"#NULO";"NÃO";"#NULO";-1;"#NULO";"N";"S";-1;-1;"2022-08-12 16:23:38";-3;"#NE";"-3";"#NE";"-3";"#NE";-3;"#NE";-3;"#NE";-3;"#NE";-3;"#NE";"-3";"#NE"
"26/08/2026";"03:15:18";2022;546;40001724762;2;"DEFERIDO";1;"BRASILEIRA NATA";-3;"MANAUS";"37";"#NE";-3;"#NE";"1270629.01";"N";"S";"-1";"06009463420226040000";"2";"DEFERIDO";"2";"DEFERIDO";"SIM";"Válido";2;"DEFERIDO";"S";"N";-1;-1;"2022-08-17 14:29:44";-3;"#NE";"-3";"#NE";"-3";"#NE";-3;"#NE";-3;"#NE";-3;"#NE";-3;"#NE";"-3";"#NE"
"26/08/2026";"03:15:18";2022;546;40001650494;2;"DEFERIDO";1;"BRASILEIRA NATA";-3;"MANAUS";"34";"#NE";-3;"#NE";"1270629.01";"N";"S";"-1";"06007531920226040000";"2";"DEFERIDO";"2";"DEFERIDO";"SIM";"Válido";2;"DEFERIDO";"S";"N";-1;14;"2022-08-12 16:22:42";-3;"#NE";"-3";"#NE";"-3";"#NE";-3;"#NE";-3;"#NE";-3;"#NE";-3;"#NE";"-3";"#NE"
"26/08/2026";"03:15:18";2022;546;40001618500;2;"DEFERIDO";1;"BRASILEIRA NATA";-3;"MANAUS";"41";"#NE";-3;"#NE";"1270629.01";"N";"S";"-1";"06004804020226040000";"2";"DEFERIDO";"2";"DEFERIDO";"SIM";"Válido";2;"DEFERIDO";"S";"N";-1;-1;"2022-08-10 09:18:30";-3;"#NE";"-3";"#NE";"-3";"#NE";-3;"#NE";-3;"#NE";-3;"#NE";-3;"#NE";"-3";"#NE"
"26/08/2026";"03:15:18";2022;546;40001639642;2;"DEFERIDO";1;"BRASILEIRA NATA";-3;"MANAUS";"61";"#NE";-3;"#NE";"-1";"N";"S";"-1";"06006735520226040000";"2";"DEFERIDO";"2";"DEFERIDO";"SIM";"#NULO";2;"DEFERIDO";"N";"N";-1;1;"2022-08-11 14:43:43";-3;"#NE";"-3";"#NE";"-3";"#NE";-3;"#NE";-3;"#NE";-3;"#NE";-3;"#NE";"-3";"#NE"
"26/08/2026";"03:15:18";2022;546;40001612913;14;"INDEFERIDO";1;"BRASILEIRA NATA";-3;"JAPURÁ";"62";"#NE";-3;"#NE";"1270629.01";"N";"S";"-1";"06003687120226040000";"4";"INDEFERIDO COM RECURSO";"4";"INDEFERIDO COM RECURSO";"SIM";"Anulado sub judice";4;"INDEFERIDO COM RECURSO";"S";"N";-1;-1;"2022-08-09 08:08:23";-3;"#NE";"-3";"#NE";"-3";"#NE";-3;"#NE";-3;"#NE";-3;"#NE";-3;"#NE";"-3";"#NE"
"26/08/2026";"03:15:18";2022;546;40001600313;2;"DEFERIDO";1;"BRASILEIRA NATA";-3;"EIRUNEPÉ";"29";"#NE";-3;"#NE";"1270629.01";"N";"N";"-1";"06002223020226040000";"2";"DEFERIDO";"2";"DEFERIDO";"SIM";"Válido";2;"DEFERIDO";"S";"N";-1;21;"2022-08-01 10:39:35";-3;"#NE";"-3";"#NE";"-3";"#NE";-3;"#NE";-3;"#NE";-3;"#NE";-3;"#NE";"-3";"#NE"
"26/08/2026";"03:15:18";2022;546;40001619527;2;"DEFERIDO";1;"BRASILEIRA NATA";-3;"MANAUS";"50";"#NE";-3;"#NE";"-1";"N";"S";"-1";"06005661120226040000";"2";"DEFERIDO";"2";"DEFERIDO";"SIM";"#NULO";2;"DEFERIDO";"N";"N";-1;1;"2022-08-10 12:25:06";-3;"#NE";"-3";"#NE";"-3";"#NE";-3;"#NE";-3;"#NE";-3;"#NE";-3;"#NE";"-3";"#NE"
"26/08/2026";"03:15:18";2022;546;40001618369;2;"DEFERIDO";1;"BRASILEIRA NATA";-3;"ITACOATIARA";"38";"#NE";-3;"#NE";"3176572.53";"N";"S";"-1";"06004527220226040000";"2";"DEFERIDO";"2";"DEFERIDO";"SIM";"Válido";2;"DEFERIDO";"S";"N";-1;-1;"2022-08-10 09:16:06";-3;"#NE";"-3";"#NE";"-3";"#NE";-3;"#NE";-3;"#NE";-3;"#NE";-3;"#NE";"-3";"#NE"
"26/08/2026";"03:15:18";2022;546;40001618368;2;"DEFERIDO";1;"BRASILEIRA NATA";-3;"MANAUS";"45";"#NE";-3;"#NE";"3176572.53";"N";"N";"-1";"06004483520226040000";"2";"DEFERIDO";"2";"DEFERIDO";"SIM";"Válido";2;"DEFERIDO";"S";"N";-1;-1;"2022-08-10 09:16:06";-3;"#NE";"-3";"#NE";"-3";"#NE";-3;"#NE";-3;"#NE";-3;"#NE";-3;"#NE";"-3";"#NE"
"26/08/2026";"03:15:18";2022;546;40001609168;2;"DEFERIDO";1;"BRASILEIRA NATA";-3;"MANAUS";"44";"#NE";-3;"#NE";"3176572.53";"N";"N";"-1";"06002968420226040000";"2";"DEFERIDO";"2";"DEFERIDO";"SIM";"Válido";2;"DEFERIDO";"S";"N";-1;5;"2022-08-08 11:26:45";-3;"#NE";"-3";"#NE";"-3";"#NE";-3;"#NE";-3;"#NE";-3;"#NE";-3;"#NE";"-3";"#NE"
"26/08/2026";"03:15:18";2022;546;40001609210;2;"DEFERIDO";1;"BRASILEIRA NATA";-3;"MANAUS";"42";"#NE";-3;"#NE";"3176572.53";"N";"S";"-1";"06002820320226040000";"2";"DEFERIDO";"2";"DEFERIDO";"SIM";"Válido";2;"DEFERIDO";"S";"N";-1;-1;"2022-08-08 11:19:47";-3;"#NE";"-3";"#NE";"-3";"#NE";-3;"#NE";-3;"#NE";-3;"#NE";-3;"#NE";"-3";"#NE"
"26/08/2026";"03:15:18";2022;546;40001609195;2;"DEFERIDO";1;"BRASILEIRA NATA";-3;"ICÓ";"70";"#NE";-3;"#NE";"1270629.01";"N";"S";"-1";"06002552020226040000";"2";"DEFERIDO";"2";"DEFERIDO";"SIM";"Válido";2;"DEFERIDO";"S";"N";-1;6;"2022-08-08 11:16:57";-3;"#NE";"-3";"#NE";"-3";"#NE";-3;"#NE";-3;"#NE";-3;"#NE";-3;"#NE";"-3";"#NE"
"26/08/2026";"03:15:18";2022;546;40001618391;2;"DEFERIDO";1;"BRASILEIRA NATA";-3;"MANAUS";"45";"#NE";-3;"#NE";"1270629.01";"N";"S";"-1";"06004353620226040000";"2";"DEFERIDO";"2";"DEFERIDO";"SIM";"Válido";2;"DEFERIDO";"S";"N";-1;-1;"2022-08-10 09:15:12";-3;"#NE";"-3";"#NE";"-3";"#NE";-3;"#NE";-3;"#NE";-3;"#NE";-3;"#NE";"-3";"#NE"
"26/08/2026";"03:15:18";2022;546;40001718563;6;"RENÚNCIA";1;"BRASILEIRA NATA";-3;"MANAUS";"55";"#NE";-3;"#NE";"-1";"N";"S";"-1";"06008208120226040000";"-1";"#NULO";"-1";"#NULO";"NÃO";"#NULO";-1;"#NULO";"N";"S";-1;-1;"2022-08-15 12:39:37";-3;"#NE";"-3";"#NE";"-3";"#NE";-3;"#NE";-3;"#NE";-3;"#NE";-3;"#NE";"-3";"#NE"
"26/08/2026";"03:15:18";2022;546;40001633272;2;"DEFERIDO";1;"BRASILEIRA NATA";-3;"SÃO GABRIEL DA CACHOEIRA";"44";"#NE";-3;"#NE";"1270629.01";"N";"S";"-1";"06006362820226040000";"2";"DEFERIDO";"2";"DEFERIDO";"SIM";"Válido";2;"DEFERIDO";"S";"N";-1;7;"2022-08-11 07:47:59";-3;"#NE";"-3";"#NE";"-3";"#NE";-3;"#NE";-3;"#NE";-3;"#NE";-3;"#NE";"-3";"#NE"
"26/08/2026";"03:15:18";2022;546;40001734004;2;"DEFERIDO";1;"BRASILEIRA NATA";-3;"ITACOATIARA";"59";"#NE";-3;"#NE";"1270629.01";"N";"S";"-1";"06013291220226040000";"2";"DEFERIDO";"2";"DEFERIDO";"SIM";"Válido";2;"DEFERIDO";"S";"N";40001620689;14;"2022-09-03 13:41:26";-3;"#NE";"-3";"#NE";"-3";"#NE";-3;"#NE";-3;"#NE";-3;"#NE";-3;"#NE";"-3";"#NE"
"26/08/2026";"03:15:18";2022;546;40001620702;2;"DEFERIDO";1;"BRASILEIRA NATA";-3;"CAREIRO";"65";"#NE";-3;"#NE";"1270629.01";"N";"N";"-1";"06006025320226040000";"2";"DEFERIDO";"4";"INDEFERIDO COM RECURSO";"SIM";"Válido";2;"DEFERIDO";"S";"N";-1;2;"2022-08-10 15:50:27";-3;"#NE";"-3";"#NE";"-3";"#NE";-3;"#NE";-3;"#NE";-3;"#NE";-3;"#NE";"-3";"#NE"
"26/08/2026";"03:15:18";2022;546;40001620684;2;"DEFERIDO";1;"BRASILEIRA NATA";-3;"MANAUS";"50";"#NE";-3;"#NE";"1270629.01";"N";"N";"-1";"06005903920226040000";"2";"DEFERIDO";"2";"DEFERIDO";"SIM";"Válido";2;"DEFERIDO";"N";"N";-1;18;"2022-08-10 15:50:27";-3;"#NE";"-3";"#NE";"-3";"#NE";-3;"#NE";-3;"#NE";-3;"#NE";-3;"#NE";"-3";"#NE"
"26/08/2026";"03:15:18";2022;546;40001643943;2;"DEFERIDO";1;"BRASILEIRA NATA";-3;"ATALAIA DO NORTE";"51";"#NE";-3;"#NE";"1270629.01";"N";"S";"-1";"06007280620226040000";"2";"DEFERIDO";"2";"DEFERIDO";"SIM";"Válido";2;"DEFERIDO";"S";"N";-1;-1;"2022-08-11 17:06:17";-3;"#NE";"-3";"#NE";"-3";"#NE";-3;"#NE";-3;"#NE";-3;"#NE";-3;"#NE";"-3";"#NE"
"26/08/2026";"03:15:18";2022;546;40001643945;2;"DEFERIDO";1;"BRASILEIRA NATA";-3;"TERRA SANTA";"42";"#NE";-3;"#NE";"1270629.01";"N";"N";"-1";"06007445720226040000";"2";"DEFERIDO";"2";"DEFERIDO";"SIM";"Válido";2;"DEFERIDO";"S";"N";-1;-1;"2022-08-11 17:06:17";-3;"#NE";"-3";"#NE";"-3";"#NE";-3;"#NE";-3;"#NE";-3;"#NE";-3;"#NE";"-3";"#NE"
"26/08/2026";"03:15:18";2022;546;40001643936;6;"RENÚNCIA";1;"BRASILEIRA NATA";-3;"MANAUS";"35";"#NE";-3;"#NE";"3176572.53";"N";"S";"-1";"06007177420226040000";"6";"RENÚNCIA";"2";"DEFERIDO";"SIM";"Nulo técnico";6;"RENÚNCIA";"S";"N";-1;-1;"2022-08-12 10:04:01";-3;"#NE";"-3";"#NE";"-3";"#NE";-3;"#NE";-3;"#NE";-3;"#NE";-3;"#NE";"-3";"#NE"
"26/08/2026";"03:15:18";2022;546;40001615090;2;"DEFERIDO";1;"BRASILEIRA NATA";-3;"ORIXIMINÁ";"47";"#NE";-3;"#NE";"-1";"N";"S";"-1";"06003877720226040000";"2";"DEFERIDO";"2";"DEFERIDO";"SIM";"#NULO";2;"DEFERIDO";"N";"N";-1;1;"2022-08-09 16:55:41";-3;"#NE";"-3";"#NE";"-3";"#NE";-3;"#NE";-3;"#NE";-3;"#NE";-3;"#NE";"-3";"#NE"
"26/08/2026";"03:15:18";2022;546;40001633271;14;"INDEFERIDO";1;"BRASILEIRA NATA";-3;"ITACOATIARA";"38";"#NE";-3;"#NE";"1270629.01";"N";"S";"-1";"06006371320226040000";"4";"INDEFERIDO COM RECURSO";"4";"INDEFERIDO COM RECURSO";"SIM";"Anulado sub judice";4;"INDEFERIDO COM RECURSO";"S";"N";-1;-1;"2022-08-11 07:47:59";-3;"#NE";"-3";"#NE";"-3";"#NE";-3;"#NE";-3;"#NE";-3;"#NE";-3;"#NE";"-3";"#NE"
"26/08/2026";"03:15:18";2022;546;40001609382;4;"INDEFERIDO COM RECURSO";1;"BRASILEIRA NATA";-3;"SANTO ANTÔNIO DO IÇÁ";"49";"#NE";-3;"#NE";"3176572.53";"N";"S";"-1";"06003392120226040000";"4";"INDEFERIDO COM RECURSO";"4";"INDEFERIDO COM RECURSO";"SIM";"Anulado sub judice";4;"INDEFERIDO COM RECURSO";"S";"N";-1;-1;"2022-08-08 11:36:20";-3;"#NE";"-3";"#NE";"-3";"#NE";-3;"#NE";-3;"#NE";-3;"#NE";-3;"#NE";"-3";"#NE"
"26/08/2026";"03:15:18";2022;546;40001718583;2;"DEFERIDO";1;"BRASILEIRA NATA";-3;"MANAUS";"43";"#NE";-3;"#NE";"1270629.01";"N";"S";"-1";"06008311320226040000";"2";"DEFERIDO";"2";"DEFERIDO";"SIM";"Válido";2;"DEFERIDO";"S";"N";-1;-1;"2022-08-15 12:39:18";-3;"#NE";"-3";"#NE";"-3";"#NE";-3;"#NE";-3;"#NE";-3;"#NE";-3;"#NE";"-3";"#NE"
"26/08/2026";"03:15:18";2022;546;40001718581;2;"DEFERIDO";1;"BRASILEIRA NATA";-3;"COARI";"65";"#NE";-3;"#NE";"1270629.01";"N";"S";"-1";"06008329520226040000";"2";"DEFERIDO";"2";"DEFERIDO";"SIM";"Válido";2;"DEFERIDO";"S";"N";-1;-1;"2022-08-15 12:39:18";-3;"#NE";"-3";"#NE";"-3";"#NE";-3;"#NE";-3;"#NE";-3;"#NE";-3;"#NE";"-3";"#NE"
"26/08/2026";"03:15:18";2022;546;40001671797;14;"INDEFERIDO";1;"BRASILEIRA NATA";-3;"ITACOATIARA";"35";"#NE";-3;"#NE";"3176572.53";"N";"S";"-1";"06009186620226040000";"-1";"#NULO";"-1";"#NULO";"NÃO";"#NULO";-1;"#NULO";"N";"N";-1;-1;"2022-08-13 13:23:31";-3;"#NE";"-3";"#NE";"-3";"#NE";-3;"#NE";-3;"#NE";-3;"#NE";-3;"#NE";"-3";"#NE"
"26/08/2026";"03:15:18";2022;546;40001719228;2;"DEFERIDO";1;"BRASILEIRA NATA";-3;"RIO BRANCO";"55";"#NE";-3;"#NE";"3176572.53";"N";"S";"-1";"06008562620226040000";"2";"DEFERIDO";"2";"DEFERIDO";"SIM";"Válido";2;"DEFERIDO";"S";"N";-1;-1;"2022-08-15 13:14:23";-3;"#NE";"-3";"#NE";"-3";"#NE";-3;"#NE";-3;"#NE";-3;"#NE";-3;"#NE";"-3";"#NE"
"26/08/2026";"03:15:18";2022;546;40001643218;2;"DEFERIDO";1;"BRASILEIRA NATA";-3;"MANAUS";"44";"#NE";-3;"#NE";"3176572.53";"N";"N";"-1";"06006943120226040000";"2";"DEFERIDO";"2";"DEFERIDO";"SIM";"Válido";2;"DEFERIDO";"S";"N";-1;-1;"2022-08-12 10:02:37";-3;"#NE";"-3";"#NE";"-3";"#NE";-3;"#NE";-3;"#NE";-3;"#NE";-3;"#NE";"-3";"#NE"
"26/08/2026";"03:15:18";2022;546;40001609324;2;"DEFERIDO";1;"BRASILEIRA NATA";-3;"RIO DE JANEIRO";"50";"#NE";-3;"#NE";"1270629.01";"S";"S";"-1";"06003201520226040000";"2";"DEFERIDO";"2";"DEFERIDO";"SIM";"Válido";2;"DEFERIDO";"S";"N";-1;-1;"2022-08-08 11:35:47";-3;"#NE";"-3";"#NE";"-3";"#NE";-3;"#NE";-3;"#NE";-3;"#NE";-3;"#NE";"-3";"#NE"
"26/08/2026";"03:15:18";2022;546;40001671689;2;"DEFERIDO";1;"BRASILEIRA NATA";-3;"BRASILÉIA";"56";"#NE";-3;"#NE";"1270629.01";"N";"S";"-1";"06007860920226040000";"2";"DEFERIDO";"2";"DEFERIDO";"SIM";"Válido";2;"DEFERIDO";"S";"N";-1;-1;"2022-08-13 13:23:05";-3;"#NE";"-3";"#NE";"-3";"#NE";-3;"#NE";-3;"#NE";-3;"#NE";-3;"#NE";"-3";"#NE"
"26/08/2026";"03:15:18";2022;546;40001618346;2;"DEFERIDO";1;"BRASILEIRA NATA";-3;"MANAUS";"45";"#NE";-3;"#NE";"1270629.01";"N";"S";"-1";"06004016120226040000";"2";"DEFERIDO";"2";"DEFERIDO";"SIM";"Válido";2;"DEFERIDO";"S";"N";-1;-1;"2022-08-10 09:17:10";-3;"#NE";"-3";"#NE";"-3";"#NE";-3;"#NE";-3;"#NE";-3;"#NE";-3;"#NE";"-3";"#NE"
"26/08/2026";"03:15:18";2022;546;40001618348;2;"DEFERIDO";1;"BRASILEIRA NATA";-3;"MANAUS";"57";"#NE";-3;"#NE";"1270629.01";"N";"N";"-1";"06004076820226040000";"2";"DEFERIDO";"2";"DEFERIDO";"SIM";"Válido";2;"DEFERIDO";"S";"N";-1;-1;"2022-08-10 09:17:10";-3;"#NE";"-3";"#NE";"-3";"#NE";-3;"#NE";-3;"#NE";-3;"#NE";-3;"#NE";"-3";"#NE"
"26/08/2026";"03:15:18";2022;546;40001600312;2;"DEFERIDO";1;"BRASILEIRA NATA";-3;"MANAUS";"40";"#NE";-3;"#NE";"1270629.01";"N";"S";"-1";"06002266720226040000";"2";"DEFERIDO";"2";"DEFERIDO";"SIM";"Válido";2;"DEFERIDO";"S";"N";-1;3;"2022-08-01 10:39:35";-3;"#NE";"-3";"#NE";"-3";"#NE";-3;"#NE";-3;"#NE";-3;"#NE";-3;"#NE";"-3";"#NE"
"26/08/2026";"03:15:18";2022;546;40001633261;2;"DEFERIDO";1;"BRASILEIRA NATA";-3;"ITAPIPOCA";"70";"#NE";-3;"#NE";"1270629.01";"N";"S";"-1";"06006232920226040000";"2";"DEFERIDO";"2";"DEFERIDO";"SIM";"Válido";2;"DEFERIDO";"S";"N";-1;2;"2022-08-11 07:47:59";-3;"#NE";"-3";"#NE";"-3";"#NE";-3;"#NE";-3;"#NE";-3;"#NE";-3;"#NE";"-3";"#NE"
"26/08/2026";"03:15:18";2022;546;40001633257;2;"DEFERIDO";1;"BRASILEIRA NATA";-3;"TEFÉ";"38";"#NE";-3;"#NE";"1270629.01";"S";"S";"-1";"06006172220226040000";"2";"DEFERIDO";"2";"DEFERIDO";"SIM";"Válido";2;"DEFERIDO";"S";"N";-1;-1;"2022-08-11 07:47:59";-3;"#NE";"-3";"#NE";"-3";"#NE";-3;"#NE";-3;"#NE";-3;"#NE";-3;"#NE";"-3";"#NE"
"26/08/2026";"03:15:18";2022;546;40001724651;2;"DEFERIDO";1;"BRASILEIRA NATA";-3;"MANAUS";"46";"#NE";-3;"#NE";"1270629.01";"N";"N";"-1";"06009446420226040000";"2";"DEFERIDO";"2";"DEFERIDO";"SIM";"Válido";2;"DEFERIDO";"S";"N";-1;-1;"2022-08-17 14:08:41";-3;"#NE";"-3";"#NE";"-3";"#NE";-3;"#NE";-3;"#NE";-3;"#NE";-3;"#NE";"-3";"#NE"
"26/08/2026";"03:15:18";2022;546;40001620681;2;"DEFERIDO";1;"BRASILEIRA NATA";-3;"SALVADOR";"41";"#NE";-3;"#NE";"1270629.01";"N";"S";"-1";"06005860220226040000";"2";"DEFERIDO";"2";"DEFERIDO";"SIM";"Válido";2;"DEFERIDO";"S";"N";-1;11;"2022-08-10 15:50:27";-3;"#NE";"-3";"#NE";"-3";"#NE";-3;"#NE";-3;"#NE";-3;"#NE";-3;"#NE";"-3";"#NE"
"26/08/2026";"03:15:18";2022;546;40001618659;2;"DEFERIDO";1;"BRASILEIRA NATA";-3;"BOCA DO ACRE";"52";"#NE";-3;"#NE";"1270629.01";"N";"S";"-1";"06005298120226040000";"2";"DEFERIDO";"2";"DEFERIDO";"SIM";"Válido";2;"DEFERIDO";"S";"N";-1;4;"2022-08-10 09:56:37";-3;"#NE";"-3";"#NE";"-3";"#NE";-3;"#NE";-3;"#NE";-3;"#NE";-3;"#NE";"-3";"#NE"
"26/08/2026";"03:15:18";2022;546;40001618655;2;"DEFERIDO";1;"BRASILEIRA NATA";-3;"COARI";"31";"#NE";-3;"#NE";"1270629.01";"N";"S";"-1";"06005392820226040000";"2";"DEFERIDO";"2";"DEFERIDO";"SIM";"Válido";2;"DEFERIDO";"S";"N";-1;11;"2022-08-10 09:56:37";-3;"#NE";"-3";"#NE";"-3";"#NE";-3;"#NE";-3;"#NE";-3;"#NE";-3;"#NE";"-3";"#NE"
"26/08/2026";"03:15:18";2022;546;40001650499;2;"DEFERIDO";1;"BRASILEIRA NATA";-3;"ÓBIDOS";"63";"#NE";-3;"#NE";"1270629.01";"N";"S";"-1";"06007688520226040000";"2";"DEFERIDO";"2";"DEFERIDO";"SIM";"Válido";2;"DEFERIDO";"S";"N";-1;4;"2022-08-12 16:22:42";-3;"#NE";"-3";"#NE";"-3";"#NE";-3;"#NE";-3;"#NE";-3;"#NE";-3;"#NE";"-3";"#NE"
"26/08/2026";"03:15:18";2022;546;40001650505;2;"DEFERIDO";1;"BRASILEIRA NATA";-3;"PARINTINS";"53";"#NE";-3;"#NE";"1270629.01";"N";"S";"-1";"06007636320226040000";"2";"DEFERIDO";"2";"DEFERIDO";"SIM";"Válido";2;"DEFERIDO";"S";"N";-1;13;"2022-08-12 16:22:42";-3;"#NE";"-3";"#NE";"-3";"#NE";-3;"#NE";-3;"#NE";-3;"#NE";-3;"#NE";"-3";"#NE"
"26/08/2026";"03:15:18";2022;546;40001643942;2;"DEFERIDO";1;"BRASILEIRA NATA";-3;"SANTARÉM";"45";"#NE";-3;"#NE";"1270629.01";"N";"N";"-1";"06007376520226040000";"2";"DEFERIDO";"2";"DEFERIDO";"SIM";"Válido";2;"DEFERIDO";"S";"N";-1;-1;"2022-08-11 17:06:17";-3;"#NE";"-3";"#NE";"-3";"#NE";-3;"#NE";-3;"#NE";-3;"#NE";-3;"#NE";"-3";"#NE"
"26/08/2026";"03:15:18";2022;546;40001618491;2;"DEFERIDO";1;"BRASILEIRA NATA";-3;"TABATINGA";"45";"#NE";-3;"#NE";"1270629.01";"N";"S";"-1";"06005176720226040000";"2";"DEFERIDO";"2";"DEFERIDO";"SIM";"Válido";2;"DEFERIDO";"S";"N";-1;-1;"2022-08-10 09:18:30";-3;"#NE";"-3";"#NE";"-3";"#NE";-3;"#NE";-3;"#NE";-3;"#NE";-3;"#NE";"-3";"#NE"
"26/08/2026";"03:15:18";2022;546;40001609326;14;"INDEFERIDO";1;"BRASILEIRA NATA";-3;"MANAUS";"36";"#NE";-3;"#NE";"1270629.01";"N";"S";"-1";"06003193020226040000";"4";"INDEFERIDO COM RECURSO";"4";"INDEFERIDO COM RECURSO";"SIM";"Anulado sub judice";4;"INDEFERIDO COM RECURSO";"S";"N";-1;-1;"2022-08-08 11:35:47";-3;"#NE";"-3";"#NE";"-3";"#NE";-3;"#NE";-3;"#NE";-3;"#NE";-3;"#NE";"-3";"#NE"
"26/08/2026";"03:15:18";2022;546;40001719167;2;"DEFERIDO";1;"BRASILEIRA NATA";-3;"CARAUARI";"55";"#NE";-3;"#NE";"-1";"N";"S";"-1";"06008459420226040000";"2";"DEFERIDO";"2";"DEFERIDO";"SIM";"#NULO";2;"DEFERIDO";"N";"N";-1;1;"2022-08-15 13:13:57";-3;"#NE";"-3";"#NE";"-3";"#NE";-3;"#NE";-3;"#NE";-3;"#NE";-3;"#NE";"-3";"#NE"
"26/08/2026";"03:15:18";2022;546;40001718566;2;"DEFERIDO";1;"BRASILEIRA NATA";-3;"MANAUS";"48";"#NE";-3;"#NE";"3176572.53";"N";"S";"-1";"06008372020226040000";"2";"DEFERIDO";"2";"DEFERIDO";"SIM";"Válido";2;"DEFERIDO";"S";"N";-1;-1;"2022-08-15 12:38:33";-3;"#NE";"-3";"#NE";"-3";"#NE";-3;"#NE";-3;"#NE";-3;"#NE";-3;"#NE";"-3";"#NE"
"26/08/2026";"03:15:18";2022;546;40001719234;2;"DEFERIDO";1;"BRASILEIRA NATA";-3;"MANAUS";"44";"#NE";-3;"#NE";"3176572.53";"N";"S";"-1";"06008589320226040000";"2";"DEFERIDO";"2";"DEFERIDO";"SIM";"Válido";2;"DEFERIDO";"S";"N";-1;-1;"2022-08-15 13:14:23";-3;"#NE";"-3";"#NE";"-3";"#NE";-3;"#NE";-3;"#NE";-3;"#NE";-3;"#NE";"-3";"#NE"
"26/08/2026";"03:15:18";2022;546;40001609253;2;"DEFERIDO";1;"BRASILEIRA NATA";-3;"MANAUS";"47";"#NE";-3;"#NE";"3176572.53";"N";"S";"-1";"06003029120226040000";"2";"DEFERIDO";"2";"DEFERIDO";"SIM";"Válido";2;"DEFERIDO";"S";"N";-1;-1;"2022-08-08 11:27:45";-3;"#NE";"-3";"#NE";"-3";"#NE";-3;"#NE";-3;"#NE";-3;"#NE";-3;"#NE";"-3";"#NE"
"26/08/2026";"03:15:18";2022;546;40001609252;2;"DEFERIDO";1;"BRASILEIRA NATA";-3;"MANAUS";"52";"#NE";-3;"#NE";"3176572.53";"N";"S";"-1";"06003010920226040000";"2";"DEFERIDO";"2";"DEFERIDO";"SIM";"Válido";2;"DEFERIDO";"S";"N";-1;-1;"2022-08-08 11:27:45";-3;"#NE";"-3";"#NE";"-3";"#NE";-3;"#NE";-3;"#NE";-3;"#NE";-3;"#NE";"-3";"#NE"
"26/08/2026";"03:15:18";2022;546;40001618509;2;"DEFERIDO";1;"BRASILEIRA NATA";-3;"MANAUS";"57";"#NE";-3;"#NE";"3176572.53";"N";"S";"-1";"06005063820226040000";"2";"DEFERIDO";"2";"DEFERIDO";"SIM";"Válido";2;"DEFERIDO";"S";"N";-1;-1;"2022-08-10 09:15:39";-3;"#NE";"-3";"#NE";"-3";"#NE";-3;"#NE";-3;"#NE";-3;"#NE";-3;"#NE";"-3";"#NE"
"26/08/2026";"03:15:18";2022;546;40001643938;2;"DEFERIDO";1;"BRASILEIRA NATA";-3;"MANAUS";"63";"#NE";-3;"#NE";"3176572.53";"N";"N";"-1";"06007168920226040000";"2";"DEFERIDO";"2";"DEFERIDO";"SIM";"Válido";2;"DEFERIDO";"S";"N";-1;-1;"2022-08-12 10:04:01";-3;"#NE";"-3";"#NE";"-3";"#NE";-3;"#NE";-3;"#NE";-3;"#NE";-3;"#NE";"-3";"#NE"
"26/08/2026";"03:15:18";2022;546;40001719322;2;"DEFERIDO";1;"BRASILEIRA NATA";-3;"EIRUNEPÉ";"37";"#NE";-3;"#NE";"1270629.01";"N";"S";"-1";"06008830920226040000";"2";"DEFERIDO";"2";"DEFERIDO";"SIM";"Válido";2;"DEFERIDO";"S";"N";-1;9;"2022-08-15 13:18:38";-3;"#NE";"-3";"#NE";"-3";"#NE";-3;"#NE";-3;"#NE";-3;"#NE";-3;"#NE";"-3";"#NE"
"26/08/2026";"03:15:18";2022;546;40001609315;2;"DEFERIDO";1;"BRASILEIRA NATA";-3;"PORTO AMAZONAS";"37";"#NE";-3;"#NE";"1270629.01";"N";"S";"-1";"06003270720226040000";"2";"DEFERIDO";"2";"DEFERIDO";"SIM";"Válido";2;"DEFERIDO";"S";"N";-1;10;"2022-08-08 11:35:47";-3;"#NE";"-3";"#NE";"-3";"#NE";-3;"#NE";-3;"#NE";-3;"#NE";-3;"#NE";"-3";"#NE"
"26/08/2026";"03:15:18";2022;546;40001609323;2;"DEFERIDO";1;"BRASILEIRA NATA";-3;"PRESIDENTE PRUDENTE";"45";"#NE";-3;"#NE";"1270629.01";"N";"S";"-1";"06003219720226040000";"2";"DEFERIDO";"2";"DEFERIDO";"SIM";"Válido";2;"DEFERIDO";"S";"N";-1;17;"2022-08-08 11:35:47";-3;"#NE";"-3";"#NE";"-3";"#NE";-3;"#NE";-3;"#NE";-3;"#NE";-3;"#NE";"-3";"#NE"
"26/08/2026";"03:15:18";2022;546;40001671704;2;"DEFERIDO";1;"BRASILEIRA NATA";-3;"MANAUS";"56";"#NE";-3;"#NE";"1270629.01";"N";"S";"-1";"06008009020226040000";"2";"DEFERIDO";"2";"DEFERIDO";"SIM";"Válido";2;"DEFERIDO";"S";"N";-1;-1;"2022-08-13 13:23:05";-3;"#NE";"-3";"#NE";"-3";"#NE";-3;"#NE";-3;"#NE";-3;"#NE";-3;"#NE";"-3";"#NE"
"26/08/2026";"03:15:18";2022;546;40001719855;2;"DEFERIDO";1;"BRASILEIRA NATA";-3;"RIO DE JANEIRO";"46";"#NE";-3;"#NE";"1270629.01";"N";"S";"-1";"06009039720226040000";"2";"DEFERIDO";"17";"PENDENTE DE JULGAMENTO";"SIM";"Válido";2;"DEFERIDO";"S";"N";-1;-1;"2022-08-15 13:39:47";-3;"#NE";"-3";"#NE";"-3";"#NE";-3;"#NE";-3;"#NE";-3;"#NE";-3;"#NE";"-3";"#NE"
"26/08/2026";"03:15:18";2022;546;40001618352;2;"DEFERIDO";1;"BRASILEIRA NATA";-3;"LÁBREA";"60";"#NE";-3;"#NE";"1270629.01";"N";"S";"-1";"06004102320226040000";"2";"DEFERIDO";"2";"DEFERIDO";"SIM";"Válido";2;"DEFERIDO";"S";"N";-1;-1;"2022-08-10 09:17:10";-3;"#NE";"-3";"#NE";"-3";"#NE";-3;"#NE";-3;"#NE";-3;"#NE";-3;"#NE";"-3";"#NE"
"26/08/2026";"03:15:18";2022;546;40001738786;2;"DEFERIDO";1;"BRASILEIRA NATA";-3;"MANAUS";"64";"#NE";-3;"#NE";"1270629.01";"N";"S";"-1";"06016877420226040000";"2";"DEFERIDO";"17";"PENDENTE DE JULGAMENTO";"SIM";"Válido";2;"DEFERIDO";"S";"N";40001618361;-1;"2022-09-12 16:52:15";-3;"#NE";"-3";"#NE";"-3";"#NE";-3;"#NE";-3;"#NE";-3;"#NE";-3;"#NE";"-3";"#NE"
"26/08/2026";"03:15:18";2022;546;40001600299;2;"DEFERIDO";1;"BRASILEIRA NATA";-3;"MANAUS";"62";"#NE";-3;"#NE";"1270629.01";"N";"S";"-1";"06002170820226040000";"2";"DEFERIDO";"2";"DEFERIDO";"SIM";"Válido";2;"DEFERIDO";"S";"N";-1;12;"2022-08-01 10:39:35";-3;"#NE";"-3";"#NE";"-3";"#NE";-3;"#NE";-3;"#NE";-3;"#NE";-3;"#NE";"-3";"#NE"
"26/08/2026";"03:15:18";2022;546;40001609197;2;"DEFERIDO";1;"BRASILEIRA NATA";-3;"MANAUS";"58";"#NE";-3;"#NE";"1270629.01";"N";"S";"-1";"06002777820226040000";"2";"DEFERIDO";"2";"DEFERIDO";"SIM";"Válido";2;"DEFERIDO";"S";"N";-1;20;"2022-08-08 11:16:57";-3;"#NE";"-3";"#NE";"-3";"#NE";-3;"#NE";-3;"#NE";-3;"#NE";-3;"#NE";"-3";"#NE"
"26/08/2026";"03:15:18";2022;546;40001732915;2;"DEFERIDO";1;"BRASILEIRA NATA";-3;"MANAUS";"33";"#NE";-3;"#NE";"1270629.01";"N";"N";"-1";"06012771620226040000";"2";"DEFERIDO";"2";"DEFERIDO";"SIM";"Válido";2;"DEFERIDO";"S";"N";40001618677;16;"2022-09-01 15:27:49";-3;"#NE";"-3";"#NE";"-3";"#NE";-3;"#NE";-3;"#NE";-3;"#NE";-3;"#NE";"-3";"#NE"
"26/08/2026";"03:15:18";2022;546;40001618656;2;"DEFERIDO";1;"BRASILEIRA NATA";-3;"MANAUS";"55";"#NE";-3;"#NE";"1270629.01";"N";"S";"-1";"06005453520226040000";"2";"DEFERIDO";"2";"DEFERIDO";"SIM";"Válido";2;"DEFERIDO";"S";"N";-1;19;"2022-08-10 09:56:37";-3;"#NE";"-3";"#NE";"-3";"#NE";-3;"#NE";-3;"#NE";-3;"#NE";-3;"#NE";"-3";"#NE"
"26/08/2026";"03:15:18";2022;546;40001643964;2;"DEFERIDO";1;"BRASILEIRA NATA";-3;"MONTE ALEGRE";"44";"#NE";-3;"#NE";"1270629.01";"N";"S";"-1";"06007298820226040000";"2";"DEFERIDO";"2";"DEFERIDO";"SIM";"Válido";2;"DEFERIDO";"S";"N";-1;-1;"2022-08-11 17:06:17";-3;"#NE";"-3";"#NE";"-3";"#NE";-3;"#NE";-3;"#NE";-3;"#NE";-3;"#NE";"-3";"#NE"
"26/08/2026";"03:15:18";2022;546;40001618367;2;"DEFERIDO";1;"BRASILEIRA NATA";-3;"ALENQUER";"37";"#NE";-3;"#NE";"3176572.53";"N";"S";"-1";"06004422820226040000";"2";"DEFERIDO";"2";"DEFERIDO";"SIM";"Válido";2;"DEFERIDO";"S";"N";-1;-1;"2022-08-10 09:16:06";-3;"#NE";"-3";"#NE";"-3";"#NE";-3;"#NE";-3;"#NE";-3;"#NE";-3;"#NE";"-3";"#NE"
"26/08/2026";"03:15:18";2022;546;40001612950;2;"DEFERIDO";1;"BRASILEIRA NATA";-3;"MARTINS";"70";"#NE";-3;"#NE";"3176572.53";"N";"S";"-1";"06003756320226040000";"2";"DEFERIDO";"2";"DEFERIDO";"SIM";"Válido";2;"DEFERIDO";"S";"N";-1;1;"2022-08-09 08:09:39";-3;"#NE";"-3";"#NE";"-3";"#NE";-3;"#NE";-3;"#NE";-3;"#NE";-3;"#NE";"-3";"#NE"
"26/08/2026";"03:15:18";2022;546;40001719164;2;"DEFERIDO";1;"BRASILEIRA NATA";-3;"GUAJARÁ-MIRIM";"62";"#NE";-3;"#NE";"3176572.53";"N";"S";"-1";"06008510420226040000";"2";"DEFERIDO";"2";"DEFERIDO";"SIM";"Válido";2;"DEFERIDO";"S";"N";-1;2;"2022-08-15 13:13:45";-3;"#NE";"-3";"#NE";"-3";"#NE";-3;"#NE";-3;"#NE";-3;"#NE";-3;"#NE";"-3";"#NE"
"26/08/2026";"03:15:18";2022;546;40001618452;2;"DEFERIDO";1;"BRASILEIRA NATA";-3;"TERESINA";"48";"#NE";-3;"#NE";"3176572.53";"N";"S";"-1";"06004648620226040000";"2";"DEFERIDO";"2";"DEFERIDO";"SIM";"Válido";2;"DEFERIDO";"S";"N";-1;5;"2022-08-10 09:18:57";-3;"#NE";"-3";"#NE";"-3";"#NE";-3;"#NE";-3;"#NE";-3;"#NE";-3;"#NE";"-3";"#NE"
"26/08/2026";"03:15:18";2022;546;40001612918;2;"DEFERIDO";1;"BRASILEIRA NATA";-3;"MANAUS";"38";"#NE";-3;"#NE";"1270629.01";"N";"S";"-1";"06003530520226040000";"2";"DEFERIDO";"2";"DEFERIDO";"SIM";"Válido";2;"DEFERIDO";"S";"N";-1;12;"2022-08-09 08:08:23";-3;"#NE";"-3";"#NE";"-3";"#NE";-3;"#NE";-3;"#NE";-3;"#NE";-3;"#NE";"-3";"#NE"
"26/08/2026";"03:15:18";2022;546;40001671691;2;"DEFERIDO";1;"BRASILEIRA NATA";-3;"MANAUS";"46";"#NE";-3;"#NE";"1270629.01";"N";"S";"-1";"06007913120226040000";"2";"DEFERIDO";"2";"DEFERIDO";"SIM";"Válido";2;"DEFERIDO";"S";"N";-1;-1;"2022-08-13 13:23:05";-3;"#NE";"-3";"#NE";"-3";"#NE";-3;"#NE";-3;"#NE";-3;"#NE";-3;"#NE";"-3";"#NE"
"26/08/2026";"03:15:18";2022;546;40001671686;2;"DEFERIDO";1;"BRASILEIRA NATA";-3;"MANAUS";"44";"#NE";-3;"#NE";"1270629.01";"N";"S";"-1";"06007921620226040000";"2";"DEFERIDO";"2";"DEFERIDO";"SIM";"Válido";2;"DEFERIDO";"S";"N";-1;-1;"2022-08-13 13:23:05";-3;"#NE";"-3";"#NE";"-3";"#NE";-3;"#NE";-3;"#NE";-3;"#NE";-3;"#NE";"-3";"#NE"
"26/08/2026";"03:15:18";2022;546;40001618502;2;"DEFERIDO";1;"BRASILEIRA NATA";-3;"COARI";"43";"#NE";-3;"#NE";"1270629.01";"N";"S";"-1";"06004795520226040000";"2";"DEFERIDO";"2";"DEFERIDO";"SIM";"Válido";2;"DEFERIDO";"S";"N";-1;-1;"2022-08-10 09:18:30";-3;"#NE";"-3";"#NE";"-3";"#NE";-3;"#NE";-3;"#NE";-3;"#NE";-3;"#NE";"-3";"#NE"
"26/08/2026";"03:15:18";2022;546;40001618490;2;"DEFERIDO";1;"BRASILEIRA NATA";-3;"MANAUS";"49";"#NE";-3;"#NE";"1270629.01";"N";"S";"-1";"06005254420226040000";"2";"DEFERIDO";"2";"DEFERIDO";"SIM";"Válido";2;"DEFERIDO";"S";"N";-1;-1;"2022-08-10 09:18:30";-3;"#NE";"-3";"#NE";"-3";"#NE";-3;"#NE";-3;"#NE";-3;"#NE";-3;"#NE";"-3";"#NE"
"26/08/2026";"03:15:18";2022;546;40001618488;2;"DEFERIDO";1;"BRASILEIRA NATA";-3;"RIO DE JANEIRO";"47";"#NE";-3;"#NE";"1270629.01";"N";"S";"-1";"06004812520226040000";"2";"DEFERIDO";"2";"DEFERIDO";"SIM";"Válido";2;"DEFERIDO";"S";"N";-1;-1;"2022-08-10 09:18:30";-3;"#NE";"-3";"#NE";"-3";"#NE";-3;"#NE";-3;"#NE";-3;"#NE";-3;"#NE";"-3";"#NE"
"26/08/2026";"03:15:18";2022;546;40001620682;4;"INDEFERIDO COM RECURSO";1;"BRASILEIRA NATA";-3;"PEDREIRAS";"52";"#NE";-3;"#NE";"1270629.01";"N";"N";"-1";"06005851720226040000";"4";"INDEFERIDO COM RECURSO";"4";"INDEFERIDO COM RECURSO";"SIM";"Anulado sub judice";4;"INDEFERIDO COM RECURSO";"N";"N";-1;-1;"2022-08-10 15:50:27";-3;"#NE";"-3";"#NE";"-3";"#NE";-3;"#NE";-3;"#NE";-3;"#NE";-3;"#NE";"-3";"#NE"
"26/08/2026";"03:15:18";2022;546;40001633343;2;"DEFERIDO";1;"BRASILEIRA NATA";-3;"ITACOATIARA";"54";"#NE";-3;"#NE";"1270629.01";"N";"S";"-1";"06006631120226040000";"2";"DEFERIDO";"2";"DEFERIDO";"SIM";"Válido";2;"DEFERIDO";"S";"N";-1;13;"2022-08-11 07:49:34";-3;"#NE";"-3";"#NE";"-3";"#NE";-3;"#NE";-3;"#NE";-3;"#NE";-3;"#NE";"-3";"#NE"
"26/08/2026";"03:15:18";2022;546;40001633326;2;"DEFERIDO";1;"BRASILEIRA NATA";-3;"MANAUS";"41";"#NE";-3;"#NE";"1270629.01";"N";"S";"-1";"06006527920226040000";"2";"DEFERIDO";"2";"DEFERIDO";"SIM";"Válido";2;"DEFERIDO";"S";"N";-1;8;"2022-08-11 07:49:34";-3;"#NE";"-3";"#NE";"-3";"#NE";-3;"#NE";-3;"#NE";-3;"#NE";-3;"#NE";"-3";"#NE"
"26/08/2026";"03:15:18";2022;546;40001671690;14;"INDEFERIDO";1;"BRASILEIRA NATA";-3;"MACEIÓ";"48";"#NE";-3;"#NE";"1270629.01";"N";"S";"-1";"06007843920226040000";"-1";"#NULO";"-1";"#NULO";"NÃO";"#NULO";-1;"#NULO";"N";"N";-1;-1;"2022-08-13 13:23:05";-3;"#NE";"-3";"#NE";"-3";"#NE";-3;"#NE";-3;"#NE";-3;"#NE";-3;"#NE";"-3";"#NE"
"26/08/2026";"03:15:18";2022;546;40001718572;2;"DEFERIDO";1;"BRASILEIRA NATA";-3;"MANAUS";"45";"#NE";-3;"#NE";"3176572.53";"N";"S";"-1";"06008415720226040000";"2";"DEFERIDO";"2";"DEFERIDO";"SIM";"Válido";2;"DEFERIDO";"S";"N";-1;-1;"2022-08-15 12:38:33";-3;"#NE";"-3";"#NE";"-3";"#NE";-3;"#NE";-3;"#NE";-3;"#NE";-3;"#NE";"-3";"#NE"
"26/08/2026";"03:15:18";2022;546;40001719160;2;"DEFERIDO";1;"BRASILEIRA NATA";-3;"MANAUS";"63";"#NE";-3;"#NE";"3176572.53";"N";"N";"-1";"06008501920226040000";"2";"DEFERIDO";"2";"DEFERIDO";"SIM";"Válido";2;"DEFERIDO";"S";"N";-1;6;"2022-08-15 13:13:45";-3;"#NE";"-3";"#NE";"-3";"#NE";-3;"#NE";-3;"#NE";-3;"#NE";-3;"#NE";"-3";"#NE"
"26/08/2026";"03:15:18";2022;546;40001731074;2;"DEFERIDO";1;"BRASILEIRA NATA";-3;"MANAUS";"59";"#NE";-3;"#NE";"3176572.53";"N";"N";"-1";"06011776120226040000";"2";"DEFERIDO";"2";"DEFERIDO";"SIM";"Válido";2;"DEFERIDO";"S";"N";-1;4;"2022-08-29 08:19:16";-3;"#NE";"-3";"#NE";"-3";"#NE";-3;"#NE";-3;"#NE";-3;"#NE";-3;"#NE";"-3";"#NE"
"26/08/2026";"03:15:18";2022;546;40001618448;2;"DEFERIDO";1;"BRASILEIRA NATA";-3;"MANAUS";"46";"#NE";-3;"#NE";"3176572.53";"S";"S";"-1";"06004630420226040000";"2";"DEFERIDO";"2";"DEFERIDO";"SIM";"Válido";2;"DEFERIDO";"S";"N";-1;2;"2022-08-10 09:18:57";-3;"#NE";"-3";"#NE";"-3";"#NE";-3;"#NE";-3;"#NE";-3;"#NE";-3;"#NE";"-3";"#NE"
"26/08/2026";"03:15:18";2022;546;40001718561;2;"DEFERIDO";1;"BRASILEIRA NATA";-3;"CARUARU";"69";"#NE";-3;"#NE";"3811887.03";"N";"S";"-1";"06008199620226040000";"2";"DEFERIDO";"17";"PENDENTE DE JULGAMENTO";"SIM";"Válido";2;"DEFERIDO";"S";"N";-1;-1;"2022-08-15 12:39:37";-3;"#NE";"-3";"#NE";"-3";"#NE";-3;"#NE";-3;"#NE";-3;"#NE";-3;"#NE";"-3";"#NE"
"26/08/2026";"03:15:18";2022;546;40001612909;2;"DEFERIDO";1;"BRASILEIRA NATA";-3;"MANACAPURU";"47";"#NE";-3;"#NE";"1270629.01";"N";"S";"-1";"06003574220226040000";"2";"DEFERIDO";"2";"DEFERIDO";"SIM";"Válido";2;"DEFERIDO";"S";"N";-1;-1;"2022-08-09 08:08:23";-3;"#NE";"-3";"#NE";"-3";"#NE";-3;"#NE";-3;"#NE";-3;"#NE";-3;"#NE";"-3";"#NE"
"26/08/2026";"03:15:18";2022;546;40001609328;2;"DEFERIDO";1;"BRASILEIRA NATA";-3;"CAREIRO";"42";"#NE";-3;"#NE";"1270629.01";"N";"N";"-1";"06003228220226040000";"2";"DEFERIDO";"2";"DEFERIDO";"SIM";"Válido";2;"DEFERIDO";"S";"N";-1;1;"2022-08-08 11:35:47";-3;"#NE";"-3";"#NE";"-3";"#NE";-3;"#NE";-3;"#NE";-3;"#NE";-3;"#NE";"-3";"#NE"
"26/08/2026";"03:15:18";2022;546;40001719237;2;"DEFERIDO";1;"BRASILEIRA NATA";-3;"RIO DE JANEIRO";"62";"#NE";-3;"#NE";"1270629.01";"N";"N";"-1";"06008701020226040000";"2";"DEFERIDO";"2";"DEFERIDO";"SIM";"Válido";2;"DEFERIDO";"S";"N";-1;-1;"2022-08-15 13:15:15";-3;"#NE";"-3";"#NE";"-3";"#NE";-3;"#NE";-3;"#NE";-3;"#NE";-3;"#NE";"-3";"#NE"
"26/08/2026";"03:15:18";2022;546;40001618351;2;"DEFERIDO";1;"BRASILEIRA NATA";-3;"MANAUS";"40";"#NE";-3;"#NE";"1270629.01";"N";"N";"-1";"06003999120226040000";"2";"DEFERIDO";"2";"DEFERIDO";"SIM";"Válido";2;"DEFERIDO";"S";"N";-1;-1;"2022-08-10 09:17:10";-3;"#NE";"-3";"#NE";"-3";"#NE";-3;"#NE";-3;"#NE";-3;"#NE";-3;"#NE";"-3";"#NE"
"26/08/2026";"03:15:18";2022;546;40001600298;2;"DEFERIDO";1;"BRASILEIRA NATA";-3;"MANAUS";"25";"#NE";-3;"#NE";"1270629.01";"N";"S";"-1";"06002189020226040000";"2";"DEFERIDO";"2";"DEFERIDO";"SIM";"Válido";2;"DEFERIDO";"S";"N";-1;2;"2022-08-01 10:39:35";-3;"#NE";"-3";"#NE";"-3";"#NE";-3;"#NE";-3;"#NE";-3;"#NE";-3;"#NE";"-3";"#NE"
"26/08/2026";"03:15:18";2022;546;40001618483;2;"DEFERIDO";1;"BRASILEIRA NATA";-3;"MANAUS";"43";"#NE";-3;"#NE";"1270629.01";"N";"S";"-1";"06004760320226040000";"2";"DEFERIDO";"2";"DEFERIDO";"SIM";"Válido";2;"DEFERIDO";"S";"N";-1;-1;"2022-08-10 09:18:30";-3;"#NE";"-3";"#NE";"-3";"#NE";-3;"#NE";-3;"#NE";-3;"#NE";-3;"#NE";"-3";"#NE"
"26/08/2026";"03:15:18";2022;546;40001620703;2;"DEFERIDO";1;"BRASILEIRA NATA";-3;"MANAUS";"39";"#NE";-3;"#NE";"1270629.01";"N";"N";"-1";"06005956120226040000";"2";"DEFERIDO";"2";"DEFERIDO";"SIM";"Válido";2;"DEFERIDO";"S";"N";-1;19;"2022-08-10 15:50:27";-3;"#NE";"-3";"#NE";"-3";"#NE";-3;"#NE";-3;"#NE";-3;"#NE";-3;"#NE";"-3";"#NE"
"26/08/2026";"03:15:18";2022;546;40001643709;2;"DEFERIDO";1;"BRASILEIRA NATA";-3;"FARROUPILHA";"66";"#NE";-3;"#NE";"-1";"N";"S";"-1";"06007125220226040000";"2";"DEFERIDO";"2";"DEFERIDO";"SIM";"#NULO";2;"DEFERIDO";"N";"N";-1;2;"2022-08-12 10:03:24";-3;"#NE";"-3";"#NE";"-3";"#NE";-3;"#NE";-3;"#NE";-3;"#NE";-3;"#NE";"-3";"#NE"
"26/08/2026";"03:15:18";2022;546;40001717073;14;"INDEFERIDO";1;"BRASILEIRA NATA";-3;"ALTAMIRA";"44";"#NE";-3;"#NE";"1270629.01";"N";"S";"-1";"06009471920226040000";"-1";"#NULO";"-1";"#NULO";"NÃO";"#NULO";-1;"#NULO";"N";"N";-1;-1;"2022-08-15 11:41:13";-3;"#NE";"-3";"#NE";"-3";"#NE";-3;"#NE";-3;"#NE";-3;"#NE";-3;"#NE";"-3";"#NE"
"26/08/2026";"03:15:18";2022;546;40001731323;14;"INDEFERIDO";1;"BRASILEIRA NATA";-3;"MANAUS";"50";"#NE";-3;"#NE";"1270629.01";"N";"S";"-1";"06011862320226040000";"14";"INDEFERIDO";"17";"PENDENTE DE JULGAMENTO";"SIM";"Nulo técnico";14;"INDEFERIDO";"S";"N";-1;-1;"2022-08-29 17:31:26";-3;"#NE";"-3";"#NE";"-3";"#NE";-3;"#NE";-3;"#NE";-3;"#NE";-3;"#NE";"-3";"#NE"
"26/08/2026";"03:15:18";2022;546;40001633262;2;"DEFERIDO";1;"BRASILEIRA NATA";-3;"ITACOATIARA";"68";"#NE";-3;"#NE";"1270629.01";"N";"S";"-1";"06006224420226040000";"2";"DEFERIDO";"4";"INDEFERIDO COM RECURSO";"SIM";"Válido";2;"DEFERIDO";"S";"N";-1;11;"2022-08-11 07:47:59";-3;"#NE";"-3";"#NE";"-3";"#NE";-3;"#NE";-3;"#NE";-3;"#NE";-3;"#NE";"-3";"#NE"
"26/08/2026";"03:15:18";2022;546;40001609196;2;"DEFERIDO";1;"BRASILEIRA NATA";-3;"MANAUS";"28";"#NE";-3;"#NE";"1270629.01";"N";"S";"-1";"06002664920226040000";"2";"DEFERIDO";"2";"DEFERIDO";"SIM";"Válido";2;"DEFERIDO";"S";"N";-1;19;"2022-08-08 11:16:57";-3;"#NE";"-3";"#NE";"-3";"#NE";-3;"#NE";-3;"#NE";-3;"#NE";-3;"#NE";"-3";"#NE"
"26/08/2026";"03:15:18";2022;546;40001618373;2;"DEFERIDO";1;"BRASILEIRA NATA";-3;"PARINTINS";"34";"#NE";-3;"#NE";"1270629.01";"N";"S";"-1";"06004275920226040000";"2";"DEFERIDO";"2";"DEFERIDO";"SIM";"Válido";2;"DEFERIDO";"S";"N";-1;-1;"2022-08-10 09:15:12";-3;"#NE";"-3";"#NE";"-3";"#NE";-3;"#NE";-3;"#NE";-3;"#NE";-3;"#NE";"-3";"#NE"
"26/08/2026";"03:15:18";2022;546;40001618378;2;"DEFERIDO";1;"BRASILEIRA NATA";-3;"MANAUS";"50";"#NE";-3;"#NE";"1270629.01";"N";"N";"-1";"06004258920226040000";"2";"DEFERIDO";"2";"DEFERIDO";"SIM";"Válido";2;"DEFERIDO";"S";"N";-1;-1;"2022-08-10 09:15:12";-3;"#NE";"-3";"#NE";"-3";"#NE";-3;"#NE";-3;"#NE";-3;"#NE";-3;"#NE";"-3";"#NE"
"26/08/2026";"03:15:18";2022;546;40001724761;2;"DEFERIDO";1;"BRASILEIRA NATA";-3;"CAREIRO";"49";"#NE";-3;"#NE";"1270629.01";"N";"N";"-1";"06009454920226040000";"2";"DEFERIDO";"2";"DEFERIDO";"SIM";"Válido";2;"DEFERIDO";"S";"N";-1;-1;"2022-08-17 14:29:44";-3;"#NE";"-3";"#NE";"-3";"#NE";-3;"#NE";-3;"#NE";-3;"#NE";-3;"#NE";"-3";"#NE"
"26/08/2026";"03:15:18";2022;546;40001719266;6;"RENÚNCIA";1;"BRASILEIRA NATA";-3;"COARI";"73";"#NE";-3;"#NE";"-1";"N";"S";"-1";"06008796920226040000";"-1";"#NULO";"-1";"#NULO";"NÃO";"#NULO";-1;"#NULO";"N";"S";-1;-1;"2022-08-15 13:14:38";-3;"#NE";"-3";"#NE";"-3";"#NE";-3;"#NE";-3;"#NE";-3;"#NE";-3;"#NE";"-3";"#NE"
"26/08/2026";"03:15:18";2022;546;40001618389;2;"DEFERIDO";1;"BRASILEIRA NATA";-3;"MANAUS";"41";"#NE";-3;"#NE";"1270629.01";"N";"S";"-1";"06004475020226040000";"2";"DEFERIDO";"2";"DEFERIDO";"SIM";"Válido";2;"DEFERIDO";"S";"N";-1;-1;"2022-08-10 09:15:12";-3;"#NE";"-3";"#NE";"-3";"#NE";-3;"#NE";-3;"#NE";-3;"#NE";-3;"#NE";"-3";"#NE"
"26/08/2026";"03:15:18";2022;546;40001620691;2;"DEFERIDO";1;"BRASILEIRA NATA";-3;"MANAUS";"47";"#NE";-3;"#NE";"1270629.01";"N";"S";"-1";"06005843220226040000";"2";"DEFERIDO";"2";"DEFERIDO";"SIM";"Válido";2;"DEFERIDO";"S";"N";-1;6;"2022-08-10 15:50:27";-3;"#NE";"-3";"#NE";"-3";"#NE";-3;"#NE";-3;"#NE";-3;"#NE";-3;"#NE";"-3";"#NE"
"26/08/2026";"03:15:18";2022;546;40001620697;2;"DEFERIDO";1;"BRASILEIRA NATA";-3;"MANAUS";"48";"#NE";-3;"#NE";"1270629.01";"N";"S";"-1";"06005981620226040000";"2";"DEFERIDO";"2";"DEFERIDO";"SIM";"Válido";2;"DEFERIDO";"S";"N";-1;1;"2022-08-10 15:50:27";-3;"#NE";"-3";"#NE";"-3";"#NE";-3;"#NE";-3;"#NE";-3;"#NE";-3;"#NE";"-3";"#NE"
"26/08/2026";"03:15:18";2022;546;40001618663;2;"DEFERIDO";1;"BRASILEIRA NATA";-3;"MANAUS";"47";"#NE";-3;"#NE";"1270629.01";"N";"S";"-1";"06005428020226040000";"2";"DEFERIDO";"2";"DEFERIDO";"SIM";"Válido";2;"DEFERIDO";"S";"N";-1;2;"2022-08-10 09:56:37";-3;"#NE";"-3";"#NE";"-3";"#NE";-3;"#NE";-3;"#NE";-3;"#NE";-3;"#NE";"-3";"#NE"
"26/08/2026";"03:15:18";2022;546;40001671693;14;"INDEFERIDO";1;"BRASILEIRA NATA";-3;"MANAUS";"45";"#NE";-3;"#NE";"1270629.01";"N";"S";"-1";"06007939820226040000";"-1";"#NULO";"-1";"#NULO";"NÃO";"#NULO";-1;"#NULO";"N";"N";-1;-1;"2022-08-13 13:23:05";-3;"#NE";"-3";"#NE";"-3";"#NE";-3;"#NE";-3;"#NE";-3;"#NE";-3;"#NE";"-3";"#NE"
"26/08/2026";"03:15:18";2022;546;40001718584;2;"DEFERIDO";1;"BRASILEIRA NATA";-3;"MANAUS";"37";"#NE";-3;"#NE";"1270629.01";"N";"N";"-1";"06009272820226040000";"2";"DEFERIDO";"2";"DEFERIDO";"SIM";"Válido";2;"DEFERIDO";"S";"N";-1;-1;"2022-08-15 12:39:18";-3;"#NE";"-3";"#NE";"-3";"#NE";-3;"#NE";-3;"#NE";-3;"#NE";-3;"#NE";"-3";"#NE"
"26/08/2026";"03:15:18";2022;546;40001643935;6;"RENÚNCIA";1;"BRASILEIRA NATA";-3;"MANAUS";"49";"#NE";-3;"#NE";"3176572.53";"N";"N";"-1";"06007150720226040000";"-1";"#NULO";"-1";"#NULO";"NÃO";"#NULO";-1;"#NULO";"N";"N";-1;-1;"2022-08-12 10:04:01";-3;"#NE";"-3";"#NE";"-3";"#NE";-3;"#NE";-3;"#NE";-3;"#NE";-3;"#NE";"-3";"#NE"
"26/08/2026";"03:15:18";2022;546;40001719317;2;"DEFERIDO";1;"BRASILEIRA NATA";-3;"FLORIANÓPOLIS";"62";"#NE";-3;"#NE";"7115522.46";"N";"S";"-1";"06008849120226040000";"2";"DEFERIDO";"2";"DEFERIDO";"SIM";"Válido";2;"DEFERIDO";"S";"N";-1;-1;"2022-08-15 13:18:54";-3;"#NE";"-3";"#NE";"-3";"#NE";-3;"#NE";-3;"#NE";-3;"#NE";-3;"#NE";"-3";"#NE"
"26/08/2026";"03:15:18";2022;546;40001609250;2;"DEFERIDO";1;"BRASILEIRA NATA";-3;"MANAUS";"58";"#NE";-3;"#NE";"3176572.53";"N";"S";"-1";"06003002420226040000";"2";"DEFERIDO";"2";"DEFERIDO";"SIM";"Válido";2;"DEFERIDO";"S";"N";-1;-1;"2022-08-08 11:27:45";-3;"#NE";"-3";"#NE";"-3";"#NE";-3;"#NE";-3;"#NE";-3;"#NE";-3;"#NE";"-3";"#NE"
"26/08/2026";"03:15:18";2022;546;40001724759;2;"DEFERIDO";1;"BRASILEIRA NATA";-3;"MANAUS";"40";"#NE";-3;"#NE";"3176572.53";"N";"S";"-1";"06009437920226040000";"2";"DEFERIDO";"2";"DEFERIDO";"SIM";"Válido";2;"DEFERIDO";"S";"N";-1;-1;"2022-08-17 14:26:44";-3;"#NE";"-3";"#NE";"-3";"#NE";-3;"#NE";-3;"#NE";-3;"#NE";-3;"#NE";"-3";"#NE"
"26/08/2026";"03:15:18";2022;546;40001643937;2;"DEFERIDO";1;"BRASILEIRA NATA";-3;"MANAUS";"56";"#NE";-3;"#NE";"3176572.53";"N";"S";"-1";"06007185920226040000";"2";"DEFERIDO";"2";"DEFERIDO";"SIM";"Válido";2;"DEFERIDO";"S";"N";-1;-1;"2022-08-12 10:04:01";-3;"#NE";"-3";"#NE";"-3";"#NE";-3;"#NE";-3;"#NE";-3;"#NE";-3;"#NE";"-3";"#NE"
"26/08/2026";"03:15:18";2022;546;40001643220;2;"DEFERIDO";1;"BRASILEIRA NATA";-3;"ITACOATIARA";"46";"#NE";-3;"#NE";"3176572.53";"N";"N";"-1";"06006926120226040000";"2";"DEFERIDO";"2";"DEFERIDO";"SIM";"Válido";2;"DEFERIDO";"S";"N";-1;-1;"2022-08-12 10:02:37";-3;"#NE";"-3";"#NE";"-3";"#NE";-3;"#NE";-3;"#NE";-3;"#NE";-3;"#NE";"-3";"#NE"
"26/08/2026";"03:15:18";2022;546;40001643941;2;"DEFERIDO";1;"BRASILEIRA NATA";-3;"MANAUS";"59";"#NE";-3;"#NE";"1270629.01";"N";"S";"-1";"06008112220226040000";"2";"DEFERIDO";"2";"DEFERIDO";"SIM";"Válido";2;"DEFERIDO";"S";"N";-1;-1;"2022-08-11 17:06:17";-3;"#NE";"-3";"#NE";"-3";"#NE";-3;"#NE";-3;"#NE";-3;"#NE";-3;"#NE";"-3";"#NE"
"26/08/2026";"03:15:18";2022;546;40001612916;2;"DEFERIDO";1;"BRASILEIRA NATA";-3;"MANAUS";"33";"#NE";-3;"#NE";"1270629.01";"N";"S";"-1";"06003712620226040000";"2";"DEFERIDO";"2";"DEFERIDO";"SIM";"Válido";2;"DEFERIDO";"S";"N";-1;7;"2022-08-09 08:08:23";-3;"#NE";"-3";"#NE";"-3";"#NE";-3;"#NE";-3;"#NE";-3;"#NE";-3;"#NE";"-3";"#NE"
"26/08/2026";"03:15:18";2022;546;40001609321;2;"DEFERIDO";1;"BRASILEIRA NATA";-3;"MANAUS";"51";"#NE";-3;"#NE";"1270629.01";"N";"S";"-1";"06003297420226040000";"2";"DEFERIDO";"2";"DEFERIDO";"SIM";"Válido";2;"DEFERIDO";"S";"N";-1;8;"2022-08-08 11:35:47";-3;"#NE";"-3";"#NE";"-3";"#NE";-3;"#NE";-3;"#NE";-3;"#NE";-3;"#NE";"-3";"#NE"
"26/08/2026";"03:15:18";2022;546;40001618492;2;"DEFERIDO";1;"BRASILEIRA NATA";-3;"MANAUS";"47";"#NE";-3;"#NE";"1270629.01";"N";"S";"-1";"06004821020226040000";"2";"DEFERIDO";"2";"DEFERIDO";"SIM";"Válido";2;"DEFERIDO";"S";"N";-1;-1;"2022-08-10 09:18:30";-3;"#NE";"-3";"#NE";"-3";"#NE";-3;"#NE";-3;"#NE";-3;"#NE";-3;"#NE";"-3";"#NE"
"26/08/2026";"03:15:18";2022;546;40001620695;2;"DEFERIDO";1;"BRASILEIRA NATA";-3;"EIRUNEPÉ";"48";"#NE";-3;"#NE";"1270629.01";"N";"N";"-1";"06005912420226040000";"2";"DEFERIDO";"2";"DEFERIDO";"SIM";"Válido";2;"DEFERIDO";"S";"N";-1;7;"2022-08-10 15:50:27";-3;"#NE";"-3";"#NE";"-3";"#NE";-3;"#NE";-3;"#NE";-3;"#NE";-3;"#NE";"-3";"#NE"
"26/08/2026";"03:15:18";2022;546;40001618661;2;"DEFERIDO";1;"BRASILEIRA NATA";-3;"RIO BRANCO";"57";"#NE";-3;"#NE";"1270629.01";"N";"S";"-1";"06005323620226040000";"2";"DEFERIDO";"2";"DEFERIDO";"SIM";"Válido";2;"DEFERIDO";"S";"N";-1;-1;"2022-08-10 09:56:37";-3;"#NE";"-3";"#NE";"-3";"#NE";-3;"#NE";-3;"#NE";-3;"#NE";-3;"#NE";"-3";"#NE"
"26/08/2026";"03:15:18";2022;546;40001618658;2;"DEFERIDO";1;"BRASILEIRA NATA";-3;"MANAUS";"48";"#NE";-3;"#NE";"1270629.01";"S";"S";"-1";"06005358820226040000";"2";"DEFERIDO";"2";"DEFERIDO";"SIM";"Válido";2;"DEFERIDO";"S";"N";-1;-1;"2022-08-10 09:56:37";-3;"#NE";"-3";"#NE";"-3";"#NE";-3;"#NE";-3;"#NE";-3;"#NE";-3;"#NE";"-3";"#NE"
"26/08/2026";"03:15:18";2022;546;40001650493;2;"DEFERIDO";1;"BRASILEIRA NATA";-3;"BELÉM";"48";"#NE";-3;"#NE";"1270629.01";"N";"S";"-1";"06007653320226040000";"2";"DEFERIDO";"2";"DEFERIDO";"SIM";"Válido";2;"DEFERIDO";"S";"N";-1;1;"2022-08-12 16:22:42";-3;"#NE";"-3";"#NE";"-3";"#NE";-3;"#NE";-3;"#NE";-3;"#NE";-3;"#NE";"-3";"#NE"
"26/08/2026";"03:15:18";2022;546;40001609206;2;"DEFERIDO";1;"BRASILEIRA NATA";-3;"MANAUS";"44";"#NE";-3;"#NE";"3176572.53";"N";"S";"-1";"06002803320226040000";"2";"DEFERIDO";"2";"DEFERIDO";"SIM";"Válido";2;"DEFERIDO";"S";"N";-1;-1;"2022-08-08 11:19:47";-3;"#NE";"-3";"#NE";"-3";"#NE";-3;"#NE";-3;"#NE";-3;"#NE";-3;"#NE";"-3";"#NE"
"26/08/2026";"03:15:18";2022;546;40001643217;2;"DEFERIDO";1;"BRASILEIRA NATA";-3;"MANAUS";"42";"#NE";-3;"#NE";"3176572.53";"N";"N";"-1";"06006890920226040000";"2";"DEFERIDO";"2";"DEFERIDO";"SIM";"Válido";2;"DEFERIDO";"S";"N";-1;-1;"2022-08-12 10:02:37";-3;"#NE";"-3";"#NE";"-3";"#NE";-3;"#NE";-3;"#NE";-3;"#NE";-3;"#NE";"-3";"#NE"
"26/08/2026";"03:15:18";2022;546;40001643455;2;"DEFERIDO";1;"BRASILEIRA NATA";-3;"IBARETAMA";"54";"#NE";-3;"#NE";"1270629.01";"N";"S";"-1";"06006951620226040000";"2";"DEFERIDO";"2";"DEFERIDO";"SIM";"Válido";2;"DEFERIDO";"S";"N";-1;-1;"2022-08-12 10:02:08";-3;"#NE";"-3";"#NE";"-3";"#NE";-3;"#NE";-3;"#NE";-3;"#NE";-3;"#NE";"-3";"#NE"
"26/08/2026";"03:15:18";2022;546;40001612920;2;"DEFERIDO";1;"BRASILEIRA NATA";-3;"MANAUS";"48";"#NE";-3;"#NE";"1270629.01";"N";"S";"-1";"06003582720226040000";"2";"DEFERIDO";"2";"DEFERIDO";"SIM";"Válido";2;"DEFERIDO";"S";"N";-1;4;"2022-08-09 08:08:23";-3;"#NE";"-3";"#NE";"-3";"#NE";-3;"#NE";-3;"#NE";-3;"#NE";-3;"#NE";"-3";"#NE"
"26/08/2026";"03:15:18";2022;546;40001612907;2;"DEFERIDO";1;"BRASILEIRA NATA";-3;"BARREIRINHA";"61";"#NE";-3;"#NE";"1270629.01";"N";"S";"-1";"06003651920226040000";"2";"DEFERIDO";"2";"DEFERIDO";"SIM";"Válido";2;"DEFERIDO";"S";"N";-1;17;"2022-08-09 08:08:23";-3;"#NE";"-3";"#NE";"-3";"#NE";-3;"#NE";-3;"#NE";-3;"#NE";-3;"#NE";"-3";"#NE"
"26/08/2026";"03:15:18";2022;546;40001609313;2;"DEFERIDO";1;"BRASILEIRA NATA";-3;"SANTARÉM";"48";"#NE";-3;"#NE";"1270629.01";"N";"S";"-1";"06003253720226040000";"2";"DEFERIDO";"2";"DEFERIDO";"SIM";"Válido";2;"DEFERIDO";"S";"N";-1;15;"2022-08-08 11:35:47";-3;"#NE";"-3";"#NE";"-3";"#NE";-3;"#NE";-3;"#NE";-3;"#NE";-3;"#NE";"-3";"#NE"
"26/08/2026";"03:15:18";2022;546;40001719850;2;"DEFERIDO";1;"BRASILEIRA NATA";-3;"IPIXUNA";"76";"#NE";-3;"#NE";"1270629.01";"N";"S";"-1";"06009048220226040000";"2";"DEFERIDO";"17";"PENDENTE DE JULGAMENTO";"SIM";"Válido";2;"DEFERIDO";"S";"N";-1;-1;"2022-08-15 13:39:47";-3;"#NE";"-3";"#NE";"-3";"#NE";-3;"#NE";-3;"#NE";-3;"#NE";-3;"#NE";"-3";"#NE"
"26/08/2026";"03:15:18";2022;546;40001618344;2;"DEFERIDO";1;"BRASILEIRA NATA";-3;"MANAUS";"49";"#NE";-3;"#NE";"1270629.01";"N";"N";"-1";"06004154520226040000";"2";"DEFERIDO";"2";"DEFERIDO";"SIM";"Válido";2;"DEFERIDO";"S";"N";-1;-1;"2022-08-10 09:17:10";-3;"#NE";"-3";"#NE";"-3";"#NE";-3;"#NE";-3;"#NE";-3;"#NE";-3;"#NE";"-3";"#NE"
"26/08/2026";"03:15:18";2022;546;40001618501;2;"DEFERIDO";1;"BRASILEIRA NATA";-3;"MANAUS";"46";"#NE";-3;"#NE";"1270629.01";"N";"S";"-1";"06004665620226040000";"2";"DEFERIDO";"2";"DEFERIDO";"SIM";"Válido";2;"DEFERIDO";"S";"N";-1;-1;"2022-08-10 09:18:30";-3;"#NE";"-3";"#NE";"-3";"#NE";-3;"#NE";-3;"#NE";-3;"#NE";-3;"#NE";"-3";"#NE"
"26/08/2026";"03:15:18";2022;546;40001618489;2;"DEFERIDO";1;"BRASILEIRA NATA";-3;"MANAUS";"22";"#NE";-3;"#NE";"1270629.01";"N";"S";"-1";"06004717820226040000";"2";"DEFERIDO";"2";"DEFERIDO";"SIM";"Válido";2;"DEFERIDO";"S";"N";-1;-1;"2022-08-10 09:18:30";-3;"#NE";"-3";"#NE";"-3";"#NE";-3;"#NE";-3;"#NE";-3;"#NE";-3;"#NE";"-3";"#NE"
"26/08/2026";"03:15:18";2022;546;40001596222;4;"INDEFERIDO COM RECURSO";1;"BRASILEIRA NATA";-3;"MANAUS";"41";"#NE";-3;"#NE";"3176572.53";"N";"S";"-1";"06002040920226040000";"4";"INDEFERIDO COM RECURSO";"4";"INDEFERIDO COM RECURSO";"SIM";"Anulado sub judice";4;"INDEFERIDO COM RECURSO";"S";"N";-1;-1;"2022-07-26 16:19:45";-3;"#NE";"-3";"#NE";"-3";"#NE";-3;"#NE";-3;"#NE";-3;"#NE";-3;"#NE";"-3";"#NE"
"26/08/2026";"03:15:18";2022;546;40001600318;2;"DEFERIDO";1;"BRASILEIRA NATA";-3;"MANAUS";"37";"#NE";-3;"#NE";"1270629.01";"N";"S";"-1";"06002344420226040000";"2";"DEFERIDO";"2";"DEFERIDO";"SIM";"Válido";2;"DEFERIDO";"S";"N";-1;16;"2022-08-01 10:39:35";-3;"#NE";"-3";"#NE";"-3";"#NE";-3;"#NE";-3;"#NE";-3;"#NE";-3;"#NE";"-3";"#NE"
"26/08/2026";"03:15:18";2022;546;40001600302;2;"DEFERIDO";1;"BRASILEIRA NATA";-3;"LÁBREA";"65";"#NE";-3;"#NE";"1270629.01";"N";"S";"-1";"06002214520226040000";"2";"DEFERIDO";"2";"DEFERIDO";"SIM";"Válido";2;"DEFERIDO";"S";"N";-1;5;"2022-08-01 10:39:35";-3;"#NE";"-3";"#NE";"-3";"#NE";-3;"#NE";-3;"#NE";-3;"#NE";-3;"#NE";"-3";"#NE"
"26/08/2026";"03:15:18";2022;546;40001618456;2;"DEFERIDO";1;"BRASILEIRA NATA";-3;"MANAUS";"48";"#NE";-3;"#NE";"1270629.01";"N";"S";"-1";"06004890220226040000";"2";"DEFERIDO";"2";"DEFERIDO";"SIM";"Válido";2;"DEFERIDO";"S";"N";-1;17;"2022-08-10 09:19:58";-3;"#NE";"-3";"#NE";"-3";"#NE";-3;"#NE";-3;"#NE";-3;"#NE";-3;"#NE";"-3";"#NE"
"26/08/2026";"03:15:18";2022;546;40001618459;2;"DEFERIDO";1;"BRASILEIRA NATA";-3;"MANAUS";"33";"#NE";-3;"#NE";"1270629.01";"S";"S";"-1";"06005029820226040000";"2";"DEFERIDO";"2";"DEFERIDO";"SIM";"Válido";2;"DEFERIDO";"S";"N";-1;-1;"2022-08-10 09:19:58";-3;"#NE";"-3";"#NE";"-3";"#NE";-3;"#NE";-3;"#NE";-3;"#NE";-3;"#NE";"-3";"#NE"
"26/08/2026";"03:15:18";2022;546;40001644010;2;"DEFERIDO";1;"BRASILEIRA NATA";-3;"MANAUS";"47";"#NE";-3;"#NE";"1270629.01";"N";"S";"-1";"06006882420226040000";"2";"DEFERIDO";"2";"DEFERIDO";"SIM";"Válido";2;"DEFERIDO";"S";"N";-1;-1;"2022-08-12 11:23:16";-3;"#NE";"-3";"#NE";"-3";"#NE";-3;"#NE";-3;"#NE";-3;"#NE";-3;"#NE";"-3";"#NE"
"26/08/2026";"03:15:18";2022;546;40001609332;14;"INDEFERIDO";1;"BRASILEIRA NATA";-3;"MANAUS";"55";"#NE";-3;"#NE";"1270629.01";"N";"S";"-1";"06003331420226040000";"-1";"#NULO";"-1";"#NULO";"NÃO";"#NULO";-1;"#NULO";"N";"N";-1;-1;"2022-08-08 11:35:47";-3;"#NE";"-3";"#NE";"-3";"#NE";-3;"#NE";-3;"#NE";-3;"#NE";-3;"#NE";"-3";"#NE"
"26/08/2026";"03:15:18";2022;546;40001719229;2;"DEFERIDO";1;"BRASILEIRA NATA";-3;"SÃO PAULO";"52";"#NE";-3;"#NE";"3176572.53";"N";"S";"-1";"06008631820226040000";"2";"DEFERIDO";"2";"DEFERIDO";"SIM";"Válido";2;"DEFERIDO";"S";"N";-1;-1;"2022-08-15 13:14:23";-3;"#NE";"-3";"#NE";"-3";"#NE";-3;"#NE";-3;"#NE";-3;"#NE";-3;"#NE";"-3";"#NE"
"26/08/2026";"03:15:18";2022;546;40001633252;2;"DEFERIDO";1;"BRASILEIRA NATA";-3;"MONTENEGRO";"58";"#NE";-3;"#NE";"3176572.53";"S";"S";"-1";"06006094520226040000";"2";"DEFERIDO";"2";"DEFERIDO";"SIM";"Válido";2;"DEFERIDO";"S";"N";-1;-1;"2022-08-11 07:46:46";-3;"#NE";"-3";"#NE";"-3";"#NE";-3;"#NE";-3;"#NE";-3;"#NE";-3;"#NE";"-3";"#NE"
"26/08/2026";"03:15:18";2022;546;40001618507;2;"DEFERIDO";1;"BRASILEIRA NATA";-3;"MANAUS";"51";"#NE";-3;"#NE";"3176572.53";"N";"S";"-1";"06005116020226040000";"2";"DEFERIDO";"2";"DEFERIDO";"SIM";"Válido";2;"DEFERIDO";"S";"N";-1;-1;"2022-08-10 09:15:39";-3;"#NE";"-3";"#NE";"-3";"#NE";-3;"#NE";-3;"#NE";-3;"#NE";-3;"#NE";"-3";"#NE"
"26/08/2026";"03:15:18";2022;546;40001618908;2;"DEFERIDO";1;"BRASILEIRA NATA";-3;"JUIZ DE FORA";"57";"#NE";-3;"#NE";"3176572.53";"N";"N";"-1";"06005627120226040000";"2";"DEFERIDO";"2";"DEFERIDO";"SIM";"Válido";2;"DEFERIDO";"S";"N";-1;-1;"2022-08-10 10:53:52";-3;"#NE";"-3";"#NE";"-3";"#NE";-3;"#NE";-3;"#NE";-3;"#NE";-3;"#NE";"-3";"#NE"
"26/08/2026";"03:15:18";2022;546;40001719235;2;"DEFERIDO";1;"BRASILEIRA NATA";-3;"TEFÉ";"68";"#NE";-3;"#NE";"1270629.01";"N";"N";"-1";"06008658520226040000";"2";"DEFERIDO";"4";"INDEFERIDO COM RECURSO";"SIM";"Válido";2;"DEFERIDO";"S";"N";-1;-1;"2022-08-15 13:15:15";-3;"#NE";"-3";"#NE";"-3";"#NE";-3;"#NE";-3;"#NE";-3;"#NE";-3;"#NE";"-3";"#NE"
"26/08/2026";"03:15:18";2022;546;40001671687;2;"DEFERIDO";1;"BRASILEIRA NATA";-3;"MANAUS";"40";"#NE";-3;"#NE";"1270629.01";"N";"S";"-1";"06008017520226040000";"2";"DEFERIDO";"2";"DEFERIDO";"SIM";"Válido";2;"DEFERIDO";"S";"N";-1;-1;"2022-08-13 13:23:05";-3;"#NE";"-3";"#NE";"-3";"#NE";-3;"#NE";-3;"#NE";-3;"#NE";-3;"#NE";"-3";"#NE"
"26/08/2026";"03:15:18";2022;546;40001618504;2;"DEFERIDO";1;"BRASILEIRA NATA";-3;"MANAUS";"28";"#NE";-3;"#NE";"1270629.01";"N";"S";"-1";"06004751820226040000";"2";"DEFERIDO";"2";"DEFERIDO";"SIM";"Válido";2;"DEFERIDO";"S";"N";-1;-1;"2022-08-10 09:18:30";-3;"#NE";"-3";"#NE";"-3";"#NE";-3;"#NE";-3;"#NE";-3;"#NE";-3;"#NE";"-3";"#NE"
"26/08/2026";"03:15:18";2022;546;40001719843;14;"INDEFERIDO";1;"BRASILEIRA NATA";-3;"MANAUS";"69";"#NE";-3;"#NE";"3176572.53";"N";"S";"-1";"06008943820226040000";"14";"INDEFERIDO";"17";"PENDENTE DE JULGAMENTO";"SIM";"Nulo técnico";14;"INDEFERIDO";"S";"N";-1;-1;"2022-08-15 13:40:17";-3;"#NE";"-3";"#NE";"-3";"#NE";-3;"#NE";-3;"#NE";-3;"#NE";-3;"#NE";"-3";"#NE"
"26/08/2026";"03:15:18";2022;546;40001718560;4;"INDEFERIDO COM RECURSO";1;"BRASILEIRA NATA";-3;"MANAUS";"51";"#NE";-3;"#NE";"-1";"N";"S";"-1";"06008172920226040000";"4";"INDEFERIDO COM RECURSO";"4";"INDEFERIDO COM RECURSO";"SIM";"#NULO";4;"INDEFERIDO COM RECURSO";"N";"N";-1;1;"2022-08-15 12:39:59";-3;"#NE";"-3";"#NE";"-3";"#NE";-3;"#NE";-3;"#NE";-3;"#NE";-3;"#NE";"-3";"#NE"
"26/08/2026";"03:15:18";2022;546;40001600320;2;"DEFERIDO";1;"BRASILEIRA NATA";-3;"MANAUS";"40";"#NE";-3;"#NE";"1270629.01";"N";"S";"-1";"06002396620226040000";"2";"DEFERIDO";"2";"DEFERIDO";"SIM";"Válido";2;"DEFERIDO";"S";"N";-1;10;"2022-08-01 10:39:35";-3;"#NE";"-3";"#NE";"-3";"#NE";-3;"#NE";-3;"#NE";-3;"#NE";-3;"#NE";"-3";"#NE"
"26/08/2026";"03:15:18";2022;546;40001633342;14;"INDEFERIDO";1;"BRASILEIRA NATA";-3;"MANAUS";"44";"#NE";-3;"#NE";"1270629.01";"N";"N";"-1";"06006440520226040000";"-1";"#NULO";"-1";"#NULO";"NÃO";"#NULO";-1;"#NULO";"N";"N";-1;-1;"2022-08-11 07:49:34";-3;"#NE";"-3";"#NE";"-3";"#NE";-3;"#NE";-3;"#NE";-3;"#NE";-3;"#NE";"-3";"#NE"
"26/08/2026";"03:15:18";2022;546;40001633276;14;"INDEFERIDO";1;"BRASILEIRA NATA";-3;"PACOTI";"64";"#NE";-3;"#NE";"1270629.01";"N";"S";"-1";"06006285120226040000";"14";"INDEFERIDO";"4";"INDEFERIDO COM RECURSO";"SIM";"Nulo técnico";14;"INDEFERIDO";"S";"N";-1;-1;"2022-08-11 07:47:59";-3;"#NE";"-3";"#NE";"-3";"#NE";-3;"#NE";-3;"#NE";-3;"#NE";-3;"#NE";"-3";"#NE"
"26/08/2026";"03:15:18";2022;546;40001633267;2;"DEFERIDO";1;"BRASILEIRA NATA";-3;"MANAUS";"47";"#NE";-3;"#NE";"1270629.01";"N";"S";"-1";"06006389520226040000";"2";"DEFERIDO";"2";"DEFERIDO";"SIM";"Válido";2;"DEFERIDO";"S";"N";-1;9;"2022-08-11 07:47:59";-3;"#NE";"-3";"#NE";"-3";"#NE";-3;"#NE";-3;"#NE";-3;"#NE";-3;"#NE";"-3";"#NE"
"26/08/2026";"03:15:18";2022;546;40001633338;2;"DEFERIDO";1;"BRASILEIRA NATA";-3;"MANAUS";"57";"#NE";-3;"#NE";"1270629.01";"N";"S";"-1";"06006484220226040000";"2";"DEFERIDO";"2";"DEFERIDO";"SIM";"Válido";2;"DEFERIDO";"S";"N";-1;7;"2022-08-11 07:49:34";-3;"#NE";"-3";"#NE";"-3";"#NE";-3;"#NE";-3;"#NE";-3;"#NE";-3;"#NE";"-3";"#NE"
"26/08/2026";"03:15:18";2022;546;40001643451;2;"DEFERIDO";1;"BRASILEIRA NATA";-3;"CODAJÁS";"46";"#NE";-3;"#NE";"1270629.01";"N";"S";"-1";"06007020820226040000";"2";"DEFERIDO";"2";"DEFERIDO";"SIM";"Válido";2;"DEFERIDO";"S";"N";-1;-1;"2022-08-12 10:02:08";-3;"#NE";"-3";"#NE";"-3";"#NE";-3;"#NE";-3;"#NE";-3;"#NE";-3;"#NE";"-3";"#NE"
"26/08/2026";"03:15:18";2022;546;40001643026;2;"DEFERIDO";1;"BRASILEIRA NATA";-3;"SÃO PAULO";"70";"#NE";-3;"#NE";"-1";"N";"S";"-1";"06006821720226040000";"2";"DEFERIDO";"2";"DEFERIDO";"SIM";"#NULO";2;"DEFERIDO";"N";"N";-1;1;"2022-08-12 10:01:13";-3;"#NE";"-3";"#NE";"-3";"#NE";-3;"#NE";-3;"#NE";-3;"#NE";-3;"#NE";"-3";"#NE"
"26/08/2026";"03:15:18";2022;546;40001620672;2;"DEFERIDO";1;"BRASILEIRA NATA";-3;"MANAUS";"45";"#NE";-3;"#NE";"3176572.53";"N";"N";"-1";"06005713320226040000";"2";"DEFERIDO";"2";"DEFERIDO";"SIM";"Válido";2;"DEFERIDO";"S";"N";-1;-1;"2022-08-10 15:50:56";-3;"#NE";"-3";"#NE";"-3";"#NE";-3;"#NE";-3;"#NE";-3;"#NE";-3;"#NE";"-3";"#NE"
"26/08/2026";"03:15:18";2022;546;40001620674;2;"DEFERIDO";1;"BRASILEIRA NATA";-3;"RIO DE JANEIRO";"67";"#NE";-3;"#NE";"3176572.53";"N";"S";"-1";"06005757020226040000";"2";"DEFERIDO";"2";"DEFERIDO";"SIM";"Válido";2;"DEFERIDO";"S";"N";-1;-1;"2022-08-10 15:50:56";-3;"#NE";"-3";"#NE";"-3";"#NE";-3;"#NE";-3;"#NE";-3;"#NE";-3;"#NE";"-3";"#NE"
"26/08/2026";"03:15:18";2022;546;40001719325;2;"DEFERIDO";1;"BRASILEIRA NATA";-3;"MANAUS";"40";"#NE";-3;"#NE";"3176572.53";"N";"S";"-1";"06008891620226040000";"2";"DEFERIDO";"2";"DEFERIDO";"SIM";"Válido";2;"DEFERIDO";"S";"N";-1;-1;"2022-08-15 13:19:10";-3;"#NE";"-3";"#NE";"-3";"#NE";-3;"#NE";-3;"#NE";-3;"#NE";-3;"#NE";"-3";"#NE"
"26/08/2026";"03:15:18";2022;546;40001643965;2;"DEFERIDO";1;"BRASILEIRA NATA";-3;"MANAUS";"54";"#NE";-3;"#NE";"1270629.01";"N";"S";"-1";"06007402020226040000";"2";"DEFERIDO";"2";"DEFERIDO";"SIM";"Válido";2;"DEFERIDO";"S";"N";-1;-1;"2022-08-11 17:06:17";-3;"#NE";"-3";"#NE";"-3";"#NE";-3;"#NE";-3;"#NE";-3;"#NE";-3;"#NE";"-3";"#NE"
"26/08/2026";"03:15:18";2022;546;40001612911;2;"DEFERIDO";1;"BRASILEIRA NATA";-3;"BELÉM";"63";"#NE";-3;"#NE";"1270629.01";"N";"S";"-1";"06003617920226040000";"2";"DEFERIDO";"2";"DEFERIDO";"SIM";"Válido";2;"DEFERIDO";"S";"N";-1;18;"2022-08-09 08:08:23";-3;"#NE";"-3";"#NE";"-3";"#NE";-3;"#NE";-3;"#NE";-3;"#NE";-3;"#NE";"-3";"#NE"
"26/08/2026";"03:15:18";2022;546;40001609325;2;"DEFERIDO";1;"BRASILEIRA NATA";-3;"MANAUS";"65";"#NE";-3;"#NE";"1270629.01";"N";"S";"-1";"06003314420226040000";"2";"DEFERIDO";"2";"DEFERIDO";"SIM";"Válido";2;"DEFERIDO";"S";"N";-1;13;"2022-08-08 11:35:47";-3;"#NE";"-3";"#NE";"-3";"#NE";-3;"#NE";-3;"#NE";-3;"#NE";-3;"#NE";"-3";"#NE"
"26/08/2026";"03:15:18";2022;546;40001618503;2;"DEFERIDO";1;"BRASILEIRA NATA";-3;"MANAUS";"50";"#NE";-3;"#NE";"1270629.01";"N";"S";"-1";"06005245920226040000";"2";"DEFERIDO";"2";"DEFERIDO";"SIM";"Válido";2;"DEFERIDO";"S";"N";-1;-1;"2022-08-10 09:18:30";-3;"#NE";"-3";"#NE";"-3";"#NE";-3;"#NE";-3;"#NE";-3;"#NE";-3;"#NE";"-3";"#NE"
"26/08/2026";"03:15:18";2022;546;40001719267;2;"DEFERIDO";1;"BRASILEIRA NATA";-3;"MANAUS";"58";"#NE";-3;"#NE";"-1";"N";"N";"-1";"06008788420226040000";"2";"DEFERIDO";"17";"PENDENTE DE JULGAMENTO";"SIM";"#NULO";2;"DEFERIDO";"N";"N";-1;2;"2022-08-15 13:14:38";-3;"#NE";"-3";"#NE";"-3";"#NE";-3;"#NE";-3;"#NE";-3;"#NE";-3;"#NE";"-3";"#NE"
"26/08/2026";"03:15:18";2022;546;40001718569;2;"DEFERIDO";1;"BRASILEIRA NATA";-3;"MANAUS";"70";"#NE";-3;"#NE";"3176572.53";"N";"S";"-1";"06008346520226040000";"2";"DEFERIDO";"2";"DEFERIDO";"SIM";"Válido";2;"DEFERIDO";"S";"N";-1;-1;"2022-08-15 12:38:33";-3;"#NE";"-3";"#NE";"-3";"#NE";-3;"#NE";-3;"#NE";-3;"#NE";-3;"#NE";"-3";"#NE"
"26/08/2026";"03:15:18";2022;546;40001609249;2;"DEFERIDO";1;"BRASILEIRA NATA";-3;"PARINTINS";"57";"#NE";-3;"#NE";"3176572.53";"N";"S";"-1";"06003046120226040000";"2";"DEFERIDO";"2";"DEFERIDO";"SIM";"Válido";2;"DEFERIDO";"S";"N";-1;-1;"2022-08-08 11:27:45";-3;"#NE";"-3";"#NE";"-3";"#NE";-3;"#NE";-3;"#NE";-3;"#NE";-3;"#NE";"-3";"#NE"
"26/08/2026";"03:15:18";2022;546;40001609212;2;"DEFERIDO";1;"BRASILEIRA NATA";-3;"PARINTINS";"43";"#NE";-3;"#NE";"3176572.53";"N";"S";"-1";"06002864020226040000";"2";"DEFERIDO";"2";"DEFERIDO";"SIM";"Válido";2;"DEFERIDO";"S";"N";-1;-1;"2022-08-08 11:19:47";-3;"#NE";"-3";"#NE";"-3";"#NE";-3;"#NE";-3;"#NE";-3;"#NE";-3;"#NE";"-3";"#NE"
"26/08/2026";"03:15:18";2022;546;40001671796;2;"DEFERIDO";1;"BRASILEIRA NATA";-3;"ROSANA";"52";"#NE";-3;"#NE";"3176572.53";"N";"S";"-1";"06009151420226040000";"2";"DEFERIDO";"2";"DEFERIDO";"SIM";"Válido";2;"DEFERIDO";"S";"N";-1;-1;"2022-08-13 13:23:31";-3;"#NE";"-3";"#NE";"-3";"#NE";-3;"#NE";-3;"#NE";-3;"#NE";-3;"#NE";"-3";"#NE"
"26/08/2026";"03:15:18";2022;546;40001650485;2;"DEFERIDO";1;"BRASILEIRA NATA";-3;"MANAUS";"69";"#NE";-3;"#NE";"1270629.01";"N";"S";"-1";"06007584120226040000";"2";"DEFERIDO";"2";"DEFERIDO";"SIM";"Válido";2;"DEFERIDO";"S";"N";-1;16;"2022-08-12 16:22:42";-3;"#NE";"-3";"#NE";"-3";"#NE";-3;"#NE";-3;"#NE";-3;"#NE";-3;"#NE";"-3";"#NE"
"26/08/2026";"03:15:18";2022;546;40001633333;2;"DEFERIDO";1;"BRASILEIRA NATA";-3;"MANAUS";"69";"#NE";-3;"#NE";"1270629.01";"S";"S";"-1";"06006561920226040000";"2";"DEFERIDO";"2";"DEFERIDO";"SIM";"Válido";2;"DEFERIDO";"S";"N";-1;1;"2022-08-11 07:49:34";-3;"#NE";"-3";"#NE";"-3";"#NE";-3;"#NE";-3;"#NE";-3;"#NE";-3;"#NE";"-3";"#NE"
"26/08/2026";"03:15:18";2022;546;40001643450;2;"DEFERIDO";1;"BRASILEIRA NATA";-3;"FORTALEZA";"53";"#NE";-3;"#NE";"1270629.01";"N";"S";"-1";"06007757720226040000";"2";"DEFERIDO";"2";"DEFERIDO";"SIM";"Válido";2;"DEFERIDO";"S";"N";-1;-1;"2022-08-12 10:02:08";-3;"#NE";"-3";"#NE";"-3";"#NE";-3;"#NE";-3;"#NE";-3;"#NE";-3;"#NE";"-3";"#NE"
"26/08/2026";"03:15:18";2022;546;40001719858;17;"PENDENTE DE JULGAMENTO";1;"BRASILEIRA NATA";-3;"MANAUS";"40";"#NE";-3;"#NE";"1270629.01";"N";"S";"-1";"06009090720226040000";"17";"PENDENTE DE JULGAMENTO";"17";"PENDENTE DE JULGAMENTO";"SIM";"Válido";17;"PENDENTE DE JULGAMENTO";"S";"N";-1;-1;"2022-08-15 13:39:47";-3;"#NE";"-3";"#NE";"-3";"#NE";-3;"#NE";-3;"#NE";-3;"#NE";-3;"#NE";"-3";"#NE"
"26/08/2026";"03:15:18";2022;546;40001609234;4;"INDEFERIDO COM RECURSO";1;"BRASILEIRA NATA";-3;"MANAUS";"55";"#NE";-3;"#NE";"3176572.53";"N";"S";"-1";"06002924720226040000";"4";"INDEFERIDO COM RECURSO";"4";"INDEFERIDO COM RECURSO";"SIM";"Anulado sub judice";4;"INDEFERIDO COM RECURSO";"S";"N";-1;-1;"2022-08-08 11:26:45";-3;"#NE";"-3";"#NE";"-3";"#NE";-3;"#NE";-3;"#NE";-3;"#NE";-3;"#NE";"-3";"#NE"
"26/08/2026";"03:15:18";2022;546;40001718582;2;"DEFERIDO";1;"BRASILEIRA NATA";-3;"MANAUS";"58";"#NE";-3;"#NE";"1270629.01";"N";"S";"-1";"06008294320226040000";"2";"DEFERIDO";"2";"DEFERIDO";"SIM";"Válido";2;"DEFERIDO";"S";"N";-1;-1;"2022-08-15 12:39:18";-3;"#NE";"-3";"#NE";"-3";"#NE";-3;"#NE";-3;"#NE";-3;"#NE";-3;"#NE";"-3";"#NE"
"26/08/2026";"03:15:18";2022;546;40001618458;2;"DEFERIDO";1;"BRASILEIRA NATA";-3;"RUSSAS";"58";"#NE";-3;"#NE";"1270629.01";"N";"S";"-1";"06004925420226040000";"2";"DEFERIDO";"2";"DEFERIDO";"SIM";"Válido";2;"DEFERIDO";"S";"N";-1;1;"2022-08-10 09:19:58";-3;"#NE";"-3";"#NE";"-3";"#NE";-3;"#NE";-3;"#NE";-3;"#NE";-3;"#NE";"-3";"#NE"
"26/08/2026";"03:15:18";2022;546;40001633274;2;"DEFERIDO";1;"BRASILEIRA NATA";-3;"MANAUS";"32";"#NE";-3;"#NE";"1270629.01";"N";"S";"-1";"06006207420226040000";"2";"DEFERIDO";"2";"DEFERIDO";"SIM";"Válido";2;"DEFERIDO";"S";"N";-1;20;"2022-08-11 07:47:59";-3;"#NE";"-3";"#NE";"-3";"#NE";-3;"#NE";-3;"#NE";-3;"#NE";-3;"#NE";"-3";"#NE"
"26/08/2026";"03:15:18";2022;546;40001618667;2;"DEFERIDO";1;"BRASILEIRA NATA";-3;"TABATINGA";"59";"#NE";-3;"#NE";"1270629.01";"N";"S";"-1";"06005419520226040000";"2";"DEFERIDO";"2";"DEFERIDO";"SIM";"Válido";2;"DEFERIDO";"S";"N";-1;1;"2022-08-10 09:56:37";-3;"#NE";"-3";"#NE";"-3";"#NE";-3;"#NE";-3;"#NE";-3;"#NE";-3;"#NE";"-3";"#NE"
"26/08/2026";"03:15:18";2022;546;40001633329;2;"DEFERIDO";1;"BRASILEIRA NATA";-3;"SÃO PAULO DE OLIVENÇA";"49";"#NE";-3;"#NE";"1270629.01";"N";"S";"-1";"06006544920226040000";"2";"DEFERIDO";"2";"DEFERIDO";"SIM";"Válido";2;"DEFERIDO";"S";"N";-1;11;"2022-08-11 07:49:34";-3;"#NE";"-3";"#NE";"-3";"#NE";-3;"#NE";-3;"#NE";-3;"#NE";-3;"#NE";"-3";"#NE"
"26/08/2026";"03:15:18";2022;546;40001612953;2;"DEFERIDO";1;"BRASILEIRA NATA";-3;"MANAUS";"61";"#NE";-3;"#NE";"3176572.53";"N";"N";"-1";"06003790320226040000";"2";"DEFERIDO";"2";"DEFERIDO";"SIM";"Válido";2;"DEFERIDO";"S";"N";-1;6;"2022-08-09 08:09:39";-3;"#NE";"-3";"#NE";"-3";"#NE";-3;"#NE";-3;"#NE";-3;"#NE";-3;"#NE";"-3";"#NE"
"26/08/2026";"03:15:18";2022;546;40001618393;2;"DEFERIDO";1;"BRASILEIRA NATA";-3;"PARINTINS";"48";"#NE";-3;"#NE";"3176572.53";"N";"S";"-1";"06004466520226040000";"2";"DEFERIDO";"2";"DEFERIDO";"SIM";"Válido";2;"DEFERIDO";"S";"N";-1;-1;"2022-08-10 09:17:29";-3;"#NE";"-3";"#NE";"-3";"#NE";-3;"#NE";-3;"#NE";-3;"#NE";-3;"#NE";"-3";"#NE"
"26/08/2026";"03:15:18";2022;546;40001609207;2;"DEFERIDO";1;"BRASILEIRA NATA";-3;"MANAUS";"38";"#NE";-3;"#NE";"3176572.53";"N";"S";"-1";"06002872520226040000";"2";"DEFERIDO";"2";"DEFERIDO";"SIM";"Válido";2;"DEFERIDO";"S";"N";-1;-1;"2022-08-08 11:19:47";-3;"#NE";"-3";"#NE";"-3";"#NE";-3;"#NE";-3;"#NE";-3;"#NE";-3;"#NE";"-3";"#NE"
"26/08/2026";"03:15:18";2022;546;40001618904;2;"DEFERIDO";1;"BRASILEIRA NATA";-3;"VITÓRIA DE SANTO ANTÃO";"48";"#NE";-3;"#NE";"3176572.53";"N";"N";"-1";"06005600420226040000";"2";"DEFERIDO";"2";"DEFERIDO";"SIM";"Válido";2;"DEFERIDO";"S";"N";-1;-1;"2022-08-10 10:53:52";-3;"#NE";"-3";"#NE";"-3";"#NE";-3;"#NE";-3;"#NE";-3;"#NE";-3;"#NE";"-3";"#NE"
"26/08/2026";"03:15:18";2022;546;40001643219;2;"DEFERIDO";1;"BRASILEIRA NATA";-3;"BENJAMIN CONSTANT";"41";"#NE";-3;"#NE";"3176572.53";"N";"S";"-1";"06006934620226040000";"2";"DEFERIDO";"2";"DEFERIDO";"SIM";"Válido";2;"DEFERIDO";"S";"N";-1;-1;"2022-08-12 10:02:37";-3;"#NE";"-3";"#NE";"-3";"#NE";-3;"#NE";-3;"#NE";-3;"#NE";-3;"#NE";"-3";"#NE"
"26/08/2026";"03:15:18";2022;546;40001612915;2;"DEFERIDO";1;"BRASILEIRA NATA";-3;"ITACOATIARA";"49";"#NE";-3;"#NE";"1270629.01";"N";"S";"-1";"06003591220226040000";"2";"DEFERIDO";"2";"DEFERIDO";"SIM";"Válido";2;"DEFERIDO";"S";"N";-1;22;"2022-08-09 08:08:23";-3;"#NE";"-3";"#NE";"-3";"#NE";-3;"#NE";-3;"#NE";-3;"#NE";-3;"#NE";"-3";"#NE"
"26/08/2026";"03:15:18";2022;546;40001731327;2;"DEFERIDO";1;"BRASILEIRA NATA";-3;"MANAUS";"24";"#NE";-3;"#NE";"1270629.01";"N";"S";"-1";"06011914520226040000";"2";"DEFERIDO";"17";"PENDENTE DE JULGAMENTO";"SIM";"Válido";2;"DEFERIDO";"N";"N";-1;-1;"2022-08-29 17:31:26";-3;"#NE";"-3";"#NE";"-3";"#NE";-3;"#NE";-3;"#NE";-3;"#NE";-3;"#NE";"-3";"#NE"
"26/08/2026";"03:15:18";2022;546;40001719845;14;"INDEFERIDO";1;"BRASILEIRA NATA";-3;"ITACOATIARA";"74";"#NE";-3;"#NE";"3176572.53";"N";"S";"-1";"06008996020226040000";"14";"INDEFERIDO";"17";"PENDENTE DE JULGAMENTO";"SIM";"Nulo técnico";14;"INDEFERIDO";"N";"N";-1;-1;"2022-08-15 13:40:17";-3;"#NE";"-3";"#NE";"-3";"#NE";-3;"#NE";-3;"#NE";-3;"#NE";-3;"#NE";"-3";"#NE"
"26/08/2026";"03:15:18";2022;546;40001643950;14;"INDEFERIDO";1;"BRASILEIRA NATA";-3;"MANAUS";"43";"#NE";-3;"#NE";"1270629.01";"N";"N";"-1";"06007238120226040000";"-1";"#NULO";"-1";"#NULO";"NÃO";"#NULO";-1;"#NULO";"N";"N";-1;-1;"2022-08-11 17:06:17";-3;"#NE";"-3";"#NE";"-3";"#NE";-3;"#NE";-3;"#NE";-3;"#NE";-3;"#NE";"-3";"#NE"
"26/08/2026";"03:15:18";2022;546;40001618374;2;"DEFERIDO";1;"BRASILEIRA NATA";-3;"FORTALEZA";"41";"#NE";-3;"#NE";"1270629.01";"N";"S";"-1";"06004328120226040000";"2";"DEFERIDO";"2";"DEFERIDO";"SIM";"Válido";2;"DEFERIDO";"S";"N";-1;-1;"2022-08-10 09:15:12";-3;"#NE";"-3";"#NE";"-3";"#NE";-3;"#NE";-3;"#NE";-3;"#NE";-3;"#NE";"-3";"#NE"
"26/08/2026";"03:15:18";2022;546;40001618496;2;"DEFERIDO";1;"BRASILEIRA NATA";-3;"ATALAIA DO NORTE";"53";"#NE";-3;"#NE";"1270629.01";"N";"S";"-1";"06005237420226040000";"2";"DEFERIDO";"2";"DEFERIDO";"SIM";"Válido";2;"DEFERIDO";"S";"N";-1;-1;"2022-08-10 09:18:30";-3;"#NE";"-3";"#NE";"-3";"#NE";-3;"#NE";-3;"#NE";-3;"#NE";-3;"#NE";"-3";"#NE"
"26/08/2026";"03:15:18";2022;546;40001719324;6;"RENÚNCIA";1;"BRASILEIRA NATA";-3;"BELO HORIZONTE";"32";"#NE";-3;"#NE";"3176572.53";"N";"S";"-1";"06008883120226040000";"-1";"#NULO";"-1";"#NULO";"NÃO";"#NULO";-1;"#NULO";"N";"N";-1;-1;"2022-08-15 13:19:10";-3;"#NE";"-3";"#NE";"-3";"#NE";-3;"#NE";-3;"#NE";-3;"#NE";-3;"#NE";"-3";"#NE"
"26/08/2026";"03:15:18";2022;546;40001719323;14;"INDEFERIDO";1;"BRASILEIRA NATA";-3;"MANAUS";"54";"#NE";-3;"#NE";"3176572.53";"N";"S";"-1";"06008918320226040000";"-1";"#NULO";"-1";"#NULO";"NÃO";"#NULO";-1;"#NULO";"N";"N";-1;-1;"2022-08-15 13:19:10";-3;"#NE";"-3";"#NE";"-3";"#NE";-3;"#NE";-3;"#NE";-3;"#NE";-3;"#NE";"-3";"#NE"
"26/08/2026";"03:15:18";2022;546;40001723441;14;"INDEFERIDO";1;"BRASILEIRA NATA";-3;"MANAUS";"39";"#NE";-3;"#NE";"3176572.53";"N";"S";"-1";"06009203620226040000";"-1";"#NULO";"-1";"#NULO";"NÃO";"#NULO";-1;"#NULO";"N";"N";-1;-1;"2022-08-15 17:56:12";-3;"#NE";"-3";"#NE";"-3";"#NE";-3;"#NE";-3;"#NE";-3;"#NE";-3;"#NE";"-3";"#NE"
"26/08/2026";"03:15:18";2022;546;40001732891;2;"DEFERIDO";1;"BRASILEIRA NATA";-3;"CARAUARI";"65";"#NE";-3;"#NE";"-1";"N";"S";"-1";"06012763120226040000";"2";"DEFERIDO";"2";"DEFERIDO";"SIM";"#NULO";2;"DEFERIDO";"N";"N";40001719316;1;"2022-09-01 14:35:26";-3;"#NE";"-3";"#NE";"-3";"#NE";-3;"#NE";-3;"#NE";-3;"#NE";-3;"#NE";"-3";"#NE"
"26/08/2026";"03:15:18";2022;546;40001639065;2;"DEFERIDO";1;"BRASILEIRA NATA";-3;"TABATINGA";"41";"#NE";-3;"#NE";"-1";"N";"S";"-1";"06006718520226040000";"2";"DEFERIDO";"2";"DEFERIDO";"SIM";"#NULO";2;"DEFERIDO";"N";"N";-1;1;"2022-08-11 14:44:27";-3;"#NE";"-3";"#NE";"-3";"#NE";-3;"#NE";-3;"#NE";-3;"#NE";-3;"#NE";"-3";"#NE"
"26/08/2026";"03:15:18";2022;546;40001718567;2;"DEFERIDO";1;"BRASILEIRA NATA";-3;"ALTO PARANÁ";"59";"#NE";-3;"#NE";"3176572.53";"N";"S";"-1";"06008338020226040000";"2";"DEFERIDO";"2";"DEFERIDO";"SIM";"Válido";2;"DEFERIDO";"S";"N";-1;-1;"2022-08-15 12:38:33";-3;"#NE";"-3";"#NE";"-3";"#NE";-3;"#NE";-3;"#NE";-3;"#NE";-3;"#NE";"-3";"#NE"
"26/08/2026";"03:15:18";2022;546;40001618449;2;"DEFERIDO";1;"BRASILEIRA NATA";-3;"MANAUS";"65";"#NE";-3;"#NE";"3176572.53";"N";"S";"-1";"06004657120226040000";"2";"DEFERIDO";"2";"DEFERIDO";"SIM";"Válido";2;"DEFERIDO";"S";"N";-1;3;"2022-08-10 09:18:57";-3;"#NE";"-3";"#NE";"-3";"#NE";-3;"#NE";-3;"#NE";-3;"#NE";-3;"#NE";"-3";"#NE"
"26/08/2026";"03:15:18";2022;546;40001671799;2;"DEFERIDO";1;"BRASILEIRA NATA";-3;"ITACOATIARA";"42";"#NE";-3;"#NE";"3176572.53";"N";"S";"-1";"06009178120226040000";"2";"DEFERIDO";"2";"DEFERIDO";"SIM";"Válido";2;"DEFERIDO";"S";"N";-1;-1;"2022-08-13 13:23:31";-3;"#NE";"-3";"#NE";"-3";"#NE";-3;"#NE";-3;"#NE";-3;"#NE";-3;"#NE";"-3";"#NE"
"26/08/2026";"03:15:18";2022;546;40001609378;2;"DEFERIDO";1;"BRASILEIRA NATA";-3;"MANAUS";"50";"#NE";-3;"#NE";"3176572.53";"N";"S";"-1";"06003383620226040000";"2";"DEFERIDO";"2";"DEFERIDO";"SIM";"Válido";2;"DEFERIDO";"S";"N";-1;6;"2022-08-08 11:36:20";-3;"#NE";"-3";"#NE";"-3";"#NE";-3;"#NE";-3;"#NE";-3;"#NE";-3;"#NE";"-3";"#NE"
"26/08/2026";"03:15:18";2022;546;40001650568;2;"DEFERIDO";1;"BRASILEIRA NATA";-3;"MANAUS";"77";"#NE";-3;"#NE";"3811887.03";"N";"S";"-1";"06007722520226040000";"2";"DEFERIDO";"2";"DEFERIDO";"SIM";"Válido";2;"DEFERIDO";"S";"N";-1;-1;"2022-08-12 16:23:38";-3;"#NE";"-3";"#NE";"-3";"#NE";-3;"#NE";-3;"#NE";-3;"#NE";-3;"#NE";"-3";"#NE"
"26/08/2026";"03:15:18";2022;546;40001609311;2;"DEFERIDO";1;"BRASILEIRA NATA";-3;"MANAUS";"47";"#NE";-3;"#NE";"1270629.01";"N";"N";"-1";"06003123820226040000";"2";"DEFERIDO";"2";"DEFERIDO";"SIM";"Válido";2;"DEFERIDO";"S";"N";-1;14;"2022-08-08 11:35:47";-3;"#NE";"-3";"#NE";"-3";"#NE";-3;"#NE";-3;"#NE";-3;"#NE";-3;"#NE";"-3";"#NE"
"26/08/2026";"03:15:18";2022;546;40001719239;2;"DEFERIDO";1;"BRASILEIRA NATA";-3;"ITACOATIARA";"30";"#NE";-3;"#NE";"1270629.01";"N";"S";"-1";"06008736220226040000";"2";"DEFERIDO";"2";"DEFERIDO";"SIM";"Válido";2;"DEFERIDO";"S";"N";-1;-1;"2022-08-15 13:15:15";-3;"#NE";"-3";"#NE";"-3";"#NE";-3;"#NE";-3;"#NE";-3;"#NE";-3;"#NE";"-3";"#NE"
"26/08/2026";"03:15:18";2022;546;40001671688;2;"DEFERIDO";1;"BRASILEIRA NATA";-3;"MANAUS";"23";"#NE";-3;"#NE";"1270629.01";"N";"S";"-1";"06008051520226040000";"2";"DEFERIDO";"2";"DEFERIDO";"SIM";"Válido";2;"DEFERIDO";"S";"N";-1;-1;"2022-08-13 13:23:05";-3;"#NE";"-3";"#NE";"-3";"#NE";-3;"#NE";-3;"#NE";-3;"#NE";-3;"#NE";"-3";"#NE"
"26/08/2026";"03:15:18";2022;546;40001671697;2;"DEFERIDO";1;"BRASILEIRA NATA";-3;"ALTAMIRA";"44";"#NE";-3;"#NE";"1270629.01";"N";"S";"-1";"06007973820226040000";"2";"DEFERIDO";"2";"DEFERIDO";"SIM";"Válido";2;"DEFERIDO";"S";"N";-1;-1;"2022-08-13 13:23:05";-3;"#NE";"-3";"#NE";"-3";"#NE";-3;"#NE";-3;"#NE";-3;"#NE";-3;"#NE";"-3";"#NE"
"26/08/2026";"03:15:18";2022;546;40001618350;2;"DEFERIDO";1;"BRASILEIRA NATA";-3;"MANAUS";"42";"#NE";-3;"#NE";"1270629.01";"N";"S";"-1";"06004163020226040000";"2";"DEFERIDO";"2";"DEFERIDO";"SIM";"Válido";2;"DEFERIDO";"S";"N";-1;-1;"2022-08-10 09:17:10";-3;"#NE";"-3";"#NE";"-3";"#NE";-3;"#NE";-3;"#NE";-3;"#NE";-3;"#NE";"-3";"#NE"
"26/08/2026";"03:15:18";2022;546;40001618362;2;"DEFERIDO";1;"BRASILEIRA NATA";-3;"MANAUS";"44";"#NE";-3;"#NE";"1270629.01";"N";"N";"-1";"06004129020226040000";"2";"DEFERIDO";"2";"DEFERIDO";"SIM";"Válido";2;"DEFERIDO";"S";"N";-1;-1;"2022-08-10 09:17:10";-3;"#NE";"-3";"#NE";"-3";"#NE";-3;"#NE";-3;"#NE";-3;"#NE";-3;"#NE";"-3";"#NE"
"26/08/2026";"03:15:18";2022;546;40001600307;2;"DEFERIDO";1;"BRASILEIRA NATA";-3;"MANAUS";"60";"#NE";-3;"#NE";"1270629.01";"N";"S";"-1";"06003479520226040000";"2";"DEFERIDO";"2";"DEFERIDO";"SIM";"Válido";2;"DEFERIDO";"S";"N";-1;24;"2022-08-01 10:39:35";-3;"#NE";"-3";"#NE";"-3";"#NE";-3;"#NE";-3;"#NE";-3;"#NE";-3;"#NE";"-3";"#NE"
"26/08/2026";"03:15:18";2022;546;40001618486;2;"DEFERIDO";1;"BRASILEIRA NATA";-3;"CODAJÁS";"39";"#NE";-3;"#NE";"1270629.01";"N";"S";"-1";"06005210720226040000";"2";"DEFERIDO";"2";"DEFERIDO";"SIM";"Válido";2;"DEFERIDO";"S";"N";-1;-1;"2022-08-10 09:18:30";-3;"#NE";"-3";"#NE";"-3";"#NE";-3;"#NE";-3;"#NE";-3;"#NE";-3;"#NE";"-3";"#NE"
"26/08/2026";"03:15:18";2022;546;40001620687;2;"DEFERIDO";1;"BRASILEIRA NATA";-3;"MANAUS";"40";"#NE";-3;"#NE";"1270629.01";"N";"S";"-1";"06005809220226040000";"2";"DEFERIDO";"2";"DEFERIDO";"SIM";"Válido";2;"DEFERIDO";"S";"N";-1;9;"2022-08-10 15:50:27";-3;"#NE";"-3";"#NE";"-3";"#NE";-3;"#NE";-3;"#NE";-3;"#NE";-3;"#NE";"-3";"#NE"
"26/08/2026";"03:15:18";2022;546;40001620699;2;"DEFERIDO";1;"BRASILEIRA NATA";-3;"IRANDUBA";"38";"#NE";-3;"#NE";"1270629.01";"N";"N";"-1";"06005939120226040000";"2";"DEFERIDO";"2";"DEFERIDO";"SIM";"Válido";2;"DEFERIDO";"S";"N";-1;21;"2022-08-10 15:50:27";-3;"#NE";"-3";"#NE";"-3";"#NE";-3;"#NE";-3;"#NE";-3;"#NE";-3;"#NE";"-3";"#NE"
"26/08/2026";"03:15:18";2022;546;40001620686;2;"DEFERIDO";1;"BRASILEIRA NATA";-3;"RIO BRANCO";"38";"#NE";-3;"#NE";"1270629.01";"N";"N";"-1";"06005834720226040000";"2";"DEFERIDO";"2";"DEFERIDO";"SIM";"Válido";2;"DEFERIDO";"S";"N";-1;3;"2022-08-10 15:50:27";-3;"#NE";"-3";"#NE";"-3";"#NE";-3;"#NE";-3;"#NE";-3;"#NE";-3;"#NE";"-3";"#NE"
"26/08/2026";"03:15:18";2022;546;40001643460;2;"DEFERIDO";1;"BRASILEIRA NATA";-3;"MANAUS";"49";"#NE";-3;"#NE";"1270629.01";"N";"S";"-1";"06007039020226040000";"2";"DEFERIDO";"2";"DEFERIDO";"SIM";"Válido";2;"DEFERIDO";"S";"N";-1;-1;"2022-08-12 10:02:08";-3;"#NE";"-3";"#NE";"-3";"#NE";-3;"#NE";-3;"#NE";-3;"#NE";-3;"#NE";"-3";"#NE"
"26/08/2026";"03:15:18";2022;546;40001618495;2;"DEFERIDO";1;"BRASILEIRA NATA";-3;"MANAUS";"41";"#NE";-3;"#NE";"1270629.01";"N";"S";"-1";"06004691120226040000";"2";"DEFERIDO";"2";"DEFERIDO";"SIM";"Válido";2;"DEFERIDO";"S";"N";-1;-1;"2022-08-10 09:18:30";-3;"#NE";"-3";"#NE";"-3";"#NE";-3;"#NE";-3;"#NE";-3;"#NE";-3;"#NE";"-3";"#NE"
"26/08/2026";"03:15:18";2022;546;40001726395;6;"RENÚNCIA";1;"BRASILEIRA NATA";-3;"MANAUS";"66";"#NE";-3;"#NE";"1270629.01";"N";"S";"-1";"06009922320226040000";"6";"RENÚNCIA";"17";"PENDENTE DE JULGAMENTO";"SIM";"Nulo técnico";6;"RENÚNCIA";"S";"N";-1;-1;"2022-08-20 10:41:45";-3;"#NE";"-3";"#NE";"-3";"#NE";-3;"#NE";-3;"#NE";-3;"#NE";-3;"#NE";"-3";"#NE"
"26/08/2026";"03:15:18";2022;546;40001726398;4;"INDEFERIDO COM RECURSO";1;"BRASILEIRA NATA";-3;"MANAUS";"57";"#NE";-3;"#NE";"3176572.53";"N";"N";"-1";"06009949020226040000";"4";"INDEFERIDO COM RECURSO";"4";"INDEFERIDO COM RECURSO";"SIM";"Anulado sub judice";4;"INDEFERIDO COM RECURSO";"S";"N";-1;-1;"2022-08-20 10:41:20";-3;"#NE";"-3";"#NE";"-3";"#NE";-3;"#NE";-3;"#NE";-3;"#NE";-3;"#NE";"-3";"#NE"
"26/08/2026";"03:15:18";2022;546;40001733849;13;"PEDIDO NÃO CONHECIDO";1;"BRASILEIRA NATA";-3;"JUAZEIRINHO";"51";"#NE";-3;"#NE";"3176572.53";"N";"S";"-1";"06013230520226040000";"-1";"#NULO";"-1";"#NULO";"NÃO";"#NULO";-1;"#NULO";"N";"N";-1;-1;"2022-09-03 08:00:53";-3;"#NE";"-3";"#NE";"-3";"#NE";-3;"#NE";-3;"#NE";-3;"#NE";-3;"#NE";"-3";"#NE"
"26/08/2026";"03:15:18";2022;546;40001618371;2;"DEFERIDO";1;"BRASILEIRA NATA";-3;"MANAUS";"47";"#NE";-3;"#NE";"3176572.53";"N";"N";"-1";"06004405820226040000";"2";"DEFERIDO";"2";"DEFERIDO";"SIM";"Válido";2;"DEFERIDO";"S";"N";-1;-1;"2022-08-10 09:16:06";-3;"#NE";"-3";"#NE";"-3";"#NE";-3;"#NE";-3;"#NE";-3;"#NE";-3;"#NE";"-3";"#NE"
"26/08/2026";"03:15:18";2022;546;40001609256;2;"DEFERIDO";1;"BRASILEIRA NATA";-3;"ITACOATIARA";"72";"#NE";-3;"#NE";"3176572.53";"N";"N";"-1";"06003071620226040000";"2";"DEFERIDO";"2";"DEFERIDO";"SIM";"Válido";2;"DEFERIDO";"S";"N";-1;-1;"2022-08-08 11:27:45";-3;"#NE";"-3";"#NE";"-3";"#NE";-3;"#NE";-3;"#NE";-3;"#NE";-3;"#NE";"-3";"#NE"
"26/08/2026";"03:15:18";2022;546;40001609379;2;"DEFERIDO";1;"BRASILEIRA NATA";-3;"MANAUS";"37";"#NE";-3;"#NE";"3176572.53";"N";"S";"-1";"06003435820226040000";"2";"DEFERIDO";"2";"DEFERIDO";"SIM";"Válido";2;"DEFERIDO";"S";"N";-1;2;"2022-08-08 11:36:20";-3;"#NE";"-3";"#NE";"-3";"#NE";-3;"#NE";-3;"#NE";-3;"#NE";-3;"#NE";"-3";"#NE"
"26/08/2026";"03:15:18";2022;546;40001671681;2;"DEFERIDO";1;"BRASILEIRA NATA";-3;"CAREIRO";"51";"#NE";-3;"#NE";"1270629.01";"N";"S";"-1";"06007956820226040000";"2";"DEFERIDO";"2";"DEFERIDO";"SIM";"Válido";2;"DEFERIDO";"S";"N";-1;-1;"2022-08-13 13:23:05";-3;"#NE";"-3";"#NE";"-3";"#NE";-3;"#NE";-3;"#NE";-3;"#NE";-3;"#NE";"-3";"#NE"
"26/08/2026";"03:15:18";2022;546;40001618357;2;"DEFERIDO";1;"BRASILEIRA NATA";-3;"EIRUNEPÉ";"38";"#NE";-3;"#NE";"1270629.01";"N";"S";"-1";"06004198220226040000";"2";"DEFERIDO";"2";"DEFERIDO";"SIM";"Válido";2;"DEFERIDO";"S";"N";-1;-1;"2022-08-10 09:17:10";-3;"#NE";"-3";"#NE";"-3";"#NE";-3;"#NE";-3;"#NE";-3;"#NE";-3;"#NE";"-3";"#NE"
"26/08/2026";"03:15:18";2022;546;40001633349;2;"DEFERIDO";1;"BRASILEIRA NATA";-3;"BELFORD ROXO";"61";"#NE";-3;"#NE";"1270629.01";"N";"S";"-1";"06006475720226040000";"2";"DEFERIDO";"2";"DEFERIDO";"SIM";"Válido";2;"DEFERIDO";"S";"N";-1;14;"2022-08-11 07:49:34";-3;"#NE";"-3";"#NE";"-3";"#NE";-3;"#NE";-3;"#NE";-3;"#NE";-3;"#NE";"-3";"#NE"
"26/08/2026";"03:15:18";2022;546;40001650488;2;"DEFERIDO";1;"BRASILEIRA NATA";-3;"NOVO AIRÃO";"23";"#NE";-3;"#NE";"1270629.01";"N";"S";"-1";"06007705520226040000";"2";"DEFERIDO";"2";"DEFERIDO";"SIM";"Válido";2;"DEFERIDO";"S";"N";-1;7;"2022-08-12 16:22:42";-3;"#NE";"-3";"#NE";"-3";"#NE";-3;"#NE";-3;"#NE";-3;"#NE";-3;"#NE";"-3";"#NE"
"26/08/2026";"03:15:18";2022;546;40001650486;2;"DEFERIDO";1;"BRASILEIRA NATA";-3;"MAUÉS";"60";"#NE";-3;"#NE";"1270629.01";"N";"S";"-1";"06007514920226040000";"2";"DEFERIDO";"2";"DEFERIDO";"SIM";"Válido";2;"DEFERIDO";"S";"N";-1;21;"2022-08-12 16:22:42";-3;"#NE";"-3";"#NE";"-3";"#NE";-3;"#NE";-3;"#NE";-3;"#NE";-3;"#NE";"-3";"#NE"
"26/08/2026";"03:15:18";2022;546;40001618484;2;"DEFERIDO";1;"BRASILEIRA NATA";-3;"BOA VISTA";"46";"#NE";-3;"#NE";"1270629.01";"N";"S";"-1";"06004787020226040000";"2";"DEFERIDO";"2";"DEFERIDO";"SIM";"Válido";2;"DEFERIDO";"S";"N";-1;-1;"2022-08-10 09:18:30";-3;"#NE";"-3";"#NE";"-3";"#NE";-3;"#NE";-3;"#NE";-3;"#NE";-3;"#NE";"-3";"#NE"
"26/08/2026";"03:15:18";2022;546;40001643708;2;"DEFERIDO";1;"BRASILEIRA NATA";-3;"SANTARÉM";"56";"#NE";-3;"#NE";"-1";"N";"S";"-1";"06007133720226040000";"2";"DEFERIDO";"2";"DEFERIDO";"SIM";"#NULO";2;"DEFERIDO";"N";"N";-1;1;"2022-08-12 10:03:24";-3;"#NE";"-3";"#NE";"-3";"#NE";-3;"#NE";-3;"#NE";-3;"#NE";-3;"#NE";"-3";"#NE"
"26/08/2026";"03:15:18";2022;546;40001618364;4;"INDEFERIDO COM RECURSO";1;"BRASILEIRA NATA";-3;"MANAUS";"70";"#NE";-3;"#NE";"3176572.53";"N";"S";"-1";"06004388820226040000";"4";"INDEFERIDO COM RECURSO";"4";"INDEFERIDO COM RECURSO";"SIM";"Anulado sub judice";4;"INDEFERIDO COM RECURSO";"S";"N";-1;-1;"2022-08-10 09:16:06";-3;"#NE";"-3";"#NE";"-3";"#NE";-3;"#NE";-3;"#NE";-3;"#NE";-3;"#NE";"-3";"#NE"
"26/08/2026";"03:15:18";2022;546;40001612951;2;"DEFERIDO";1;"BRASILEIRA NATA";-3;"EIRUNEPÉ";"34";"#NE";-3;"#NE";"3176572.53";"N";"S";"-1";"06003764820226040000";"2";"DEFERIDO";"2";"DEFERIDO";"SIM";"Válido";2;"DEFERIDO";"S";"N";-1;7;"2022-08-09 08:09:39";-3;"#NE";"-3";"#NE";"-3";"#NE";-3;"#NE";-3;"#NE";-3;"#NE";-3;"#NE";"-3";"#NE"
"26/08/2026";"03:15:18";2022;546;40001612949;2;"DEFERIDO";1;"BRASILEIRA NATA";-3;"MANAUS";"68";"#NE";-3;"#NE";"3176572.53";"N";"S";"-1";"06003773320226040000";"2";"DEFERIDO";"2";"DEFERIDO";"SIM";"Válido";2;"DEFERIDO";"S";"N";-1;5;"2022-08-09 08:09:39";-3;"#NE";"-3";"#NE";"-3";"#NE";-3;"#NE";-3;"#NE";-3;"#NE";-3;"#NE";"-3";"#NE"
"26/08/2026";"03:15:18";2022;546;40001618447;2;"DEFERIDO";1;"BRASILEIRA NATA";-3;"EIRUNEPÉ";"68";"#NE";-3;"#NE";"3176572.53";"N";"S";"-1";"06004587920226040000";"2";"DEFERIDO";"2";"DEFERIDO";"SIM";"Válido";2;"DEFERIDO";"S";"N";-1;1;"2022-08-10 09:18:57";-3;"#NE";"-3";"#NE";"-3";"#NE";-3;"#NE";-3;"#NE";-3;"#NE";-3;"#NE";"-3";"#NE"
"26/08/2026";"03:15:18";2022;546;40001719838;2;"DEFERIDO";1;"BRASILEIRA NATA";-3;"MANAUS";"58";"#NE";-3;"#NE";"3176572.53";"N";"S";"-1";"06008987520226040000";"2";"DEFERIDO";"17";"PENDENTE DE JULGAMENTO";"SIM";"Válido";2;"DEFERIDO";"S";"N";-1;-1;"2022-08-15 13:40:17";-3;"#NE";"-3";"#NE";"-3";"#NE";-3;"#NE";-3;"#NE";-3;"#NE";-3;"#NE";"-3";"#NE"
"26/08/2026";"03:15:18";2022;546;40001609383;2;"DEFERIDO";1;"BRASILEIRA NATA";-3;"MANAUS";"46";"#NE";-3;"#NE";"3176572.53";"N";"S";"-1";"06003400620226040000";"2";"DEFERIDO";"2";"DEFERIDO";"SIM";"Válido";2;"DEFERIDO";"S";"N";-1;5;"2022-08-08 11:36:20";-3;"#NE";"-3";"#NE";"-3";"#NE";-3;"#NE";-3;"#NE";-3;"#NE";-3;"#NE";"-3";"#NE"
"26/08/2026";"03:15:18";2022;546;40001612914;2;"DEFERIDO";1;"BRASILEIRA NATA";-3;"MANAUS";"37";"#NE";-3;"#NE";"1270629.01";"N";"S";"-1";"06003557220226040000";"2";"DEFERIDO";"2";"DEFERIDO";"SIM";"Válido";2;"DEFERIDO";"S";"N";-1;5;"2022-08-09 08:08:23";-3;"#NE";"-3";"#NE";"-3";"#NE";-3;"#NE";-3;"#NE";-3;"#NE";-3;"#NE";"-3";"#NE"
"26/08/2026";"03:15:18";2022;546;40001612923;2;"DEFERIDO";1;"BRASILEIRA NATA";-3;"MANAUS";"42";"#NE";-3;"#NE";"1270629.01";"N";"S";"-1";"06003513520226040000";"2";"DEFERIDO";"2";"DEFERIDO";"SIM";"Válido";2;"DEFERIDO";"S";"N";-1;20;"2022-08-09 08:08:23";-3;"#NE";"-3";"#NE";"-3";"#NE";-3;"#NE";-3;"#NE";-3;"#NE";-3;"#NE";"-3";"#NE"
"26/08/2026";"03:15:18";2022;546;40001671698;2;"DEFERIDO";1;"BRASILEIRA NATA";-3;"MANAUS";"52";"#NE";-3;"#NE";"1270629.01";"N";"S";"-1";"06007879120226040000";"2";"DEFERIDO";"2";"DEFERIDO";"SIM";"Válido";2;"DEFERIDO";"S";"N";-1;-1;"2022-08-13 13:23:05";-3;"#NE";"-3";"#NE";"-3";"#NE";-3;"#NE";-3;"#NE";-3;"#NE";-3;"#NE";"-3";"#NE"
"26/08/2026";"03:15:18";2022;546;40001671684;2;"DEFERIDO";1;"BRASILEIRA NATA";-3;"MANAUS";"44";"#NE";-3;"#NE";"1270629.01";"N";"S";"-1";"06007896120226040000";"2";"DEFERIDO";"2";"DEFERIDO";"SIM";"Válido";2;"DEFERIDO";"S";"N";-1;-1;"2022-08-13 13:23:05";-3;"#NE";"-3";"#NE";"-3";"#NE";-3;"#NE";-3;"#NE";-3;"#NE";-3;"#NE";"-3";"#NE"
"26/08/2026";"03:15:18";2022;546;40001633277;2;"DEFERIDO";1;"BRASILEIRA NATA";-3;"MANAUS";"66";"#NE";-3;"#NE";"1270629.01";"N";"S";"-1";"06006354320226040000";"2";"DEFERIDO";"2";"DEFERIDO";"SIM";"Válido";2;"DEFERIDO";"S";"N";-1;16;"2022-08-11 07:47:59";-3;"#NE";"-3";"#NE";"-3";"#NE";-3;"#NE";-3;"#NE";-3;"#NE";-3;"#NE";"-3";"#NE"
"26/08/2026";"03:15:18";2022;546;40001620688;2;"DEFERIDO";1;"BRASILEIRA NATA";-3;"COARI";"35";"#NE";-3;"#NE";"1270629.01";"N";"N";"-1";"06005964620226040000";"2";"DEFERIDO";"2";"DEFERIDO";"SIM";"Válido";2;"DEFERIDO";"S";"N";-1;4;"2022-08-10 15:50:27";-3;"#NE";"-3";"#NE";"-3";"#NE";-3;"#NE";-3;"#NE";-3;"#NE";-3;"#NE";"-3";"#NE"
"26/08/2026";"03:15:18";2022;546;40001620690;2;"DEFERIDO";1;"BRASILEIRA NATA";-3;"ITACOATIARA";"48";"#NE";-3;"#NE";"1270629.01";"N";"N";"-1";"06005895420226040000";"2";"DEFERIDO";"2";"DEFERIDO";"SIM";"Válido";2;"DEFERIDO";"S";"N";-1;16;"2022-08-10 15:50:27";-3;"#NE";"-3";"#NE";"-3";"#NE";-3;"#NE";-3;"#NE";-3;"#NE";-3;"#NE";"-3";"#NE"
"26/08/2026";"03:15:18";2022;546;40001650497;2;"DEFERIDO";1;"BRASILEIRA NATA";-3;"MANAUS";"42";"#NE";-3;"#NE";"1270629.01";"N";"S";"-1";"06007540420226040000";"2";"DEFERIDO";"2";"DEFERIDO";"SIM";"Válido";2;"DEFERIDO";"S";"N";-1;5;"2022-08-12 16:22:42";-3;"#NE";"-3";"#NE";"-3";"#NE";-3;"#NE";-3;"#NE";-3;"#NE";-3;"#NE";"-3";"#NE"
"26/08/2026";"03:15:18";2022;546;40001633325;2;"DEFERIDO";1;"BRASILEIRA NATA";-3;"HUMAITÁ";"60";"#NE";-3;"#NE";"1270629.01";"S";"S";"-1";"06006432020226040000";"2";"DEFERIDO";"2";"DEFERIDO";"SIM";"Válido";2;"DEFERIDO";"S";"N";-1;-1;"2022-08-11 07:49:34";-3;"#NE";"-3";"#NE";"-3";"#NE";-3;"#NE";-3;"#NE";-3;"#NE";-3;"#NE";"-3";"#NE"
"26/08/2026";"03:15:18";2022;546;40001650502;2;"DEFERIDO";1;"BRASILEIRA NATA";-3;"MANAUS";"44";"#NE";-3;"#NE";"1270629.01";"N";"S";"-1";"06007567120226040000";"2";"DEFERIDO";"2";"DEFERIDO";"SIM";"Válido";2;"DEFERIDO";"S";"N";-1;15;"2022-08-12 16:22:42";-3;"#NE";"-3";"#NE";"-3";"#NE";-3;"#NE";-3;"#NE";-3;"#NE";-3;"#NE";"-3";"#NE"
"26/08/2026";"03:15:18";2022;546;40001643454;2;"DEFERIDO";1;"BRASILEIRA NATA";-3;"CAREIRO";"53";"#NE";-3;"#NE";"1270629.01";"N";"S";"-1";"06007003820226040000";"2";"DEFERIDO";"2";"DEFERIDO";"SIM";"Válido";2;"DEFERIDO";"S";"N";-1;-1;"2022-08-12 10:02:08";-3;"#NE";"-3";"#NE";"-3";"#NE";-3;"#NE";-3;"#NE";-3;"#NE";-3;"#NE";"-3";"#NE"
"26/08/2026";"03:15:18";2022;546;40001618481;2;"DEFERIDO";1;"BRASILEIRA NATA";-3;"MANAUS";"50";"#NE";-3;"#NE";"1270629.01";"N";"S";"-1";"06004682620226040000";"2";"DEFERIDO";"2";"DEFERIDO";"SIM";"Válido";2;"DEFERIDO";"S";"N";-1;-1;"2022-08-10 09:18:30";-3;"#NE";"-3";"#NE";"-3";"#NE";-3;"#NE";-3;"#NE";-3;"#NE";-3;"#NE";"-3";"#NE"
"26/08/2026";"03:15:18";2022;546;40001737593;2;"DEFERIDO";1;"BRASILEIRA NATA";-3;"CHAPECÓ";"50";"#NE";-3;"#NE";"-1";"N";"S";"-1";"06014799020226040000";"2";"DEFERIDO";"17";"PENDENTE DE JULGAMENTO";"SIM";"#NULO";2;"DEFERIDO";"N";"N";40001650569;2;"2022-09-10 10:54:57";-3;"#NE";"-3";"#NE";"-3";"#NE";-3;"#NE";-3;"#NE";-3;"#NE";-3;"#NE";"-3";"#NE"
"26/08/2026";"03:15:18";2022;546;40001618329;2;"DEFERIDO";1;"BRASILEIRA NATA";-3;"MANAUS";"42";"#NE";-3;"#NE";"7115522.46";"N";"S";"-1";"06003911720226040000";"2";"DEFERIDO";"2";"DEFERIDO";"SIM";"Válido";2;"DEFERIDO";"S";"N";-1;-1;"2022-08-10 09:12:12";-3;"#NE";"-3";"#NE";"-3";"#NE";-3;"#NE";-3;"#NE";-3;"#NE";-3;"#NE";"-3";"#NE"
"26/08/2026";"03:15:18";2022;546;40001620671;2;"DEFERIDO";1;"BRASILEIRA NATA";-3;"SÃO PAULO DE OLIVENÇA";"52";"#NE";-3;"#NE";"3176572.53";"N";"N";"-1";"06005765520226040000";"2";"DEFERIDO";"2";"DEFERIDO";"SIM";"Válido";2;"DEFERIDO";"S";"N";-1;-1;"2022-08-10 15:50:56";-3;"#NE";"-3";"#NE";"-3";"#NE";-3;"#NE";-3;"#NE";-3;"#NE";-3;"#NE";"-3";"#NE"
"26/08/2026";"03:15:18";2022;546;40001620678;2;"DEFERIDO";1;"BRASILEIRA NATA";-3;"MANAUS";"37";"#NE";-3;"#NE";"3176572.53";"N";"N";"-1";"06005748520226040000";"2";"DEFERIDO";"2";"DEFERIDO";"SIM";"Válido";2;"DEFERIDO";"S";"N";-1;-1;"2022-08-10 15:50:56";-3;"#NE";"-3";"#NE";"-3";"#NE";-3;"#NE";-3;"#NE";-3;"#NE";-3;"#NE";"-3";"#NE"
"26/08/2026";"03:15:18";2022;546;40001612948;2;"DEFERIDO";1;"BRASILEIRA NATA";-3;"FORTALEZA";"40";"#NE";-3;"#NE";"3176572.53";"S";"S";"-1";"06003747820226040000";"2";"DEFERIDO";"2";"DEFERIDO";"SIM";"Válido";2;"DEFERIDO";"S";"N";-1;-1;"2022-08-09 08:09:39";-3;"#NE";"-3";"#NE";"-3";"#NE";-3;"#NE";-3;"#NE";-3;"#NE";-3;"#NE";"-3";"#NE"
"26/08/2026";"03:15:18";2022;546;40001618394;2;"DEFERIDO";1;"BRASILEIRA NATA";-3;"MANAUS";"54";"#NE";-3;"#NE";"3176572.53";"N";"S";"-1";"06004458020226040000";"2";"DEFERIDO";"2";"DEFERIDO";"SIM";"Válido";2;"DEFERIDO";"S";"N";-1;-1;"2022-08-10 09:17:29";-3;"#NE";"-3";"#NE";"-3";"#NE";-3;"#NE";-3;"#NE";-3;"#NE";-3;"#NE";"-3";"#NE"
"26/08/2026";"03:15:18";2022;546;40001633248;2;"DEFERIDO";1;"BRASILEIRA NATA";-3;"COARI";"68";"#NE";-3;"#NE";"3176572.53";"N";"S";"-1";"06006129720226040000";"2";"DEFERIDO";"2";"DEFERIDO";"SIM";"Válido";2;"DEFERIDO";"S";"N";-1;-1;"2022-08-11 07:46:46";-3;"#NE";"-3";"#NE";"-3";"#NE";-3;"#NE";-3;"#NE";-3;"#NE";-3;"#NE";"-3";"#NE"
"26/08/2026";"03:15:18";2022;546;40001719265;2;"DEFERIDO";1;"BRASILEIRA NATA";-3;"MANAUS";"39";"#NE";-3;"#NE";"3811887.03";"N";"S";"-1";"06008770220226040000";"2";"DEFERIDO";"17";"PENDENTE DE JULGAMENTO";"SIM";"Válido";2;"DEFERIDO";"S";"N";-1;-1;"2022-08-15 13:14:38";-3;"#NE";"-3";"#NE";"-3";"#NE";-3;"#NE";-3;"#NE";-3;"#NE";-3;"#NE";"-3";"#NE"
"26/08/2026";"03:15:18";2022;546;40001612905;2;"DEFERIDO";1;"BRASILEIRA NATA";-3;"MANAUS";"26";"#NE";-3;"#NE";"1270629.01";"N";"S";"-1";"06003522020226040000";"2";"DEFERIDO";"2";"DEFERIDO";"SIM";"Válido";2;"DEFERIDO";"S";"N";-1;13;"2022-08-09 08:08:23";-3;"#NE";"-3";"#NE";"-3";"#NE";-3;"#NE";-3;"#NE";-3;"#NE";-3;"#NE";"-3";"#NE"
"26/08/2026";"03:15:18";2022;546;40001609331;2;"DEFERIDO";1;"BRASILEIRA NATA";-3;"MANAUS";"39";"#NE";-3;"#NE";"1270629.01";"N";"S";"-1";"06003245220226040000";"2";"DEFERIDO";"2";"DEFERIDO";"SIM";"Válido";2;"DEFERIDO";"S";"N";-1;7;"2022-08-08 11:35:47";-3;"#NE";"-3";"#NE";"-3";"#NE";-3;"#NE";-3;"#NE";-3;"#NE";-3;"#NE";"-3";"#NE"
"26/08/2026";"03:15:18";2022;546;40001609310;2;"DEFERIDO";1;"BRASILEIRA NATA";-3;"MANAUS";"35";"#NE";-3;"#NE";"1270629.01";"S";"S";"-1";"06003184520226040000";"2";"DEFERIDO";"2";"DEFERIDO";"SIM";"Válido";2;"DEFERIDO";"S";"N";-1;-1;"2022-08-08 11:35:47";-3;"#NE";"-3";"#NE";"-3";"#NE";-3;"#NE";-3;"#NE";-3;"#NE";-3;"#NE";"-3";"#NE"
"26/08/2026";"03:15:18";2022;546;40001731322;2;"DEFERIDO";1;"BRASILEIRA NATA";-3;"MANAUS";"73";"#NE";-3;"#NE";"1270629.01";"N";"S";"-1";"06011906020226040000";"2";"DEFERIDO";"17";"PENDENTE DE JULGAMENTO";"SIM";"Válido";2;"DEFERIDO";"S";"N";-1;-1;"2022-08-29 17:31:26";-3;"#NE";"-3";"#NE";"-3";"#NE";-3;"#NE";-3;"#NE";-3;"#NE";-3;"#NE";"-3";"#NE"
"26/08/2026";"03:15:18";2022;546;40001618355;2;"DEFERIDO";1;"BRASILEIRA NATA";-3;"LÁBREA";"48";"#NE";-3;"#NE";"1270629.01";"N";"N";"-1";"06004085320226040000";"2";"DEFERIDO";"2";"DEFERIDO";"SIM";"Válido";2;"DEFERIDO";"S";"N";-1;-1;"2022-08-10 09:17:10";-3;"#NE";"-3";"#NE";"-3";"#NE";-3;"#NE";-3;"#NE";-3;"#NE";-3;"#NE";"-3";"#NE"
"26/08/2026";"03:15:18";2022;546;40001633270;2;"DEFERIDO";1;"BRASILEIRA NATA";-3;"ITACOATIARA";"31";"#NE";-3;"#NE";"1270629.01";"N";"S";"-1";"06006398020226040000";"2";"DEFERIDO";"2";"DEFERIDO";"SIM";"Válido";2;"DEFERIDO";"S";"N";-1;13;"2022-08-11 07:47:59";-3;"#NE";"-3";"#NE";"-3";"#NE";-3;"#NE";-3;"#NE";-3;"#NE";-3;"#NE";"-3";"#NE"
"26/08/2026";"03:15:18";2022;546;40001609192;2;"DEFERIDO";1;"BRASILEIRA NATA";-3;"MANAUS";"54";"#NE";-3;"#NE";"1270629.01";"N";"N";"-1";"06002543520226040000";"2";"DEFERIDO";"2";"DEFERIDO";"SIM";"Válido";2;"DEFERIDO";"S";"N";-1;18;"2022-08-08 11:16:57";-3;"#NE";"-3";"#NE";"-3";"#NE";-3;"#NE";-3;"#NE";-3;"#NE";-3;"#NE";"-3";"#NE"
"26/08/2026";"03:15:18";2022;546;40001650498;2;"DEFERIDO";1;"BRASILEIRA NATA";-3;"ALENQUER";"57";"#NE";-3;"#NE";"1270629.01";"N";"S";"-1";"06007661820226040000";"2";"DEFERIDO";"2";"DEFERIDO";"SIM";"Válido";2;"DEFERIDO";"S";"N";-1;3;"2022-08-12 16:22:42";-3;"#NE";"-3";"#NE";"-3";"#NE";-3;"#NE";-3;"#NE";-3;"#NE";-3;"#NE";"-3";"#NE"
"26/08/2026";"03:15:18";2022;546;40001650489;2;"DEFERIDO";1;"BRASILEIRA NATA";-3;"MANAUS";"57";"#NE";-3;"#NE";"1270629.01";"N";"S";"-1";"06007506420226040000";"2";"DEFERIDO";"2";"DEFERIDO";"SIM";"Válido";2;"DEFERIDO";"S";"N";-1;19;"2022-08-12 16:22:42";-3;"#NE";"-3";"#NE";"-3";"#NE";-3;"#NE";-3;"#NE";-3;"#NE";-3;"#NE";"-3";"#NE"
"26/08/2026";"03:15:18";2022;546;40001643954;2;"DEFERIDO";1;"BRASILEIRA NATA";-3;"MANAUS";"63";"#NE";-3;"#NE";"1270629.01";"N";"S";"-1";"06007341320226040000";"2";"DEFERIDO";"2";"DEFERIDO";"SIM";"Válido";2;"DEFERIDO";"S";"N";-1;-1;"2022-08-11 17:06:17";-3;"#NE";"-3";"#NE";"-3";"#NE";-3;"#NE";-3;"#NE";-3;"#NE";-3;"#NE";"-3";"#NE"
"26/08/2026";"03:15:18";2022;546;40001618493;2;"DEFERIDO";1;"BRASILEIRA NATA";-3;"MANAUS";"33";"#NE";-3;"#NE";"1270629.01";"N";"S";"-1";"06004743320226040000";"2";"DEFERIDO";"2";"DEFERIDO";"SIM";"Válido";2;"DEFERIDO";"S";"N";-1;-1;"2022-08-10 09:18:30";-3;"#NE";"-3";"#NE";"-3";"#NE";-3;"#NE";-3;"#NE";-3;"#NE";-3;"#NE";"-3";"#NE"
"26/08/2026";"03:15:18";2022;546;40001618487;2;"DEFERIDO";1;"BRASILEIRA NATA";-3;"SANTARÉM";"52";"#NE";-3;"#NE";"1270629.01";"N";"S";"-1";"06004778520226040000";"2";"DEFERIDO";"2";"DEFERIDO";"SIM";"Válido";2;"DEFERIDO";"S";"N";-1;-1;"2022-08-10 09:18:30";-3;"#NE";"-3";"#NE";"-3";"#NE";-3;"#NE";-3;"#NE";-3;"#NE";-3;"#NE";"-3";"#NE"
"26/08/2026";"03:15:18";2022;546;40001618480;2;"DEFERIDO";1;"BRASILEIRA NATA";-3;"SANTARÉM";"50";"#NE";-3;"#NE";"1270629.01";"N";"S";"-1";"06005202220226040000";"2";"DEFERIDO";"2";"DEFERIDO";"SIM";"Válido";2;"DEFERIDO";"S";"N";-1;-1;"2022-08-10 09:18:30";-3;"#NE";"-3";"#NE";"-3";"#NE";-3;"#NE";-3;"#NE";-3;"#NE";-3;"#NE";"-3";"#NE"
"26/08/2026";"03:15:18";2022;546;40001718559;4;"INDEFERIDO COM RECURSO";1;"BRASILEIRA NATA";-3;"MANAUS";"51";"#NE";-3;"#NE";"7115522.46";"N";"S";"-1";"06008164420226040000";"4";"INDEFERIDO COM RECURSO";"4";"INDEFERIDO COM RECURSO";"SIM";"Anulado sub judice";4;"INDEFERIDO COM RECURSO";"S";"N";-1;-1;"2022-08-15 12:39:59";-3;"#NE";"-3";"#NE";"-3";"#NE";-3;"#NE";-3;"#NE";-3;"#NE";-3;"#NE";"-3";"#NE"
"26/08/2026";"03:15:18";2022;546;40001639064;2;"DEFERIDO";1;"BRASILEIRA NATA";-3;"MANAUS";"47";"#NE";-3;"#NE";"7115522.46";"N";"S";"-1";"06006787720226040000";"2";"DEFERIDO";"2";"DEFERIDO";"SIM";"Válido";2;"DEFERIDO";"S";"N";-1;-1;"2022-08-11 14:44:27";-3;"#NE";"-3";"#NE";"-3";"#NE";-3;"#NE";-3;"#NE";-3;"#NE";-3;"#NE";"-3";"#NE"
"26/08/2026";"03:15:18";2022;546;40001633250;2;"DEFERIDO";1;"BRASILEIRA NATA";-3;"BARREIRINHA";"55";"#NE";-3;"#NE";"3176572.53";"N";"S";"-1";"06006155220226040000";"2";"DEFERIDO";"2";"DEFERIDO";"SIM";"Válido";2;"DEFERIDO";"S";"N";-1;-1;"2022-08-11 07:46:46";-3;"#NE";"-3";"#NE";"-3";"#NE";-3;"#NE";-3;"#NE";-3;"#NE";-3;"#NE";"-3";"#NE"
"26/08/2026";"03:15:18";2022;546;40001609205;2;"DEFERIDO";1;"BRASILEIRA NATA";-3;"ÓBIDOS";"47";"#NE";-3;"#NE";"3176572.53";"N";"S";"-1";"06002855520226040000";"2";"DEFERIDO";"2";"DEFERIDO";"SIM";"Válido";2;"DEFERIDO";"S";"N";-1;-1;"2022-08-08 11:19:47";-3;"#NE";"-3";"#NE";"-3";"#NE";-3;"#NE";-3;"#NE";-3;"#NE";-3;"#NE";"-3";"#NE"
"26/08/2026";"03:15:18";2022;546;40001609381;2;"DEFERIDO";1;"BRASILEIRA NATA";-3;"ANORI";"61";"#NE";-3;"#NE";"3176572.53";"N";"S";"-1";"06003418820226040000";"2";"DEFERIDO";"2";"DEFERIDO";"SIM";"Válido";2;"DEFERIDO";"S";"N";-1;4;"2022-08-08 11:36:20";-3;"#NE";"-3";"#NE";"-3";"#NE";-3;"#NE";-3;"#NE";-3;"#NE";-3;"#NE";"-3";"#NE"
"26/08/2026";"03:15:18";2022;546;40001615088;2;"DEFERIDO";1;"BRASILEIRA NATA";-3;"SÃO PAULO";"64";"#NE";-3;"#NE";"3811887.03";"N";"S";"-1";"06003851020226040000";"2";"DEFERIDO";"2";"DEFERIDO";"SIM";"Válido";2;"DEFERIDO";"S";"N";-1;-1;"2022-08-09 16:55:41";-3;"#NE";"-3";"#NE";"-3";"#NE";-3;"#NE";-3;"#NE";-3;"#NE";-3;"#NE";"-3";"#NE"
"26/08/2026";"03:15:18";2022;546;40001643948;2;"DEFERIDO";1;"BRASILEIRA NATA";-3;"SANTARÉM";"36";"#NE";-3;"#NE";"1270629.01";"N";"N";"-1";"06007385020226040000";"2";"DEFERIDO";"2";"DEFERIDO";"SIM";"Válido";2;"DEFERIDO";"S";"N";-1;-1;"2022-08-11 17:06:17";-3;"#NE";"-3";"#NE";"-3";"#NE";-3;"#NE";-3;"#NE";-3;"#NE";-3;"#NE";"-3";"#NE"
"26/08/2026";"03:15:18";2022;546;40001612917;2;"DEFERIDO";1;"BRASILEIRA NATA";-3;"SÃO GABRIEL DA CACHOEIRA";"58";"#NE";-3;"#NE";"1270629.01";"N";"S";"-1";"06003496520226040000";"2";"DEFERIDO";"2";"DEFERIDO";"SIM";"Válido";2;"DEFERIDO";"S";"N";-1;8;"2022-08-09 08:08:23";-3;"#NE";"-3";"#NE";"-3";"#NE";-3;"#NE";-3;"#NE";-3;"#NE";-3;"#NE";"-3";"#NE"
"26/08/2026";"03:15:18";2022;546;40001612924;2;"DEFERIDO";1;"BRASILEIRA NATA";-3;"SANTARÉM";"68";"#NE";-3;"#NE";"1270629.01";"N";"S";"-1";"06006683320226040000";"2";"DEFERIDO";"2";"DEFERIDO";"SIM";"Válido";2;"DEFERIDO";"S";"N";-1;19;"2022-08-09 08:08:23";-3;"#NE";"-3";"#NE";"-3";"#NE";-3;"#NE";-3;"#NE";-3;"#NE";-3;"#NE";"-3";"#NE"
"26/08/2026";"03:15:18";2022;546;40001618363;2;"DEFERIDO";1;"BRASILEIRA NATA";-3;"LÁBREA";"52";"#NE";-3;"#NE";"1270629.01";"N";"N";"-1";"06004110820226040000";"2";"DEFERIDO";"2";"DEFERIDO";"SIM";"Válido";2;"DEFERIDO";"S";"N";-1;-1;"2022-08-10 09:17:10";-3;"#NE";"-3";"#NE";"-3";"#NE";-3;"#NE";-3;"#NE";-3;"#NE";-3;"#NE";"-3";"#NE"
"26/08/2026";"03:15:18";2022;546;40001618347;2;"DEFERIDO";1;"BRASILEIRA NATA";-3;"SÃO LUÍS";"50";"#NE";-3;"#NE";"1270629.01";"N";"N";"-1";"06004137520226040000";"2";"DEFERIDO";"2";"DEFERIDO";"SIM";"Válido";2;"DEFERIDO";"S";"N";-1;-1;"2022-08-10 09:17:10";-3;"#NE";"-3";"#NE";"-3";"#NE";-3;"#NE";-3;"#NE";-3;"#NE";-3;"#NE";"-3";"#NE"
"26/08/2026";"03:15:18";2022;546;40001600306;2;"DEFERIDO";1;"BRASILEIRA NATA";-3;"MANAUS";"46";"#NE";-3;"#NE";"1270629.01";"N";"S";"-1";"06002352920226040000";"2";"DEFERIDO";"2";"DEFERIDO";"SIM";"Válido";2;"DEFERIDO";"S";"N";-1;4;"2022-08-01 10:39:35";-3;"#NE";"-3";"#NE";"-3";"#NE";-3;"#NE";-3;"#NE";-3;"#NE";-3;"#NE";"-3";"#NE"
"26/08/2026";"03:15:18";2022;546;40001633255;2;"DEFERIDO";1;"BRASILEIRA NATA";-3;"MANAUS";"25";"#NE";-3;"#NE";"1270629.01";"N";"N";"-1";"06006302120226040000";"2";"DEFERIDO";"2";"DEFERIDO";"SIM";"Válido";2;"DEFERIDO";"S";"N";-1;14;"2022-08-11 07:47:59";-3;"#NE";"-3";"#NE";"-3";"#NE";-3;"#NE";-3;"#NE";-3;"#NE";-3;"#NE";"-3";"#NE"
"26/08/2026";"03:15:18";2022;546;40001609184;2;"DEFERIDO";1;"BRASILEIRA NATA";-3;"MANAUS";"53";"#NE";-3;"#NE";"1270629.01";"N";"S";"-1";"06002708620226040000";"2";"DEFERIDO";"2";"DEFERIDO";"SIM";"Válido";2;"DEFERIDO";"S";"N";-1;11;"2022-08-08 11:16:57";-3;"#NE";"-3";"#NE";"-3";"#NE";-3;"#NE";-3;"#NE";-3;"#NE";-3;"#NE";"-3";"#NE"
"26/08/2026";"03:15:18";2022;546;40001618377;2;"DEFERIDO";1;"BRASILEIRA NATA";-3;"MANAUS";"58";"#NE";-3;"#NE";"1270629.01";"N";"S";"-1";"06004223720226040000";"2";"DEFERIDO";"2";"DEFERIDO";"SIM";"Válido";2;"DEFERIDO";"S";"N";-1;-1;"2022-08-10 09:15:12";-3;"#NE";"-3";"#NE";"-3";"#NE";-3;"#NE";-3;"#NE";-3;"#NE";-3;"#NE";"-3";"#NE"
"26/08/2026";"03:15:18";2022;546;40001633346;2;"DEFERIDO";1;"BRASILEIRA NATA";-3;"MANAUS";"63";"#NE";-3;"#NE";"1270629.01";"N";"N";"-1";"06006492720226040000";"2";"DEFERIDO";"2";"DEFERIDO";"SIM";"Válido";2;"DEFERIDO";"S";"N";-1;9;"2022-08-11 07:49:34";-3;"#NE";"-3";"#NE";"-3";"#NE";-3;"#NE";-3;"#NE";-3;"#NE";-3;"#NE";"-3";"#NE"
"26/08/2026";"03:15:18";2022;546;40001633335;2;"DEFERIDO";1;"BRASILEIRA NATA";-3;"MANAUS";"36";"#NE";-3;"#NE";"1270629.01";"N";"S";"-1";"06006467220226040000";"2";"DEFERIDO";"2";"DEFERIDO";"SIM";"Válido";2;"DEFERIDO";"S";"N";-1;10;"2022-08-11 07:49:34";-3;"#NE";"-3";"#NE";"-3";"#NE";-3;"#NE";-3;"#NE";-3;"#NE";-3;"#NE";"-3";"#NE"
"26/08/2026";"03:15:18";2022;546;40001615089;2;"DEFERIDO";1;"BRASILEIRA NATA";-3;"ITACOATIARA";"48";"#NE";-3;"#NE";"-1";"N";"N";"-1";"06003869220226040000";"2";"DEFERIDO";"2";"DEFERIDO";"SIM";"#NULO";2;"DEFERIDO";"N";"N";-1;2;"2022-08-09 16:55:41";-3;"#NE";"-3";"#NE";"-3";"#NE";-3;"#NE";-3;"#NE";-3;"#NE";-3;"#NE";"-3";"#NE"
"26/08/2026";"03:15:18";2022;546;40001737265;2;"DEFERIDO";1;"BRASILEIRA NATA";-3;"MANAUS";"62";"#NE";-3;"#NE";"-1";"N";"S";"-1";"06014650920226040000";"2";"DEFERIDO";"17";"PENDENTE DE JULGAMENTO";"SIM";"#NULO";2;"DEFERIDO";"N";"N";40001718563;2;"2022-09-09 20:11:36";-3;"#NE";"-3";"#NE";"-3";"#NE";-3;"#NE";-3;"#NE";-3;"#NE";-3;"#NE";"-3";"#NE"
"26/08/2026";"03:15:18";2022;546;40001600300;2;"DEFERIDO";1;"BRASILEIRA NATA";-3;"MONTE ALEGRE";"37";"#NE";-3;"#NE";"1270629.01";"N";"S";"-1";"06002249720226040000";"2";"DEFERIDO";"2";"DEFERIDO";"SIM";"Válido";2;"DEFERIDO";"S";"N";-1;6;"2022-08-01 10:39:35";-3;"#NE";"-3";"#NE";"-3";"#NE";-3;"#NE";-3;"#NE";-3;"#NE";-3;"#NE";"-3";"#NE"
"26/08/2026";"03:15:18";2022;546;40001610344;2;"DEFERIDO";1;"BRASILEIRA NATA";-3;"MANAUS";"35";"#NE";-3;"#NE";"-1";"N";"S";"-1";"06003461320226040000";"2";"DEFERIDO";"2";"DEFERIDO";"SIM";"#NULO";2;"DEFERIDO";"N";"N";-1;1;"2022-08-08 15:00:20";-3;"#NE";"-3";"#NE";"-3";"#NE";-3;"#NE";-3;"#NE";-3;"#NE";-3;"#NE";"-3";"#NE"
"26/08/2026";"03:15:18";2022;546;40001719840;2;"DEFERIDO";1;"BRASILEIRA NATA";-3;"JUAZEIRINHO";"51";"#NE";-3;"#NE";"3176572.53";"N";"S";"-1";"06008952320226040000";"2";"DEFERIDO";"17";"PENDENTE DE JULGAMENTO";"SIM";"Válido";2;"DEFERIDO";"S";"N";-1;-1;"2022-08-15 13:40:17";-3;"#NE";"-3";"#NE";"-3";"#NE";-3;"#NE";-3;"#NE";-3;"#NE";-3;"#NE";"-3";"#NE"
"26/08/2026";"03:15:18";2022;546;40001643940;2;"DEFERIDO";1;"BRASILEIRA NATA";-3;"TEFÉ";"44";"#NE";-3;"#NE";"3176572.53";"N";"N";"-1";"06007202920226040000";"2";"DEFERIDO";"2";"DEFERIDO";"SIM";"Válido";2;"DEFERIDO";"S";"N";-1;-1;"2022-08-12 10:04:01";-3;"#NE";"-3";"#NE";"-3";"#NE";-3;"#NE";-3;"#NE";-3;"#NE";-3;"#NE";"-3";"#NE"
"26/08/2026";"03:15:18";2022;546;40001609314;2;"DEFERIDO";1;"BRASILEIRA NATA";-3;"MANAUS";"52";"#NE";-3;"#NE";"1270629.01";"S";"S";"-1";"06003106820226040000";"2";"DEFERIDO";"2";"DEFERIDO";"SIM";"Válido";2;"DEFERIDO";"S";"N";-1;3;"2022-08-08 11:35:47";-3;"#NE";"-3";"#NE";"-3";"#NE";-3;"#NE";-3;"#NE";-3;"#NE";-3;"#NE";"-3";"#NE"
"26/08/2026";"03:15:18";2022;546;40001609316;2;"DEFERIDO";1;"BRASILEIRA NATA";-3;"IRANDUBA";"41";"#NE";-3;"#NE";"1270629.01";"N";"S";"-1";"06003140820226040000";"2";"DEFERIDO";"2";"DEFERIDO";"SIM";"Válido";2;"DEFERIDO";"S";"N";-1;9;"2022-08-08 11:35:47";-3;"#NE";"-3";"#NE";"-3";"#NE";-3;"#NE";-3;"#NE";-3;"#NE";-3;"#NE";"-3";"#NE"
"26/08/2026";"03:15:18";2022;546;40001719244;2;"DEFERIDO";1;"BRASILEIRA NATA";-3;"MANAUS";"46";"#NE";-3;"#NE";"1270629.01";"N";"S";"-1";"06008744720226040000";"2";"DEFERIDO";"2";"DEFERIDO";"SIM";"Válido";2;"DEFERIDO";"S";"N";-1;-1;"2022-08-15 13:15:15";-3;"#NE";"-3";"#NE";"-3";"#NE";-3;"#NE";-3;"#NE";-3;"#NE";-3;"#NE";"-3";"#NE"
"26/08/2026";"03:15:18";2022;546;40001719247;2;"DEFERIDO";1;"BRASILEIRA NATA";-3;"BELÉM";"57";"#NE";-3;"#NE";"1270629.01";"N";"S";"-1";"06008761720226040000";"2";"DEFERIDO";"2";"DEFERIDO";"SIM";"Válido";2;"DEFERIDO";"S";"N";-1;-1;"2022-08-15 13:15:15";-3;"#NE";"-3";"#NE";"-3";"#NE";-3;"#NE";-3;"#NE";-3;"#NE";-3;"#NE";"-3";"#NE"
"26/08/2026";"03:15:18";2022;546;40001719856;2;"DEFERIDO";1;"BRASILEIRA NATA";-3;"MAURITI";"42";"#NE";-3;"#NE";"1270629.01";"N";"S";"-1";"06009082220226040000";"2";"DEFERIDO";"17";"PENDENTE DE JULGAMENTO";"SIM";"Válido";2;"DEFERIDO";"S";"N";-1;-1;"2022-08-15 13:39:47";-3;"#NE";"-3";"#NE";"-3";"#NE";-3;"#NE";-3;"#NE";-3;"#NE";-3;"#NE";"-3";"#NE"
"26/08/2026";"03:15:18";2022;546;40001609312;2;"DEFERIDO";1;"BRASILEIRA NATA";-3;"ITACOATIARA";"29";"#NE";-3;"#NE";"1270629.01";"N";"S";"-1";"06003115320226040000";"2";"DEFERIDO";"2";"DEFERIDO";"SIM";"Válido";2;"DEFERIDO";"S";"N";-1;5;"2022-08-08 11:35:47";-3;"#NE";"-3";"#NE";"-3";"#NE";-3;"#NE";-3;"#NE";-3;"#NE";-3;"#NE";"-3";"#NE"
"26/08/2026";"03:15:18";2022;546;40001719236;2;"DEFERIDO";1;"BRASILEIRA NATA";-3;"MANAUS";"59";"#NE";-3;"#NE";"1270629.01";"N";"N";"-1";"06009429420226040000";"2";"DEFERIDO";"2";"DEFERIDO";"SIM";"Válido";2;"DEFERIDO";"S";"N";-1;-1;"2022-08-15 13:15:15";-3;"#NE";"-3";"#NE";"-3";"#NE";-3;"#NE";-3;"#NE";-3;"#NE";-3;"#NE";"-3";"#NE"
"26/08/2026";"03:15:18";2022;546;40001600304;2;"DEFERIDO";1;"BRASILEIRA NATA";-3;"MANAUS";"47";"#NE";-3;"#NE";"1270629.01";"N";"S";"-1";"06002318920226040000";"2";"DEFERIDO";"2";"DEFERIDO";"SIM";"Válido";2;"DEFERIDO";"S";"N";-1;9;"2022-08-01 10:39:35";-3;"#NE";"-3";"#NE";"-3";"#NE";-3;"#NE";-3;"#NE";-3;"#NE";-3;"#NE";"-3";"#NE"
"26/08/2026";"03:15:18";2022;546;40001600301;2;"DEFERIDO";1;"BRASILEIRA NATA";-3;"MANACAPURU";"54";"#NE";-3;"#NE";"1270629.01";"N";"S";"-1";"06002275220226040000";"2";"DEFERIDO";"2";"DEFERIDO";"SIM";"Válido";2;"DEFERIDO";"S";"N";-1;14;"2022-08-01 10:39:35";-3;"#NE";"-3";"#NE";"-3";"#NE";-3;"#NE";-3;"#NE";-3;"#NE";-3;"#NE";"-3";"#NE"
"26/08/2026";"03:15:18";2022;546;40001633264;6;"RENÚNCIA";1;"BRASILEIRA NATA";-3;"MANAUS";"63";"#NE";-3;"#NE";"1270629.01";"N";"S";"-1";"06006415020226040000";"-1";"#NULO";"-1";"#NULO";"NÃO";"#NULO";-1;"#NULO";"N";"N";-1;-1;"2022-08-11 07:47:59";-3;"#NE";"-3";"#NE";"-3";"#NE";-3;"#NE";-3;"#NE";-3;"#NE";-3;"#NE";"-3";"#NE"
"26/08/2026";"03:15:18";2022;546;40001609190;2;"DEFERIDO";1;"BRASILEIRA NATA";-3;"SÃO BERNARDO DO CAMPO";"59";"#NE";-3;"#NE";"1270629.01";"N";"S";"-1";"06002786320226040000";"2";"DEFERIDO";"2";"DEFERIDO";"SIM";"Válido";2;"DEFERIDO";"S";"N";-1;12;"2022-08-08 11:16:57";-3;"#NE";"-3";"#NE";"-3";"#NE";-3;"#NE";-3;"#NE";-3;"#NE";-3;"#NE";"-3";"#NE"
"26/08/2026";"03:15:18";2022;546;40001609199;2;"DEFERIDO";1;"BRASILEIRA NATA";-3;"GUAJARÁ-MIRIM";"68";"#NE";-3;"#NE";"1270629.01";"N";"S";"-1";"06002725620226040000";"2";"DEFERIDO";"2";"DEFERIDO";"SIM";"Válido";2;"DEFERIDO";"S";"N";-1;4;"2022-08-08 11:16:57";-3;"#NE";"-3";"#NE";"-3";"#NE";-3;"#NE";-3;"#NE";-3;"#NE";-3;"#NE";"-3";"#NE"
"26/08/2026";"03:15:18";2022;546;40001609203;2;"DEFERIDO";1;"BRASILEIRA NATA";-3;"MANAUS";"40";"#NE";-3;"#NE";"1270629.01";"N";"N";"-1";"06002742620226040000";"2";"DEFERIDO";"2";"DEFERIDO";"SIM";"Válido";2;"DEFERIDO";"S";"N";-1;14;"2022-08-08 11:16:57";-3;"#NE";"-3";"#NE";"-3";"#NE";-3;"#NE";-3;"#NE";-3;"#NE";-3;"#NE";"-3";"#NE"
"26/08/2026";"03:15:18";2022;546;40001609182;2;"DEFERIDO";1;"BRASILEIRA NATA";-3;"BELÉM";"55";"#NE";-3;"#NE";"1270629.01";"N";"N";"-1";"06002604220226040000";"2";"DEFERIDO";"2";"DEFERIDO";"SIM";"Válido";2;"DEFERIDO";"S";"N";-1;7;"2022-08-08 11:16:57";-3;"#NE";"-3";"#NE";"-3";"#NE";-3;"#NE";-3;"#NE";-3;"#NE";-3;"#NE";"-3";"#NE"
"26/08/2026";"03:15:18";2022;546;40001618380;2;"DEFERIDO";1;"BRASILEIRA NATA";-3;"RIO DE JANEIRO";"67";"#NE";-3;"#NE";"1270629.01";"N";"N";"-1";"06004362120226040000";"2";"DEFERIDO";"2";"DEFERIDO";"SIM";"Válido";2;"DEFERIDO";"S";"N";-1;-1;"2022-08-10 09:15:12";-3;"#NE";"-3";"#NE";"-3";"#NE";-3;"#NE";-3;"#NE";-3;"#NE";-3;"#NE";"-3";"#NE"
"26/08/2026";"03:15:18";2022;546;40001618379;2;"DEFERIDO";1;"BRASILEIRA NATA";-3;"MANAUS";"44";"#NE";-3;"#NE";"1270629.01";"N";"N";"-1";"06004232220226040000";"2";"DEFERIDO";"2";"DEFERIDO";"SIM";"Válido";2;"DEFERIDO";"S";"N";-1;-1;"2022-08-10 09:15:12";-3;"#NE";"-3";"#NE";"-3";"#NE";-3;"#NE";-3;"#NE";-3;"#NE";-3;"#NE";"-3";"#NE"
"26/08/2026";"03:15:18";2022;546;40001633332;2;"DEFERIDO";1;"BRASILEIRA NATA";-3;"CURITIBA";"44";"#NE";-3;"#NE";"1270629.01";"N";"S";"-1";"06006605620226040000";"2";"DEFERIDO";"2";"DEFERIDO";"SIM";"Válido";2;"DEFERIDO";"S";"N";-1;5;"2022-08-11 07:49:34";-3;"#NE";"-3";"#NE";"-3";"#NE";-3;"#NE";-3;"#NE";-3;"#NE";-3;"#NE";"-3";"#NE"
"26/08/2026";"03:15:18";2022;546;40001643453;2;"DEFERIDO";1;"BRASILEIRA NATA";-3;"MANAUS";"29";"#NE";-3;"#NE";"1270629.01";"N";"S";"-1";"06007056020226040000";"2";"DEFERIDO";"2";"DEFERIDO";"SIM";"Válido";2;"DEFERIDO";"S";"N";-1;-1;"2022-08-12 10:02:08";-3;"#NE";"-3";"#NE";"-3";"#NE";-3;"#NE";-3;"#NE";-3;"#NE";-3;"#NE";"-3";"#NE"
"26/08/2026";"03:15:18";2022;546;40001618902;2;"DEFERIDO";1;"BRASILEIRA NATA";-3;"RIO DE JANEIRO";"49";"#NE";-3;"#NE";"3176572.53";"N";"N";"-1";"06005591920226040000";"2";"DEFERIDO";"2";"DEFERIDO";"SIM";"Válido";2;"DEFERIDO";"S";"N";-1;-1;"2022-08-10 10:53:52";-3;"#NE";"-3";"#NE";"-3";"#NE";-3;"#NE";-3;"#NE";-3;"#NE";-3;"#NE";"-3";"#NE"
"26/08/2026";"03:15:18";2022;546;40001618909;2;"DEFERIDO";1;"BRASILEIRA NATA";-3;"HUMAITÁ";"59";"#NE";-3;"#NE";"3176572.53";"N";"S";"-1";"06005618620226040000";"2";"DEFERIDO";"2";"DEFERIDO";"SIM";"Válido";2;"DEFERIDO";"S";"N";-1;-1;"2022-08-10 10:53:52";-3;"#NE";"-3";"#NE";"-3";"#NE";-3;"#NE";-3;"#NE";-3;"#NE";-3;"#NE";"-3";"#NE"
"26/08/2026";"03:15:18";2022;546;40001618901;2;"DEFERIDO";1;"BRASILEIRA NATA";-3;"MANAUS";"36";"#NE";-3;"#NE";"3176572.53";"N";"S";"-1";"06005557920226040000";"2";"DEFERIDO";"2";"DEFERIDO";"SIM";"Válido";2;"DEFERIDO";"S";"N";-1;-1;"2022-08-10 10:53:52";-3;"#NE";"-3";"#NE";"-3";"#NE";-3;"#NE";-3;"#NE";-3;"#NE";-3;"#NE";"-3";"#NE"
"26/08/2026";"03:15:18";2022;546;40001639641;2;"DEFERIDO";1;"BRASILEIRA NATA";-3;"MANAUS";"49";"#NE";-3;"#NE";"3811887.03";"N";"S";"-1";"06006752520226040000";"2";"DEFERIDO";"2";"DEFERIDO";"SIM";"Válido";2;"DEFERIDO";"S";"N";-1;-1;"2022-08-11 14:43:43";-3;"#NE";"-3";"#NE";"-3";"#NE";-3;"#NE";-3;"#NE";-3;"#NE";-3;"#NE";"-3";"#NE"
"26/08/2026";"03:15:18";2022;546;40001612903;2;"DEFERIDO";1;"BRASILEIRA NATA";-3;"MANAUS";"31";"#NE";-3;"#NE";"1270629.01";"N";"S";"-1";"06003505020226040000";"2";"DEFERIDO";"2";"DEFERIDO";"SIM";"Válido";2;"DEFERIDO";"S";"N";-1;2;"2022-08-09 08:08:23";-3;"#NE";"-3";"#NE";"-3";"#NE";-3;"#NE";-3;"#NE";-3;"#NE";-3;"#NE";"-3";"#NE"
"26/08/2026";"03:15:18";2022;546;40001671694;2;"DEFERIDO";1;"BRASILEIRA NATA";-3;"PARINTINS";"58";"#NE";-3;"#NE";"1270629.01";"N";"S";"-1";"06007948320226040000";"2";"DEFERIDO";"2";"DEFERIDO";"SIM";"Válido";2;"DEFERIDO";"S";"N";-1;-1;"2022-08-13 13:23:05";-3;"#NE";"-3";"#NE";"-3";"#NE";-3;"#NE";-3;"#NE";-3;"#NE";-3;"#NE";"-3";"#NE"
"26/08/2026";"03:15:18";2022;546;40001671695;2;"DEFERIDO";1;"BRASILEIRA NATA";-3;"JOÃO PESSOA";"42";"#NE";-3;"#NE";"1270629.01";"N";"S";"-1";"06007990820226040000";"2";"DEFERIDO";"2";"DEFERIDO";"SIM";"Válido";2;"DEFERIDO";"S";"N";-1;-1;"2022-08-13 13:23:05";-3;"#NE";"-3";"#NE";"-3";"#NE";-3;"#NE";-3;"#NE";-3;"#NE";-3;"#NE";"-3";"#NE"
"26/08/2026";"03:15:18";2022;546;40001618478;2;"DEFERIDO";1;"BRASILEIRA NATA";-3;"MANAUS";"62";"#NE";-3;"#NE";"1270629.01";"N";"S";"-1";"06004942420226040000";"2";"DEFERIDO";"2";"DEFERIDO";"SIM";"Válido";2;"DEFERIDO";"S";"N";-1;6;"2022-08-10 09:19:58";-3;"#NE";"-3";"#NE";"-3";"#NE";-3;"#NE";-3;"#NE";-3;"#NE";-3;"#NE";"-3";"#NE"
"26/08/2026";"03:15:18";2022;546;40001633278;2;"DEFERIDO";1;"BRASILEIRA NATA";-3;"MANAUS";"46";"#NE";-3;"#NE";"1270629.01";"N";"S";"-1";"06006259620226040000";"2";"DEFERIDO";"4";"INDEFERIDO COM RECURSO";"SIM";"Válido";2;"DEFERIDO";"S";"N";-1;21;"2022-08-11 07:47:59";-3;"#NE";"-3";"#NE";"-3";"#NE";-3;"#NE";-3;"#NE";-3;"#NE";-3;"#NE";"-3";"#NE"
"26/08/2026";"03:15:18";2022;546;40001618390;2;"DEFERIDO";1;"BRASILEIRA NATA";-3;"SÃO PAULO DE OLIVENÇA";"50";"#NE";-3;"#NE";"1270629.01";"N";"S";"-1";"06004301420226040000";"2";"DEFERIDO";"2";"DEFERIDO";"SIM";"Válido";2;"DEFERIDO";"S";"N";-1;-1;"2022-08-10 09:15:12";-3;"#NE";"-3";"#NE";"-3";"#NE";-3;"#NE";-3;"#NE";-3;"#NE";-3;"#NE";"-3";"#NE"
"26/08/2026";"03:15:18";2022;546;40001620701;2;"DEFERIDO";1;"BRASILEIRA NATA";-3;"MANAUS";"45";"#NE";-3;"#NE";"1270629.01";"N";"N";"-1";"06006691820226040000";"2";"DEFERIDO";"2";"DEFERIDO";"SIM";"Válido";2;"DEFERIDO";"S";"N";-1;22;"2022-08-10 15:50:27";-3;"#NE";"-3";"#NE";"-3";"#NE";-3;"#NE";-3;"#NE";-3;"#NE";-3;"#NE";"-3";"#NE"
"26/08/2026";"03:15:18";2022;546;40001620692;2;"DEFERIDO";1;"BRASILEIRA NATA";-3;"MANAUS";"51";"#NE";-3;"#NE";"1270629.01";"S";"S";"-1";"06005999820226040000";"2";"DEFERIDO";"2";"DEFERIDO";"SIM";"Válido";2;"DEFERIDO";"S";"N";-1;-1;"2022-08-10 15:50:27";-3;"#NE";"-3";"#NE";"-3";"#NE";-3;"#NE";-3;"#NE";-3;"#NE";-3;"#NE";"-3";"#NE"
"26/08/2026";"03:15:18";2022;546;40001618670;2;"DEFERIDO";1;"BRASILEIRA NATA";-3;"EIRUNEPÉ";"52";"#NE";-3;"#NE";"1270629.01";"N";"S";"-1";"06005367320226040000";"2";"DEFERIDO";"2";"DEFERIDO";"SIM";"Válido";2;"DEFERIDO";"S";"N";-1;17;"2022-08-10 09:56:37";-3;"#NE";"-3";"#NE";"-3";"#NE";-3;"#NE";-3;"#NE";-3;"#NE";-3;"#NE";"-3";"#NE"
"26/08/2026";"03:15:18";2022;546;40001618664;2;"DEFERIDO";1;"BRASILEIRA NATA";-3;"CRUZEIRO DO SUL";"66";"#NE";-3;"#NE";"1270629.01";"N";"S";"-1";"06005401320226040000";"2";"DEFERIDO";"2";"DEFERIDO";"SIM";"Válido";2;"DEFERIDO";"S";"N";-1;-1;"2022-08-10 09:56:37";-3;"#NE";"-3";"#NE";"-3";"#NE";-3;"#NE";-3;"#NE";-3;"#NE";-3;"#NE";"-3";"#NE"
"26/08/2026";"03:15:18";2022;546;40001633345;2;"DEFERIDO";2;"BRASILEIRA (NATURALIZADA)";-3;"CAICÓ";"40";"#NE";-3;"#NE";"1270629.01";"N";"S";"-1";"06006666320226040000";"2";"DEFERIDO";"2";"DEFERIDO";"SIM";"Válido";2;"DEFERIDO";"S";"N";-1;15;"2022-08-11 07:49:34";-3;"#NE";"-3";"#NE";"-3";"#NE";-3;"#NE";-3;"#NE";-3;"#NE";-3;"#NE";"-3";"#NE"
"26/08/2026";"03:15:18";2022;546;40001650484;2;"DEFERIDO";1;"BRASILEIRA NATA";-3;"MANAUS";"61";"#NE";-3;"#NE";"1270629.01";"N";"S";"-1";"06007619320226040000";"2";"DEFERIDO";"2";"DEFERIDO";"SIM";"Válido";2;"DEFERIDO";"S";"N";-1;20;"2022-08-12 16:22:42";-3;"#NE";"-3";"#NE";"-3";"#NE";-3;"#NE";-3;"#NE";-3;"#NE";-3;"#NE";"-3";"#NE"
"26/08/2026";"03:15:18";2022;546;40001643462;2;"DEFERIDO";1;"BRASILEIRA NATA";-3;"MANAUS";"44";"#NE";-3;"#NE";"1270629.01";"N";"S";"-1";"06007047520226040000";"2";"DEFERIDO";"2";"DEFERIDO";"SIM";"Válido";2;"DEFERIDO";"S";"N";-1;-1;"2022-08-12 10:02:08";-3;"#NE";"-3";"#NE";"-3";"#NE";-3;"#NE";-3;"#NE";-3;"#NE";-3;"#NE";"-3";"#NE"
"26/08/2026";"03:15:18";2022;546;40001618349;2;"DEFERIDO";1;"BRASILEIRA NATA";-3;"MANAUS";"36";"#NE";-3;"#NE";"1270629.01";"N";"N";"-1";"06004033120226040000";"2";"DEFERIDO";"2";"DEFERIDO";"SIM";"Válido";2;"DEFERIDO";"S";"N";-1;-1;"2022-08-10 09:17:10";-3;"#NE";"-3";"#NE";"-3";"#NE";-3;"#NE";-3;"#NE";-3;"#NE";-3;"#NE";"-3";"#NE"
"26/08/2026";"03:15:18";2022;546;40001618356;2;"DEFERIDO";1;"BRASILEIRA NATA";-3;"MANAUS";"43";"#NE";-3;"#NE";"1270629.01";"N";"N";"-1";"06004007620226040000";"2";"DEFERIDO";"2";"DEFERIDO";"SIM";"Válido";2;"DEFERIDO";"S";"N";-1;-1;"2022-08-10 09:17:10";-3;"#NE";"-3";"#NE";"-3";"#NE";-3;"#NE";-3;"#NE";-3;"#NE";-3;"#NE";"-3";"#NE"
"26/08/2026";"03:15:18";2022;546;40001600317;2;"DEFERIDO";1;"BRASILEIRA NATA";-3;"MANAUS";"52";"#NE";-3;"#NE";"1270629.01";"N";"S";"-1";"06002388120226040000";"2";"DEFERIDO";"2";"DEFERIDO";"SIM";"Válido";2;"DEFERIDO";"S";"N";-1;20;"2022-08-01 10:39:35";-3;"#NE";"-3";"#NE";"-3";"#NE";-3;"#NE";-3;"#NE";-3;"#NE";-3;"#NE";"-3";"#NE"
"26/08/2026";"03:15:18";2022;546;40001600314;2;"DEFERIDO";1;"BRASILEIRA NATA";-3;"MANAUS";"49";"#NE";-3;"#NE";"1270629.01";"N";"S";"-1";"06002300720226040000";"2";"DEFERIDO";"2";"DEFERIDO";"SIM";"Válido";2;"DEFERIDO";"S";"N";-1;1;"2022-08-01 10:39:35";-3;"#NE";"-3";"#NE";"-3";"#NE";-3;"#NE";-3;"#NE";-3;"#NE";-3;"#NE";"-3";"#NE"
"26/08/2026";"03:15:18";2022;546;40001618479;2;"DEFERIDO";1;"BRASILEIRA NATA";-3;"MIRINZAL";"32";"#NE";-3;"#NE";"1270629.01";"N";"S";"-1";"06004986120226040000";"2";"DEFERIDO";"2";"DEFERIDO";"SIM";"Válido";2;"DEFERIDO";"S";"N";-1;4;"2022-08-10 09:19:58";-3;"#NE";"-3";"#NE";"-3";"#NE";-3;"#NE";-3;"#NE";-3;"#NE";-3;"#NE";"-3";"#NE"
"26/08/2026";"03:15:18";2022;546;40001609198;2;"DEFERIDO";1;"BRASILEIRA NATA";-3;"MANAUS";"33";"#NE";-3;"#NE";"1270629.01";"N";"S";"-1";"06002595720226040000";"2";"DEFERIDO";"2";"DEFERIDO";"SIM";"Válido";2;"DEFERIDO";"S";"N";-1;13;"2022-08-08 11:16:57";-3;"#NE";"-3";"#NE";"-3";"#NE";-3;"#NE";-3;"#NE";-3;"#NE";-3;"#NE";"-3";"#NE"
"26/08/2026";"03:15:18";2022;546;40001609183;2;"DEFERIDO";1;"BRASILEIRA NATA";-3;"BOA VISTA";"53";"#NE";-3;"#NE";"1270629.01";"S";"S";"-1";"06002560520226040000";"2";"DEFERIDO";"2";"DEFERIDO";"SIM";"Válido";2;"DEFERIDO";"S";"N";-1;-1;"2022-08-08 11:16:57";-3;"#NE";"-3";"#NE";"-3";"#NE";-3;"#NE";-3;"#NE";-3;"#NE";-3;"#NE";"-3";"#NE"
"26/08/2026";"03:15:18";2022;546;40001609189;2;"DEFERIDO";1;"BRASILEIRA NATA";-3;"MANAUS";"30";"#NE";-3;"#NE";"1270629.01";"N";"S";"-1";"06002717120226040000";"2";"DEFERIDO";"2";"DEFERIDO";"SIM";"Válido";2;"DEFERIDO";"S";"N";-1;-1;"2022-08-08 11:16:57";-3;"#NE";"-3";"#NE";"-3";"#NE";-3;"#NE";-3;"#NE";-3;"#NE";-3;"#NE";"-3";"#NE"
"26/08/2026";"03:15:18";2022;546;40001620680;2;"DEFERIDO";1;"BRASILEIRA NATA";-3;"MANAUS";"43";"#NE";-3;"#NE";"1270629.01";"N";"N";"-1";"06005826220226040000";"2";"DEFERIDO";"2";"DEFERIDO";"SIM";"Válido";2;"DEFERIDO";"S";"N";-1;13;"2022-08-10 15:50:27";-3;"#NE";"-3";"#NE";"-3";"#NE";-3;"#NE";-3;"#NE";-3;"#NE";-3;"#NE";"-3";"#NE"
"26/08/2026";"03:15:18";2022;546;40001719842;14;"INDEFERIDO";1;"BRASILEIRA NATA";-3;"ITACOATIARA";"43";"#NE";-3;"#NE";"3176572.53";"N";"S";"-1";"06009013020226040000";"14";"INDEFERIDO";"17";"PENDENTE DE JULGAMENTO";"SIM";"Nulo técnico";14;"INDEFERIDO";"N";"N";-1;-1;"2022-08-15 13:40:17";-3;"#NE";"-3";"#NE";"-3";"#NE";-3;"#NE";-3;"#NE";-3;"#NE";-3;"#NE";"-3";"#NE"
"26/08/2026";"03:15:18";2022;546;40001618361;6;"RENÚNCIA";1;"BRASILEIRA NATA";-3;"COXIM";"56";"#NE";-3;"#NE";"1270629.01";"N";"S";"-1";"06004171520226040000";"-1";"#NULO";"-1";"#NULO";"NÃO";"#NULO";-1;"#NULO";"N";"S";-1;-1;"2022-08-10 09:17:10";-3;"#NE";"-3";"#NE";"-3";"#NE";-3;"#NE";-3;"#NE";-3;"#NE";-3;"#NE";"-3";"#NE"
"26/08/2026";"03:15:18";2022;546;40001718575;2;"DEFERIDO";1;"BRASILEIRA NATA";-3;"MANAUS";"41";"#NE";-3;"#NE";"1270629.01";"N";"S";"-1";"06008302820226040000";"2";"DEFERIDO";"2";"DEFERIDO";"SIM";"Válido";2;"DEFERIDO";"S";"N";-1;-1;"2022-08-15 12:39:18";-3;"#NE";"-3";"#NE";"-3";"#NE";-3;"#NE";-3;"#NE";-3;"#NE";-3;"#NE";"-3";"#NE"
"26/08/2026";"03:15:18";2022;546;40001618471;2;"DEFERIDO";1;"BRASILEIRA NATA";-3;"MANAUS";"46";"#NE";-3;"#NE";"1270629.01";"N";"N";"-1";"06004864720226040000";"2";"DEFERIDO";"2";"DEFERIDO";"SIM";"Válido";2;"DEFERIDO";"S";"N";-1;18;"2022-08-10 09:19:58";-3;"#NE";"-3";"#NE";"-3";"#NE";-3;"#NE";-3;"#NE";-3;"#NE";-3;"#NE";"-3";"#NE"
"26/08/2026";"03:15:18";2022;546;40001723656;5;"CANCELADO";1;"BRASILEIRA NATA";-3;"MANAUS";"35";"#NE";-3;"#NE";"3176572.53";"N";"N";"-1";"06009212120226040000";"-1";"#NULO";"-1";"#NULO";"NÃO";"#NULO";-1;"#NULO";"N";"N";-1;-1;"2022-08-15 19:01:42";-3;"#NE";"-3";"#NE";"-3";"#NE";-3;"#NE";-3;"#NE";-3;"#NE";-3;"#NE";"-3";"#NE"
"26/08/2026";"03:15:18";2022;546;40001618330;2;"DEFERIDO";1;"BRASILEIRA NATA";-3;"MANAUS";"44";"#NE";-3;"#NE";"-1";"N";"N";"-1";"06003920220226040000";"2";"DEFERIDO";"2";"DEFERIDO";"SIM";"#NULO";2;"DEFERIDO";"N";"N";-1;1;"2022-08-10 09:12:12";-3;"#NE";"-3";"#NE";"-3";"#NE";-3;"#NE";-3;"#NE";-3;"#NE";-3;"#NE";"-3";"#NE"
"26/08/2026";"03:15:18";2022;546;40001719230;2;"DEFERIDO";1;"BRASILEIRA NATA";-3;"MANAUS";"49";"#NE";-3;"#NE";"3176572.53";"N";"S";"-1";"06008571120226040000";"2";"DEFERIDO";"2";"DEFERIDO";"SIM";"Válido";2;"DEFERIDO";"S";"N";-1;-1;"2022-08-15 13:14:23";-3;"#NE";"-3";"#NE";"-3";"#NE";-3;"#NE";-3;"#NE";-3;"#NE";-3;"#NE";"-3";"#NE"
"26/08/2026";"03:15:18";2022;546;40001620673;2;"DEFERIDO";1;"BRASILEIRA NATA";-3;"SÃO PAULO";"48";"#NE";-3;"#NE";"3176572.53";"N";"N";"-1";"06005704820226040000";"2";"DEFERIDO";"2";"DEFERIDO";"SIM";"Válido";2;"DEFERIDO";"S";"N";-1;-1;"2022-08-10 15:50:56";-3;"#NE";"-3";"#NE";"-3";"#NE";-3;"#NE";-3;"#NE";-3;"#NE";-3;"#NE";"-3";"#NE"
"26/08/2026";"03:15:18";2022;546;40001609236;2;"DEFERIDO";1;"BRASILEIRA NATA";-3;"MANAUS";"55";"#NE";-3;"#NE";"3176572.53";"S";"S";"-1";"06002985420226040000";"2";"DEFERIDO";"2";"DEFERIDO";"SIM";"Válido";2;"DEFERIDO";"S";"N";-1;-1;"2022-08-08 11:26:45";-3;"#NE";"-3";"#NE";"-3";"#NE";-3;"#NE";-3;"#NE";-3;"#NE";-3;"#NE";"-3";"#NE"
"26/08/2026";"03:15:18";2022;546;40001618453;2;"DEFERIDO";1;"BRASILEIRA NATA";-3;"MANAUS";"38";"#NE";-3;"#NE";"3176572.53";"N";"S";"-1";"06004621920226040000";"2";"DEFERIDO";"2";"DEFERIDO";"SIM";"Válido";2;"DEFERIDO";"S";"N";-1;4;"2022-08-10 09:18:57";-3;"#NE";"-3";"#NE";"-3";"#NE";-3;"#NE";-3;"#NE";-3;"#NE";-3;"#NE";"-3";"#NE"
"26/08/2026";"03:15:18";2022;546;40001618454;2;"DEFERIDO";1;"BRASILEIRA NATA";-3;"MANAUS";"39";"#NE";-3;"#NE";"3176572.53";"N";"S";"-1";"06004604920226040000";"2";"DEFERIDO";"2";"DEFERIDO";"SIM";"Válido";2;"DEFERIDO";"S";"N";-1;7;"2022-08-10 09:18:57";-3;"#NE";"-3";"#NE";"-3";"#NE";-3;"#NE";-3;"#NE";-3;"#NE";-3;"#NE";"-3";"#NE"
"26/08/2026";"03:15:18";2022;546;40001609375;2;"DEFERIDO";1;"BRASILEIRA NATA";-3;"RIO DE JANEIRO";"46";"#NE";-3;"#NE";"3176572.53";"N";"N";"-1";"06003375120226040000";"2";"DEFERIDO";"2";"DEFERIDO";"SIM";"Válido";2;"DEFERIDO";"S";"N";-1;1;"2022-08-08 11:36:20";-3;"#NE";"-3";"#NE";"-3";"#NE";-3;"#NE";-3;"#NE";-3;"#NE";-3;"#NE";"-3";"#NE"
"26/08/2026";"03:15:18";2022;546;40001618906;2;"DEFERIDO";1;"BRASILEIRA NATA";-3;"MANAUS";"38";"#NE";-3;"#NE";"3176572.53";"N";"N";"-1";"06005549420226040000";"2";"DEFERIDO";"2";"DEFERIDO";"SIM";"Válido";2;"DEFERIDO";"S";"N";-1;-1;"2022-08-10 10:53:52";-3;"#NE";"-3";"#NE";"-3";"#NE";-3;"#NE";-3;"#NE";-3;"#NE";-3;"#NE";"-3";"#NE"
"26/08/2026";"03:15:18";2022;546;40001643447;2;"DEFERIDO";1;"BRASILEIRA NATA";-3;"MANAUS";"45";"#NE";-3;"#NE";"1270629.01";"N";"S";"-1";"06006969820226040000";"2";"DEFERIDO";"2";"DEFERIDO";"SIM";"Válido";2;"DEFERIDO";"S";"N";-1;-1;"2022-08-12 10:02:08";-3;"#NE";"-3";"#NE";"-3";"#NE";-3;"#NE";-3;"#NE";-3;"#NE";-3;"#NE";"-3";"#NE"
"26/08/2026";"03:15:18";2022;546;40001612919;2;"DEFERIDO";1;"BRASILEIRA NATA";-3;"EIRUNEPÉ";"48";"#NE";-3;"#NE";"1270629.01";"N";"S";"-1";"06003695620226040000";"2";"DEFERIDO";"2";"DEFERIDO";"SIM";"Válido";2;"DEFERIDO";"S";"N";-1;1;"2022-08-09 08:08:23";-3;"#NE";"-3";"#NE";"-3";"#NE";-3;"#NE";-3;"#NE";-3;"#NE";-3;"#NE";"-3";"#NE"
"26/08/2026";"03:15:18";2022;546;40001609318;2;"DEFERIDO";1;"BRASILEIRA NATA";-3;"EIRUNEPÉ";"39";"#NE";-3;"#NE";"1270629.01";"N";"S";"-1";"06003288920226040000";"2";"DEFERIDO";"2";"DEFERIDO";"SIM";"Válido";2;"DEFERIDO";"S";"N";-1;2;"2022-08-08 11:35:47";-3;"#NE";"-3";"#NE";"-3";"#NE";-3;"#NE";-3;"#NE";-3;"#NE";-3;"#NE";"-3";"#NE"
"26/08/2026";"03:15:18";2022;546;40001671682;2;"DEFERIDO";1;"BRASILEIRA NATA";-3;"MANAUS";"47";"#NE";-3;"#NE";"1270629.01";"N";"S";"-1";"06008026020226040000";"2";"DEFERIDO";"2";"DEFERIDO";"SIM";"Válido";2;"DEFERIDO";"S";"N";-1;-1;"2022-08-13 13:23:05";-3;"#NE";"-3";"#NE";"-3";"#NE";-3;"#NE";-3;"#NE";-3;"#NE";-3;"#NE";"-3";"#NE"
"26/08/2026";"03:15:18";2022;546;40001719854;2;"DEFERIDO";1;"BRASILEIRA NATA";-3;"MANAUS";"43";"#NE";-3;"#NE";"1270629.01";"N";"S";"-1";"06009065220226040000";"2";"DEFERIDO";"17";"PENDENTE DE JULGAMENTO";"SIM";"Válido";2;"DEFERIDO";"S";"N";-1;-1;"2022-08-15 13:39:47";-3;"#NE";"-3";"#NE";"-3";"#NE";-3;"#NE";-3;"#NE";-3;"#NE";-3;"#NE";"-3";"#NE"
"26/08/2026";"03:15:18";2022;546;40001719853;2;"DEFERIDO";1;"BRASILEIRA NATA";-3;"MANAUS";"38";"#NE";-3;"#NE";"1270629.01";"N";"S";"-1";"06009125920226040000";"2";"DEFERIDO";"17";"PENDENTE DE JULGAMENTO";"SIM";"Válido";2;"DEFERIDO";"N";"N";-1;-1;"2022-08-15 13:39:47";-3;"#NE";"-3";"#NE";"-3";"#NE";-3;"#NE";-3;"#NE";-3;"#NE";-3;"#NE";"-3";"#NE"
"26/08/2026";"03:15:18";2022;546;40001719859;2;"DEFERIDO";1;"BRASILEIRA NATA";-3;"SÃO SEBASTIÃO DO UATUMÃ";"27";"#NE";-3;"#NE";"1270629.01";"N";"S";"-1";"06009073720226040000";"2";"DEFERIDO";"17";"PENDENTE DE JULGAMENTO";"SIM";"Válido";2;"DEFERIDO";"N";"N";-1;-1;"2022-08-15 13:39:47";-3;"#NE";"-3";"#NE";"-3";"#NE";-3;"#NE";-3;"#NE";-3;"#NE";-3;"#NE";"-3";"#NE"
"26/08/2026";"03:15:18";2022;546;40001618341;2;"DEFERIDO";1;"BRASILEIRA NATA";-3;"MANAUS";"57";"#NE";-3;"#NE";"1270629.01";"N";"S";"-1";"06004093820226040000";"2";"DEFERIDO";"2";"DEFERIDO";"SIM";"Válido";2;"DEFERIDO";"S";"N";-1;-1;"2022-08-10 09:17:10";-3;"#NE";"-3";"#NE";"-3";"#NE";-3;"#NE";-3;"#NE";-3;"#NE";-3;"#NE";"-3";"#NE"
"26/08/2026";"03:15:18";2022;546;40001618474;6;"RENÚNCIA";1;"BRASILEIRA NATA";-3;"MANAUS";"67";"#NE";-3;"#NE";"1270629.01";"N";"S";"-1";"06004881720226040000";"-1";"#NULO";"-1";"#NULO";"NÃO";"#NULO";-1;"#NULO";"N";"S";-1;-1;"2022-08-10 09:19:58";-3;"#NE";"-3";"#NE";"-3";"#NE";-3;"#NE";-3;"#NE";-3;"#NE";-3;"#NE";"-3";"#NE"
"26/08/2026";"03:15:18";2022;546;40001633273;2;"DEFERIDO";1;"BRASILEIRA NATA";-3;"MANAUS";"55";"#NE";-3;"#NE";"1270629.01";"N";"S";"-1";"06006241420226040000";"2";"DEFERIDO";"2";"DEFERIDO";"SIM";"Válido";2;"DEFERIDO";"S";"N";-1;12;"2022-08-11 07:47:59";-3;"#NE";"-3";"#NE";"-3";"#NE";-3;"#NE";-3;"#NE";-3;"#NE";-3;"#NE";"-3";"#NE"
"26/08/2026";"03:15:18";2022;546;40001609201;2;"DEFERIDO";1;"BRASILEIRA NATA";-3;"MANAUS";"65";"#NE";-3;"#NE";"1270629.01";"N";"S";"-1";"06002656420226040000";"2";"DEFERIDO";"2";"DEFERIDO";"SIM";"Válido";2;"DEFERIDO";"S";"N";-1;3;"2022-08-08 11:16:57";-3;"#NE";"-3";"#NE";"-3";"#NE";-3;"#NE";-3;"#NE";-3;"#NE";-3;"#NE";"-3";"#NE"
"26/08/2026";"03:15:18";2022;546;40001609193;2;"DEFERIDO";1;"BRASILEIRA NATA";-3;"MANAUS";"50";"#NE";-3;"#NE";"1270629.01";"N";"S";"-1";"06002647920226040000";"2";"DEFERIDO";"2";"DEFERIDO";"SIM";"Válido";2;"DEFERIDO";"S";"N";-1;-1;"2022-08-08 11:16:57";-3;"#NE";"-3";"#NE";"-3";"#NE";-3;"#NE";-3;"#NE";-3;"#NE";-3;"#NE";"-3";"#NE"
"26/08/2026";"03:15:18";2022;546;40001633344;2;"DEFERIDO";1;"BRASILEIRA NATA";-3;"PARINTINS";"58";"#NE";-3;"#NE";"1270629.01";"S";"S";"-1";"06006553420226040000";"2";"DEFERIDO";"2";"DEFERIDO";"SIM";"Válido";2;"DEFERIDO";"S";"N";-1;2;"2022-08-11 07:49:34";-3;"#NE";"-3";"#NE";"-3";"#NE";-3;"#NE";-3;"#NE";-3;"#NE";-3;"#NE";"-3";"#NE"
"26/08/2026";"03:15:18";2022;546;40001633340;2;"DEFERIDO";1;"BRASILEIRA NATA";-3;"ITAPIRANGA";"48";"#NE";-3;"#NE";"1270629.01";"N";"S";"-1";"06006649320226040000";"2";"DEFERIDO";"2";"DEFERIDO";"SIM";"Válido";2;"DEFERIDO";"S";"N";-1;17;"2022-08-11 07:49:34";-3;"#NE";"-3";"#NE";"-3";"#NE";-3;"#NE";-3;"#NE";-3;"#NE";-3;"#NE";"-3";"#NE"
"26/08/2026";"03:15:18";2022;546;40001643961;2;"DEFERIDO";3;"PORTUGUESA COM IGUALDADE DE DIREITOS";-3;"MOÇAMBIQUE";"55";"#NE";-3;"#NE";"1270629.01";"N";"N";"-1";"06007410520226040000";"2";"DEFERIDO";"2";"DEFERIDO";"SIM";"Válido";2;"DEFERIDO";"S";"N";-1;-1;"2022-08-11 17:06:17";-3;"#NE";"-3";"#NE";"-3";"#NE";-3;"#NE";-3;"#NE";-3;"#NE";-3;"#NE";"-3";"#NE"
"26/08/2026";"03:15:18";2022;546;40001618482;2;"DEFERIDO";1;"BRASILEIRA NATA";-3;"SANTARÉM";"39";"#NE";-3;"#NE";"1270629.01";"N";"S";"-1";"06005193720226040000";"2";"DEFERIDO";"2";"DEFERIDO";"SIM";"Válido";2;"DEFERIDO";"S";"N";-1;-1;"2022-08-10 09:18:30";-3;"#NE";"-3";"#NE";"-3";"#NE";-3;"#NE";-3;"#NE";-3;"#NE";-3;"#NE";"-3";"#NE"
"26/08/2026";"03:15:18";2022;546;40001732295;2;"DEFERIDO";1;"BRASILEIRA NATA";-3;"MANAUS";"60";"#NE";-3;"#NE";"1270629.01";"N";"S";"-1";"06012564020226040000";"2";"DEFERIDO";"2";"DEFERIDO";"SIM";"Válido";2;"DEFERIDO";"S";"N";40001618474;16;"2022-08-31 12:21:52";-3;"#NE";"-3";"#NE";"-3";"#NE";-3;"#NE";-3;"#NE";-3;"#NE";-3;"#NE";"-3";"#NE"
"26/08/2026";"03:15:18";2022;546;40001719841;6;"RENÚNCIA";1;"BRASILEIRA NATA";-3;"MANAUS";"47";"#NE";-3;"#NE";"3176572.53";"N";"S";"-1";"06009021520226040000";"-1";"#NULO";"-1";"#NULO";"NÃO";"#NULO";-1;"#NULO";"N";"N";-1;-1;"2022-08-15 13:40:17";-3;"#NE";"-3";"#NE";"-3";"#NE";-3;"#NE";-3;"#NE";-3;"#NE";-3;"#NE";"-3";"#NE"
"26/08/2026";"03:15:18";2022;546;40001619528;2;"DEFERIDO";1;"BRASILEIRA NATA";-3;"SANTARÉM";"46";"#NE";-3;"#NE";"7115522.46";"S";"S";"-1";"06005679320226040000";"2";"DEFERIDO";"2";"DEFERIDO";"SIM";"Válido";2;"DEFERIDO";"S";"N";-1;-1;"2022-08-10 12:25:06";-3;"#NE";"-3";"#NE";"-3";"#NE";-3;"#NE";-3;"#NE";-3;"#NE";-3;"#NE";"-3";"#NE"
"26/08/2026";"03:15:18";2022;546;40001612956;2;"DEFERIDO";1;"BRASILEIRA NATA";-3;"CURITIBA";"57";"#NE";-3;"#NE";"3176572.53";"N";"S";"-1";"06003817020226040000";"2";"DEFERIDO";"2";"DEFERIDO";"SIM";"Válido";2;"DEFERIDO";"S";"N";-1;8;"2022-08-09 08:09:39";-3;"#NE";"-3";"#NE";"-3";"#NE";-3;"#NE";-3;"#NE";-3;"#NE";-3;"#NE";"-3";"#NE"
"26/08/2026";"03:15:18";2022;546;40001719163;2;"DEFERIDO";1;"BRASILEIRA NATA";-3;"MANAUS";"54";"#NE";-3;"#NE";"3176572.53";"N";"S";"-1";"06008476420226040000";"2";"DEFERIDO";"2";"DEFERIDO";"SIM";"Válido";2;"DEFERIDO";"S";"N";-1;7;"2022-08-15 13:13:45";-3;"#NE";"-3";"#NE";"-3";"#NE";-3;"#NE";-3;"#NE";-3;"#NE";-3;"#NE";"-3";"#NE"
"26/08/2026";"03:15:18";2022;546;40001633249;2;"DEFERIDO";1;"BRASILEIRA NATA";-3;"TEFÉ";"49";"#NE";-3;"#NE";"3176572.53";"N";"S";"-1";"06006138220226040000";"2";"DEFERIDO";"2";"DEFERIDO";"SIM";"Válido";2;"DEFERIDO";"S";"N";-1;-1;"2022-08-11 07:46:46";-3;"#NE";"-3";"#NE";"-3";"#NE";-3;"#NE";-3;"#NE";-3;"#NE";-3;"#NE";"-3";"#NE"
"26/08/2026";"03:15:18";2022;546;40001618510;2;"DEFERIDO";1;"BRASILEIRA NATA";-3;"MANAUS";"44";"#NE";-3;"#NE";"3176572.53";"N";"S";"-1";"06005099020226040000";"2";"DEFERIDO";"2";"DEFERIDO";"SIM";"Válido";2;"DEFERIDO";"S";"N";-1;-1;"2022-08-10 09:15:39";-3;"#NE";"-3";"#NE";"-3";"#NE";-3;"#NE";-3;"#NE";-3;"#NE";-3;"#NE";"-3";"#NE"
"26/08/2026";"03:15:18";2022;546;40001643934;2;"DEFERIDO";1;"BRASILEIRA NATA";-3;"MANAUS";"51";"#NE";-3;"#NE";"3176572.53";"N";"S";"-1";"06007194420226040000";"2";"DEFERIDO";"2";"DEFERIDO";"SIM";"Válido";2;"DEFERIDO";"S";"N";-1;-1;"2022-08-12 10:04:01";-3;"#NE";"-3";"#NE";"-3";"#NE";-3;"#NE";-3;"#NE";-3;"#NE";-3;"#NE";"-3";"#NE"
"26/08/2026";"03:15:18";2022;546;40001612921;2;"DEFERIDO";1;"BRASILEIRA NATA";-3;"PATOS";"66";"#NE";-3;"#NE";"1270629.01";"N";"S";"-1";"06003634920226040000";"2";"DEFERIDO";"2";"DEFERIDO";"SIM";"Válido";2;"DEFERIDO";"S";"N";-1;16;"2022-08-09 08:08:23";-3;"#NE";"-3";"#NE";"-3";"#NE";-3;"#NE";-3;"#NE";-3;"#NE";-3;"#NE";"-3";"#NE"
"26/08/2026";"03:15:18";2022;546;40001719852;2;"DEFERIDO";1;"BRASILEIRA NATA";-3;"MANAUS";"46";"#NE";-3;"#NE";"1270629.01";"N";"S";"-1";"06009108920226040000";"2";"DEFERIDO";"17";"PENDENTE DE JULGAMENTO";"SIM";"Válido";2;"DEFERIDO";"S";"N";-1;-1;"2022-08-15 13:39:47";-3;"#NE";"-3";"#NE";"-3";"#NE";-3;"#NE";-3;"#NE";-3;"#NE";-3;"#NE";"-3";"#NE"
"26/08/2026";"03:15:18";2022;546;40001633266;2;"DEFERIDO";1;"BRASILEIRA NATA";-3;"MANAUS";"37";"#NE";-3;"#NE";"1270629.01";"N";"S";"-1";"06006328820226040000";"2";"DEFERIDO";"2";"DEFERIDO";"SIM";"Válido";2;"DEFERIDO";"S";"N";-1;4;"2022-08-11 07:47:59";-3;"#NE";"-3";"#NE";"-3";"#NE";-3;"#NE";-3;"#NE";-3;"#NE";-3;"#NE";"-3";"#NE"
"26/08/2026";"03:15:18";2022;546;40001618384;2;"DEFERIDO";1;"BRASILEIRA NATA";-3;"PARINTINS";"47";"#NE";-3;"#NE";"1270629.01";"N";"S";"-1";"06004449520226040000";"2";"DEFERIDO";"2";"DEFERIDO";"SIM";"Válido";2;"DEFERIDO";"S";"N";-1;-1;"2022-08-10 09:15:12";-3;"#NE";"-3";"#NE";"-3";"#NE";-3;"#NE";-3;"#NE";-3;"#NE";-3;"#NE";"-3";"#NE"
"26/08/2026";"03:15:18";2022;546;40001620683;2;"DEFERIDO";1;"BRASILEIRA NATA";-3;"BOTUCATU";"54";"#NE";-3;"#NE";"1270629.01";"N";"S";"-1";"06005886920226040000";"2";"DEFERIDO";"2";"DEFERIDO";"SIM";"Válido";2;"DEFERIDO";"S";"N";-1;10;"2022-08-10 15:50:27";-3;"#NE";"-3";"#NE";"-3";"#NE";-3;"#NE";-3;"#NE";-3;"#NE";-3;"#NE";"-3";"#NE"
"26/08/2026";"03:15:18";2022;546;40001650495;2;"DEFERIDO";1;"BRASILEIRA NATA";-3;"ENVIRA";"38";"#NE";-3;"#NE";"1270629.01";"N";"S";"-1";"06007471220226040000";"2";"DEFERIDO";"2";"DEFERIDO";"SIM";"Válido";2;"DEFERIDO";"S";"N";-1;11;"2022-08-12 16:22:42";-3;"#NE";"-3";"#NE";"-3";"#NE";-3;"#NE";-3;"#NE";-3;"#NE";-3;"#NE";"-3";"#NE"
"26/08/2026";"03:15:18";2022;546;40001650567;2;"DEFERIDO";1;"BRASILEIRA NATA";-3;"MANAUS";"63";"#NE";-3;"#NE";"-1";"N";"S";"-1";"06007749220226040000";"2";"DEFERIDO";"2";"DEFERIDO";"SIM";"#NULO";2;"DEFERIDO";"N";"N";-1;1;"2022-08-12 16:23:38";-3;"#NE";"-3";"#NE";"-3";"#NE";-3;"#NE";-3;"#NE";-3;"#NE";-3;"#NE";"-3";"#NE"
"26/08/2026";"03:15:18";2022;546;40001718565;14;"INDEFERIDO";1;"BRASILEIRA NATA";-3;"MANAUS";"63";"#NE";-3;"#NE";"3176572.53";"N";"N";"-1";"06008407220226040000";"-1";"#NULO";"-1";"#NULO";"NÃO";"#NULO";-1;"#NULO";"N";"N";-1;-1;"2022-08-15 12:38:33";-3;"#NE";"-3";"#NE";"-3";"#NE";-3;"#NE";-3;"#NE";-3;"#NE";-3;"#NE";"-3";"#NE"
"26/08/2026";"03:15:18";2022;546;40001719321;6;"RENÚNCIA";1;"BRASILEIRA NATA";-3;"CARAUARI";"65";"#NE";-3;"#NE";"3176572.53";"N";"S";"-1";"06008866120226040000";"-1";"#NULO";"-1";"#NULO";"NÃO";"#NULO";-1;"#NULO";"N";"N";-1;-1;"2022-08-15 13:19:24";-3;"#NE";"-3";"#NE";"-3";"#NE";-3;"#NE";-3;"#NE";-3;"#NE";-3;"#NE";"-3";"#NE"
"26/08/2026";"03:15:18";2022;546;40001733852;13;"PEDIDO NÃO CONHECIDO";1;"BRASILEIRA NATA";-3;"SÃO BERNARDO DO CAMPO";"46";"#NE";-3;"#NE";"3176572.53";"N";"S";"-1";"06013274220226040000";"-1";"#NULO";"-1";"#NULO";"NÃO";"#NULO";-1;"#NULO";"N";"N";-1;-1;"2022-09-03 08:00:53";-3;"#NE";"-3";"#NE";"-3";"#NE";-3;"#NE";-3;"#NE";-3;"#NE";-3;"#NE";"-3";"#NE"
"26/08/2026";"03:15:18";2022;546;40001718571;2;"DEFERIDO";1;"BRASILEIRA NATA";-3;"BARCELOS";"71";"#NE";-3;"#NE";"3176572.53";"N";"S";"-1";"06008380520226040000";"2";"DEFERIDO";"2";"DEFERIDO";"SIM";"Válido";2;"DEFERIDO";"S";"N";-1;-1;"2022-08-15 12:38:33";-3;"#NE";"-3";"#NE";"-3";"#NE";-3;"#NE";-3;"#NE";-3;"#NE";-3;"#NE";"-3";"#NE"
"26/08/2026";"03:15:18";2022;546;40001618903;2;"DEFERIDO";1;"BRASILEIRA NATA";-3;"MONTE ALEGRE";"50";"#NE";-3;"#NE";"3176572.53";"N";"N";"-1";"06005583420226040000";"2";"DEFERIDO";"2";"DEFERIDO";"SIM";"Válido";2;"DEFERIDO";"S";"N";-1;-1;"2022-08-10 10:53:52";-3;"#NE";"-3";"#NE";"-3";"#NE";-3;"#NE";-3;"#NE";-3;"#NE";-3;"#NE";"-3";"#NE"
"26/08/2026";"03:15:18";2022;546;40001643457;2;"DEFERIDO";1;"BRASILEIRA NATA";-3;"SANTARÉM";"58";"#NE";-3;"#NE";"1270629.01";"N";"N";"-1";"06007073020226040000";"2";"DEFERIDO";"2";"DEFERIDO";"SIM";"Válido";2;"DEFERIDO";"S";"N";-1;-1;"2022-08-12 10:02:08";-3;"#NE";"-3";"#NE";"-3";"#NE";-3;"#NE";-3;"#NE";-3;"#NE";-3;"#NE";"-3";"#NE"
"26/08/2026";"03:15:18";2022;546;40001643946;2;"DEFERIDO";1;"BRASILEIRA NATA";-3;"MANAUS";"47";"#NE";-3;"#NE";"1270629.01";"N";"S";"-1";"06007393520226040000";"2";"DEFERIDO";"2";"DEFERIDO";"SIM";"Válido";2;"DEFERIDO";"S";"N";-1;-1;"2022-08-11 17:06:17";-3;"#NE";"-3";"#NE";"-3";"#NE";-3;"#NE";-3;"#NE";-3;"#NE";-3;"#NE";"-3";"#NE"
"26/08/2026";"03:15:18";2022;546;40001643962;2;"DEFERIDO";1;"BRASILEIRA NATA";-3;"MANAUS";"50";"#NE";-3;"#NE";"1270629.01";"N";"S";"-1";"06007359520226040000";"2";"DEFERIDO";"2";"DEFERIDO";"SIM";"Válido";2;"DEFERIDO";"S";"N";-1;-1;"2022-08-11 17:06:17";-3;"#NE";"-3";"#NE";"-3";"#NE";-3;"#NE";-3;"#NE";-3;"#NE";-3;"#NE";"-3";"#NE"
"26/08/2026";"03:15:18";2022;546;40001612912;2;"DEFERIDO";1;"BRASILEIRA NATA";-3;"MANAUS";"42";"#NE";-3;"#NE";"1270629.01";"N";"S";"-1";"06003565720226040000";"2";"DEFERIDO";"2";"DEFERIDO";"SIM";"Válido";2;"DEFERIDO";"S";"N";-1;15;"2022-08-09 08:08:23";-3;"#NE";"-3";"#NE";"-3";"#NE";-3;"#NE";-3;"#NE";-3;"#NE";-3;"#NE";"-3";"#NE"
"26/08/2026";"03:15:18";2022;546;40001609330;2;"DEFERIDO";1;"BRASILEIRA NATA";-3;"MANAUS";"41";"#NE";-3;"#NE";"1270629.01";"N";"N";"-1";"06003322920226040000";"2";"DEFERIDO";"2";"DEFERIDO";"SIM";"Válido";2;"DEFERIDO";"S";"N";-1;12;"2022-08-08 11:35:47";-3;"#NE";"-3";"#NE";"-3";"#NE";-3;"#NE";-3;"#NE";-3;"#NE";-3;"#NE";"-3";"#NE"
"26/08/2026";"03:15:18";2022;546;40001671680;2;"DEFERIDO";1;"BRASILEIRA NATA";-3;"PINHEIRO";"48";"#NE";-3;"#NE";"1270629.01";"N";"S";"-1";"06007982320226040000";"2";"DEFERIDO";"2";"DEFERIDO";"SIM";"Válido";2;"DEFERIDO";"S";"N";-1;-1;"2022-08-13 13:23:05";-3;"#NE";"-3";"#NE";"-3";"#NE";-3;"#NE";-3;"#NE";-3;"#NE";-3;"#NE";"-3";"#NE"
"26/08/2026";"03:15:18";2022;546;40001600308;2;"DEFERIDO";1;"BRASILEIRA NATA";-3;"MANICORÉ";"45";"#NE";-3;"#NE";"1270629.01";"N";"S";"-1";"06002258220226040000";"2";"DEFERIDO";"2";"DEFERIDO";"SIM";"Válido";2;"DEFERIDO";"S";"N";-1;13;"2022-08-01 10:39:35";-3;"#NE";"-3";"#NE";"-3";"#NE";-3;"#NE";-3;"#NE";-3;"#NE";-3;"#NE";"-3";"#NE"
"26/08/2026";"03:15:18";2022;546;40001633258;2;"DEFERIDO";1;"BRASILEIRA NATA";-3;"MANAUS";"47";"#NE";-3;"#NE";"1270629.01";"S";"S";"-1";"06006180720226040000";"2";"DEFERIDO";"2";"DEFERIDO";"SIM";"Válido";2;"DEFERIDO";"S";"N";-1;1;"2022-08-11 07:47:59";-3;"#NE";"-3";"#NE";"-3";"#NE";-3;"#NE";-3;"#NE";-3;"#NE";-3;"#NE";"-3";"#NE"
"26/08/2026";"03:15:18";2022;546;40001609181;2;"DEFERIDO";1;"BRASILEIRA NATA";-3;"MANAUS";"50";"#NE";-3;"#NE";"1270629.01";"N";"S";"-1";"06002639420226040000";"2";"DEFERIDO";"2";"DEFERIDO";"SIM";"Válido";2;"DEFERIDO";"S";"N";-1;9;"2022-08-08 11:16:57";-3;"#NE";"-3";"#NE";"-3";"#NE";-3;"#NE";-3;"#NE";-3;"#NE";-3;"#NE";"-3";"#NE"
"26/08/2026";"03:15:18";2022;546;40001618381;2;"DEFERIDO";1;"BRASILEIRA NATA";-3;"MANAUS";"40";"#NE";-3;"#NE";"1270629.01";"N";"N";"-1";"06004345120226040000";"2";"DEFERIDO";"2";"DEFERIDO";"SIM";"Válido";2;"DEFERIDO";"S";"N";-1;-1;"2022-08-10 09:15:12";-3;"#NE";"-3";"#NE";"-3";"#NE";-3;"#NE";-3;"#NE";-3;"#NE";-3;"#NE";"-3";"#NE"
"26/08/2026";"03:15:18";2022;546;40001620693;2;"DEFERIDO";1;"BRASILEIRA NATA";-3;"MANAUS";"21";"#NE";-3;"#NE";"1270629.01";"N";"S";"-1";"06006016820226040000";"2";"DEFERIDO";"2";"DEFERIDO";"SIM";"Válido";2;"DEFERIDO";"S";"N";-1;5;"2022-08-10 15:50:27";-3;"#NE";"-3";"#NE";"-3";"#NE";-3;"#NE";-3;"#NE";-3;"#NE";-3;"#NE";"-3";"#NE"
"26/08/2026";"03:15:18";2022;546;40001618676;2;"DEFERIDO";1;"BRASILEIRA NATA";-3;"MANAUS";"41";"#NE";-3;"#NE";"1270629.01";"N";"S";"-1";"06006674820226040000";"2";"DEFERIDO";"2";"DEFERIDO";"SIM";"Válido";2;"DEFERIDO";"S";"N";-1;9;"2022-08-10 09:56:37";-3;"#NE";"-3";"#NE";"-3";"#NE";-3;"#NE";-3;"#NE";-3;"#NE";-3;"#NE";"-3";"#NE"
"26/08/2026";"03:15:18";2022;546;40001650496;2;"DEFERIDO";1;"BRASILEIRA NATA";-3;"MANAUS";"70";"#NE";-3;"#NE";"1270629.01";"N";"S";"-1";"06007558620226040000";"2";"DEFERIDO";"2";"DEFERIDO";"SIM";"Válido";2;"DEFERIDO";"S";"N";-1;8;"2022-08-12 16:22:42";-3;"#NE";"-3";"#NE";"-3";"#NE";-3;"#NE";-3;"#NE";-3;"#NE";-3;"#NE";"-3";"#NE"
"26/08/2026";"03:15:18";2022;546;40001633330;2;"DEFERIDO";1;"BRASILEIRA NATA";-3;"MANAUS";"54";"#NE";-3;"#NE";"1270629.01";"N";"S";"-1";"06006588620226040000";"2";"DEFERIDO";"2";"DEFERIDO";"SIM";"Válido";2;"DEFERIDO";"S";"N";-1;6;"2022-08-11 07:49:34";-3;"#NE";"-3";"#NE";"-3";"#NE";-3;"#NE";-3;"#NE";-3;"#NE";-3;"#NE";"-3";"#NE"
"26/08/2026";"03:15:18";2022;546;40001633339;2;"DEFERIDO";1;"BRASILEIRA NATA";-3;"MANAUS";"57";"#NE";-3;"#NE";"1270629.01";"N";"S";"-1";"06006536420226040000";"2";"DEFERIDO";"2";"DEFERIDO";"SIM";"Válido";2;"DEFERIDO";"S";"N";-1;21;"2022-08-11 07:49:34";-3;"#NE";"-3";"#NE";"-3";"#NE";-3;"#NE";-3;"#NE";-3;"#NE";-3;"#NE";"-3";"#NE"
"26/08/2026";"03:15:18";2022;546;40001633348;2;"DEFERIDO";1;"BRASILEIRA NATA";-3;"MANAUS";"64";"#NE";-3;"#NE";"1270629.01";"N";"S";"-1";"06006614120226040000";"2";"DEFERIDO";"2";"DEFERIDO";"SIM";"Válido";2;"DEFERIDO";"S";"N";-1;18;"2022-08-11 07:49:34";-3;"#NE";"-3";"#NE";"-3";"#NE";-3;"#NE";-3;"#NE";-3;"#NE";-3;"#NE";"-3";"#NE"
"26/08/2026";"03:15:18";2022;546;40001643461;2;"DEFERIDO";1;"BRASILEIRA NATA";-3;"MANAUS";"44";"#NE";-3;"#NE";"1270629.01";"N";"S";"-1";"06007099720226040000";"2";"DEFERIDO";"2";"DEFERIDO";"SIM";"Válido";2;"DEFERIDO";"S";"N";-1;-1;"2022-08-12 10:02:08";-3;"#NE";"-3";"#NE";"-3";"#NE";-3;"#NE";-3;"#NE";-3;"#NE";-3;"#NE";"-3";"#NE"
"26/08/2026";"03:15:18";2022;546;40001643955;2;"DEFERIDO";1;"BRASILEIRA NATA";-3;"BORBA";"54";"#NE";-3;"#NE";"1270629.01";"N";"N";"-1";"06007324320226040000";"2";"DEFERIDO";"2";"DEFERIDO";"SIM";"Válido";2;"DEFERIDO";"S";"N";-1;-1;"2022-08-11 17:06:17";-3;"#NE";"-3";"#NE";"-3";"#NE";-3;"#NE";-3;"#NE";-3;"#NE";-3;"#NE";"-3";"#NE"
"26/08/2026";"03:15:18";2022;546;40001643027;2;"DEFERIDO";1;"BRASILEIRA NATA";-3;"EIRUNEPÉ";"83";"#NE";-3;"#NE";"7115522.46";"N";"S";"-1";"06006848420226040000";"2";"DEFERIDO";"2";"DEFERIDO";"SIM";"Válido";2;"DEFERIDO";"S";"N";-1;-1;"2022-08-12 10:01:13";-3;"#NE";"-3";"#NE";"-3";"#NE";-3;"#NE";-3;"#NE";-3;"#NE";-3;"#NE";"-3";"#NE"
"26/08/2026";"03:15:18";2022;546;40001719161;2;"DEFERIDO";1;"BRASILEIRA NATA";-3;"CRATO";"60";"#NE";-3;"#NE";"3176572.53";"N";"S";"-1";"06008528620226040000";"2";"DEFERIDO";"2";"DEFERIDO";"SIM";"Válido";2;"DEFERIDO";"S";"N";-1;5;"2022-08-15 13:13:45";-3;"#NE";"-3";"#NE";"-3";"#NE";-3;"#NE";-3;"#NE";-3;"#NE";-3;"#NE";"-3";"#NE"
"26/08/2026";"03:15:18";2022;546;40001609254;2;"DEFERIDO";1;"BRASILEIRA NATA";-3;"MANAUS";"37";"#NE";-3;"#NE";"3176572.53";"N";"S";"-1";"06003037620226040000";"2";"DEFERIDO";"2";"DEFERIDO";"SIM";"Válido";2;"DEFERIDO";"S";"N";-1;-1;"2022-08-08 11:27:45";-3;"#NE";"-3";"#NE";"-3";"#NE";-3;"#NE";-3;"#NE";-3;"#NE";-3;"#NE";"-3";"#NE"
"26/08/2026";"03:15:18";2022;546;40001618450;2;"DEFERIDO";1;"BRASILEIRA NATA";-3;"MANAUS";"31";"#NE";-3;"#NE";"3176572.53";"N";"S";"-1";"06004613420226040000";"2";"DEFERIDO";"2";"DEFERIDO";"SIM";"Válido";2;"DEFERIDO";"S";"N";-1;6;"2022-08-10 09:18:57";-3;"#NE";"-3";"#NE";"-3";"#NE";-3;"#NE";-3;"#NE";-3;"#NE";-3;"#NE";"-3";"#NE"
"26/08/2026";"03:15:18";2022;546;40001671794;2;"DEFERIDO";1;"BRASILEIRA NATA";-3;"MANAUS";"43";"#NE";-3;"#NE";"3176572.53";"N";"S";"-1";"06009195120226040000";"2";"DEFERIDO";"2";"DEFERIDO";"SIM";"Válido";2;"DEFERIDO";"S";"N";-1;-1;"2022-08-13 13:23:31";-3;"#NE";"-3";"#NE";"-3";"#NE";-3;"#NE";-3;"#NE";-3;"#NE";-3;"#NE";"-3";"#NE"
"26/08/2026";"03:15:18";2022;546;40001643959;2;"DEFERIDO";1;"BRASILEIRA NATA";-3;"SANTA INÊS";"47";"#NE";-3;"#NE";"1270629.01";"N";"S";"-1";"06007437220226040000";"2";"DEFERIDO";"2";"DEFERIDO";"SIM";"Válido";2;"DEFERIDO";"S";"N";-1;-1;"2022-08-11 17:06:17";-3;"#NE";"-3";"#NE";"-3";"#NE";-3;"#NE";-3;"#NE";-3;"#NE";-3;"#NE";"-3";"#NE"
"26/08/2026";"03:15:18";2022;546;40001612904;2;"DEFERIDO";1;"BRASILEIRA NATA";-3;"MANICORÉ";"56";"#NE";-3;"#NE";"1270629.01";"N";"S";"-1";"06003704120226040000";"2";"DEFERIDO";"2";"DEFERIDO";"SIM";"Válido";2;"DEFERIDO";"S";"N";-1;10;"2022-08-09 08:08:23";-3;"#NE";"-3";"#NE";"-3";"#NE";-3;"#NE";-3;"#NE";-3;"#NE";-3;"#NE";"-3";"#NE"
"26/08/2026";"03:15:18";2022;546;40001719238;2;"DEFERIDO";1;"BRASILEIRA NATA";-3;"ITACOATIARA";"49";"#NE";-3;"#NE";"1270629.01";"N";"N";"-1";"06008667020226040000";"2";"DEFERIDO";"2";"DEFERIDO";"SIM";"Válido";2;"DEFERIDO";"S";"N";-1;-1;"2022-08-15 13:15:15";-3;"#NE";"-3";"#NE";"-3";"#NE";-3;"#NE";-3;"#NE";-3;"#NE";-3;"#NE";"-3";"#NE"
"26/08/2026";"03:15:18";2022;546;40001671700;2;"DEFERIDO";1;"BRASILEIRA NATA";-3;"MANAUS";"40";"#NE";-3;"#NE";"1270629.01";"N";"S";"-1";"06007852420226040000";"2";"DEFERIDO";"2";"DEFERIDO";"SIM";"Válido";2;"DEFERIDO";"S";"N";-1;-1;"2022-08-13 13:23:05";-3;"#NE";"-3";"#NE";"-3";"#NE";-3;"#NE";-3;"#NE";-3;"#NE";-3;"#NE";"-3";"#NE"
"26/08/2026";"03:15:18";2022;546;40001618342;2;"DEFERIDO";1;"BRASILEIRA NATA";-3;"BORBA";"50";"#NE";-3;"#NE";"1270629.01";"N";"N";"-1";"06004189720226040000";"2";"DEFERIDO";"2";"DEFERIDO";"SIM";"Válido";2;"DEFERIDO";"S";"N";-1;-1;"2022-08-10 09:17:10";-3;"#NE";"-3";"#NE";"-3";"#NE";-3;"#NE";-3;"#NE";-3;"#NE";-3;"#NE";"-3";"#NE"
"26/08/2026";"03:15:18";2022;546;40001643958;14;"INDEFERIDO";1;"BRASILEIRA NATA";-3;"ITACOATIARA";"51";"#NE";-3;"#NE";"1270629.01";"N";"S";"-1";"06007272120226040000";"-1";"#NULO";"-1";"#NULO";"NÃO";"#NULO";-1;"#NULO";"N";"N";-1;-1;"2022-08-11 17:06:17";-3;"#NE";"-3";"#NE";"-3";"#NE";-3;"#NE";-3;"#NE";-3;"#NE";-3;"#NE";"-3";"#NE"
"26/08/2026";"03:15:18";2022;546;40001654978;4;"INDEFERIDO COM RECURSO";-4;"NÃO DIVULGÁVEL";-3;"Não divulgável";"";"#NE";-4;"NÃO DIVULGÁVEL";"-4";"Não divulgável";"Não divulgável";"-1";"06007766220226040000";"4";"INDEFERIDO COM RECURSO";"4";"INDEFERIDO COM RECURSO";"SIM";"Anulado sub judice";4;"INDEFERIDO COM RECURSO";"S";"N";-1;-1;"2022-08-12 19:44:13";-3;"#NE";"-3";"#NE";"-3";"#NE";-3;"#NE";-3;"#NE";-3;"#NE";-4;"NÃO DIVULGÁVEL";"-4";"NÃO DIVULGÁVEL"
"26/08/2026";"03:15:18";2022;546;40001609185;2;"DEFERIDO";1;"BRASILEIRA NATA";-3;"MANAUS";"46";"#NE";-3;"#NE";"1270629.01";"N";"S";"-1";"06002734120226040000";"2";"DEFERIDO";"2";"DEFERIDO";"SIM";"Válido";2;"DEFERIDO";"S";"N";-1;15;"2022-08-08 11:16:57";-3;"#NE";"-3";"#NE";"-3";"#NE";-3;"#NE";-3;"#NE";-3;"#NE";-3;"#NE";"-3";"#NE"
"26/08/2026";"03:15:18";2022;546;40001633328;2;"DEFERIDO";1;"BRASILEIRA NATA";-3;"MANAUS";"54";"#NE";-3;"#NE";"1270629.01";"N";"S";"-1";"06006570420226040000";"2";"DEFERIDO";"2";"DEFERIDO";"SIM";"Válido";2;"DEFERIDO";"S";"N";-1;16;"2022-08-11 07:49:34";-3;"#NE";"-3";"#NE";"-3";"#NE";-3;"#NE";-3;"#NE";-3;"#NE";-3;"#NE";"-3";"#NE"
"26/08/2026";"03:15:18";2022;546;40001650490;2;"DEFERIDO";1;"BRASILEIRA NATA";-3;"ÓBIDOS";"57";"#NE";-3;"#NE";"1270629.01";"N";"S";"-1";"06007523420226040000";"2";"DEFERIDO";"2";"DEFERIDO";"SIM";"Válido";2;"DEFERIDO";"S";"N";-1;6;"2022-08-12 16:22:42";-3;"#NE";"-3";"#NE";"-3";"#NE";-3;"#NE";-3;"#NE";-3;"#NE";-3;"#NE";"-3";"#NE"
"26/08/2026";"03:15:18";2022;546;40001643947;2;"DEFERIDO";1;"BRASILEIRA NATA";-3;"MANAUS";"60";"#NE";-3;"#NE";"1270629.01";"N";"S";"-1";"06007255120226040000";"2";"DEFERIDO";"2";"DEFERIDO";"SIM";"Válido";2;"DEFERIDO";"S";"N";-1;-1;"2022-08-11 17:06:17";-3;"#NE";"-3";"#NE";"-3";"#NE";-3;"#NE";-3;"#NE";-3;"#NE";-3;"#NE";"-3";"#NE"
"26/08/2026";"03:15:18";2022;546;40001618494;2;"DEFERIDO";1;"BRASILEIRA NATA";-3;"MANAUS";"44";"#NE";-3;"#NE";"1270629.01";"N";"S";"-1";"06004709320226040000";"2";"DEFERIDO";"2";"DEFERIDO";"SIM";"Válido";2;"DEFERIDO";"S";"N";-1;-1;"2022-08-10 09:18:30";-3;"#NE";"-3";"#NE";"-3";"#NE";-3;"#NE";-3;"#NE";-3;"#NE";-3;"#NE";"-3";"#NE"
"26/08/2026";"03:15:18";2022;546;40001639643;2;"DEFERIDO";1;"BRASILEIRA NATA";-3;"MANAUS";"47";"#NE";-3;"#NE";"-1";"N";"N";"-1";"06006744020226040000";"2";"DEFERIDO";"2";"DEFERIDO";"SIM";"#NULO";2;"DEFERIDO";"N";"N";-1;2;"2022-08-11 14:43:43";-3;"#NE";"-3";"#NE";"-3";"#NE";-3;"#NE";-3;"#NE";-3;"#NE";-3;"#NE";"-3";"#NE"
"26/08/2026";"03:15:18";2022;546;40001654977;4;"INDEFERIDO COM RECURSO";1;"BRASILEIRA NATA";-3;"ÓBIDOS";"54";"#NE";-3;"#NE";"-1";"N";"S";"-1";"06007783220226040000";"4";"INDEFERIDO COM RECURSO";"4";"INDEFERIDO COM RECURSO";"SIM";"#NULO";4;"INDEFERIDO COM RECURSO";"N";"N";-1;2;"2022-08-12 19:44:13";-3;"#NE";"-3";"#NE";"-3";"#NE";-3;"#NE";-3;"#NE";-3;"#NE";-3;"#NE";"-3";"#NE"
"26/08/2026";"03:15:18";2022;546;40001618470;2;"DEFERIDO";1;"BRASILEIRA NATA";-3;"MANAUS";"48";"#NE";-3;"#NE";"1270629.01";"N";"S";"-1";"06004916920226040000";"2";"DEFERIDO";"2";"DEFERIDO";"SIM";"Válido";2;"DEFERIDO";"S";"N";-1;3;"2022-08-10 09:19:58";-3;"#NE";"-3";"#NE";"-3";"#NE";-3;"#NE";-3;"#NE";-3;"#NE";-3;"#NE";"-3";"#NE"
"26/08/2026";"03:15:18";2022;546;40001733850;13;"PEDIDO NÃO CONHECIDO";1;"BRASILEIRA NATA";-3;"MANAUS";"58";"#NE";-3;"#NE";"3176572.53";"N";"S";"-1";"06013257220226040000";"-1";"#NULO";"-1";"#NULO";"NÃO";"#NULO";-1;"#NULO";"N";"N";-1;-1;"2022-09-03 08:00:53";-3;"#NE";"-3";"#NE";"-3";"#NE";-3;"#NE";-3;"#NE";-3;"#NE";-3;"#NE";"-3";"#NE"
"26/08/2026";"03:15:18";2022;546;40001609169;2;"DEFERIDO";1;"BRASILEIRA NATA";-3;"MANAUS";"42";"#NE";-3;"#NE";"3176572.53";"N";"S";"-1";"06002933220226040000";"2";"DEFERIDO";"2";"DEFERIDO";"SIM";"Válido";2;"DEFERIDO";"S";"N";-1;4;"2022-08-08 11:26:45";-3;"#NE";"-3";"#NE";"-3";"#NE";-3;"#NE";-3;"#NE";-3;"#NE";-3;"#NE";"-3";"#NE"
"26/08/2026";"03:15:18";2022;546;40001671798;2;"DEFERIDO";1;"BRASILEIRA NATA";-3;"MANAUS";"43";"#NE";-3;"#NE";"3176572.53";"N";"S";"-1";"06009169620226040000";"2";"DEFERIDO";"2";"DEFERIDO";"SIM";"Válido";2;"DEFERIDO";"S";"N";-1;-1;"2022-08-13 13:23:31";-3;"#NE";"-3";"#NE";"-3";"#NE";-3;"#NE";-3;"#NE";-3;"#NE";-3;"#NE";"-3";"#NE"
"26/08/2026";"03:15:18";2022;546;40001643456;2;"DEFERIDO";1;"BRASILEIRA NATA";-3;"PRESIDENTE DUTRA";"47";"#NE";-3;"#NE";"1270629.01";"N";"S";"-1";"06007081520226040000";"2";"DEFERIDO";"2";"DEFERIDO";"SIM";"Válido";2;"DEFERIDO";"S";"N";-1;-1;"2022-08-12 10:02:08";-3;"#NE";"-3";"#NE";"-3";"#NE";-3;"#NE";-3;"#NE";-3;"#NE";-3;"#NE";"-3";"#NE"
"26/08/2026";"03:15:18";2022;546;40001609333;2;"DEFERIDO";1;"BRASILEIRA NATA";-3;"MANAUS";"55";"#NE";-3;"#NE";"1270629.01";"N";"S";"-1";"06003236720226040000";"2";"DEFERIDO";"2";"DEFERIDO";"SIM";"Válido";2;"DEFERIDO";"S";"N";-1;4;"2022-08-08 11:35:47";-3;"#NE";"-3";"#NE";"-3";"#NE";-3;"#NE";-3;"#NE";-3;"#NE";-3;"#NE";"-3";"#NE"
"26/08/2026";"03:15:18";2022;546;40001609329;2;"DEFERIDO";1;"BRASILEIRA NATA";-3;"EIRUNEPÉ";"43";"#NE";-3;"#NE";"1270629.01";"N";"N";"-1";"06003262220226040000";"2";"DEFERIDO";"2";"DEFERIDO";"SIM";"Válido";2;"DEFERIDO";"S";"N";-1;11;"2022-08-08 11:35:47";-3;"#NE";"-3";"#NE";"-3";"#NE";-3;"#NE";-3;"#NE";-3;"#NE";-3;"#NE";"-3";"#NE"
"26/08/2026";"03:15:18";2022;546;40001671702;2;"DEFERIDO";1;"BRASILEIRA NATA";-3;"MANAUS";"34";"#NE";-3;"#NE";"1270629.01";"N";"S";"-1";"06007965320226040000";"2";"DEFERIDO";"2";"DEFERIDO";"SIM";"Válido";2;"DEFERIDO";"S";"N";-1;-1;"2022-08-13 13:23:05";-3;"#NE";"-3";"#NE";"-3";"#NE";-3;"#NE";-3;"#NE";-3;"#NE";-3;"#NE";"-3";"#NE"
"26/08/2026";"03:15:18";2022;546;40001671696;2;"DEFERIDO";1;"BRASILEIRA NATA";-3;"MANAUS";"55";"#NE";-3;"#NE";"1270629.01";"N";"S";"-1";"06008069720226040000";"2";"DEFERIDO";"2";"DEFERIDO";"SIM";"Válido";2;"DEFERIDO";"S";"N";-1;-1;"2022-08-13 13:23:05";-3;"#NE";"-3";"#NE";"-3";"#NE";-3;"#NE";-3;"#NE";-3;"#NE";-3;"#NE";"-3";"#NE"
"26/08/2026";"03:15:18";2022;546;40001618353;2;"DEFERIDO";1;"BRASILEIRA NATA";-3;"MANACAPURU";"46";"#NE";-3;"#NE";"1270629.01";"N";"N";"-1";"06004215220226040000";"2";"DEFERIDO";"2";"DEFERIDO";"SIM";"Válido";2;"DEFERIDO";"S";"N";-1;-1;"2022-08-10 09:17:10";-3;"#NE";"-3";"#NE";"-3";"#NE";-3;"#NE";-3;"#NE";-3;"#NE";-3;"#NE";"-3";"#NE"
"26/08/2026";"03:15:18";2022;546;40001650501;14;"INDEFERIDO";1;"BRASILEIRA NATA";-3;"MANAUS";"59";"#NE";-3;"#NE";"1270629.01";"N";"S";"-1";"06007670320226040000";"-1";"#NULO";"-1";"#NULO";"NÃO";"#NULO";-1;"#NULO";"N";"N";-1;-1;"2022-08-12 16:22:42";-3;"#NE";"-3";"#NE";"-3";"#NE";-3;"#NE";-3;"#NE";-3;"#NE";-3;"#NE";"-3";"#NE"
"26/08/2026";"03:15:18";2022;546;40001618467;2;"DEFERIDO";1;"BRASILEIRA NATA";-3;"MANAUS";"70";"#NE";-3;"#NE";"1270629.01";"S";"S";"-1";"06004847720226040000";"2";"DEFERIDO";"2";"DEFERIDO";"SIM";"Válido";2;"DEFERIDO";"S";"N";-1;-1;"2022-08-10 09:19:58";-3;"#NE";"-3";"#NE";"-3";"#NE";-3;"#NE";-3;"#NE";-3;"#NE";-3;"#NE";"-3";"#NE"
"26/08/2026";"03:15:18";2022;546;40001618392;2;"DEFERIDO";1;"BRASILEIRA NATA";-3;"BORBA";"66";"#NE";-3;"#NE";"1270629.01";"N";"N";"-1";"06004492020226040000";"2";"DEFERIDO";"2";"DEFERIDO";"SIM";"Válido";2;"DEFERIDO";"S";"N";-1;-1;"2022-08-10 09:15:12";-3;"#NE";"-3";"#NE";"-3";"#NE";-3;"#NE";-3;"#NE";-3;"#NE";-3;"#NE";"-3";"#NE"
"26/08/2026";"03:15:18";2022;546;40001620694;2;"DEFERIDO";1;"BRASILEIRA NATA";-3;"MANAUS";"48";"#NE";-3;"#NE";"1270629.01";"N";"N";"-1";"06005878420226040000";"2";"DEFERIDO";"2";"DEFERIDO";"SIM";"Válido";2;"DEFERIDO";"S";"N";-1;20;"2022-08-10 15:50:27";-3;"#NE";"-3";"#NE";"-3";"#NE";-3;"#NE";-3;"#NE";-3;"#NE";-3;"#NE";"-3";"#NE"
"26/08/2026";"03:15:18";2022;546;40001618666;2;"DEFERIDO";1;"BRASILEIRA NATA";-3;"MANAUS";"43";"#NE";-3;"#NE";"1270629.01";"N";"N";"-1";"06005488720226040000";"2";"DEFERIDO";"2";"DEFERIDO";"SIM";"Válido";2;"DEFERIDO";"S";"N";-1;21;"2022-08-10 09:56:37";-3;"#NE";"-3";"#NE";"-3";"#NE";-3;"#NE";-3;"#NE";-3;"#NE";-3;"#NE";"-3";"#NE"
"26/08/2026";"03:15:18";2022;546;40001633337;2;"DEFERIDO";1;"BRASILEIRA NATA";-3;"MANAUS";"41";"#NE";-3;"#NE";"1270629.01";"N";"S";"-1";"06006519420226040000";"2";"DEFERIDO";"2";"DEFERIDO";"SIM";"Válido";2;"DEFERIDO";"S";"N";-1;4;"2022-08-11 07:49:34";-3;"#NE";"-3";"#NE";"-3";"#NE";-3;"#NE";-3;"#NE";-3;"#NE";-3;"#NE";"-3";"#NE"
