"DT_GERACAO";"HH_GERACAO";"ANO_ELEICAO";"CD_ELEICAO";"SQ_CANDIDATO";"CD_DETALHE_SITUACAO_CAND";"DS_DETALHE_SITUACAO_CAND";"CD_NACIONALIDADE";"DS_NACIONALIDADE";"CD_MUNICIPIO_NASCIMENTO";"NM_MUNICIPIO_NASCIMENTO";"NR_IDADE_DATA_POSSE";"ST_QUILOMBOLA";"CD_ETNIA_INDIGENA";"DS_ETNIA_INDIGENA";"VR_DESPESA_MAX_CAMPANHA";"ST_REELEICAO";"ST_DECLARAR_BENS";"NR_PROTOCOLO_CANDIDATURA";"NR_PROCESSO";"CD_SITUACAO_CANDIDATO_PLEITO";"DS_SITUACAO_CANDIDATO_PLEITO";"CD_SITUACAO_CANDIDATO_URNA";"DS_SITUACAO_CANDIDATO_URNA";"ST_CANDIDATO_INSERIDO_URNA";"NM_TIPO_DESTINACAO_VOTOS";"CD_SITUACAO_CANDIDATO_TOT";"DS_SITUACAO_CANDIDATO_TOT";"ST_PREST_CONTAS";"ST_SUBSTITUIDO";"SQ_SUBSTITUIDO";"SQ_ORDEM_SUPLENCIA";"DT_ACEITE_CANDIDATURA";"CD_SITUACAO_JULGAMENTO";"DS_SITUACAO_JULGAMENTO";"CD_SITUACAO_JULGAMENTO_PLEITO";"DS_SITUACAO_JULGAMENTO_PLEITO";"CD_SITUACAO_JULGAMENTO_URNA";"DS_SITUACAO_JULGAMENTO_URNA";"CD_SITUACAO_CASSACAO";"DS_SITUACAO_CASSACAO";"CD_SITUACAO_CASSACAO_MIDIA";"DS_SITUACAO_CASSACAO_MIDIA";"CD_SITUACAO_DIPLOMA";"DS_SITUACAO_DIPLOMA";"CD_GENERO_FEFC";"DS_GENERO_FEFC";"CD_COR_RACA_FEFC";"DS_COR_RACA_FEFC"
"02/09/2026";"08:30:36";2026;6259;40002546990;-3;"#NE";1;"BRASILEIRA NATA";-3;"MANAUS";"53";"N";0;"NÃO INFORMADO";"1270629.01";"#NE";"S";"-1";"06006532520266040000";"-3";"#NE";"-3";"#NE";"NÃO";"#NULO";-1;"#NULO";"N";"N";-1;-1;"2026-08-10 18:33:55";8;"AGUARDANDO JULGAMENTO";"-1";"#NULO";"-1";"#NULO";-1;"#NULO";-1;"#NULO";-1;"#NULO";4;"FEMININO";"1";"BRANCA"
"02/09/2026";"08:30:36";2026;6259;40002545604;-3;"#NE";1;"BRASILEIRA NATA";-3;"MANAUS";"30";"N";-1;"#NULO";"1270629.01";"#NE";"N";"-1";"06006879720266040000";"-3";"#NE";"-3";"#NE";"SIM";"#NULO";-1;"#NULO";"N";"N";-1;-1;"2026-08-11 07:08:07";2;"DEFERIDO";"-1";"#NULO";"-1";"#NULO";-1;"#NULO";-1;"#NULO";-1;"#NULO";4;"FEMININO";"3";"PARDA"
"02/09/2026";"08:30:36";2026;6259;40002532783;-3;"#NE";1;"BRASILEIRA NATA";-3;"PARINTINS";"42";"N";0;"NÃO INFORMADO";"1270629.01";"#NE";"N";"-1";"06002826120266040000";"-3";"#NE";"-3";"#NE";"SIM";"#NULO";-1;"#NULO";"N";"N";-1;-1;"2026-07-28 07:28:15";2;"DEFERIDO";"-1";"#NULO";"-1";"#NULO";-1;"#NULO";-1;"#NULO";-1;"#NULO";2;"MASCULINO";"3";"PARDA"
"02/09/2026";"08:30:36";2026;6259;40002534372;-3;"#NE";1;"BRASILEIRA NATA";-3;"MANAUS";"31";"N";-1;"#NULO";"1270629.01";"#NE";"S";"-1";"06003310520266040000";"-3";"#NE";"-3";"#NE";"NÃO";"#NULO";-1;"#NULO";"N";"N";-1;-1;"2026-07-31 08:18:01";8;"AGUARDANDO JULGAMENTO";"-1";"#NULO";"-1";"#NULO";-1;"#NULO";-1;"#NULO";-1;"#NULO";2;"MASCULINO";"3";"PARDA"
"02/09/2026";"08:30:36";2026;6259;40002534377;-3;"#NE";1;"BRASILEIRA NATA";-3;"MANAUS";"41";"N";0;"NÃO INFORMADO";"1270629.01";"#NE";"S";"-1";"06003215820266040000";"-3";"#NE";"-3";"#NE";"NÃO";"#NULO";-1;"#NULO";"N";"N";-1;-1;"2026-07-31 08:18:01";8;"AGUARDANDO JULGAMENTO";"-1";"#NULO";"-1";"#NULO";-1;"#NULO";-1;"#NULO";-1;"#NULO";2;"MASCULINO";"1";"BRANCA"
"02/09/2026";"08:30:36";2026;6259;40002542951;-3;"#NE";1;"BRASILEIRA NATA";-3;"CURITIBA";"48";"N";-1;"#NULO";"1270629.01";"#NE";"N";"-1";"06006272720266040000";"-3";"#NE";"-3";"#NE";"NÃO";"#NULO";-1;"#NULO";"N";"N";-1;-1;"2026-08-08 15:10:09";8;"AGUARDANDO JULGAMENTO";"-1";"#NULO";"-1";"#NULO";-1;"#NULO";-1;"#NULO";-1;"#NULO";2;"MASCULINO";"3";"PARDA"
"02/09/2026";"08:30:36";2026;6259;40002533204;-3;"#NE";1;"BRASILEIRA NATA";-3;"MANAUS";"46";"N";-1;"#NULO";"3176572.53";"#NE";"S";"-1";"06003033720266040000";"-3";"#NE";"-3";"#NE";"NÃO";"#NULO";-1;"#NULO";"N";"N";-1;-1;"2026-07-30 13:15:54";8;"AGUARDANDO JULGAMENTO";"-1";"#NULO";"-1";"#NULO";-1;"#NULO";-1;"#NULO";-1;"#NULO";2;"MASCULINO";"1";"BRANCA"
"02/09/2026";"08:30:36";2026;6259;40002551312;-3;"#NE";1;"BRASILEIRA NATA";-3;"JURUÁ";"56";"N";15;"KAMBÉBA";"1270629.01";"#NE";"N";"-1";"06007831520266040000";"-3";"#NE";"-3";"#NE";"NÃO";"#NULO";-1;"#NULO";"N";"N";-1;-1;"2026-08-14 09:09:58";8;"AGUARDANDO JULGAMENTO";"-1";"#NULO";"-1";"#NULO";-1;"#NULO";-1;"#NULO";-1;"#NULO";4;"FEMININO";"5";"INDÍGENA"
"02/09/2026";"08:30:36";2026;6259;40002541607;-3;"#NE";1;"BRASILEIRA NATA";-3;"TEFÉ";"52";"N";-1;"#NULO";"1270629.01";"#NE";"S";"-1";"06005329420266040000";"-3";"#NE";"-3";"#NE";"SIM";"#NULO";-1;"#NULO";"N";"N";-1;-1;"2026-08-07 14:33:06";2;"DEFERIDO";"-1";"#NULO";"-1";"#NULO";-1;"#NULO";-1;"#NULO";-1;"#NULO";2;"MASCULINO";"1";"BRANCA"
"02/09/2026";"08:30:36";2026;6259;40002533203;-3;"#NE";1;"BRASILEIRA NATA";-3;"MANAUS";"33";"N";-1;"#NULO";"3176572.53";"#NE";"S";"-1";"06003050720266040000";"-3";"#NE";"-3";"#NE";"NÃO";"#NULO";-1;"#NULO";"N";"N";-1;-1;"2026-07-30 13:15:54";8;"AGUARDANDO JULGAMENTO";"-1";"#NULO";"-1";"#NULO";-1;"#NULO";-1;"#NULO";-1;"#NULO";4;"FEMININO";"3";"PARDA"
"02/09/2026";"08:30:36";2026;6259;40002545602;-3;"#NE";1;"BRASILEIRA NATA";-3;"MANAUS";"66";"N";-1;"#NULO";"1270629.01";"#NE";"S";"-1";"06006861520266040000";"-3";"#NE";"-3";"#NE";"NÃO";"#NULO";-1;"#NULO";"N";"N";-1;-1;"2026-08-11 07:08:07";8;"AGUARDANDO JULGAMENTO";"-1";"#NULO";"-1";"#NULO";-1;"#NULO";-1;"#NULO";-1;"#NULO";2;"MASCULINO";"3";"PARDA"
"02/09/2026";"08:30:36";2026;6259;40002536487;-3;"#NE";1;"BRASILEIRA NATA";-3;"PARINTINS";"33";"N";-1;"#NULO";"1270629.01";"#NE";"S";"-1";"06004047420266040000";"-3";"#NE";"-3";"#NE";"SIM";"#NULO";-1;"#NULO";"N";"N";-1;-1;"2026-08-04 15:27:08";2;"DEFERIDO";"-1";"#NULO";"-1";"#NULO";-1;"#NULO";-1;"#NULO";-1;"#NULO";4;"FEMININO";"3";"PARDA"
"02/09/2026";"08:30:36";2026;6259;40002536912;-3;"#NE";2;"BRASILEIRA (NATURALIZADA)";-3;"COARI";"41";"N";-1;"#NULO";"1270629.01";"#NE";"S";"-1";"06004341220266040000";"-3";"#NE";"-3";"#NE";"NÃO";"#NULO";-1;"#NULO";"N";"N";-1;-1;"2026-08-04 15:27:31";8;"AGUARDANDO JULGAMENTO";"-1";"#NULO";"-1";"#NULO";-1;"#NULO";-1;"#NULO";-1;"#NULO";2;"MASCULINO";"3";"PARDA"
"02/09/2026";"08:30:36";2026;6259;40002537346;-3;"#NE";1;"BRASILEIRA NATA";-3;"LÁBREA";"40";"N";-1;"#NULO";"1270629.01";"#NE";"S";"-1";"06004644720266040000";"-3";"#NE";"-3";"#NE";"SIM";"#NULO";-1;"#NULO";"N";"N";-1;-1;"2026-08-05 09:34:08";2;"DEFERIDO";"-1";"#NULO";"-1";"#NULO";-1;"#NULO";-1;"#NULO";-1;"#NULO";2;"MASCULINO";"3";"PARDA"
"02/09/2026";"08:30:36";2026;6259;40002537617;-3;"#NE";1;"BRASILEIRA NATA";-3;"MANAUS";"25";"N";0;"NÃO INFORMADO";"1270629.01";"#NE";"S";"-1";"06004584020266040000";"-3";"#NE";"-3";"#NE";"SIM";"#NULO";-1;"#NULO";"N";"N";-1;-1;"2026-08-05 09:34:08";2;"DEFERIDO";"-1";"#NULO";"-1";"#NULO";-1;"#NULO";-1;"#NULO";-1;"#NULO";4;"FEMININO";"3";"PARDA"
"02/09/2026";"08:30:36";2026;6259;40002537620;-3;"#NE";1;"BRASILEIRA NATA";-3;"MANAUS";"42";"N";-1;"#NULO";"1270629.01";"#NE";"S";"-1";"06004592520266040000";"-3";"#NE";"-3";"#NE";"SIM";"#NULO";-1;"#NULO";"N";"N";-1;-1;"2026-08-05 09:34:08";2;"DEFERIDO";"-1";"#NULO";"-1";"#NULO";-1;"#NULO";-1;"#NULO";-1;"#NULO";4;"FEMININO";"3";"PARDA"
"02/09/2026";"08:30:36";2026;6259;40002534392;-3;"#NE";1;"BRASILEIRA NATA";-3;"IRANDUBA";"40";"N";-1;"#NULO";"1270629.01";"#NE";"S";"-1";"06003129620266040000";"-3";"#NE";"-3";"#NE";"NÃO";"#NULO";-1;"#NULO";"N";"N";-1;-1;"2026-07-31 08:18:01";8;"AGUARDANDO JULGAMENTO";"-1";"#NULO";"-1";"#NULO";-1;"#NULO";-1;"#NULO";-1;"#NULO";4;"FEMININO";"1";"BRANCA"
"02/09/2026";"08:30:36";2026;6259;40002541744;-3;"#NE";1;"BRASILEIRA NATA";-3;"SANTARÉM";"50";"N";0;"NÃO INFORMADO";"3811887.03";"#NE";"S";"-1";"06006125820266040000";"-3";"#NE";"-3";"#NE";"SIM";"#NULO";-1;"#NULO";"N";"N";-1;-1;"2026-08-08 08:52:59";2;"DEFERIDO";"-1";"#NULO";"-1";"#NULO";-1;"#NULO";-1;"#NULO";-1;"#NULO";2;"MASCULINO";"3";"PARDA"
"02/09/2026";"08:30:36";2026;6259;40002542952;-3;"#NE";1;"BRASILEIRA NATA";-3;"MANAUS";"28";"N";0;"NÃO INFORMADO";"1270629.01";"#NE";"N";"-1";"06006377120266040000";"-3";"#NE";"-3";"#NE";"NÃO";"#NULO";-1;"#NULO";"N";"N";-1;-1;"2026-08-08 15:10:09";8;"AGUARDANDO JULGAMENTO";"-1";"#NULO";"-1";"#NULO";-1;"#NULO";-1;"#NULO";-1;"#NULO";2;"MASCULINO";"3";"PARDA"
"02/09/2026";"08:30:36";2026;6259;40002552704;-3;"#NE";1;"BRASILEIRA NATA";-3;"MANAUS";"41";"N";0;"NÃO INFORMADO";"3176572.53";"#NE";"S";"-1";"06008109520266040000";"-3";"#NE";"-3";"#NE";"SIM";"#NULO";-1;"#NULO";"N";"N";-1;-1;"2026-08-15 10:48:48";2;"DEFERIDO";"-1";"#NULO";"-1";"#NULO";-1;"#NULO";-1;"#NULO";-1;"#NULO";2;"MASCULINO";"3";"PARDA"
"02/09/2026";"08:30:36";2026;6259;40002551320;-3;"#NE";1;"BRASILEIRA NATA";-3;"ATALAIA DO NORTE";"46";"N";111;"MARÚBO";"1270629.01";"#NE";"S";"-1";"06007814520266040000";"-3";"#NE";"-3";"#NE";"NÃO";"#NULO";-1;"#NULO";"N";"N";-1;-1;"2026-08-14 09:09:58";8;"AGUARDANDO JULGAMENTO";"-1";"#NULO";"-1";"#NULO";-1;"#NULO";-1;"#NULO";-1;"#NULO";2;"MASCULINO";"5";"INDÍGENA"
"02/09/2026";"08:30:36";2026;6259;40002541616;-3;"#NE";1;"BRASILEIRA NATA";-3;"MANAUS";"58";"N";-1;"#NULO";"1270629.01";"#NE";"S";"-1";"06005432620266040000";"-3";"#NE";"-3";"#NE";"SIM";"#NULO";-1;"#NULO";"N";"N";-1;-1;"2026-08-07 14:33:06";2;"DEFERIDO";"-1";"#NULO";"-1";"#NULO";-1;"#NULO";-1;"#NULO";-1;"#NULO";4;"FEMININO";"1";"BRANCA"
"02/09/2026";"08:30:36";2026;6259;40002542678;-3;"#NE";1;"BRASILEIRA NATA";-3;"GUAJARÁ-MIRIM";"72";"N";-1;"#NULO";"3176572.53";"#NE";"S";"-1";"06005987420266040000";"-3";"#NE";"-3";"#NE";"NÃO";"#NULO";-1;"#NULO";"N";"N";-1;-1;"2026-08-08 08:52:35";8;"AGUARDANDO JULGAMENTO";"-1";"#NULO";"-1";"#NULO";-1;"#NULO";-1;"#NULO";-1;"#NULO";2;"MASCULINO";"3";"PARDA"
"02/09/2026";"08:30:36";2026;6259;40002536078;-3;"#NE";1;"BRASILEIRA NATA";-3;"MANAUS";"54";"N";-1;"#NULO";"3176572.53";"#NE";"S";"-1";"06003631020266040000";"-3";"#NE";"-3";"#NE";"SIM";"#NULO";-1;"#NULO";"N";"N";-1;-1;"2026-08-03 11:40:19";2;"DEFERIDO";"-1";"#NULO";"-1";"#NULO";-1;"#NULO";-1;"#NULO";-1;"#NULO";2;"MASCULINO";"3";"PARDA"
"02/09/2026";"08:30:36";2026;6259;40002532760;-3;"#NE";1;"BRASILEIRA NATA";-3;"MANAUS";"35";"N";0;"NÃO INFORMADO";"3176572.53";"#NE";"S";"-1";"06002566320266040000";"-3";"#NE";"-3";"#NE";"SIM";"#NULO";-1;"#NULO";"N";"N";-1;-1;"2026-07-28 07:27:15";2;"DEFERIDO";"-1";"#NULO";"-1";"#NULO";-1;"#NULO";-1;"#NULO";-1;"#NULO";4;"FEMININO";"3";"PARDA"
"02/09/2026";"08:30:36";2026;6259;40002532759;-3;"#NE";1;"BRASILEIRA NATA";-3;"MANAUS";"48";"N";-1;"#NULO";"3176572.53";"#NE";"S";"-1";"06002574820266040000";"-3";"#NE";"-3";"#NE";"SIM";"#NULO";-1;"#NULO";"N";"N";-1;-1;"2026-07-28 07:27:15";2;"DEFERIDO";"-1";"#NULO";"-1";"#NULO";-1;"#NULO";-1;"#NULO";-1;"#NULO";2;"MASCULINO";"3";"PARDA"
"02/09/2026";"08:30:36";2026;6259;40002531440;-3;"#NE";1;"BRASILEIRA NATA";-3;"EIRUNEPÉ";"52";"N";-1;"#NULO";"3176572.53";"#NE";"S";"-1";"06002210620266040000";"-3";"#NE";"-3";"#NE";"SIM";"#NULO";-1;"#NULO";"N";"N";-1;-1;"2026-07-27 08:46:02";2;"DEFERIDO";"-1";"#NULO";"-1";"#NULO";-1;"#NULO";-1;"#NULO";-1;"#NULO";2;"MASCULINO";"3";"PARDA"
"02/09/2026";"08:30:36";2026;6259;40002537343;-3;"#NE";1;"BRASILEIRA NATA";-3;"TEFÉ";"50";"N";-1;"#NULO";"-1";"#NE";"S";"-1";"06004730920266040000";"-3";"#NE";"-3";"#NE";"SIM";"#NULO";-1;"#NULO";"N";"N";-1;-1;"2026-08-05 09:34:34";2;"DEFERIDO";"-1";"#NULO";"-1";"#NULO";-1;"#NULO";-1;"#NULO";-1;"#NULO";4;"FEMININO";"3";"PARDA"
"02/09/2026";"08:30:36";2026;6259;40002551009;-3;"#NE";1;"BRASILEIRA NATA";-3;"BOCA DO ACRE";"56";"N";82;"APURINÃ";"3176572.53";"#NE";"S";"-1";"06007563220266040000";"-3";"#NE";"-3";"#NE";"NÃO";"#NULO";-1;"#NULO";"N";"N";-1;-1;"2026-08-13 13:52:24";8;"AGUARDANDO JULGAMENTO";"-1";"#NULO";"-1";"#NULO";-1;"#NULO";-1;"#NULO";-1;"#NULO";2;"MASCULINO";"5";"INDÍGENA"
"02/09/2026";"08:30:36";2026;6259;40002541591;-3;"#NE";1;"BRASILEIRA NATA";-3;"MANAQUIRI";"68";"N";-1;"#NULO";"3176572.53";"#NE";"N";"-1";"06005086620266040000";"-3";"#NE";"-3";"#NE";"NÃO";"#NULO";-1;"#NULO";"N";"N";-1;-1;"2026-08-07 14:32:54";8;"AGUARDANDO JULGAMENTO";"-1";"#NULO";"-1";"#NULO";-1;"#NULO";-1;"#NULO";-1;"#NULO";2;"MASCULINO";"1";"BRANCA"
"02/09/2026";"08:30:36";2026;6259;40002536479;-3;"#NE";1;"BRASILEIRA NATA";-3;"MANAUS";"62";"N";0;"NÃO INFORMADO";"1270629.01";"#NE";"S";"-1";"06004081420266040000";"-3";"#NE";"-3";"#NE";"SIM";"#NULO";-1;"#NULO";"N";"N";-1;-1;"2026-08-04 15:27:08";2;"DEFERIDO";"-1";"#NULO";"-1";"#NULO";-1;"#NULO";-1;"#NULO";-1;"#NULO";2;"MASCULINO";"3";"PARDA"
"02/09/2026";"08:30:36";2026;6259;40002542685;-3;"#NE";1;"BRASILEIRA NATA";-3;"JABOATÃO DOS GUARARAPES";"41";"N";-1;"#NULO";"1270629.01";"#NE";"N";"-1";"06005692420266040000";"-3";"#NE";"-3";"#NE";"SIM";"#NULO";-1;"#NULO";"N";"N";-1;-1;"2026-08-08 08:54:07";2;"DEFERIDO";"-1";"#NULO";"-1";"#NULO";-1;"#NULO";-1;"#NULO";-1;"#NULO";2;"MASCULINO";"3";"PARDA"
"02/09/2026";"08:30:36";2026;6259;40002542959;-3;"#NE";1;"BRASILEIRA NATA";-3;"RIO BRANCO";"43";"N";-1;"#NULO";"1270629.01";"#NE";"N";"-1";"06006203520266040000";"-3";"#NE";"-3";"#NE";"NÃO";"#NULO";-1;"#NULO";"N";"N";-1;-1;"2026-08-08 15:10:09";8;"AGUARDANDO JULGAMENTO";"-1";"#NULO";"-1";"#NULO";-1;"#NULO";-1;"#NULO";-1;"#NULO";4;"FEMININO";"3";"PARDA"
"02/09/2026";"08:30:36";2026;6259;40002541624;-3;"#NE";1;"BRASILEIRA NATA";-3;"MANAUS";"38";"N";-1;"#NULO";"3176572.53";"#NE";"N";"-1";"06005493320266040000";"-3";"#NE";"-3";"#NE";"SIM";"#NULO";-1;"#NULO";"N";"N";-1;-1;"2026-08-07 14:32:11";2;"DEFERIDO";"-1";"#NULO";"-1";"#NULO";-1;"#NULO";-1;"#NULO";-1;"#NULO";4;"FEMININO";"3";"PARDA"
"02/09/2026";"08:30:36";2026;6259;40002551316;-3;"#NE";1;"BRASILEIRA NATA";-3;"MANAUS";"52";"N";-1;"#NULO";"1270629.01";"#NE";"N";"-1";"06007849720266040000";"-3";"#NE";"-3";"#NE";"NÃO";"#NULO";-1;"#NULO";"N";"N";-1;-1;"2026-08-14 09:09:58";8;"AGUARDANDO JULGAMENTO";"-1";"#NULO";"-1";"#NULO";-1;"#NULO";-1;"#NULO";-1;"#NULO";2;"MASCULINO";"3";"PARDA"
"02/09/2026";"08:30:36";2026;6259;40002551314;-3;"#NE";1;"BRASILEIRA NATA";-3;"TAQUARAL DE GOIÁS";"67";"N";-1;"#NULO";"1270629.01";"#NE";"S";"-1";"06007745320266040000";"-3";"#NE";"-3";"#NE";"NÃO";"#NULO";-1;"#NULO";"N";"N";-1;-1;"2026-08-14 09:09:58";8;"AGUARDANDO JULGAMENTO";"-1";"#NULO";"-1";"#NULO";-1;"#NULO";-1;"#NULO";-1;"#NULO";2;"MASCULINO";"3";"PARDA"
"02/09/2026";"08:30:36";2026;6259;40002541605;-3;"#NE";1;"BRASILEIRA NATA";-3;"ITACOATIARA";"46";"N";-1;"#NULO";"1270629.01";"#NE";"N";"-1";"06005225020266040000";"-3";"#NE";"-3";"#NE";"SIM";"#NULO";-1;"#NULO";"N";"N";-1;-1;"2026-08-07 14:33:06";2;"DEFERIDO";"-1";"#NULO";"-1";"#NULO";-1;"#NULO";-1;"#NULO";-1;"#NULO";4;"FEMININO";"3";"PARDA"
"02/09/2026";"08:30:36";2026;6259;40002541604;-3;"#NE";1;"BRASILEIRA NATA";-3;"MANICORÉ";"69";"N";-1;"#NULO";"1270629.01";"#NE";"N";"-1";"06005208020266040000";"-3";"#NE";"-3";"#NE";"SIM";"#NULO";-1;"#NULO";"N";"N";-1;-1;"2026-08-07 14:33:06";2;"DEFERIDO";"-1";"#NULO";"-1";"#NULO";-1;"#NULO";-1;"#NULO";-1;"#NULO";2;"MASCULINO";"3";"PARDA"
"02/09/2026";"08:30:36";2026;6259;40002542653;-3;"#NE";1;"BRASILEIRA NATA";-3;"MANAUS";"46";"N";-1;"#NULO";"1270629.01";"#NE";"S";"-1";"06005918220266040000";"-3";"#NE";"-3";"#NE";"SIM";"#NULO";-1;"#NULO";"N";"N";-1;-1;"2026-08-08 08:53:45";2;"DEFERIDO";"-1";"#NULO";"-1";"#NULO";-1;"#NULO";-1;"#NULO";-1;"#NULO";2;"MASCULINO";"1";"BRANCA"
"02/09/2026";"08:30:36";2026;6259;40002554220;-3;"#NE";1;"BRASILEIRA NATA";-3;"VITORINO FREIRE";"55";"N";-1;"#NULO";"3176572.53";"#NE";"S";"-1";"06009806720266040000";"-3";"#NE";"-3";"#NE";"NÃO";"#NULO";-1;"#NULO";"N";"N";-1;-1;"2026-08-28 12:17:24";8;"AGUARDANDO JULGAMENTO";"-1";"#NULO";"-1";"#NULO";-1;"#NULO";-1;"#NULO";-1;"#NULO";-1;"#NULO";"-1";"#NULO"
"02/09/2026";"08:30:36";2026;6259;40002536449;-3;"#NE";2;"BRASILEIRA (NATURALIZADA)";-3;"MANAUS";"45";"N";-1;"#NULO";"3176572.53";"#NE";"S";"-1";"06003873820266040000";"-3";"#NE";"-3";"#NE";"SIM";"#NULO";-1;"#NULO";"N";"N";-1;-1;"2026-08-04 08:56:17";2;"DEFERIDO";"-1";"#NULO";"-1";"#NULO";-1;"#NULO";-1;"#NULO";-1;"#NULO";4;"FEMININO";"3";"PARDA"
"02/09/2026";"08:30:36";2026;6259;40002545594;-3;"#NE";1;"BRASILEIRA NATA";-3;"MANAUS";"40";"N";67;"MÚRA";"3176572.53";"#NE";"S";"-1";"06006922220266040000";"-3";"#NE";"-3";"#NE";"SIM";"#NULO";-1;"#NULO";"N";"N";-1;-1;"2026-08-11 07:08:40";2;"DEFERIDO";"-1";"#NULO";"-1";"#NULO";-1;"#NULO";-1;"#NULO";-1;"#NULO";4;"FEMININO";"5";"INDÍGENA"
"02/09/2026";"08:30:36";2026;6259;40002551280;-3;"#NE";1;"BRASILEIRA NATA";-3;"SILVES";"33";"N";-1;"#NULO";"-1";"#NE";"N";"-1";"06007684620266040000";"-3";"#NE";"-3";"#NE";"NÃO";"#NULO";-1;"#NULO";"N";"N";-1;-1;"2026-08-13 21:26:01";14;"INDEFERIDO";"-1";"#NULO";"-1";"#NULO";-1;"#NULO";-1;"#NULO";-1;"#NULO";4;"FEMININO";"3";"PARDA"
"02/09/2026";"08:30:36";2026;6259;40002534371;-3;"#NE";1;"BRASILEIRA NATA";-3;"FORTALEZA";"38";"N";0;"NÃO INFORMADO";"1270629.01";"#NE";"N";"-1";"06003285020266040000";"-3";"#NE";"-3";"#NE";"NÃO";"#NULO";-1;"#NULO";"N";"N";-1;-1;"2026-07-31 08:18:01";8;"AGUARDANDO JULGAMENTO";"-1";"#NULO";"-1";"#NULO";-1;"#NULO";-1;"#NULO";-1;"#NULO";2;"MASCULINO";"1";"BRANCA"
"02/09/2026";"08:30:36";2026;6259;40002536903;-3;"#NE";1;"BRASILEIRA NATA";-3;"MANAUS";"24";"N";-1;"#NULO";"1270629.01";"#NE";"N";"-1";"06004255020266040000";"-3";"#NE";"-3";"#NE";"SIM";"#NULO";-1;"#NULO";"N";"N";-1;-1;"2026-08-04 15:27:31";2;"DEFERIDO";"-1";"#NULO";"-1";"#NULO";-1;"#NULO";-1;"#NULO";-1;"#NULO";4;"FEMININO";"1";"BRANCA"
"02/09/2026";"08:30:36";2026;6259;40002532774;-3;"#NE";1;"BRASILEIRA NATA";-3;"MANAUS";"60";"N";0;"NÃO INFORMADO";"1270629.01";"#NE";"N";"-1";"06002748420266040000";"-3";"#NE";"-3";"#NE";"SIM";"#NULO";-1;"#NULO";"N";"N";-1;-1;"2026-07-28 07:28:15";2;"DEFERIDO";"-1";"#NULO";"-1";"#NULO";-1;"#NULO";-1;"#NULO";-1;"#NULO";2;"MASCULINO";"3";"PARDA"
"02/09/2026";"08:30:36";2026;6259;40002532772;-3;"#NE";1;"BRASILEIRA NATA";-3;"MANAUS";"50";"N";0;"NÃO INFORMADO";"1270629.01";"#NE";"S";"-1";"06002878320266040000";"-3";"#NE";"-3";"#NE";"SIM";"#NULO";-1;"#NULO";"N";"N";-1;-1;"2026-07-28 07:28:15";2;"DEFERIDO";"-1";"#NULO";"-1";"#NULO";-1;"#NULO";-1;"#NULO";-1;"#NULO";2;"MASCULINO";"1";"BRANCA"
"02/09/2026";"08:30:36";2026;6259;40002539043;-3;"#NE";1;"BRASILEIRA NATA";-3;"MANAUS";"30";"N";0;"NÃO INFORMADO";"3176572.53";"#NE";"N";"-1";"06004852320266040000";"-3";"#NE";"-3";"#NE";"SIM";"#NULO";-1;"#NULO";"N";"N";-1;-1;"2026-08-06 12:21:54";2;"DEFERIDO";"-1";"#NULO";"-1";"#NULO";-1;"#NULO";-1;"#NULO";-1;"#NULO";2;"MASCULINO";"3";"PARDA"
"02/09/2026";"08:30:36";2026;6259;40002546995;-3;"#NE";1;"BRASILEIRA NATA";-3;"TEFÉ";"43";"N";-1;"#NULO";"1270629.01";"#NE";"S";"-1";"06006524020266040000";"-3";"#NE";"-3";"#NE";"SIM";"#NULO";-1;"#NULO";"N";"N";-1;-1;"2026-08-10 18:33:55";2;"DEFERIDO";"-1";"#NULO";"-1";"#NULO";-1;"#NULO";-1;"#NULO";-1;"#NULO";2;"MASCULINO";"3";"PARDA"
"02/09/2026";"08:30:36";2026;6259;40002550806;-3;"#NE";1;"BRASILEIRA NATA";-3;"RIO DE JANEIRO";"62";"N";-1;"#NULO";"3811887.03";"#NE";"N";"-1";"06007477020266040000";"-3";"#NE";"-3";"#NE";"NÃO";"#NULO";-1;"#NULO";"N";"N";-1;-1;"2026-08-13 09:59:57";8;"AGUARDANDO JULGAMENTO";"-1";"#NULO";"-1";"#NULO";-1;"#NULO";-1;"#NULO";-1;"#NULO";2;"MASCULINO";"2";"PRETA"
"02/09/2026";"08:30:36";2026;6259;40002542967;-3;"#NE";1;"BRASILEIRA NATA";-3;"MANAUS";"48";"N";-1;"#NULO";"1270629.01";"#NE";"N";"-1";"06006247220266040000";"-3";"#NE";"-3";"#NE";"NÃO";"#NULO";-1;"#NULO";"N";"N";-1;-1;"2026-08-08 15:10:09";8;"AGUARDANDO JULGAMENTO";"-1";"#NULO";"-1";"#NULO";-1;"#NULO";-1;"#NULO";-1;"#NULO";2;"MASCULINO";"3";"PARDA"
"02/09/2026";"08:30:36";2026;6259;40002551308;-3;"#NE";1;"BRASILEIRA NATA";-3;"MANAUS";"25";"N";0;"NÃO INFORMADO";"1270629.01";"#NE";"N";"-1";"06007806020266040000";"-3";"#NE";"-3";"#NE";"NÃO";"#NULO";-1;"#NULO";"N";"N";-1;-1;"2026-08-14 09:09:58";8;"AGUARDANDO JULGAMENTO";"-1";"#NULO";"-1";"#NULO";-1;"#NULO";-1;"#NULO";-1;"#NULO";2;"MASCULINO";"1";"BRANCA"
"02/09/2026";"08:30:36";2026;6259;40002551319;-3;"#NE";1;"BRASILEIRA NATA";-3;"AUTAZES";"44";"N";67;"MÚRA";"1270629.01";"#NE";"N";"-1";"06007875220266040000";"-3";"#NE";"-3";"#NE";"NÃO";"#NULO";-1;"#NULO";"N";"N";-1;-1;"2026-08-14 09:09:58";8;"AGUARDANDO JULGAMENTO";"-1";"#NULO";"-1";"#NULO";-1;"#NULO";-1;"#NULO";-1;"#NULO";2;"MASCULINO";"5";"INDÍGENA"
"02/09/2026";"08:30:36";2026;6259;40002541592;-3;"#NE";1;"BRASILEIRA NATA";-3;"MANAUS";"49";"N";-1;"#NULO";"1270629.01";"#NE";"N";"-1";"06005302720266040000";"-3";"#NE";"-3";"#NE";"NÃO";"#NULO";-1;"#NULO";"N";"N";-1;-1;"2026-08-07 14:33:06";8;"AGUARDANDO JULGAMENTO";"-1";"#NULO";"-1";"#NULO";-1;"#NULO";-1;"#NULO";-1;"#NULO";4;"FEMININO";"3";"PARDA"
"02/09/2026";"08:30:36";2026;6259;40002541602;-3;"#NE";1;"BRASILEIRA NATA";-3;"RIO BRANCO";"61";"N";-1;"#NULO";"1270629.01";"#NE";"S";"-1";"06005277220266040000";"-3";"#NE";"-3";"#NE";"SIM";"#NULO";-1;"#NULO";"N";"N";-1;-1;"2026-08-07 14:33:06";2;"DEFERIDO";"-1";"#NULO";"-1";"#NULO";-1;"#NULO";-1;"#NULO";-1;"#NULO";2;"MASCULINO";"3";"PARDA"
"02/09/2026";"08:30:36";2026;6259;40002542671;-3;"#NE";1;"BRASILEIRA NATA";-3;"MANAUS";"74";"N";0;"NÃO INFORMADO";"3176572.53";"#NE";"S";"-1";"06006039620266040000";"-3";"#NE";"-3";"#NE";"SIM";"#NULO";-1;"#NULO";"N";"N";-1;-1;"2026-08-08 08:52:35";2;"DEFERIDO";"-1";"#NULO";"-1";"#NULO";-1;"#NULO";-1;"#NULO";-1;"#NULO";4;"FEMININO";"1";"BRANCA"
"02/09/2026";"08:30:36";2026;6259;40002542654;-3;"#NE";1;"BRASILEIRA NATA";-3;"MANAUS";"38";"N";-1;"#NULO";"1270629.01";"#NE";"S";"-1";"06005891520266040000";"-3";"#NE";"-3";"#NE";"SIM";"#NULO";-1;"#NULO";"N";"N";-1;-1;"2026-08-08 08:53:45";2;"DEFERIDO";"-1";"#NULO";"-1";"#NULO";-1;"#NULO";-1;"#NULO";-1;"#NULO";4;"FEMININO";"1";"BRANCA"
"02/09/2026";"08:30:36";2026;6259;40002541745;-3;"#NE";1;"BRASILEIRA NATA";-3;"MANAUS";"74";"N";0;"NÃO INFORMADO";"1270629.01";"#NE";"S";"-1";"06005719120266040000";"-3";"#NE";"-3";"#NE";"SIM";"#NULO";-1;"#NULO";"N";"N";-1;-1;"2026-08-08 08:53:45";16;"DEFERIDO EM PRAZO RECURSAL OU COM RECURSO";"-1";"#NULO";"-1";"#NULO";-1;"#NULO";-1;"#NULO";-1;"#NULO";2;"MASCULINO";"3";"PARDA"
"02/09/2026";"08:30:36";2026;6259;40002545596;-3;"#NE";1;"BRASILEIRA NATA";-3;"MANAUS";"43";"N";-1;"#NULO";"3176572.53";"#NE";"S";"-1";"06006965920266040000";"-3";"#NE";"-3";"#NE";"NÃO";"#NULO";-1;"#NULO";"N";"N";-1;-1;"2026-08-11 07:08:40";8;"AGUARDANDO JULGAMENTO";"-1";"#NULO";"-1";"#NULO";-1;"#NULO";-1;"#NULO";-1;"#NULO";4;"FEMININO";"3";"PARDA"
"02/09/2026";"08:30:36";2026;6259;40002532765;-3;"#NE";1;"BRASILEIRA NATA";-3;"OSASCO";"57";"N";-1;"#NULO";"3176572.53";"#NE";"S";"-1";"06002583320266040000";"-3";"#NE";"-3";"#NE";"SIM";"#NULO";-1;"#NULO";"N";"N";-1;-1;"2026-07-28 07:27:15";2;"DEFERIDO";"-1";"#NULO";"-1";"#NULO";-1;"#NULO";-1;"#NULO";-1;"#NULO";4;"FEMININO";"1";"BRANCA"
"02/09/2026";"08:30:36";2026;6259;40002531439;-3;"#NE";1;"BRASILEIRA NATA";-3;"MANAUS";"41";"N";-1;"#NULO";"3176572.53";"#NE";"S";"-1";"06002185120266040000";"-3";"#NE";"-3";"#NE";"SIM";"#NULO";-1;"#NULO";"N";"N";-1;-1;"2026-07-27 08:46:02";2;"DEFERIDO";"-1";"#NULO";"-1";"#NULO";-1;"#NULO";-1;"#NULO";-1;"#NULO";4;"FEMININO";"3";"PARDA"
"02/09/2026";"08:30:36";2026;6259;40002549899;-3;"#NE";1;"BRASILEIRA NATA";-3;"MANAUS";"28";"N";-1;"#NULO";"3176572.53";"#NE";"N";"-1";"06007225720266040000";"-3";"#NE";"-3";"#NE";"NÃO";"#NULO";-1;"#NULO";"N";"N";-1;-1;"2026-08-12 09:09:28";8;"AGUARDANDO JULGAMENTO";"-1";"#NULO";"-1";"#NULO";-1;"#NULO";-1;"#NULO";-1;"#NULO";2;"MASCULINO";"1";"BRANCA"
"02/09/2026";"08:30:36";2026;6259;40002545608;-3;"#NE";1;"BRASILEIRA NATA";-3;"BOA VISTA DO RAMOS";"55";"N";-1;"#NULO";"1270629.01";"#NE";"S";"-1";"06006819020266040000";"-3";"#NE";"-3";"#NE";"SIM";"#NULO";-1;"#NULO";"N";"N";-1;-1;"2026-08-11 07:08:07";2;"DEFERIDO";"-1";"#NULO";"-1";"#NULO";-1;"#NULO";-1;"#NULO";-1;"#NULO";2;"MASCULINO";"3";"PARDA"
"02/09/2026";"08:30:36";2026;6259;40002551005;-3;"#NE";1;"BRASILEIRA NATA";-3;"MANAUS";"41";"N";-1;"#NULO";"3176572.53";"#NE";"S";"-1";"06007606920266040000";"-3";"#NE";"-3";"#NE";"NÃO";"#NULO";-1;"#NULO";"N";"N";-1;-1;"2026-08-13 13:52:24";8;"AGUARDANDO JULGAMENTO";"-1";"#NULO";"-1";"#NULO";-1;"#NULO";-1;"#NULO";-1;"#NULO";2;"MASCULINO";"3";"PARDA"
"02/09/2026";"08:30:36";2026;6259;40002551007;-3;"#NE";1;"BRASILEIRA NATA";-3;"MAUÉS";"50";"N";-1;"#NULO";"3176572.53";"#NE";"S";"-1";"06007615420266040000";"-3";"#NE";"-3";"#NE";"NÃO";"#NULO";-1;"#NULO";"N";"N";-1;-1;"2026-08-13 13:52:24";8;"AGUARDANDO JULGAMENTO";"-1";"#NULO";"-1";"#NULO";-1;"#NULO";-1;"#NULO";-1;"#NULO";4;"FEMININO";"2";"PRETA"
"02/09/2026";"08:30:36";2026;6259;40002536480;-3;"#NE";1;"BRASILEIRA NATA";-3;"MANAUS";"46";"N";-1;"#NULO";"1270629.01";"#NE";"S";"-1";"06004168820266040000";"-3";"#NE";"-3";"#NE";"SIM";"#NULO";-1;"#NULO";"N";"N";-1;-1;"2026-08-04 15:27:08";2;"DEFERIDO";"-1";"#NULO";"-1";"#NULO";-1;"#NULO";-1;"#NULO";-1;"#NULO";4;"FEMININO";"3";"PARDA"
"02/09/2026";"08:30:36";2026;6259;40002536910;-3;"#NE";1;"BRASILEIRA NATA";-3;"PARINTINS";"55";"N";-1;"#NULO";"1270629.01";"#NE";"S";"-1";"06004324220266040000";"-3";"#NE";"-3";"#NE";"SIM";"#NULO";-1;"#NULO";"N";"N";-1;-1;"2026-08-04 15:27:31";2;"DEFERIDO";"-1";"#NULO";"-1";"#NULO";-1;"#NULO";-1;"#NULO";-1;"#NULO";2;"MASCULINO";"3";"PARDA"
"02/09/2026";"08:30:36";2026;6259;40002532780;-3;"#NE";1;"BRASILEIRA NATA";-3;"TERESINA";"67";"N";0;"NÃO INFORMADO";"1270629.01";"#NE";"S";"-1";"06002765420266040000";"-3";"#NE";"-3";"#NE";"NÃO";"#NULO";-1;"#NULO";"N";"N";-1;-1;"2026-07-28 07:28:15";8;"AGUARDANDO JULGAMENTO";"-1";"#NULO";"-1";"#NULO";-1;"#NULO";-1;"#NULO";-1;"#NULO";2;"MASCULINO";"1";"BRANCA"
"02/09/2026";"08:30:36";2026;6259;40002534391;-3;"#NE";1;"BRASILEIRA NATA";-3;"BOA VISTA";"57";"N";-1;"#NULO";"1270629.01";"#NE";"S";"-1";"06003111420266040000";"-3";"#NE";"-3";"#NE";"NÃO";"#NULO";-1;"#NULO";"N";"N";-1;-1;"2026-07-31 08:18:01";8;"AGUARDANDO JULGAMENTO";"-1";"#NULO";"-1";"#NULO";-1;"#NULO";-1;"#NULO";-1;"#NULO";2;"MASCULINO";"3";"PARDA"
"02/09/2026";"08:30:36";2026;6259;40002547001;-3;"#NE";1;"BRASILEIRA NATA";-3;"SÃO PAULO";"68";"N";-1;"#NULO";"1270629.01";"#NE";"S";"-1";"06006601720266040000";"-3";"#NE";"-3";"#NE";"NÃO";"#NULO";-1;"#NULO";"N";"N";-1;-1;"2026-08-10 18:33:55";8;"AGUARDANDO JULGAMENTO";"-1";"#NULO";"-1";"#NULO";-1;"#NULO";-1;"#NULO";-1;"#NULO";2;"MASCULINO";"1";"BRANCA"
"02/09/2026";"08:30:36";2026;6259;40002531447;-3;"#NE";1;"BRASILEIRA NATA";-3;"BELÉM";"66";"N";0;"NÃO INFORMADO";"3811887.03";"#NE";"S";"-1";"06002289520266040000";"-3";"#NE";"-3";"#NE";"SIM";"#NULO";-1;"#NULO";"N";"N";-1;-1;"2026-07-27 08:45:01";2;"DEFERIDO";"-1";"#NULO";"-1";"#NULO";-1;"#NULO";-1;"#NULO";-1;"#NULO";2;"MASCULINO";"3";"PARDA"
"02/09/2026";"08:30:36";2026;6259;40002537344;-3;"#NE";1;"BRASILEIRA NATA";-3;"EIRUNEPÉ";"72";"N";0;"NÃO INFORMADO";"3811887.03";"#NE";"S";"-1";"06004722420266040000";"-3";"#NE";"-3";"#NE";"SIM";"#NULO";-1;"#NULO";"N";"N";-1;-1;"2026-08-05 09:34:34";2;"DEFERIDO";"-1";"#NULO";"-1";"#NULO";-1;"#NULO";-1;"#NULO";-1;"#NULO";2;"MASCULINO";"3";"PARDA"
"02/09/2026";"08:30:36";2026;6259;40002541621;-3;"#NE";1;"BRASILEIRA NATA";-3;"MANACAPURU";"46";"N";-1;"#NULO";"3176572.53";"#NE";"N";"-1";"06005537020266040000";"-3";"#NE";"-3";"#NE";"SIM";"#NULO";-1;"#NULO";"N";"N";-1;-1;"2026-08-07 14:32:11";2;"DEFERIDO";"-1";"#NULO";"-1";"#NULO";-1;"#NULO";-1;"#NULO";-1;"#NULO";4;"FEMININO";"3";"PARDA"
"02/09/2026";"08:30:36";2026;6259;40002533206;-3;"#NE";1;"BRASILEIRA NATA";-3;"RIO BRANCO";"64";"N";0;"NÃO INFORMADO";"3176572.53";"#NE";"S";"-1";"06003016720266040000";"-3";"#NE";"-3";"#NE";"NÃO";"#NULO";-1;"#NULO";"N";"N";-1;-1;"2026-07-30 13:15:54";8;"AGUARDANDO JULGAMENTO";"-1";"#NULO";"-1";"#NULO";-1;"#NULO";-1;"#NULO";-1;"#NULO";2;"MASCULINO";"3";"PARDA"
"02/09/2026";"08:30:36";2026;6259;40002541609;-3;"#NE";1;"BRASILEIRA NATA";-3;"MANAUS";"42";"N";-1;"#NULO";"1270629.01";"#NE";"S";"-1";"06005415620266040000";"-3";"#NE";"-3";"#NE";"SIM";"#NULO";-1;"#NULO";"N";"N";-1;-1;"2026-08-07 14:33:06";2;"DEFERIDO";"-1";"#NULO";"-1";"#NULO";-1;"#NULO";-1;"#NULO";-1;"#NULO";2;"MASCULINO";"2";"PRETA"
"02/09/2026";"08:30:36";2026;6259;40002532735;-3;"#NE";1;"BRASILEIRA NATA";-3;"MANAUS";"58";"N";0;"NÃO INFORMADO";"1270629.01";"#NE";"S";"-1";"06002436420266040000";"-3";"#NE";"-3";"#NE";"SIM";"#NULO";-1;"#NULO";"N";"N";-1;-1;"2026-07-28 07:26:32";2;"DEFERIDO";"-1";"#NULO";"-1";"#NULO";-1;"#NULO";-1;"#NULO";-1;"#NULO";2;"MASCULINO";"3";"PARDA"
"02/09/2026";"08:30:36";2026;6259;40002541749;-3;"#NE";1;"BRASILEIRA NATA";-3;"MANAUS";"44";"N";0;"NÃO INFORMADO";"1270629.01";"#NE";"S";"-1";"06005822320266040000";"-3";"#NE";"-3";"#NE";"SIM";"#NULO";-1;"#NULO";"N";"N";-1;-1;"2026-08-08 08:53:45";2;"DEFERIDO";"-1";"#NULO";"-1";"#NULO";-1;"#NULO";-1;"#NULO";-1;"#NULO";2;"MASCULINO";"3";"PARDA"
"02/09/2026";"08:30:36";2026;6259;40002554168;-3;"#NE";1;"BRASILEIRA NATA";-3;"SANTARÉM";"58";"N";-1;"#NULO";"1270629.01";"#NE";"N";"-1";"06009061320266040000";"-3";"#NE";"-3";"#NE";"NÃO";"#NULO";-1;"#NULO";"N";"N";-1;-1;"2026-08-22 23:00:12";8;"AGUARDANDO JULGAMENTO";"-1";"#NULO";"-1";"#NULO";-1;"#NULO";-1;"#NULO";-1;"#NULO";-1;"#NULO";"-1";"#NULO"
"02/09/2026";"08:30:36";2026;6259;40002545607;-3;"#NE";1;"BRASILEIRA NATA";-3;"BARREIRINHA";"66";"S";-1;"#NULO";"1270629.01";"#NE";"S";"-1";"06006844520266040000";"-3";"#NE";"-3";"#NE";"SIM";"#NULO";-1;"#NULO";"N";"N";-1;-1;"2026-08-11 07:08:07";2;"DEFERIDO";"-1";"#NULO";"-1";"#NULO";-1;"#NULO";-1;"#NULO";-1;"#NULO";4;"FEMININO";"2";"PRETA"
"02/09/2026";"08:30:36";2026;6259;40002545611;-3;"#NE";1;"BRASILEIRA NATA";-3;"ITACOATIARA";"53";"N";-1;"#NULO";"1270629.01";"#NE";"S";"-1";"06006800820266040000";"-3";"#NE";"-3";"#NE";"SIM";"#NULO";-1;"#NULO";"N";"N";-1;-1;"2026-08-11 07:08:07";2;"DEFERIDO";"-1";"#NULO";"-1";"#NULO";-1;"#NULO";-1;"#NULO";-1;"#NULO";2;"MASCULINO";"3";"PARDA"
"02/09/2026";"08:30:36";2026;6259;40002536896;-3;"#NE";1;"BRASILEIRA NATA";-3;"MANAUS";"42";"N";-1;"#NULO";"1270629.01";"#NE";"N";"-1";"06004428620266040000";"-3";"#NE";"-3";"#NE";"SIM";"#NULO";-1;"#NULO";"N";"N";-1;-1;"2026-08-04 15:27:31";2;"DEFERIDO";"-1";"#NULO";"-1";"#NULO";-1;"#NULO";-1;"#NULO";-1;"#NULO";2;"MASCULINO";"3";"PARDA"
"02/09/2026";"08:30:36";2026;6259;40002536892;-3;"#NE";1;"BRASILEIRA NATA";-3;"CAXIAS";"52";"N";0;"NÃO INFORMADO";"1270629.01";"#NE";"S";"-1";"06004298720266040000";"-3";"#NE";"-3";"#NE";"SIM";"#NULO";-1;"#NULO";"N";"N";-1;-1;"2026-08-04 15:27:31";2;"DEFERIDO";"-1";"#NULO";"-1";"#NULO";-1;"#NULO";-1;"#NULO";-1;"#NULO";2;"MASCULINO";"1";"BRANCA"
"02/09/2026";"08:30:36";2026;6259;40002532781;-3;"#NE";1;"BRASILEIRA NATA";-3;"MANAUS";"44";"N";-1;"#NULO";"1270629.01";"#NE";"N";"-1";"06002713220266040000";"-3";"#NE";"-3";"#NE";"SIM";"#NULO";-1;"#NULO";"N";"N";-1;-1;"2026-07-28 07:28:15";2;"DEFERIDO";"-1";"#NULO";"-1";"#NULO";-1;"#NULO";-1;"#NULO";-1;"#NULO";2;"MASCULINO";"3";"PARDA"
"02/09/2026";"08:30:36";2026;6259;40002537621;-3;"#NE";1;"BRASILEIRA NATA";-3;"MANAUS";"39";"N";-1;"#NULO";"1270629.01";"#NE";"S";"-1";"06004636220266040000";"-3";"#NE";"-3";"#NE";"SIM";"#NULO";-1;"#NULO";"N";"N";-1;-1;"2026-08-05 09:34:08";2;"DEFERIDO";"-1";"#NULO";"-1";"#NULO";-1;"#NULO";-1;"#NULO";-1;"#NULO";2;"MASCULINO";"1";"BRANCA"
"02/09/2026";"08:30:36";2026;6259;40002534381;-3;"#NE";1;"BRASILEIRA NATA";-3;"PINHEIRO";"53";"N";-1;"#NULO";"1270629.01";"#NE";"S";"-1";"06003259520266040000";"-3";"#NE";"-3";"#NE";"NÃO";"#NULO";-1;"#NULO";"N";"N";-1;-1;"2026-07-31 08:18:01";8;"AGUARDANDO JULGAMENTO";"-1";"#NULO";"-1";"#NULO";-1;"#NULO";-1;"#NULO";-1;"#NULO";2;"MASCULINO";"3";"PARDA"
"02/09/2026";"08:30:36";2026;6259;40002534385;-3;"#NE";1;"BRASILEIRA NATA";-3;"FONTE BOA";"48";"N";0;"NÃO INFORMADO";"1270629.01";"#NE";"N";"-1";"06003337220266040000";"-3";"#NE";"-3";"#NE";"NÃO";"#NULO";-1;"#NULO";"N";"N";-1;-1;"2026-07-31 08:18:01";8;"AGUARDANDO JULGAMENTO";"-1";"#NULO";"-1";"#NULO";-1;"#NULO";-1;"#NULO";-1;"#NULO";2;"MASCULINO";"3";"PARDA"
"02/09/2026";"08:30:36";2026;6259;40002542960;-3;"#NE";1;"BRASILEIRA NATA";-3;"ITAITUBA";"35";"N";0;"NÃO INFORMADO";"1270629.01";"#NE";"N";"-1";"06006186520266040000";"-3";"#NE";"-3";"#NE";"NÃO";"#NULO";-1;"#NULO";"N";"N";-1;-1;"2026-08-08 15:10:09";8;"AGUARDANDO JULGAMENTO";"-1";"#NULO";"-1";"#NULO";-1;"#NULO";-1;"#NULO";-1;"#NULO";4;"FEMININO";"3";"PARDA"
"02/09/2026";"08:30:36";2026;6259;40002553901;-3;"#NE";1;"BRASILEIRA NATA";-3;"MANAUS";"60";"N";-1;"#NULO";"1270629.01";"#NE";"S";"-1";"06008160520266040000";"-3";"#NE";"-3";"#NE";"NÃO";"#NULO";-1;"#NULO";"N";"N";-1;-1;"2026-08-16 16:24:32";14;"INDEFERIDO";"-1";"#NULO";"-1";"#NULO";-1;"#NULO";-1;"#NULO";-1;"#NULO";4;"FEMININO";"1";"BRANCA"
"02/09/2026";"08:30:36";2026;6259;40002542964;-3;"#NE";1;"BRASILEIRA NATA";-3;"MANAUS";"45";"N";0;"NÃO INFORMADO";"1270629.01";"#NE";"S";"-1";"06006255720266040000";"-3";"#NE";"-3";"#NE";"NÃO";"#NULO";-1;"#NULO";"N";"N";-1;-1;"2026-08-08 15:10:09";8;"AGUARDANDO JULGAMENTO";"-1";"#NULO";"-1";"#NULO";-1;"#NULO";-1;"#NULO";-1;"#NULO";2;"MASCULINO";"3";"PARDA"
"02/09/2026";"08:30:36";2026;6259;40002539048;-3;"#NE";1;"BRASILEIRA NATA";-3;"MANAUS";"31";"N";0;"NÃO INFORMADO";"3176572.53";"#NE";"S";"-1";"06004896020266040000";"-3";"#NE";"-3";"#NE";"SIM";"#NULO";-1;"#NULO";"N";"N";-1;-1;"2026-08-06 12:21:54";2;"DEFERIDO";"-1";"#NULO";"-1";"#NULO";-1;"#NULO";-1;"#NULO";-1;"#NULO";4;"FEMININO";"3";"PARDA"
"02/09/2026";"08:30:36";2026;6259;40002539045;-3;"#NE";1;"BRASILEIRA NATA";-3;"MANAUS";"27";"N";0;"NÃO INFORMADO";"3176572.53";"#NE";"N";"-1";"06004879020266040000";"-3";"#NE";"-3";"#NE";"SIM";"#NULO";-1;"#NULO";"N";"N";-1;-1;"2026-08-06 12:21:54";2;"DEFERIDO";"-1";"#NULO";"-1";"#NULO";-1;"#NULO";-1;"#NULO";-1;"#NULO";2;"MASCULINO";"3";"PARDA"
"02/09/2026";"08:30:36";2026;6259;40002549860;-3;"#NE";1;"BRASILEIRA NATA";-3;"ITACOATIARA";"52";"N";-1;"#NULO";"3176572.53";"#NE";"N";"-1";"06007182020266040000";"-3";"#NE";"-3";"#NE";"NÃO";"#NULO";-1;"#NULO";"N";"N";-1;-1;"2026-08-12 09:09:16";8;"AGUARDANDO JULGAMENTO";"-1";"#NULO";"-1";"#NULO";-1;"#NULO";-1;"#NULO";-1;"#NULO";4;"FEMININO";"3";"PARDA"
"02/09/2026";"08:30:36";2026;6259;40002542667;-3;"#NE";1;"BRASILEIRA NATA";-3;"PARNAMIRIM";"39";"N";0;"NÃO INFORMADO";"1270629.01";"#NE";"S";"-1";"06005943720266040000";"-3";"#NE";"-3";"#NE";"SIM";"#NULO";-1;"#NULO";"N";"N";-1;-1;"2026-08-08 08:53:45";2;"DEFERIDO";"-1";"#NULO";"-1";"#NULO";-1;"#NULO";-1;"#NULO";-1;"#NULO";2;"MASCULINO";"3";"PARDA"
"02/09/2026";"08:30:36";2026;6259;40002536447;-3;"#NE";1;"BRASILEIRA NATA";-3;"MANAUS";"68";"N";0;"NÃO INFORMADO";"3176572.53";"#NE";"S";"-1";"06003909020266040000";"-3";"#NE";"-3";"#NE";"NÃO";"#NULO";-1;"#NULO";"N";"N";-1;-1;"2026-08-04 08:56:17";8;"AGUARDANDO JULGAMENTO";"-1";"#NULO";"-1";"#NULO";-1;"#NULO";-1;"#NULO";-1;"#NULO";4;"FEMININO";"3";"PARDA"
"02/09/2026";"08:30:36";2026;6259;40002531441;-3;"#NE";1;"BRASILEIRA NATA";-3;"MANAUS";"42";"N";0;"NÃO INFORMADO";"3176572.53";"#NE";"S";"-1";"06002193620266040000";"-3";"#NE";"-3";"#NE";"SIM";"#NULO";-1;"#NULO";"N";"N";-1;-1;"2026-07-27 08:46:02";2;"DEFERIDO";"-1";"#NULO";"-1";"#NULO";-1;"#NULO";-1;"#NULO";-1;"#NULO";2;"MASCULINO";"1";"BRANCA"
"02/09/2026";"08:30:36";2026;6259;40002536494;-3;"#NE";1;"BRASILEIRA NATA";-3;"MONTE ALEGRE";"55";"N";-1;"#NULO";"1270629.01";"#NE";"N";"-1";"06004116620266040000";"-3";"#NE";"-3";"#NE";"SIM";"#NULO";-1;"#NULO";"N";"N";-1;-1;"2026-08-04 15:27:08";2;"DEFERIDO";"-1";"#NULO";"-1";"#NULO";-1;"#NULO";-1;"#NULO";-1;"#NULO";4;"FEMININO";"3";"PARDA"
"02/09/2026";"08:30:36";2026;6259;40002541620;-3;"#NE";1;"BRASILEIRA NATA";-3;"BENJAMIN CONSTANT";"68";"N";-1;"#NULO";"3176572.53";"#NE";"N";"-1";"06005528520266040000";"-3";"#NE";"-3";"#NE";"SIM";"#NULO";-1;"#NULO";"N";"N";-1;-1;"2026-08-07 14:32:11";2;"DEFERIDO";"-1";"#NULO";"-1";"#NULO";-1;"#NULO";-1;"#NULO";-1;"#NULO";2;"MASCULINO";"1";"BRANCA"
"02/09/2026";"08:30:36";2026;6259;40002541612;-3;"#NE";1;"BRASILEIRA NATA";-3;"MANAQUIRI";"55";"N";-1;"#NULO";"1270629.01";"#NE";"N";"-1";"06005407120266040000";"-3";"#NE";"-3";"#NE";"SIM";"#NULO";-1;"#NULO";"N";"N";-1;-1;"2026-08-07 14:33:06";2;"DEFERIDO";"-1";"#NULO";"-1";"#NULO";-1;"#NULO";-1;"#NULO";-1;"#NULO";4;"FEMININO";"3";"PARDA"
"02/09/2026";"08:30:36";2026;6259;40002549859;-3;"#NE";1;"BRASILEIRA NATA";-3;"SÃO PAULO DE OLIVENÇA";"44";"N";15;"KAMBÉBA";"3176572.53";"#NE";"N";"-1";"06007234220266040000";"-3";"#NE";"-3";"#NE";"NÃO";"#NULO";-1;"#NULO";"N";"N";-1;-1;"2026-08-12 09:09:16";8;"AGUARDANDO JULGAMENTO";"-1";"#NULO";"-1";"#NULO";-1;"#NULO";-1;"#NULO";-1;"#NULO";2;"MASCULINO";"5";"INDÍGENA"
"02/09/2026";"08:30:36";2026;6259;40002541614;-3;"#NE";1;"BRASILEIRA NATA";-3;"MANAUS";"56";"N";-1;"#NULO";"1270629.01";"#NE";"S";"-1";"06005268720266040000";"-3";"#NE";"-3";"#NE";"SIM";"#NULO";-1;"#NULO";"N";"N";-1;-1;"2026-08-07 14:33:06";2;"DEFERIDO";"-1";"#NULO";"-1";"#NULO";-1;"#NULO";-1;"#NULO";-1;"#NULO";2;"MASCULINO";"3";"PARDA"
"02/09/2026";"08:30:36";2026;6259;40002541598;-3;"#NE";1;"BRASILEIRA NATA";-3;"MANAUS";"42";"N";-1;"#NULO";"1270629.01";"#NE";"N";"-1";"06005354920266040000";"-3";"#NE";"-3";"#NE";"SIM";"#NULO";-1;"#NULO";"N";"N";-1;-1;"2026-08-07 14:33:06";2;"DEFERIDO";"-1";"#NULO";"-1";"#NULO";-1;"#NULO";-1;"#NULO";-1;"#NULO";2;"MASCULINO";"1";"BRANCA"
"02/09/2026";"08:30:36";2026;6259;40002536084;-3;"#NE";1;"BRASILEIRA NATA";-3;"MANAUS";"48";"N";-1;"#NULO";"3176572.53";"#NE";"S";"-1";"06003605520266040000";"-3";"#NE";"-3";"#NE";"SIM";"#NULO";-1;"#NULO";"N";"N";-1;-1;"2026-08-03 11:40:19";2;"DEFERIDO";"-1";"#NULO";"-1";"#NULO";-1;"#NULO";-1;"#NULO";-1;"#NULO";4;"FEMININO";"1";"BRANCA"
"02/09/2026";"08:30:36";2026;6259;40002532745;-3;"#NE";1;"BRASILEIRA NATA";-3;"MANAUS";"43";"S";-1;"#NULO";"1270629.01";"#NE";"S";"-1";"06002340520266040000";"-3";"#NE";"-3";"#NE";"SIM";"#NULO";-1;"#NULO";"N";"N";-1;-1;"2026-07-28 07:26:32";2;"DEFERIDO";"-1";"#NULO";"-1";"#NULO";-1;"#NULO";-1;"#NULO";-1;"#NULO";2;"MASCULINO";"3";"PARDA"
"02/09/2026";"08:30:36";2026;6259;40002541748;-3;"#NE";1;"BRASILEIRA NATA";-3;"MANAUS";"34";"N";-1;"#NULO";"1270629.01";"#NE";"S";"-1";"06005788320266040000";"-3";"#NE";"-3";"#NE";"SIM";"#NULO";-1;"#NULO";"N";"N";-1;-1;"2026-08-08 08:53:45";2;"DEFERIDO";"-1";"#NULO";"-1";"#NULO";-1;"#NULO";-1;"#NULO";-1;"#NULO";2;"MASCULINO";"1";"BRANCA"
"02/09/2026";"08:30:36";2026;6259;40002545600;-3;"#NE";1;"BRASILEIRA NATA";-3;"CAMPO MAIOR";"46";"N";-1;"#NULO";"3176572.53";"#NE";"S";"-1";"06006957420266040000";"-3";"#NE";"-3";"#NE";"NÃO";"#NULO";-1;"#NULO";"N";"N";-1;-1;"2026-08-11 07:08:40";8;"AGUARDANDO JULGAMENTO";"-1";"#NULO";"-1";"#NULO";-1;"#NULO";-1;"#NULO";-1;"#NULO";2;"MASCULINO";"3";"PARDA"
"02/09/2026";"08:30:36";2026;6259;40002545599;-3;"#NE";1;"BRASILEIRA NATA";-3;"SANTARÉM";"51";"N";-1;"#NULO";"3176572.53";"#NE";"S";"-1";"06006913720266040000";"-3";"#NE";"-3";"#NE";"NÃO";"#NULO";-1;"#NULO";"N";"N";-1;-1;"2026-08-11 07:08:40";8;"AGUARDANDO JULGAMENTO";"-1";"#NULO";"-1";"#NULO";-1;"#NULO";-1;"#NULO";-1;"#NULO";2;"MASCULINO";"1";"BRANCA"
"02/09/2026";"08:30:36";2026;6259;40002532737;-3;"#NE";1;"BRASILEIRA NATA";-3;"MANAUS";"61";"N";0;"NÃO INFORMADO";"1270629.01";"#NE";"S";"-1";"06002367220266040000";"-3";"#NE";"-3";"#NE";"SIM";"#NULO";-1;"#NULO";"N";"N";-1;-1;"2026-07-28 07:26:32";2;"DEFERIDO";"-1";"#NULO";"-1";"#NULO";-1;"#NULO";-1;"#NULO";-1;"#NULO";2;"MASCULINO";"1";"BRANCA"
"02/09/2026";"08:30:36";2026;6259;40002549902;-3;"#NE";1;"BRASILEIRA NATA";-3;"MANAUS";"44";"N";0;"NÃO INFORMADO";"3176572.53";"#NE";"S";"-1";"06007269420266040000";"-3";"#NE";"-3";"#NE";"SIM";"#NULO";-1;"#NULO";"N";"N";-1;-1;"2026-08-12 09:09:28";2;"DEFERIDO";"-1";"#NULO";"-1";"#NULO";-1;"#NULO";-1;"#NULO";-1;"#NULO";2;"MASCULINO";"3";"PARDA"
"02/09/2026";"08:30:36";2026;6259;40002536481;-3;"#NE";1;"BRASILEIRA NATA";-3;"MANAUS";"34";"N";-1;"#NULO";"1270629.01";"#NE";"S";"-1";"06004202820266040000";"-3";"#NE";"-3";"#NE";"SIM";"#NULO";-1;"#NULO";"N";"N";-1;-1;"2026-08-04 15:27:08";2;"DEFERIDO";"-1";"#NULO";"-1";"#NULO";-1;"#NULO";-1;"#NULO";-1;"#NULO";2;"MASCULINO";"3";"PARDA"
"02/09/2026";"08:30:36";2026;6259;40002541586;-3;"#NE";1;"BRASILEIRA NATA";-3;"MANAUS";"51";"N";-1;"#NULO";"3176572.53";"#NE";"S";"-1";"06005164320266040000";"-3";"#NE";"-3";"#NE";"SIM";"#NULO";-1;"#NULO";"N";"N";-1;-1;"2026-08-07 14:32:54";2;"DEFERIDO";"-1";"#NULO";"-1";"#NULO";-1;"#NULO";-1;"#NULO";-1;"#NULO";2;"MASCULINO";"3";"PARDA"
"02/09/2026";"08:30:36";2026;6259;40002536909;-3;"#NE";1;"BRASILEIRA NATA";-3;"PARINTINS";"52";"N";-1;"#NULO";"1270629.01";"#NE";"N";"-1";"06004272020266040000";"-3";"#NE";"-3";"#NE";"SIM";"#NULO";-1;"#NULO";"N";"N";-1;-1;"2026-08-04 15:27:31";2;"DEFERIDO";"-1";"#NULO";"-1";"#NULO";-1;"#NULO";-1;"#NULO";-1;"#NULO";4;"FEMININO";"3";"PARDA"
"02/09/2026";"08:30:36";2026;6259;40002532775;-3;"#NE";1;"BRASILEIRA NATA";-3;"MANAUS";"67";"N";-1;"#NULO";"1270629.01";"#NE";"S";"-1";"06002834620266040000";"-3";"#NE";"-3";"#NE";"SIM";"#NULO";-1;"#NULO";"N";"N";-1;-1;"2026-07-28 07:28:15";2;"DEFERIDO";"-1";"#NULO";"-1";"#NULO";-1;"#NULO";-1;"#NULO";-1;"#NULO";2;"MASCULINO";"1";"BRANCA"
"02/09/2026";"08:30:36";2026;6259;40002532787;-3;"#NE";1;"BRASILEIRA NATA";-3;"SANTARÉM";"39";"N";0;"NÃO INFORMADO";"1270629.01";"#NE";"S";"-1";"06002782420266040000";"-3";"#NE";"-3";"#NE";"NÃO";"#NULO";-1;"#NULO";"N";"N";-1;-1;"2026-07-28 07:28:15";8;"AGUARDANDO JULGAMENTO";"-1";"#NULO";"-1";"#NULO";-1;"#NULO";-1;"#NULO";-1;"#NULO";2;"MASCULINO";"3";"PARDA"
"02/09/2026";"08:30:36";2026;6259;40002537615;-3;"#NE";1;"BRASILEIRA NATA";-3;"MANAUS";"47";"N";0;"NÃO INFORMADO";"1270629.01";"#NE";"S";"-1";"06004540320266040000";"-3";"#NE";"-3";"#NE";"SIM";"#NULO";-1;"#NULO";"N";"N";-1;-1;"2026-08-05 09:34:08";2;"DEFERIDO";"-1";"#NULO";"-1";"#NULO";-1;"#NULO";-1;"#NULO";-1;"#NULO";2;"MASCULINO";"3";"PARDA"
"02/09/2026";"08:30:36";2026;6259;40002537622;-3;"#NE";1;"BRASILEIRA NATA";-3;"CARAUARI";"69";"N";0;"NÃO INFORMADO";"1270629.01";"#NE";"S";"-1";"06004696920266040000";"-3";"#NE";"-3";"#NE";"NÃO";"#NULO";-1;"#NULO";"N";"N";-1;-1;"2026-08-05 09:34:08";8;"AGUARDANDO JULGAMENTO";"-1";"#NULO";"-1";"#NULO";-1;"#NULO";-1;"#NULO";-1;"#NULO";2;"MASCULINO";"3";"PARDA"
"02/09/2026";"08:30:36";2026;6259;40002534379;-3;"#NE";1;"BRASILEIRA NATA";-3;"MANAUS";"43";"N";-1;"#NULO";"1270629.01";"#NE";"S";"-1";"06003293520266040000";"-3";"#NE";"-3";"#NE";"NÃO";"#NULO";-1;"#NULO";"N";"N";-1;-1;"2026-07-31 08:18:01";8;"AGUARDANDO JULGAMENTO";"-1";"#NULO";"-1";"#NULO";-1;"#NULO";-1;"#NULO";-1;"#NULO";4;"FEMININO";"3";"PARDA"
"02/09/2026";"08:30:36";2026;6259;40002550776;-3;"#NE";1;"BRASILEIRA NATA";-3;"MANAUS";"48";"N";66;"MUNDURUKÚ";"7115522.46";"#NE";"S";"-1";"06007416320266040000";"-3";"#NE";"-3";"#NE";"NÃO";"#NULO";-1;"#NULO";"N";"N";-1;-1;"2026-08-13 09:01:28";8;"AGUARDANDO JULGAMENTO";"-1";"#NULO";"-1";"#NULO";-1;"#NULO";-1;"#NULO";-1;"#NULO";2;"MASCULINO";"5";"INDÍGENA"
"02/09/2026";"08:30:36";2026;6259;40002535271;-3;"#NE";1;"BRASILEIRA NATA";-3;"MANAUS";"61";"N";-1;"#NULO";"-1";"#NE";"N";"-1";"06003666220266040000";"-3";"#NE";"-3";"#NE";"NÃO";"#NULO";-1;"#NULO";"N";"N";-1;-1;"2026-08-03 11:38:38";8;"AGUARDANDO JULGAMENTO";"-1";"#NULO";"-1";"#NULO";-1;"#NULO";-1;"#NULO";-1;"#NULO";2;"MASCULINO";"2";"PRETA"
"02/09/2026";"08:30:36";2026;6259;40002551279;-3;"#NE";1;"BRASILEIRA NATA";-3;"MANAUS";"51";"N";-1;"#NULO";"-1";"#NE";"N";"-1";"06007676120266040000";"-3";"#NE";"-3";"#NE";"NÃO";"#NULO";-1;"#NULO";"N";"N";-1;-1;"2026-08-13 21:26:01";8;"AGUARDANDO JULGAMENTO";"-1";"#NULO";"-1";"#NULO";-1;"#NULO";-1;"#NULO";-1;"#NULO";2;"MASCULINO";"2";"PRETA"
"02/09/2026";"08:30:36";2026;6259;40002535266;-3;"#NE";1;"BRASILEIRA NATA";-3;"MANAUS";"34";"N";-1;"#NULO";"-1";"#NE";"S";"-1";"06003519320266040000";"-3";"#NE";"-3";"#NE";"NÃO";"#NULO";-1;"#NULO";"N";"N";-1;-1;"2026-08-03 11:39:18";8;"AGUARDANDO JULGAMENTO";"-1";"#NULO";"-1";"#NULO";-1;"#NULO";-1;"#NULO";-1;"#NULO";4;"FEMININO";"1";"BRANCA"
"02/09/2026";"08:30:36";2026;6259;40002547000;-3;"#NE";1;"BRASILEIRA NATA";-3;"FORTALEZA";"61";"N";-1;"#NULO";"1270629.01";"#NE";"S";"-1";"06006559220266040000";"-3";"#NE";"-3";"#NE";"NÃO";"#NULO";-1;"#NULO";"N";"N";-1;-1;"2026-08-10 18:33:55";8;"AGUARDANDO JULGAMENTO";"-1";"#NULO";"-1";"#NULO";-1;"#NULO";-1;"#NULO";-1;"#NULO";2;"MASCULINO";"3";"PARDA"
"02/09/2026";"08:30:36";2026;6259;40002546987;-3;"#NE";1;"BRASILEIRA NATA";-3;"MANAUS";"51";"N";-1;"#NULO";"1270629.01";"#NE";"N";"-1";"06006636920266040000";"-3";"#NE";"-3";"#NE";"NÃO";"#NULO";-1;"#NULO";"N";"N";-1;-1;"2026-08-10 18:33:55";8;"AGUARDANDO JULGAMENTO";"-1";"#NULO";"-1";"#NULO";-1;"#NULO";-1;"#NULO";-1;"#NULO";2;"MASCULINO";"3";"PARDA"
"02/09/2026";"08:30:36";2026;6259;40002551283;-3;"#NE";1;"BRASILEIRA NATA";-3;"MANAUS";"45";"N";66;"MUNDURUKÚ";"3811887.03";"#NE";"S";"-1";"06007667620266040000";"-3";"#NE";"-3";"#NE";"NÃO";"#NULO";-1;"#NULO";"N";"N";-1;-1;"2026-08-13 21:26:01";8;"AGUARDANDO JULGAMENTO";"-1";"#NULO";"-1";"#NULO";-1;"#NULO";-1;"#NULO";-1;"#NULO";2;"MASCULINO";"5";"INDÍGENA"
"02/09/2026";"08:30:36";2026;6259;40002542950;-3;"#NE";1;"BRASILEIRA NATA";-3;"MANAUS";"45";"N";-1;"#NULO";"1270629.01";"#NE";"N";"-1";"06006238720266040000";"-3";"#NE";"-3";"#NE";"NÃO";"#NULO";-1;"#NULO";"N";"N";-1;-1;"2026-08-08 15:10:09";8;"AGUARDANDO JULGAMENTO";"-1";"#NULO";"-1";"#NULO";-1;"#NULO";-1;"#NULO";-1;"#NULO";4;"FEMININO";"3";"PARDA"
"02/09/2026";"08:30:36";2026;6259;40002539050;-3;"#NE";1;"BRASILEIRA NATA";-3;"BENJAMIN CONSTANT";"27";"N";0;"NÃO INFORMADO";"3176572.53";"#NE";"N";"-1";"06004904520266040000";"-3";"#NE";"-3";"#NE";"SIM";"#NULO";-1;"#NULO";"N";"N";-1;-1;"2026-08-06 12:21:54";2;"DEFERIDO";"-1";"#NULO";"-1";"#NULO";-1;"#NULO";-1;"#NULO";-1;"#NULO";2;"MASCULINO";"3";"PARDA"
"02/09/2026";"08:30:36";2026;6259;40002539046;-3;"#NE";1;"BRASILEIRA NATA";-3;"MANAUS";"41";"N";0;"NÃO INFORMADO";"3176572.53";"#NE";"S";"-1";"06004843820266040000";"-3";"#NE";"-3";"#NE";"SIM";"#NULO";-1;"#NULO";"N";"N";-1;-1;"2026-08-06 12:21:54";2;"DEFERIDO";"-1";"#NULO";"-1";"#NULO";-1;"#NULO";-1;"#NULO";-1;"#NULO";4;"FEMININO";"1";"BRANCA"
"02/09/2026";"08:30:36";2026;6259;40002536433;-3;"#NE";1;"BRASILEIRA NATA";-3;"MANAUS";"63";"N";-1;"#NULO";"3176572.53";"#NE";"S";"-1";"06003743920266040000";"-3";"#NE";"-3";"#NE";"SIM";"#NULO";-1;"#NULO";"N";"N";-1;-1;"2026-08-03 15:16:02";2;"DEFERIDO";"-1";"#NULO";"-1";"#NULO";-1;"#NULO";-1;"#NULO";-1;"#NULO";2;"MASCULINO";"3";"PARDA"
"02/09/2026";"08:30:36";2026;6259;40002536085;-3;"#NE";1;"BRASILEIRA NATA";-3;"ITACOATIARA";"50";"N";67;"MÚRA";"3176572.53";"#NE";"N";"-1";"06003597020266040000";"-3";"#NE";"-3";"#NE";"SIM";"#NULO";-1;"#NULO";"N";"N";-1;-1;"2026-08-03 11:40:19";2;"DEFERIDO";"-1";"#NULO";"-1";"#NULO";-1;"#NULO";-1;"#NULO";-1;"#NULO";2;"MASCULINO";"5";"INDÍGENA"
"02/09/2026";"08:30:36";2026;6259;40002540485;-3;"#NE";1;"BRASILEIRA NATA";-3;"BRASÍLIA";"44";"N";0;"NÃO INFORMADO";"3176572.53";"#NE";"S";"-1";"06005017420266040000";"-3";"#NE";"-3";"#NE";"NÃO";"#NULO";-1;"#NULO";"N";"N";-1;-1;"2026-08-07 09:26:23";8;"AGUARDANDO JULGAMENTO";"-1";"#NULO";"-1";"#NULO";-1;"#NULO";-1;"#NULO";-1;"#NULO";2;"MASCULINO";"3";"PARDA"
"02/09/2026";"08:30:36";2026;6259;40002536485;-3;"#NE";1;"BRASILEIRA NATA";-3;"NOVO ARIPUANÃ";"63";"N";-1;"#NULO";"1270629.01";"#NE";"N";"-1";"06003995220266040000";"-3";"#NE";"-3";"#NE";"SIM";"#NULO";-1;"#NULO";"N";"N";-1;-1;"2026-08-04 15:27:08";2;"DEFERIDO";"-1";"#NULO";"-1";"#NULO";-1;"#NULO";-1;"#NULO";-1;"#NULO";2;"MASCULINO";"3";"PARDA"
"02/09/2026";"08:30:36";2026;6259;40002536474;-3;"#NE";1;"BRASILEIRA NATA";-3;"MANAUS";"45";"N";-1;"#NULO";"1270629.01";"#NE";"S";"-1";"06004003720266040000";"-3";"#NE";"-3";"#NE";"SIM";"#NULO";-1;"#NULO";"N";"N";-1;-1;"2026-08-04 15:27:08";2;"DEFERIDO";"-1";"#NULO";"-1";"#NULO";-1;"#NULO";-1;"#NULO";-1;"#NULO";2;"MASCULINO";"3";"PARDA"
"02/09/2026";"08:30:36";2026;6259;40002536900;-3;"#NE";1;"BRASILEIRA NATA";-3;"MANAUS";"30";"N";-1;"#NULO";"1270629.01";"#NE";"N";"-1";"06004246520266040000";"-3";"#NE";"-3";"#NE";"SIM";"#NULO";-1;"#NULO";"N";"N";-1;-1;"2026-08-04 15:27:31";2;"DEFERIDO";"-1";"#NULO";"-1";"#NULO";-1;"#NULO";-1;"#NULO";-1;"#NULO";4;"FEMININO";"3";"PARDA"
"02/09/2026";"08:30:36";2026;6259;40002536906;-3;"#NE";1;"BRASILEIRA NATA";-3;"MANAUS";"59";"N";-1;"#NULO";"1270629.01";"#NE";"N";"-1";"06004393420266040000";"-3";"#NE";"-3";"#NE";"NÃO";"#NULO";-1;"#NULO";"N";"N";-1;-1;"2026-08-04 15:27:31";8;"AGUARDANDO JULGAMENTO";"-1";"#NULO";"-1";"#NULO";-1;"#NULO";-1;"#NULO";-1;"#NULO";4;"FEMININO";"3";"PARDA"
"02/09/2026";"08:30:36";2026;6259;40002532788;-3;"#NE";1;"BRASILEIRA NATA";-3;"SANTARÉM";"44";"N";0;"NÃO INFORMADO";"1270629.01";"#NE";"N";"-1";"06002704720266040000";"-3";"#NE";"-3";"#NE";"SIM";"#NULO";-1;"#NULO";"N";"N";-1;-1;"2026-07-28 07:28:15";2;"DEFERIDO";"-1";"#NULO";"-1";"#NULO";-1;"#NULO";-1;"#NULO";-1;"#NULO";4;"FEMININO";"3";"PARDA"
"02/09/2026";"08:30:36";2026;6259;40002534389;-3;"#NE";1;"BRASILEIRA NATA";-3;"RIO DE JANEIRO";"54";"N";-1;"#NULO";"1270629.01";"#NE";"S";"-1";"06003207320266040000";"-3";"#NE";"-3";"#NE";"NÃO";"#NULO";-1;"#NULO";"N";"N";-1;-1;"2026-07-31 08:18:01";8;"AGUARDANDO JULGAMENTO";"-1";"#NULO";"-1";"#NULO";-1;"#NULO";-1;"#NULO";-1;"#NULO";2;"MASCULINO";"3";"PARDA"
"02/09/2026";"08:30:36";2026;6259;40002534387;-3;"#NE";1;"BRASILEIRA NATA";-3;"BELÉM";"60";"N";-1;"#NULO";"1270629.01";"#NE";"S";"-1";"06003232820266040000";"-3";"#NE";"-3";"#NE";"NÃO";"#NULO";-1;"#NULO";"N";"N";-1;-1;"2026-07-31 08:18:01";8;"AGUARDANDO JULGAMENTO";"-1";"#NULO";"-1";"#NULO";-1;"#NULO";-1;"#NULO";-1;"#NULO";4;"FEMININO";"1";"BRANCA"
"02/09/2026";"08:30:36";2026;6259;40002534376;-3;"#NE";1;"BRASILEIRA NATA";-3;"MANAUS";"41";"N";0;"NÃO INFORMADO";"1270629.01";"#NE";"S";"-1";"06003198820266040000";"-3";"#NE";"-3";"#NE";"NÃO";"#NULO";-1;"#NULO";"N";"N";-1;-1;"2026-07-31 08:18:01";8;"AGUARDANDO JULGAMENTO";"-1";"#NULO";"-1";"#NULO";-1;"#NULO";-1;"#NULO";-1;"#NULO";2;"MASCULINO";"2";"PRETA"
"02/09/2026";"08:30:36";2026;6259;40002541742;-3;"#NE";1;"BRASILEIRA NATA";-3;"MANAUS";"37";"N";-1;"#NULO";"-1";"#NE";"S";"-1";"06006142820266040000";"-3";"#NE";"-3";"#NE";"SIM";"#NULO";-1;"#NULO";"N";"N";-1;-1;"2026-08-08 08:52:59";2;"DEFERIDO";"-1";"#NULO";"-1";"#NULO";-1;"#NULO";-1;"#NULO";-1;"#NULO";2;"MASCULINO";"3";"PARDA"
"02/09/2026";"08:30:36";2026;6259;40002542955;-3;"#NE";1;"BRASILEIRA NATA";-3;"MANAUS";"32";"N";0;"NÃO INFORMADO";"1270629.01";"#NE";"S";"-1";"06006333420266040000";"-3";"#NE";"-3";"#NE";"NÃO";"#NULO";-1;"#NULO";"N";"N";-1;-1;"2026-08-08 15:10:09";8;"AGUARDANDO JULGAMENTO";"-1";"#NULO";"-1";"#NULO";-1;"#NULO";-1;"#NULO";-1;"#NULO";2;"MASCULINO";"1";"BRANCA"
"02/09/2026";"08:30:36";2026;6259;40002541619;-3;"#NE";1;"BRASILEIRA NATA";-3;"BREJO SANTO";"39";"N";-1;"#NULO";"3176572.53";"#NE";"S";"-1";"06005510320266040000";"-3";"#NE";"-3";"#NE";"SIM";"#NULO";-1;"#NULO";"N";"N";-1;-1;"2026-08-07 14:32:11";2;"DEFERIDO";"-1";"#NULO";"-1";"#NULO";-1;"#NULO";-1;"#NULO";-1;"#NULO";2;"MASCULINO";"2";"PRETA"
"02/09/2026";"08:30:36";2026;6259;40002541599;-3;"#NE";1;"BRASILEIRA NATA";-3;"ATALAIA DO NORTE";"52";"N";-1;"#NULO";"1270629.01";"#NE";"S";"-1";"06005441120266040000";"-3";"#NE";"-3";"#NE";"SIM";"#NULO";-1;"#NULO";"N";"N";-1;-1;"2026-08-07 14:33:06";2;"DEFERIDO";"-1";"#NULO";"-1";"#NULO";-1;"#NULO";-1;"#NULO";-1;"#NULO";2;"MASCULINO";"3";"PARDA"
"02/09/2026";"08:30:36";2026;6259;40002549856;-3;"#NE";1;"BRASILEIRA NATA";-3;"MANAUS";"48";"N";-1;"#NULO";"3176572.53";"#NE";"S";"-1";"06007165020266040000";"-3";"#NE";"-3";"#NE";"NÃO";"#NULO";-1;"#NULO";"N";"N";-1;-1;"2026-08-12 09:09:16";8;"AGUARDANDO JULGAMENTO";"-1";"#NULO";"-1";"#NULO";-1;"#NULO";-1;"#NULO";-1;"#NULO";2;"MASCULINO";"2";"PRETA"
"02/09/2026";"08:30:36";2026;6259;40002549855;-3;"#NE";1;"BRASILEIRA NATA";-3;"MANACAPURU";"54";"N";-1;"#NULO";"3176572.53";"#NE";"N";"-1";"06007173520266040000";"-3";"#NE";"-3";"#NE";"NÃO";"#NULO";-1;"#NULO";"N";"N";-1;-1;"2026-08-12 09:09:16";8;"AGUARDANDO JULGAMENTO";"-1";"#NULO";"-1";"#NULO";-1;"#NULO";-1;"#NULO";-1;"#NULO";2;"MASCULINO";"3";"PARDA"
"02/09/2026";"08:30:36";2026;6259;40002536437;-3;"#NE";1;"BRASILEIRA NATA";-3;"COARI";"36";"N";0;"NÃO INFORMADO";"3176572.53";"#NE";"S";"-1";"06003804620266040000";"-3";"#NE";"-3";"#NE";"SIM";"#NULO";-1;"#NULO";"N";"N";-1;-1;"2026-08-03 15:16:02";2;"DEFERIDO";"-1";"#NULO";"-1";"#NULO";-1;"#NULO";-1;"#NULO";-1;"#NULO";2;"MASCULINO";"3";"PARDA"
"02/09/2026";"08:30:36";2026;6259;40002532782;-3;"#NE";1;"BRASILEIRA NATA";-3;"ITACOATIARA";"35";"N";0;"NÃO INFORMADO";"1270629.01";"#NE";"S";"-1";"06002886820266040000";"-3";"#NE";"-3";"#NE";"SIM";"#NULO";-1;"#NULO";"N";"N";-1;-1;"2026-07-28 07:28:15";2;"DEFERIDO";"-1";"#NULO";"-1";"#NULO";-1;"#NULO";-1;"#NULO";-1;"#NULO";4;"FEMININO";"3";"PARDA"
"02/09/2026";"08:30:36";2026;6259;40002537349;-3;"#NE";1;"BRASILEIRA NATA";-3;"MANAUS";"54";"N";0;"NÃO INFORMADO";"1270629.01";"#NE";"S";"-1";"06004558520266040000";"-3";"#NE";"-3";"#NE";"SIM";"#NULO";-1;"#NULO";"N";"N";-1;-1;"2026-08-05 09:34:08";2;"DEFERIDO";"-1";"#NULO";"-1";"#NULO";-1;"#NULO";-1;"#NULO";-1;"#NULO";2;"MASCULINO";"3";"PARDA"
"02/09/2026";"08:30:36";2026;6259;40002542965;-3;"#NE";1;"BRASILEIRA NATA";-3;"MANAUS";"49";"N";0;"NÃO INFORMADO";"1270629.01";"#NE";"S";"-1";"06006299420266040000";"-3";"#NE";"-3";"#NE";"NÃO";"#NULO";-1;"#NULO";"N";"N";-1;-1;"2026-08-08 15:10:09";8;"AGUARDANDO JULGAMENTO";"-1";"#NULO";"-1";"#NULO";-1;"#NULO";-1;"#NULO";-1;"#NULO";2;"MASCULINO";"3";"PARDA"
"02/09/2026";"08:30:36";2026;6259;40002541751;-3;"#NE";1;"BRASILEIRA NATA";-3;"MANAUS";"42";"N";-1;"#NULO";"1270629.01";"#NE";"N";"-1";"06006065120266040000";"-3";"#NE";"-3";"#NE";"NÃO";"#NULO";-1;"#NULO";"N";"N";-1;-1;"2026-08-08 08:53:45";8;"AGUARDANDO JULGAMENTO";"-1";"#NULO";"-1";"#NULO";-1;"#NULO";-1;"#NULO";-1;"#NULO";4;"FEMININO";"3";"PARDA"
"02/09/2026";"08:30:36";2026;6259;40002532740;-3;"#NE";1;"BRASILEIRA NATA";-3;"MANAUS";"35";"N";0;"NÃO INFORMADO";"1270629.01";"#NE";"S";"-1";"06002453420266040000";"-3";"#NE";"-3";"#NE";"SIM";"#NULO";-1;"#NULO";"N";"N";-1;-1;"2026-07-28 07:26:32";2;"DEFERIDO";"-1";"#NULO";"-1";"#NULO";-1;"#NULO";-1;"#NULO";-1;"#NULO";2;"MASCULINO";"3";"PARDA"
"02/09/2026";"08:30:36";2026;6259;40002546978;-3;"#NE";1;"BRASILEIRA NATA";-3;"BELÉM";"23";"N";-1;"#NULO";"3176572.53";"#NE";"S";"-1";"06006463320266040000";"-3";"#NE";"-3";"#NE";"NÃO";"#NULO";-1;"#NULO";"N";"N";-1;-1;"2026-08-10 18:33:12";8;"AGUARDANDO JULGAMENTO";"-1";"#NULO";"-1";"#NULO";-1;"#NULO";-1;"#NULO";-1;"#NULO";4;"FEMININO";"1";"BRANCA"
"02/09/2026";"08:30:36";2026;6259;40002536453;-3;"#NE";1;"BRASILEIRA NATA";-3;"SANTO ANTÔNIO DO IÇÁ";"37";"N";0;"NÃO INFORMADO";"3176572.53";"#NE";"S";"-1";"06003943020266040000";"-3";"#NE";"-3";"#NE";"SIM";"#NULO";-1;"#NULO";"N";"N";-1;-1;"2026-08-04 08:56:17";2;"DEFERIDO";"-1";"#NULO";"-1";"#NULO";-1;"#NULO";-1;"#NULO";-1;"#NULO";2;"MASCULINO";"3";"PARDA"
"02/09/2026";"08:30:36";2026;6259;40002542659;-3;"#NE";1;"BRASILEIRA NATA";-3;"MANAUS";"60";"N";-1;"#NULO";"1270629.01";"#NE";"S";"-1";"06005753120266040000";"-3";"#NE";"-3";"#NE";"SIM";"#NULO";-1;"#NULO";"N";"N";-1;-1;"2026-08-08 08:53:45";2;"DEFERIDO";"-1";"#NULO";"-1";"#NULO";-1;"#NULO";-1;"#NULO";-1;"#NULO";2;"MASCULINO";"3";"PARDA"
"02/09/2026";"08:30:36";2026;6259;40002532271;-3;"#NE";1;"BRASILEIRA NATA";-3;"MANAUS";"52";"N";0;"NÃO INFORMADO";"-1";"#NE";"S";"-1";"06002956020266040000";"-3";"#NE";"-3";"#NE";"SIM";"#NULO";-1;"#NULO";"N";"N";-1;-1;"2026-07-29 14:04:06";2;"DEFERIDO";"-1";"#NULO";"-1";"#NULO";-1;"#NULO";-1;"#NULO";-1;"#NULO";4;"FEMININO";"1";"BRANCA"
"02/09/2026";"08:30:36";2026;6259;40002537618;-3;"#NE";1;"BRASILEIRA NATA";-3;"MANAUS";"41";"N";0;"NÃO INFORMADO";"1270629.01";"#NE";"S";"-1";"06004670220266040000";"-3";"#NE";"-3";"#NE";"SIM";"#NULO";-1;"#NULO";"N";"N";-1;-1;"2026-08-05 09:34:08";2;"DEFERIDO";"-1";"#NULO";"-1";"#NULO";-1;"#NULO";-1;"#NULO";-1;"#NULO";2;"MASCULINO";"1";"BRANCA"
"02/09/2026";"08:30:36";2026;6259;40002542683;-3;"#NE";1;"BRASILEIRA NATA";-3;"COARI";"34";"N";15;"KAMBÉBA";"1270629.01";"#NE";"N";"-1";"06005666920266040000";"-3";"#NE";"-3";"#NE";"SIM";"#NULO";-1;"#NULO";"N";"N";-1;-1;"2026-08-08 08:54:07";2;"DEFERIDO";"-1";"#NULO";"-1";"#NULO";-1;"#NULO";-1;"#NULO";-1;"#NULO";2;"MASCULINO";"5";"INDÍGENA"
"02/09/2026";"08:30:36";2026;6259;40002542970;-3;"#NE";1;"BRASILEIRA NATA";-3;"TABATINGA";"43";"N";0;"NÃO INFORMADO";"1270629.01";"#NE";"N";"-1";"06006316420266040000";"-3";"#NE";"-3";"#NE";"NÃO";"#NULO";-1;"#NULO";"N";"N";-1;-1;"2026-08-08 15:10:09";8;"AGUARDANDO JULGAMENTO";"-1";"#NULO";"-1";"#NULO";-1;"#NULO";-1;"#NULO";-1;"#NULO";2;"MASCULINO";"3";"PARDA"
"02/09/2026";"08:30:36";2026;6259;40002542949;-3;"#NE";1;"BRASILEIRA NATA";-3;"EIRUNEPÉ";"50";"N";-1;"#NULO";"1270629.01";"#NE";"S";"-1";"06006350420266040000";"-3";"#NE";"-3";"#NE";"NÃO";"#NULO";-1;"#NULO";"N";"N";-1;-1;"2026-08-08 15:10:09";8;"AGUARDANDO JULGAMENTO";"-1";"#NULO";"-1";"#NULO";-1;"#NULO";-1;"#NULO";-1;"#NULO";2;"MASCULINO";"3";"PARDA"
"02/09/2026";"08:30:36";2026;6259;40002551311;-3;"#NE";1;"BRASILEIRA NATA";-3;"SÃO GABRIEL DA CACHOEIRA";"42";"N";69;"BARÉ";"1270629.01";"#NE";"S";"-1";"06007728320266040000";"-3";"#NE";"-3";"#NE";"NÃO";"#NULO";-1;"#NULO";"N";"N";-1;-1;"2026-08-14 09:09:58";8;"AGUARDANDO JULGAMENTO";"-1";"#NULO";"-1";"#NULO";-1;"#NULO";-1;"#NULO";-1;"#NULO";4;"FEMININO";"5";"INDÍGENA"
"02/09/2026";"08:30:36";2026;6259;40002541610;-3;"#NE";1;"BRASILEIRA NATA";-3;"MANAUS";"45";"N";-1;"#NULO";"1270629.01";"#NE";"S";"-1";"06005285720266040000";"-3";"#NE";"-3";"#NE";"SIM";"#NULO";-1;"#NULO";"N";"N";-1;-1;"2026-08-07 14:33:06";2;"DEFERIDO";"-1";"#NULO";"-1";"#NULO";-1;"#NULO";-1;"#NULO";-1;"#NULO";2;"MASCULINO";"3";"PARDA"
"02/09/2026";"08:30:36";2026;6259;40002541601;-3;"#NE";1;"BRASILEIRA NATA";-3;"MANAUS";"40";"N";-1;"#NULO";"1270629.01";"#NE";"S";"-1";"06005337920266040000";"-3";"#NE";"-3";"#NE";"SIM";"#NULO";-1;"#NULO";"N";"N";-1;-1;"2026-08-07 14:33:06";2;"DEFERIDO";"-1";"#NULO";"-1";"#NULO";-1;"#NULO";-1;"#NULO";-1;"#NULO";2;"MASCULINO";"3";"PARDA"
"02/09/2026";"08:30:36";2026;6259;40002532746;-3;"#NE";1;"BRASILEIRA NATA";-3;"NOVA OLINDA DO NORTE";"51";"N";0;"NÃO INFORMADO";"1270629.01";"#NE";"S";"-1";"06002315020266040000";"-3";"#NE";"-3";"#NE";"SIM";"#NULO";-1;"#NULO";"N";"N";-1;-1;"2026-07-28 07:26:32";2;"DEFERIDO";"-1";"#NULO";"-1";"#NULO";-1;"#NULO";-1;"#NULO";-1;"#NULO";2;"MASCULINO";"3";"PARDA"
"02/09/2026";"08:30:36";2026;6259;40002546977;-3;"#NE";1;"BRASILEIRA NATA";-3;"MANAUS";"21";"N";-1;"#NULO";"3176572.53";"#NE";"S";"-1";"06006471820266040000";"-3";"#NE";"-3";"#NE";"NÃO";"#NULO";-1;"#NULO";"N";"N";-1;-1;"2026-08-10 18:33:12";8;"AGUARDANDO JULGAMENTO";"-1";"#NULO";"-1";"#NULO";-1;"#NULO";-1;"#NULO";-1;"#NULO";2;"MASCULINO";"1";"BRANCA"
"02/09/2026";"08:30:36";2026;6259;40002542664;-3;"#NE";1;"BRASILEIRA NATA";-3;"COARI";"44";"N";-1;"#NULO";"1270629.01";"#NE";"N";"-1";"06005909720266040000";"-3";"#NE";"-3";"#NE";"SIM";"#NULO";-1;"#NULO";"N";"N";-1;-1;"2026-08-08 08:53:45";2;"DEFERIDO";"-1";"#NULO";"-1";"#NULO";-1;"#NULO";-1;"#NULO";-1;"#NULO";2;"MASCULINO";"3";"PARDA"
"02/09/2026";"08:30:36";2026;6259;40002542665;-3;"#NE";1;"BRASILEIRA NATA";-3;"MONTE ALEGRE";"41";"N";-1;"#NULO";"1270629.01";"#NE";"N";"-1";"06005796820266040000";"-3";"#NE";"-3";"#NE";"NÃO";"#NULO";-1;"#NULO";"N";"N";-1;-1;"2026-08-08 08:53:45";8;"AGUARDANDO JULGAMENTO";"-1";"#NULO";"-1";"#NULO";-1;"#NULO";-1;"#NULO";-1;"#NULO";4;"FEMININO";"3";"PARDA"
"02/09/2026";"08:30:36";2026;6259;40002545595;-3;"#NE";1;"BRASILEIRA NATA";-3;"MANAUS";"41";"N";-1;"#NULO";"3176572.53";"#NE";"S";"-1";"06006930720266040000";"-3";"#NE";"-3";"#NE";"NÃO";"#NULO";-1;"#NULO";"N";"N";-1;-1;"2026-08-11 07:08:40";8;"AGUARDANDO JULGAMENTO";"-1";"#NULO";"-1";"#NULO";-1;"#NULO";-1;"#NULO";-1;"#NULO";2;"MASCULINO";"1";"BRANCA"
"02/09/2026";"08:30:36";2026;6259;40002546998;-3;"#NE";1;"BRASILEIRA NATA";-3;"AUTAZES";"48";"N";67;"MÚRA";"1270629.01";"#NE";"N";"-1";"06006662420266040000";"-3";"#NE";"-3";"#NE";"NÃO";"#NULO";-1;"#NULO";"N";"N";-1;-1;"2026-08-10 18:33:55";8;"AGUARDANDO JULGAMENTO";"-1";"#NULO";"-1";"#NULO";-1;"#NULO";-1;"#NULO";-1;"#NULO";4;"FEMININO";"5";"INDÍGENA"
"02/09/2026";"08:30:36";2026;6259;40002546988;-3;"#NE";1;"BRASILEIRA NATA";-3;"MANACAPURU";"49";"N";-1;"#NULO";"1270629.01";"#NE";"N";"-1";"06006697620266040000";"-3";"#NE";"-3";"#NE";"NÃO";"#NULO";-1;"#NULO";"N";"N";-1;-1;"2026-08-10 18:33:55";8;"AGUARDANDO JULGAMENTO";"-1";"#NULO";"-1";"#NULO";-1;"#NULO";-1;"#NULO";-1;"#NULO";4;"FEMININO";"3";"PARDA"
"02/09/2026";"08:30:36";2026;6259;40002537625;-3;"#NE";1;"BRASILEIRA NATA";-3;"PRAINHA";"49";"N";0;"NÃO INFORMADO";"1270629.01";"#NE";"S";"-1";"06004619220266040000";"-3";"#NE";"-3";"#NE";"SIM";"#NULO";-1;"#NULO";"N";"N";-1;-1;"2026-08-05 09:34:08";2;"DEFERIDO";"-1";"#NULO";"-1";"#NULO";-1;"#NULO";-1;"#NULO";-1;"#NULO";2;"MASCULINO";"3";"PARDA"
"02/09/2026";"08:30:36";2026;6259;40002542971;-3;"#NE";1;"BRASILEIRA NATA";-3;"TAUBATÉ";"32";"N";0;"NÃO INFORMADO";"1270629.01";"#NE";"S";"-1";"06006220520266040000";"-3";"#NE";"-3";"#NE";"NÃO";"#NULO";-1;"#NULO";"N";"N";-1;-1;"2026-08-08 15:10:09";8;"AGUARDANDO JULGAMENTO";"-1";"#NULO";"-1";"#NULO";-1;"#NULO";-1;"#NULO";-1;"#NULO";4;"FEMININO";"3";"PARDA"
"02/09/2026";"08:30:36";2026;6259;40002542956;-3;"#NE";1;"BRASILEIRA NATA";-3;"LÁBREA";"41";"N";-1;"#NULO";"1270629.01";"#NE";"N";"-1";"06006385620266040000";"-3";"#NE";"-3";"#NE";"NÃO";"#NULO";-1;"#NULO";"N";"N";-1;-1;"2026-08-08 15:10:09";8;"AGUARDANDO JULGAMENTO";"-1";"#NULO";"-1";"#NULO";-1;"#NULO";-1;"#NULO";-1;"#NULO";4;"FEMININO";"1";"BRANCA"
"02/09/2026";"08:30:36";2026;6259;40002533209;-3;"#NE";1;"BRASILEIRA NATA";-3;"MOSSORÓ";"56";"N";-1;"#NULO";"3176572.53";"#NE";"S";"-1";"06002981520266040000";"-3";"#NE";"-3";"#NE";"NÃO";"#NULO";-1;"#NULO";"N";"N";-1;-1;"2026-07-30 13:15:54";8;"AGUARDANDO JULGAMENTO";"-1";"#NULO";"-1";"#NULO";-1;"#NULO";-1;"#NULO";-1;"#NULO";2;"MASCULINO";"3";"PARDA"
"02/09/2026";"08:30:36";2026;6259;40002551313;-3;"#NE";1;"BRASILEIRA NATA";-3;"MANAUS";"36";"N";-1;"#NULO";"1270629.01";"#NE";"S";"-1";"06007770820266040000";"-3";"#NE";"-3";"#NE";"NÃO";"#NULO";-1;"#NULO";"N";"N";-1;-1;"2026-08-14 09:09:58";8;"AGUARDANDO JULGAMENTO";"-1";"#NULO";"-1";"#NULO";-1;"#NULO";-1;"#NULO";-1;"#NULO";2;"MASCULINO";"2";"PRETA"
"02/09/2026";"08:30:36";2026;6259;40002532742;-3;"#NE";1;"BRASILEIRA NATA";-3;"MANAUS";"60";"N";0;"NÃO INFORMADO";"1270629.01";"#NE";"S";"-1";"06002419420266040000";"-3";"#NE";"-3";"#NE";"SIM";"#NULO";-1;"#NULO";"N";"N";-1;-1;"2026-07-28 07:26:32";2;"DEFERIDO";"-1";"#NULO";"-1";"#NULO";-1;"#NULO";-1;"#NULO";-1;"#NULO";4;"FEMININO";"3";"PARDA"
"02/09/2026";"08:30:36";2026;6259;40002542657;-3;"#NE";1;"BRASILEIRA NATA";-3;"MANAUS";"34";"N";-1;"#NULO";"1270629.01";"#NE";"S";"-1";"06005866020266040000";"-3";"#NE";"-3";"#NE";"SIM";"#NULO";-1;"#NULO";"N";"N";-1;-1;"2026-08-08 08:53:45";2;"DEFERIDO";"-1";"#NULO";"-1";"#NULO";-1;"#NULO";-1;"#NULO";-1;"#NULO";4;"FEMININO";"1";"BRANCA"
"02/09/2026";"08:30:36";2026;6259;40002536483;-3;"#NE";1;"BRASILEIRA NATA";-3;"MANAUS";"42";"N";-1;"#NULO";"1270629.01";"#NE";"S";"-1";"06004108120266040000";"-3";"#NE";"-3";"#NE";"SIM";"#NULO";-1;"#NULO";"N";"N";-1;-1;"2026-08-04 15:27:08";2;"DEFERIDO";"-1";"#NULO";"-1";"#NULO";-1;"#NULO";-1;"#NULO";-1;"#NULO";4;"FEMININO";"3";"PARDA"
"02/09/2026";"08:30:36";2026;6259;40002536905;-3;"#NE";1;"BRASILEIRA NATA";-3;"MANAUS";"62";"N";-1;"#NULO";"1270629.01";"#NE";"S";"-1";"06004367920266040000";"-3";"#NE";"-3";"#NE";"SIM";"#NULO";-1;"#NULO";"N";"N";-1;-1;"2026-08-04 15:27:31";2;"DEFERIDO";"-1";"#NULO";"-1";"#NULO";-1;"#NULO";-1;"#NULO";-1;"#NULO";2;"MASCULINO";"3";"PARDA"
"02/09/2026";"08:30:36";2026;6259;40002535269;-3;"#NE";1;"BRASILEIRA NATA";-3;"MANAUS";"70";"N";-1;"#NULO";"1270629.01";"#NE";"S";"-1";"06003561820266040000";"-3";"#NE";"-3";"#NE";"NÃO";"#NULO";-1;"#NULO";"N";"N";-1;-1;"2026-08-03 11:40:31";8;"AGUARDANDO JULGAMENTO";"-1";"#NULO";"-1";"#NULO";-1;"#NULO";-1;"#NULO";-1;"#NULO";2;"MASCULINO";"2";"PRETA"
"02/09/2026";"08:30:36";2026;6259;40002534390;-3;"#NE";1;"BRASILEIRA NATA";-3;"JARU";"42";"N";-1;"#NULO";"1270629.01";"#NE";"S";"-1";"06003138120266040000";"-3";"#NE";"-3";"#NE";"NÃO";"#NULO";-1;"#NULO";"N";"N";-1;-1;"2026-07-31 08:18:01";8;"AGUARDANDO JULGAMENTO";"-1";"#NULO";"-1";"#NULO";-1;"#NULO";-1;"#NULO";-1;"#NULO";4;"FEMININO";"1";"BRANCA"
"02/09/2026";"08:30:36";2026;6259;40002534393;-3;"#NE";1;"BRASILEIRA NATA";-3;"SÃO PAULO";"50";"N";-1;"#NULO";"1270629.01";"#NE";"S";"-1";"06003146620266040000";"-3";"#NE";"-3";"#NE";"NÃO";"#NULO";-1;"#NULO";"N";"N";-1;-1;"2026-07-31 08:18:01";8;"AGUARDANDO JULGAMENTO";"-1";"#NULO";"-1";"#NULO";-1;"#NULO";-1;"#NULO";-1;"#NULO";2;"MASCULINO";"3";"PARDA"
"02/09/2026";"08:30:36";2026;6259;40002534373;-3;"#NE";1;"BRASILEIRA NATA";-3;"MANAUS";"49";"N";-1;"#NULO";"1270629.01";"#NE";"N";"-1";"06003224320266040000";"-3";"#NE";"-3";"#NE";"NÃO";"#NULO";-1;"#NULO";"N";"N";-1;-1;"2026-07-31 08:18:01";8;"AGUARDANDO JULGAMENTO";"-1";"#NULO";"-1";"#NULO";-1;"#NULO";-1;"#NULO";-1;"#NULO";2;"MASCULINO";"1";"BRANCA"
"02/09/2026";"08:30:36";2026;6259;40002534378;-3;"#NE";1;"BRASILEIRA NATA";-3;"MANAUS";"43";"N";0;"NÃO INFORMADO";"1270629.01";"#NE";"S";"-1";"06003241320266040000";"-3";"#NE";"-3";"#NE";"NÃO";"#NULO";-1;"#NULO";"N";"N";-1;-1;"2026-07-31 08:18:01";8;"AGUARDANDO JULGAMENTO";"-1";"#NULO";"-1";"#NULO";-1;"#NULO";-1;"#NULO";-1;"#NULO";4;"FEMININO";"3";"PARDA"
"02/09/2026";"08:30:36";2026;6259;40002551315;-3;"#NE";1;"BRASILEIRA NATA";-3;"MANAQUIRI";"47";"N";-1;"#NULO";"1270629.01";"#NE";"N";"-1";"06007762320266040000";"-3";"#NE";"-3";"#NE";"NÃO";"#NULO";-1;"#NULO";"N";"N";-1;-1;"2026-08-14 09:09:58";8;"AGUARDANDO JULGAMENTO";"-1";"#NULO";"-1";"#NULO";-1;"#NULO";-1;"#NULO";-1;"#NULO";2;"MASCULINO";"2";"PRETA"
"02/09/2026";"08:30:36";2026;6259;40002541603;-3;"#NE";1;"BRASILEIRA NATA";-3;"MANAUS";"41";"N";-1;"#NULO";"1270629.01";"#NE";"N";"-1";"06005424120266040000";"-3";"#NE";"-3";"#NE";"SIM";"#NULO";-1;"#NULO";"N";"N";-1;-1;"2026-08-07 14:33:06";2;"DEFERIDO";"-1";"#NULO";"-1";"#NULO";-1;"#NULO";-1;"#NULO";-1;"#NULO";2;"MASCULINO";"2";"PRETA"
"02/09/2026";"08:30:36";2026;6259;40002542675;-3;"#NE";1;"BRASILEIRA NATA";-3;"MANAUS";"38";"N";0;"NÃO INFORMADO";"3176572.53";"#NE";"S";"-1";"06005978920266040000";"-3";"#NE";"-3";"#NE";"NÃO";"#NULO";-1;"#NULO";"N";"N";-1;-1;"2026-08-08 08:52:35";8;"AGUARDANDO JULGAMENTO";"-1";"#NULO";"-1";"#NULO";-1;"#NULO";-1;"#NULO";-1;"#NULO";2;"MASCULINO";"1";"BRANCA"
"02/09/2026";"08:30:36";2026;6259;40002540481;-3;"#NE";1;"BRASILEIRA NATA";-3;"MARTINS";"74";"N";0;"NÃO INFORMADO";"3176572.53";"#NE";"S";"-1";"06004965220266040000";"-3";"#NE";"-3";"#NE";"NÃO";"#NULO";-1;"#NULO";"N";"N";-1;-1;"2026-08-07 09:26:23";8;"AGUARDANDO JULGAMENTO";"-1";"#NULO";"-1";"#NULO";-1;"#NULO";-1;"#NULO";-1;"#NULO";2;"MASCULINO";"3";"PARDA"
"02/09/2026";"08:30:36";2026;6259;40002549900;-3;"#NE";1;"BRASILEIRA NATA";-3;"MANAUS";"47";"N";-1;"#NULO";"3176572.53";"#NE";"S";"-1";"06007286420266040000";"-3";"#NE";"-3";"#NE";"SIM";"#NULO";-1;"#NULO";"N";"N";-1;-1;"2026-08-12 09:09:28";2;"DEFERIDO";"-1";"#NULO";"-1";"#NULO";-1;"#NULO";-1;"#NULO";-1;"#NULO";2;"MASCULINO";"3";"PARDA"
"02/09/2026";"08:30:36";2026;6259;40002537345;-3;"#NE";1;"BRASILEIRA NATA";-3;"GUARACI";"72";"N";-1;"#NULO";"-1";"#NE";"S";"-1";"06004749120266040000";"-3";"#NE";"-3";"#NE";"SIM";"#NULO";-1;"#NULO";"N";"N";-1;-1;"2026-08-05 09:34:34";2;"DEFERIDO";"-1";"#NULO";"-1";"#NULO";-1;"#NULO";-1;"#NULO";-1;"#NULO";4;"FEMININO";"3";"PARDA"
"02/09/2026";"08:30:36";2026;6259;40002546981;-3;"#NE";1;"BRASILEIRA NATA";-3;"MANAUS";"60";"N";0;"NÃO INFORMADO";"1270629.01";"#NE";"S";"-1";"06006610220266040000";"-3";"#NE";"-3";"#NE";"NÃO";"#NULO";-1;"#NULO";"N";"N";-1;-1;"2026-08-10 18:33:55";8;"AGUARDANDO JULGAMENTO";"-1";"#NULO";"-1";"#NULO";-1;"#NULO";-1;"#NULO";-1;"#NULO";2;"MASCULINO";"3";"PARDA"
"02/09/2026";"08:30:36";2026;6259;40002546983;-3;"#NE";1;"BRASILEIRA NATA";-3;"ITACOATIARA";"46";"N";-1;"#NULO";"1270629.01";"#NE";"N";"-1";"06006498520266040000";"-3";"#NE";"-3";"#NE";"NÃO";"#NULO";-1;"#NULO";"N";"N";-1;-1;"2026-08-10 18:33:55";8;"AGUARDANDO JULGAMENTO";"-1";"#NULO";"-1";"#NULO";-1;"#NULO";-1;"#NULO";-1;"#NULO";4;"FEMININO";"3";"PARDA"
"02/09/2026";"08:30:36";2026;6259;40002536491;-3;"#NE";1;"BRASILEIRA NATA";-3;"COARI";"47";"N";-1;"#NULO";"1270629.01";"#NE";"S";"-1";"06004020720266040000";"-3";"#NE";"-3";"#NE";"SIM";"#NULO";-1;"#NULO";"N";"N";-1;-1;"2026-08-04 15:27:08";2;"DEFERIDO";"-1";"#NULO";"-1";"#NULO";-1;"#NULO";-1;"#NULO";-1;"#NULO";2;"MASCULINO";"1";"BRANCA"
"02/09/2026";"08:30:36";2026;6259;40002549905;-3;"#NE";1;"BRASILEIRA NATA";-3;"MANAUS";"49";"N";-1;"#NULO";"3176572.53";"#NE";"N";"-1";"06007242720266040000";"-3";"#NE";"-3";"#NE";"NÃO";"#NULO";-1;"#NULO";"N";"N";-1;-1;"2026-08-12 09:09:28";8;"AGUARDANDO JULGAMENTO";"-1";"#NULO";"-1";"#NULO";-1;"#NULO";-1;"#NULO";-1;"#NULO";4;"FEMININO";"3";"PARDA"
"02/09/2026";"08:30:36";2026;6259;40002536893;-3;"#NE";1;"BRASILEIRA NATA";-3;"MANAUS";"54";"N";-1;"#NULO";"1270629.01";"#NE";"N";"-1";"06004376420266040000";"-3";"#NE";"-3";"#NE";"SIM";"#NULO";-1;"#NULO";"N";"N";-1;-1;"2026-08-04 15:27:31";2;"DEFERIDO";"-1";"#NULO";"-1";"#NULO";-1;"#NULO";-1;"#NULO";-1;"#NULO";2;"MASCULINO";"1";"BRANCA"
"02/09/2026";"08:30:36";2026;6259;40002536436;-3;"#NE";1;"BRASILEIRA NATA";-3;"SANTA INÊS";"47";"N";0;"NÃO INFORMADO";"3176572.53";"#NE";"S";"-1";"06003752420266040000";"-3";"#NE";"-3";"#NE";"SIM";"#NULO";-1;"#NULO";"N";"N";-1;-1;"2026-08-03 15:16:02";2;"DEFERIDO";"-1";"#NULO";"-1";"#NULO";-1;"#NULO";-1;"#NULO";-1;"#NULO";2;"MASCULINO";"3";"PARDA"
"02/09/2026";"08:30:36";2026;6259;40002536077;-3;"#NE";1;"BRASILEIRA NATA";-3;"MANAUS";"45";"N";-1;"#NULO";"3176572.53";"#NE";"S";"-1";"06003536320266040000";"-3";"#NE";"-3";"#NE";"SIM";"#NULO";-1;"#NULO";"N";"N";-1;-1;"2026-08-03 11:40:19";2;"DEFERIDO";"-1";"#NULO";"-1";"#NULO";-1;"#NULO";-1;"#NULO";-1;"#NULO";2;"MASCULINO";"2";"PRETA"
"02/09/2026";"08:30:36";2026;6259;40002532747;-3;"#NE";1;"BRASILEIRA NATA";-3;"ITAPIPOCA";"63";"N";-1;"#NULO";"1270629.01";"#NE";"S";"-1";"06002384220266040000";"-3";"#NE";"-3";"#NE";"SIM";"#NULO";-1;"#NULO";"N";"N";-1;-1;"2026-07-28 07:26:32";2;"DEFERIDO";"-1";"#NULO";"-1";"#NULO";-1;"#NULO";-1;"#NULO";-1;"#NULO";4;"FEMININO";"3";"PARDA"
"02/09/2026";"08:30:36";2026;6259;40002542658;-3;"#NE";1;"BRASILEIRA NATA";-3;"MANAUS";"44";"N";-1;"#NULO";"1270629.01";"#NE";"S";"-1";"06005849020266040000";"-3";"#NE";"-3";"#NE";"NÃO";"#NULO";-1;"#NULO";"N";"S";-1;-1;"2026-08-08 08:53:45";6;"RENÚNCIA";"-1";"#NULO";"-1";"#NULO";-1;"#NULO";-1;"#NULO";-1;"#NULO";4;"FEMININO";"3";"PARDA"
"02/09/2026";"08:30:36";2026;6259;40002535390;-3;"#NE";1;"BRASILEIRA NATA";-3;"MANAUS";"60";"N";-1;"#NULO";"-1";"#NE";"S";"-1";"06003657720266040000";"-3";"#NE";"-3";"#NE";"SIM";"#NULO";-1;"#NULO";"N";"N";-1;-1;"2026-08-03 11:38:26";2;"DEFERIDO";"-1";"#NULO";"-1";"#NULO";-1;"#NULO";-1;"#NULO";-1;"#NULO";2;"MASCULINO";"3";"PARDA"
"02/09/2026";"08:30:36";2026;6259;40002535272;-3;"#NE";1;"BRASILEIRA NATA";-3;"MANAUS";"67";"N";-1;"#NULO";"-1";"#NE";"S";"-1";"06003700220266040000";"-3";"#NE";"-3";"#NE";"NÃO";"#NULO";-1;"#NULO";"N";"N";-1;-1;"2026-08-03 11:38:38";8;"AGUARDANDO JULGAMENTO";"-1";"#NULO";"-1";"#NULO";-1;"#NULO";-1;"#NULO";-1;"#NULO";2;"MASCULINO";"1";"BRANCA"
"02/09/2026";"08:30:36";2026;6259;40002536087;-3;"#NE";1;"BRASILEIRA NATA";-3;"MANAUS";"57";"N";0;"NÃO INFORMADO";"-1";"#NE";"S";"-1";"06003527820266040000";"-3";"#NE";"-3";"#NE";"SIM";"#NULO";-1;"#NULO";"N";"N";-1;-1;"2026-08-03 11:39:54";2;"DEFERIDO";"-1";"#NULO";"-1";"#NULO";-1;"#NULO";-1;"#NULO";-1;"#NULO";4;"FEMININO";"3";"PARDA"
"02/09/2026";"08:30:36";2026;6259;40002541740;-3;"#NE";1;"BRASILEIRA NATA";-3;"MANAUS";"79";"N";0;"NÃO INFORMADO";"-1";"#NE";"S";"-1";"06006134320266040000";"-3";"#NE";"-3";"#NE";"SIM";"#NULO";-1;"#NULO";"N";"N";-1;-1;"2026-08-08 08:52:20";2;"DEFERIDO";"-1";"#NULO";"-1";"#NULO";-1;"#NULO";-1;"#NULO";-1;"#NULO";2;"MASCULINO";"1";"BRANCA"
"02/09/2026";"08:30:36";2026;6259;40002546991;-3;"#NE";1;"BRASILEIRA NATA";-3;"MANAUS";"31";"N";-1;"#NULO";"1270629.01";"#NE";"N";"-1";"06006706120266040000";"-3";"#NE";"-3";"#NE";"SIM";"#NULO";-1;"#NULO";"N";"N";-1;-1;"2026-08-10 18:33:55";2;"DEFERIDO";"-1";"#NULO";"-1";"#NULO";-1;"#NULO";-1;"#NULO";-1;"#NULO";2;"MASCULINO";"2";"PRETA"
"02/09/2026";"08:30:36";2026;6259;40002545603;-3;"#NE";1;"BRASILEIRA NATA";-3;"MANAUS";"59";"N";-1;"#NULO";"1270629.01";"#NE";"N";"-1";"06006766820266040000";"-3";"#NE";"-3";"#NE";"SIM";"#NULO";-1;"#NULO";"N";"N";-1;-1;"2026-08-11 07:08:07";2;"DEFERIDO";"-1";"#NULO";"-1";"#NULO";-1;"#NULO";-1;"#NULO";-1;"#NULO";4;"FEMININO";"2";"PRETA"
"02/09/2026";"08:30:36";2026;6259;40002534380;-3;"#NE";1;"BRASILEIRA NATA";-3;"MANAUS";"44";"N";0;"NÃO INFORMADO";"1270629.01";"#NE";"N";"-1";"06003163620266040000";"-3";"#NE";"-3";"#NE";"NÃO";"#NULO";-1;"#NULO";"N";"N";-1;-1;"2026-07-31 08:18:01";8;"AGUARDANDO JULGAMENTO";"-1";"#NULO";"-1";"#NULO";-1;"#NULO";-1;"#NULO";-1;"#NULO";2;"MASCULINO";"3";"PARDA"
"02/09/2026";"08:30:36";2026;6259;40002551317;-3;"#NE";1;"BRASILEIRA NATA";-3;"PORTO VELHO";"48";"N";-1;"#NULO";"1270629.01";"#NE";"N";"-1";"06007753820266040000";"-3";"#NE";"-3";"#NE";"NÃO";"#NULO";-1;"#NULO";"N";"N";-1;-1;"2026-08-14 09:09:58";8;"AGUARDANDO JULGAMENTO";"-1";"#NULO";"-1";"#NULO";-1;"#NULO";-1;"#NULO";-1;"#NULO";2;"MASCULINO";"2";"PRETA"
"02/09/2026";"08:30:36";2026;6259;40002539047;-3;"#NE";1;"BRASILEIRA NATA";-3;"MANAUS";"34";"N";0;"NÃO INFORMADO";"3176572.53";"#NE";"N";"-1";"06004887520266040000";"-3";"#NE";"-3";"#NE";"SIM";"#NULO";-1;"#NULO";"N";"N";-1;-1;"2026-08-06 12:21:54";2;"DEFERIDO";"-1";"#NULO";"-1";"#NULO";-1;"#NULO";-1;"#NULO";-1;"#NULO";4;"FEMININO";"3";"PARDA"
"02/09/2026";"08:30:36";2026;6259;40002536081;-3;"#NE";1;"BRASILEIRA NATA";-3;"MANAUS";"57";"N";-1;"#NULO";"3176572.53";"#NE";"S";"-1";"06003614020266040000";"-3";"#NE";"-3";"#NE";"SIM";"#NULO";-1;"#NULO";"N";"N";-1;-1;"2026-08-03 11:40:19";2;"DEFERIDO";"-1";"#NULO";"-1";"#NULO";-1;"#NULO";-1;"#NULO";-1;"#NULO";2;"MASCULINO";"1";"BRANCA"
"02/09/2026";"08:30:36";2026;6259;40002540482;-3;"#NE";1;"BRASILEIRA NATA";-3;"MANAUS";"53";"N";0;"NÃO INFORMADO";"3176572.53";"#NE";"S";"-1";"06004982220266040000";"-3";"#NE";"-3";"#NE";"NÃO";"#NULO";-1;"#NULO";"N";"N";-1;-1;"2026-08-07 09:26:23";8;"AGUARDANDO JULGAMENTO";"-1";"#NULO";"-1";"#NULO";-1;"#NULO";-1;"#NULO";-1;"#NULO";4;"FEMININO";"1";"BRANCA"
"02/09/2026";"08:30:36";2026;6259;40002541750;-3;"#NE";1;"BRASILEIRA NATA";-3;"MANAUS";"32";"N";-1;"#NULO";"1270629.01";"#NE";"S";"-1";"06005736120266040000";"-3";"#NE";"-3";"#NE";"SIM";"#NULO";-1;"#NULO";"N";"N";-1;-1;"2026-08-08 08:53:45";2;"DEFERIDO";"-1";"#NULO";"-1";"#NULO";-1;"#NULO";-1;"#NULO";-1;"#NULO";4;"FEMININO";"3";"PARDA"
"02/09/2026";"08:30:36";2026;6259;40002545597;-3;"#NE";1;"BRASILEIRA NATA";-3;"NOVA OLINDA DO NORTE";"44";"N";-1;"#NULO";"3176572.53";"#NE";"S";"-1";"06006905220266040000";"-3";"#NE";"-3";"#NE";"NÃO";"#NULO";-1;"#NULO";"N";"N";-1;-1;"2026-08-11 07:08:40";8;"AGUARDANDO JULGAMENTO";"-1";"#NULO";"-1";"#NULO";-1;"#NULO";-1;"#NULO";-1;"#NULO";2;"MASCULINO";"3";"PARDA"
"02/09/2026";"08:30:36";2026;6259;40002536475;-3;"#NE";1;"BRASILEIRA NATA";-3;"MANAUS";"32";"N";-1;"#NULO";"1270629.01";"#NE";"S";"-1";"06004099620266040000";"-3";"#NE";"-3";"#NE";"SIM";"#NULO";-1;"#NULO";"N";"N";-1;-1;"2026-08-04 15:27:08";2;"DEFERIDO";"-1";"#NULO";"-1";"#NULO";-1;"#NULO";-1;"#NULO";-1;"#NULO";4;"FEMININO";"3";"PARDA"
"02/09/2026";"08:30:36";2026;6259;40002536476;-3;"#NE";1;"BRASILEIRA NATA";-3;"MANAUS";"44";"N";-1;"#NULO";"1270629.01";"#NE";"S";"-1";"06003986720266040000";"-3";"#NE";"-3";"#NE";"SIM";"#NULO";-1;"#NULO";"N";"N";-1;-1;"2026-08-04 15:27:08";2;"DEFERIDO";"-1";"#NULO";"-1";"#NULO";-1;"#NULO";-1;"#NULO";-1;"#NULO";2;"MASCULINO";"3";"PARDA"
"02/09/2026";"08:30:36";2026;6259;40002532768;-3;"#NE";1;"BRASILEIRA NATA";-3;"MANAUS";"50";"N";0;"NÃO INFORMADO";"1270629.01";"#NE";"S";"-1";"06002790920266040000";"-3";"#NE";"-3";"#NE";"SIM";"#NULO";-1;"#NULO";"N";"N";-1;-1;"2026-07-28 07:28:15";2;"DEFERIDO";"-1";"#NULO";"-1";"#NULO";-1;"#NULO";-1;"#NULO";-1;"#NULO";4;"FEMININO";"3";"PARDA"
"02/09/2026";"08:30:36";2026;6259;40002532778;-3;"#NE";1;"BRASILEIRA NATA";-3;"MANAUS";"32";"N";0;"NÃO INFORMADO";"1270629.01";"#NE";"S";"-1";"06002652520266040000";"-3";"#NE";"-3";"#NE";"SIM";"#NULO";-1;"#NULO";"N";"N";-1;-1;"2026-07-28 07:28:15";2;"DEFERIDO";"-1";"#NULO";"-1";"#NULO";-1;"#NULO";-1;"#NULO";-1;"#NULO";2;"MASCULINO";"3";"PARDA"
"02/09/2026";"08:30:36";2026;6259;40002532770;-3;"#NE";1;"BRASILEIRA NATA";-3;"MANAUS";"48";"N";0;"NÃO INFORMADO";"1270629.01";"#NE";"N";"-1";"06002869820266040000";"-3";"#NE";"-3";"#NE";"SIM";"#NULO";-1;"#NULO";"N";"N";-1;-1;"2026-07-28 07:28:15";2;"DEFERIDO";"-1";"#NULO";"-1";"#NULO";-1;"#NULO";-1;"#NULO";-1;"#NULO";4;"FEMININO";"1";"BRANCA"
"02/09/2026";"08:30:36";2026;6259;40002537348;-3;"#NE";1;"BRASILEIRA NATA";-3;"MANAUS";"58";"N";-1;"#NULO";"1270629.01";"#NE";"S";"-1";"06004601020266040000";"-3";"#NE";"-3";"#NE";"SIM";"#NULO";-1;"#NULO";"N";"N";-1;-1;"2026-08-05 09:34:08";2;"DEFERIDO";"-1";"#NULO";"-1";"#NULO";-1;"#NULO";-1;"#NULO";-1;"#NULO";4;"FEMININO";"3";"PARDA"
"02/09/2026";"08:30:36";2026;6259;40002534388;-3;"#NE";1;"BRASILEIRA NATA";-3;"SANTARÉM";"46";"N";-1;"#NULO";"1270629.01";"#NE";"S";"-1";"06003180620266040000";"-3";"#NE";"-3";"#NE";"NÃO";"#NULO";-1;"#NULO";"N";"N";-1;-1;"2026-07-31 08:18:01";8;"AGUARDANDO JULGAMENTO";"-1";"#NULO";"-1";"#NULO";-1;"#NULO";-1;"#NULO";-1;"#NULO";2;"MASCULINO";"3";"PARDA"
"02/09/2026";"08:30:36";2026;6259;40002549857;-3;"#NE";1;"BRASILEIRA NATA";-3;"MANAUS";"53";"N";72;"KOKAMA";"3176572.53";"#NE";"N";"-1";"06007208720266040000";"-3";"#NE";"-3";"#NE";"NÃO";"#NULO";-1;"#NULO";"N";"N";-1;-1;"2026-08-12 09:09:16";8;"AGUARDANDO JULGAMENTO";"-1";"#NULO";"-1";"#NULO";-1;"#NULO";-1;"#NULO";-1;"#NULO";4;"FEMININO";"5";"INDÍGENA"
"02/09/2026";"08:30:36";2026;6259;40002542666;-3;"#NE";1;"BRASILEIRA NATA";-3;"CRUZEIRO DO SUL";"70";"N";-1;"#NULO";"1270629.01";"#NE";"S";"-1";"06005761620266040000";"-3";"#NE";"-3";"#NE";"SIM";"#NULO";-1;"#NULO";"N";"N";-1;-1;"2026-08-08 08:53:45";2;"DEFERIDO";"-1";"#NULO";"-1";"#NULO";-1;"#NULO";-1;"#NULO";-1;"#NULO";2;"MASCULINO";"1";"BRANCA"
"02/09/2026";"08:30:36";2026;6259;40002532754;-3;"#NE";1;"BRASILEIRA NATA";-3;"ITACOATIARA";"52";"N";-1;"#NULO";"1270629.01";"#NE";"N";"-1";"06002392720266040000";"-3";"#NE";"-3";"#NE";"SIM";"#NULO";-1;"#NULO";"N";"N";-1;-1;"2026-07-28 07:26:32";2;"DEFERIDO";"-1";"#NULO";"-1";"#NULO";-1;"#NULO";-1;"#NULO";-1;"#NULO";2;"MASCULINO";"3";"PARDA"
"02/09/2026";"08:30:36";2026;6259;40002532734;-3;"#NE";1;"BRASILEIRA NATA";-3;"MANACAPURU";"51";"N";0;"NÃO INFORMADO";"1270629.01";"#NE";"S";"-1";"06002323520266040000";"-3";"#NE";"-3";"#NE";"SIM";"#NULO";-1;"#NULO";"N";"N";-1;-1;"2026-07-28 07:26:32";2;"DEFERIDO";"-1";"#NULO";"-1";"#NULO";-1;"#NULO";-1;"#NULO";-1;"#NULO";2;"MASCULINO";"3";"PARDA"
"02/09/2026";"08:30:36";2026;6259;40002541747;-3;"#NE";1;"BRASILEIRA NATA";-3;"MANAUS";"34";"N";-1;"#NULO";"1270629.01";"#NE";"S";"-1";"06005857520266040000";"-3";"#NE";"-3";"#NE";"SIM";"#NULO";-1;"#NULO";"N";"N";-1;-1;"2026-08-08 08:53:45";2;"DEFERIDO";"-1";"#NULO";"-1";"#NULO";-1;"#NULO";-1;"#NULO";-1;"#NULO";2;"MASCULINO";"3";"PARDA"
"02/09/2026";"08:30:36";2026;6259;40002542668;-3;"#NE";1;"BRASILEIRA NATA";-3;"PORTO VELHO";"44";"N";0;"NÃO INFORMADO";"1270629.01";"#NE";"N";"-1";"06005805320266040000";"-3";"#NE";"-3";"#NE";"SIM";"#NULO";-1;"#NULO";"N";"N";-1;-1;"2026-08-08 08:53:45";2;"DEFERIDO";"-1";"#NULO";"-1";"#NULO";-1;"#NULO";-1;"#NULO";-1;"#NULO";2;"MASCULINO";"3";"PARDA"
"02/09/2026";"08:30:36";2026;6259;40002545610;-3;"#NE";1;"BRASILEIRA NATA";-3;"COARI";"31";"N";-1;"#NULO";"1270629.01";"#NE";"S";"-1";"06006853020266040000";"-3";"#NE";"-3";"#NE";"SIM";"#NULO";-1;"#NULO";"N";"N";-1;-1;"2026-08-11 07:08:07";2;"DEFERIDO";"-1";"#NULO";"-1";"#NULO";-1;"#NULO";-1;"#NULO";-1;"#NULO";4;"FEMININO";"3";"PARDA"
"02/09/2026";"08:30:36";2026;6259;40002532766;-3;"#NE";1;"BRASILEIRA NATA";-3;"PORTO VELHO";"35";"N";0;"NÃO INFORMADO";"3176572.53";"#NE";"S";"-1";"06002549320266040000";"-3";"#NE";"-3";"#NE";"SIM";"#NULO";-1;"#NULO";"N";"N";-1;-1;"2026-07-28 07:27:15";2;"DEFERIDO";"-1";"#NULO";"-1";"#NULO";-1;"#NULO";-1;"#NULO";-1;"#NULO";2;"MASCULINO";"1";"BRANCA"
"02/09/2026";"08:30:36";2026;6259;40002535267;-3;"#NE";1;"BRASILEIRA NATA";-3;"MANAUS";"59";"N";0;"NÃO INFORMADO";"7115522.46";"#NE";"N";"-1";"06003458620266040000";"-3";"#NE";"-3";"#NE";"NÃO";"#NULO";-1;"#NULO";"N";"N";-1;-1;"2026-08-03 11:39:18";8;"AGUARDANDO JULGAMENTO";"-1";"#NULO";"-1";"#NULO";-1;"#NULO";-1;"#NULO";-1;"#NULO";2;"MASCULINO";"2";"PRETA"
"02/09/2026";"08:30:36";2026;6259;40002546994;-3;"#NE";1;"BRASILEIRA NATA";-3;"TABATINGA";"49";"N";-1;"#NULO";"1270629.01";"#NE";"S";"-1";"06006507020266040000";"-3";"#NE";"-3";"#NE";"SIM";"#NULO";-1;"#NULO";"N";"N";-1;-1;"2026-08-10 18:33:55";2;"DEFERIDO";"-1";"#NULO";"-1";"#NULO";-1;"#NULO";-1;"#NULO";-1;"#NULO";2;"MASCULINO";"3";"PARDA"
"02/09/2026";"08:30:36";2026;6259;40002536486;-3;"#NE";1;"BRASILEIRA NATA";-3;"PARINTINS";"43";"N";-1;"#NULO";"1270629.01";"#NE";"S";"-1";"06004055920266040000";"-3";"#NE";"-3";"#NE";"SIM";"#NULO";-1;"#NULO";"N";"N";-1;-1;"2026-08-04 15:27:08";2;"DEFERIDO";"-1";"#NULO";"-1";"#NULO";-1;"#NULO";-1;"#NULO";-1;"#NULO";2;"MASCULINO";"1";"BRANCA"
"02/09/2026";"08:30:36";2026;6259;40002536899;-3;"#NE";2;"BRASILEIRA (NATURALIZADA)";-3;"MANAUS";"51";"N";0;"NÃO INFORMADO";"1270629.01";"#NE";"N";"-1";"06004280520266040000";"-3";"#NE";"-3";"#NE";"NÃO";"#NULO";-1;"#NULO";"N";"N";-1;-1;"2026-08-04 15:27:31";6;"RENÚNCIA";"-1";"#NULO";"-1";"#NULO";-1;"#NULO";-1;"#NULO";-1;"#NULO";2;"MASCULINO";"1";"BRANCA"
"02/09/2026";"08:30:36";2026;6259;40002532777;-3;"#NE";1;"BRASILEIRA NATA";-3;"MANAUS";"52";"N";-1;"#NULO";"1270629.01";"#NE";"N";"-1";"06002730220266040000";"-3";"#NE";"-3";"#NE";"SIM";"#NULO";-1;"#NULO";"N";"N";-1;-1;"2026-07-28 07:28:15";2;"DEFERIDO";"-1";"#NULO";"-1";"#NULO";-1;"#NULO";-1;"#NULO";-1;"#NULO";2;"MASCULINO";"3";"PARDA"
"02/09/2026";"08:30:36";2026;6259;40002532789;-3;"#NE";1;"BRASILEIRA NATA";-3;"AFOGADOS DA INGAZEIRA";"47";"N";-1;"#NULO";"1270629.01";"#NE";"S";"-1";"06002687720266040000";"-3";"#NE";"-3";"#NE";"SIM";"#NULO";-1;"#NULO";"N";"N";-1;-1;"2026-07-28 07:28:15";2;"DEFERIDO";"-1";"#NULO";"-1";"#NULO";-1;"#NULO";-1;"#NULO";-1;"#NULO";2;"MASCULINO";"1";"BRANCA"
"02/09/2026";"08:30:36";2026;6259;40002542684;-3;"#NE";1;"BRASILEIRA NATA";-3;"EIRUNEPÉ";"45";"N";-1;"#NULO";"1270629.01";"#NE";"S";"-1";"06005683920266040000";"-3";"#NE";"-3";"#NE";"NÃO";"#NULO";-1;"#NULO";"N";"N";-1;-1;"2026-08-08 08:54:07";8;"AGUARDANDO JULGAMENTO";"-1";"#NULO";"-1";"#NULO";-1;"#NULO";-1;"#NULO";-1;"#NULO";4;"FEMININO";"2";"PRETA"
"02/09/2026";"08:30:36";2026;6259;40002541623;-3;"#NE";1;"BRASILEIRA NATA";-3;"MANAUS";"41";"N";-1;"#NULO";"3176572.53";"#NE";"N";"-1";"06005476320266040000";"-3";"#NE";"-3";"#NE";"SIM";"#NULO";-1;"#NULO";"N";"N";-1;-1;"2026-08-07 14:32:11";2;"DEFERIDO";"-1";"#NULO";"-1";"#NULO";-1;"#NULO";-1;"#NULO";-1;"#NULO";2;"MASCULINO";"3";"PARDA"
"02/09/2026";"08:30:36";2026;6259;40002551318;-3;"#NE";1;"BRASILEIRA NATA";-3;"SANTARÉM";"63";"N";-1;"#NULO";"1270629.01";"#NE";"S";"-1";"06007789020266040000";"-3";"#NE";"-3";"#NE";"NÃO";"#NULO";-1;"#NULO";"N";"N";-1;-1;"2026-08-14 09:09:58";8;"AGUARDANDO JULGAMENTO";"-1";"#NULO";"-1";"#NULO";-1;"#NULO";-1;"#NULO";-1;"#NULO";4;"FEMININO";"1";"BRANCA"
"02/09/2026";"08:30:36";2026;6259;40002541594;-3;"#NE";1;"BRASILEIRA NATA";-3;"MAUÉS";"53";"N";-1;"#NULO";"1270629.01";"#NE";"N";"-1";"06005242020266040000";"-3";"#NE";"-3";"#NE";"SIM";"#NULO";-1;"#NULO";"N";"N";-1;-1;"2026-08-07 14:33:06";2;"DEFERIDO";"-1";"#NULO";"-1";"#NULO";-1;"#NULO";-1;"#NULO";-1;"#NULO";2;"MASCULINO";"3";"PARDA"
"02/09/2026";"08:30:36";2026;6259;40002542670;-3;"#NE";1;"BRASILEIRA NATA";-3;"MANAUS";"34";"N";-1;"#NULO";"3176572.53";"#NE";"S";"-1";"06005960720266040000";"-3";"#NE";"-3";"#NE";"SIM";"#NULO";-1;"#NULO";"N";"N";-1;-1;"2026-08-08 08:52:35";2;"DEFERIDO";"-1";"#NULO";"-1";"#NULO";-1;"#NULO";-1;"#NULO";-1;"#NULO";2;"MASCULINO";"1";"BRANCA"
"02/09/2026";"08:30:36";2026;6259;40002532752;-3;"#NE";1;"BRASILEIRA NATA";-3;"EIRUNEPÉ";"62";"N";0;"NÃO INFORMADO";"1270629.01";"#NE";"S";"-1";"06002470420266040000";"-3";"#NE";"-3";"#NE";"SIM";"#NULO";-1;"#NULO";"N";"N";-1;-1;"2026-07-28 07:26:32";2;"DEFERIDO";"-1";"#NULO";"-1";"#NULO";-1;"#NULO";-1;"#NULO";-1;"#NULO";4;"FEMININO";"3";"PARDA"
"02/09/2026";"08:30:36";2026;6259;40002547002;-3;"#NE";1;"BRASILEIRA NATA";-3;"SALVADOR";"67";"N";-1;"#NULO";"1270629.01";"#NE";"N";"-1";"06006515520266040000";"-3";"#NE";"-3";"#NE";"NÃO";"#NULO";-1;"#NULO";"N";"N";-1;-1;"2026-08-10 18:33:55";8;"AGUARDANDO JULGAMENTO";"-1";"#NULO";"-1";"#NULO";-1;"#NULO";-1;"#NULO";-1;"#NULO";4;"FEMININO";"2";"PRETA"
"02/09/2026";"08:30:36";2026;6259;40002541590;-3;"#NE";1;"BRASILEIRA NATA";-3;"MANAUS";"58";"N";-1;"#NULO";"3176572.53";"#NE";"N";"-1";"06005120620266040000";"-3";"#NE";"-3";"#NE";"SIM";"#NULO";-1;"#NULO";"N";"N";-1;-1;"2026-08-07 14:32:54";2;"DEFERIDO";"-1";"#NULO";"-1";"#NULO";-1;"#NULO";-1;"#NULO";-1;"#NULO";4;"FEMININO";"3";"PARDA"
"02/09/2026";"08:30:36";2026;6259;40002532771;-3;"#NE";1;"BRASILEIRA NATA";-3;"MANAUS";"30";"N";-1;"#NULO";"1270629.01";"#NE";"S";"-1";"06002644020266040000";"-3";"#NE";"-3";"#NE";"SIM";"#NULO";-1;"#NULO";"N";"N";-1;-1;"2026-07-28 07:28:15";2;"DEFERIDO";"-1";"#NULO";"-1";"#NULO";-1;"#NULO";-1;"#NULO";-1;"#NULO";2;"MASCULINO";"1";"BRANCA"
"02/09/2026";"08:30:36";2026;6259;40002553973;-3;"#NE";1;"BRASILEIRA NATA";-3;"MANAUS";"45";"N";-1;"#NULO";"1270629.01";"#NE";"N";"-1";"06008481020266040000";"-3";"#NE";"-3";"#NE";"NÃO";"#NULO";-1;"#NULO";"N";"N";-1;-1;"2026-08-18 11:47:44";14;"INDEFERIDO";"-1";"#NULO";"-1";"#NULO";-1;"#NULO";-1;"#NULO";-1;"#NULO";4;"FEMININO";"3";"PARDA"
"02/09/2026";"08:30:36";2026;6259;40002541585;-3;"#NE";1;"BRASILEIRA NATA";-3;"ITACOATIARA";"49";"N";-1;"#NULO";"3176572.53";"#NE";"N";"-1";"06005103620266040000";"-3";"#NE";"-3";"#NE";"SIM";"#NULO";-1;"#NULO";"N";"N";-1;-1;"2026-08-07 14:32:54";2;"DEFERIDO";"-1";"#NULO";"-1";"#NULO";-1;"#NULO";-1;"#NULO";-1;"#NULO";2;"MASCULINO";"3";"PARDA"
"02/09/2026";"08:30:36";2026;6259;40002536911;-3;"#NE";1;"BRASILEIRA NATA";-3;"VITORINO FREIRE";"55";"N";-1;"#NULO";"1270629.01";"#NE";"S";"-1";"06004263520266040000";"-3";"#NE";"-3";"#NE";"NÃO";"#NULO";-1;"#NULO";"N";"N";-1;-1;"2026-08-04 15:27:31";6;"RENÚNCIA";"-1";"#NULO";"-1";"#NULO";-1;"#NULO";-1;"#NULO";-1;"#NULO";2;"MASCULINO";"3";"PARDA"
"02/09/2026";"08:30:36";2026;6259;40002543333;-3;"#NE";1;"BRASILEIRA NATA";-3;"MANACAPURU";"42";"N";-1;"#NULO";"1270629.01";"#NE";"N";"-1";"06006394120266040000";"-3";"#NE";"-3";"#NE";"SIM";"#NULO";-1;"#NULO";"N";"N";-1;-1;"2026-08-08 15:35:09";2;"DEFERIDO";"-1";"#NULO";"-1";"#NULO";-1;"#NULO";-1;"#NULO";-1;"#NULO";4;"FEMININO";"1";"BRANCA"
"02/09/2026";"08:30:36";2026;6259;40002534374;-3;"#NE";1;"BRASILEIRA NATA";-3;"MANAUS";"46";"N";-1;"#NULO";"1270629.01";"#NE";"S";"-1";"06003155120266040000";"-3";"#NE";"-3";"#NE";"NÃO";"#NULO";-1;"#NULO";"N";"N";-1;-1;"2026-07-31 08:18:01";8;"AGUARDANDO JULGAMENTO";"-1";"#NULO";"-1";"#NULO";-1;"#NULO";-1;"#NULO";-1;"#NULO";2;"MASCULINO";"3";"PARDA"
"02/09/2026";"08:30:36";2026;6259;40002541593;-3;"#NE";1;"BRASILEIRA NATA";-3;"MANAUS";"55";"N";0;"NÃO INFORMADO";"1270629.01";"#NE";"S";"-1";"06005311220266040000";"-3";"#NE";"-3";"#NE";"SIM";"#NULO";-1;"#NULO";"N";"N";-1;-1;"2026-08-07 14:33:06";2;"DEFERIDO";"-1";"#NULO";"-1";"#NULO";-1;"#NULO";-1;"#NULO";-1;"#NULO";2;"MASCULINO";"3";"PARDA"
"02/09/2026";"08:30:36";2026;6259;40002549861;-3;"#NE";1;"BRASILEIRA NATA";-3;"ALENQUER";"60";"N";-1;"#NULO";"3176572.53";"#NE";"N";"-1";"06007148020266040000";"-3";"#NE";"-3";"#NE";"NÃO";"#NULO";-1;"#NULO";"N";"N";-1;-1;"2026-08-12 09:09:16";8;"AGUARDANDO JULGAMENTO";"-1";"#NULO";"-1";"#NULO";-1;"#NULO";-1;"#NULO";-1;"#NULO";2;"MASCULINO";"1";"BRANCA"
"02/09/2026";"08:30:36";2026;6259;40002541608;-3;"#NE";1;"BRASILEIRA NATA";-3;"MANAUS";"58";"N";0;"NÃO INFORMADO";"1270629.01";"#NE";"N";"-1";"06005371920266040000";"-3";"#NE";"-3";"#NE";"NÃO";"#NULO";-1;"#NULO";"N";"N";-1;-1;"2026-08-07 14:33:06";8;"AGUARDANDO JULGAMENTO";"-1";"#NULO";"-1";"#NULO";-1;"#NULO";-1;"#NULO";-1;"#NULO";4;"FEMININO";"1";"BRANCA"
"02/09/2026";"08:30:36";2026;6259;40002542669;-3;"#NE";1;"BRASILEIRA NATA";-3;"SALVADOR";"63";"N";-1;"#NULO";"1270629.01";"#NE";"S";"-1";"06005813820266040000";"-3";"#NE";"-3";"#NE";"NÃO";"#NULO";-1;"#NULO";"N";"N";-1;-1;"2026-08-08 08:53:45";8;"AGUARDANDO JULGAMENTO";"-1";"#NULO";"-1";"#NULO";-1;"#NULO";-1;"#NULO";-1;"#NULO";2;"MASCULINO";"2";"PRETA"
"02/09/2026";"08:30:36";2026;6259;40002540480;-3;"#NE";1;"BRASILEIRA NATA";-3;"MANAUS";"43";"N";0;"NÃO INFORMADO";"3176572.53";"#NE";"S";"-1";"06004956720266040000";"-3";"#NE";"-3";"#NE";"NÃO";"#NULO";-1;"#NULO";"N";"N";-1;-1;"2026-08-07 09:26:23";8;"AGUARDANDO JULGAMENTO";"-1";"#NULO";"-1";"#NULO";-1;"#NULO";-1;"#NULO";-1;"#NULO";2;"MASCULINO";"3";"PARDA"
"02/09/2026";"08:30:36";2026;6259;40002554183;-3;"#NE";1;"BRASILEIRA NATA";-3;"MANAUS";"55";"N";-1;"#NULO";"1270629.01";"#NE";"N";"-1";"06008975120266040000";"-3";"#NE";"-3";"#NE";"NÃO";"#NULO";-1;"#NULO";"N";"N";40002542658;-1;"2026-08-21 23:49:12";8;"AGUARDANDO JULGAMENTO";"-1";"#NULO";"-1";"#NULO";-1;"#NULO";-1;"#NULO";-1;"#NULO";-1;"#NULO";"-1";"#NULO"
"02/09/2026";"08:30:36";2026;6259;40002542661;-3;"#NE";1;"BRASILEIRA NATA";-3;"TEFÉ";"42";"N";0;"NÃO INFORMADO";"1270629.01";"#NE";"S";"-1";"06005727620266040000";"-3";"#NE";"-3";"#NE";"NÃO";"#NULO";-1;"#NULO";"N";"N";-1;-1;"2026-08-08 08:53:45";8;"AGUARDANDO JULGAMENTO";"-1";"#NULO";"-1";"#NULO";-1;"#NULO";-1;"#NULO";-1;"#NULO";2;"MASCULINO";"1";"BRANCA"
"02/09/2026";"08:30:36";2026;6259;40002534877;-3;"#NE";1;"BRASILEIRA NATA";-3;"MANAUS";"30";"N";-1;"#NULO";"3176572.53";"#NE";"S";"-1";"06003362720266040000";"-3";"#NE";"-3";"#NE";"SIM";"#NULO";-1;"#NULO";"N";"N";-1;-1;"2026-08-01 11:02:09";2;"DEFERIDO";"-1";"#NULO";"-1";"#NULO";-1;"#NULO";-1;"#NULO";-1;"#NULO";4;"FEMININO";"3";"PARDA"
"02/09/2026";"08:30:36";2026;6259;40002531442;-3;"#NE";1;"BRASILEIRA NATA";-3;"MANAUS";"81";"N";-1;"#NULO";"3176572.53";"#NE";"S";"-1";"06002254320266040000";"-3";"#NE";"-3";"#NE";"SIM";"#NULO";-1;"#NULO";"N";"N";-1;-1;"2026-07-27 08:46:02";2;"DEFERIDO";"-1";"#NULO";"-1";"#NULO";-1;"#NULO";-1;"#NULO";-1;"#NULO";2;"MASCULINO";"1";"BRANCA"
"02/09/2026";"08:30:36";2026;6259;40002536484;-3;"#NE";1;"BRASILEIRA NATA";-3;"MANAUS";"35";"N";-1;"#NULO";"1270629.01";"#NE";"S";"-1";"06004211320266040000";"-3";"#NE";"-3";"#NE";"SIM";"#NULO";-1;"#NULO";"N";"N";-1;-1;"2026-08-04 15:27:08";2;"DEFERIDO";"-1";"#NULO";"-1";"#NULO";-1;"#NULO";-1;"#NULO";-1;"#NULO";2;"MASCULINO";"2";"PRETA"
"02/09/2026";"08:30:36";2026;6259;40002536488;-3;"#NE";1;"BRASILEIRA NATA";-3;"PARINTINS";"62";"N";0;"NÃO INFORMADO";"1270629.01";"#NE";"S";"-1";"06004142120266040000";"-3";"#NE";"-3";"#NE";"SIM";"#NULO";-1;"#NULO";"N";"N";-1;-1;"2026-08-04 15:27:08";2;"DEFERIDO";"-1";"#NULO";"-1";"#NULO";-1;"#NULO";-1;"#NULO";-1;"#NULO";2;"MASCULINO";"3";"PARDA"
"02/09/2026";"08:30:36";2026;6259;40002536492;-3;"#NE";1;"BRASILEIRA NATA";-3;"HUMAITÁ";"63";"N";-1;"#NULO";"1270629.01";"#NE";"S";"-1";"06004150620266040000";"-3";"#NE";"-3";"#NE";"SIM";"#NULO";-1;"#NULO";"N";"N";-1;-1;"2026-08-04 15:27:08";2;"DEFERIDO";"-1";"#NULO";"-1";"#NULO";-1;"#NULO";-1;"#NULO";-1;"#NULO";4;"FEMININO";"1";"BRANCA"
"02/09/2026";"08:30:36";2026;6259;40002549906;-3;"#NE";1;"BRASILEIRA NATA";-3;"PRAINHA";"48";"N";0;"NÃO INFORMADO";"3176572.53";"#NE";"S";"-1";"06007190520266040000";"-3";"#NE";"-3";"#NE";"SIM";"#NULO";-1;"#NULO";"N";"N";-1;-1;"2026-08-12 09:09:28";2;"DEFERIDO";"-1";"#NULO";"-1";"#NULO";-1;"#NULO";-1;"#NULO";-1;"#NULO";2;"MASCULINO";"3";"PARDA"
"02/09/2026";"08:30:36";2026;6259;40002551003;-3;"#NE";1;"BRASILEIRA NATA";-3;"FORTALEZA";"42";"N";-1;"#NULO";"3176572.53";"#NE";"N";"-1";"06007546220266040000";"-3";"#NE";"-3";"#NE";"NÃO";"#NULO";-1;"#NULO";"N";"N";-1;-1;"2026-08-13 13:52:24";8;"AGUARDANDO JULGAMENTO";"-1";"#NULO";"-1";"#NULO";-1;"#NULO";-1;"#NULO";-1;"#NULO";4;"FEMININO";"1";"BRANCA"
"02/09/2026";"08:30:36";2026;6259;40002551004;-3;"#NE";1;"BRASILEIRA NATA";-3;"MANAUS";"25";"N";0;"NÃO INFORMADO";"3176572.53";"#NE";"N";"-1";"06007598420266040000";"-3";"#NE";"-3";"#NE";"NÃO";"#NULO";-1;"#NULO";"N";"N";-1;-1;"2026-08-13 13:52:24";8;"AGUARDANDO JULGAMENTO";"-1";"#NULO";"-1";"#NULO";-1;"#NULO";-1;"#NULO";-1;"#NULO";4;"FEMININO";"1";"BRANCA"
"02/09/2026";"08:30:36";2026;6259;40002536495;-3;"#NE";1;"BRASILEIRA NATA";-3;"SANTARÉM";"43";"N";-1;"#NULO";"1270629.01";"#NE";"N";"-1";"06004012220266040000";"-3";"#NE";"-3";"#NE";"SIM";"#NULO";-1;"#NULO";"N";"N";-1;-1;"2026-08-04 15:27:08";2;"DEFERIDO";"-1";"#NULO";"-1";"#NULO";-1;"#NULO";-1;"#NULO";-1;"#NULO";2;"MASCULINO";"3";"PARDA"
"02/09/2026";"08:30:36";2026;6259;40002536496;-3;"#NE";1;"BRASILEIRA NATA";-3;"SANTA MARIA";"52";"N";0;"NÃO INFORMADO";"1270629.01";"#NE";"S";"-1";"06004125120266040000";"-3";"#NE";"-3";"#NE";"SIM";"#NULO";-1;"#NULO";"N";"N";-1;-1;"2026-08-04 15:27:08";2;"DEFERIDO";"-1";"#NULO";"-1";"#NULO";-1;"#NULO";-1;"#NULO";-1;"#NULO";2;"MASCULINO";"3";"PARDA"
"02/09/2026";"08:30:36";2026;6259;40002541589;-3;"#NE";1;"BRASILEIRA NATA";-3;"MANAUS";"53";"N";-1;"#NULO";"3176572.53";"#NE";"N";"-1";"06005112120266040000";"-3";"#NE";"-3";"#NE";"SIM";"#NULO";-1;"#NULO";"N";"N";-1;-1;"2026-08-07 14:32:54";2;"DEFERIDO";"-1";"#NULO";"-1";"#NULO";-1;"#NULO";-1;"#NULO";-1;"#NULO";2;"MASCULINO";"1";"BRANCA"
"02/09/2026";"08:30:36";2026;6259;40002532767;-3;"#NE";1;"BRASILEIRA NATA";-3;"MANAUS";"50";"N";0;"NÃO INFORMADO";"1270629.01";"#NE";"S";"-1";"06002809120266040000";"-3";"#NE";"-3";"#NE";"SIM";"#NULO";-1;"#NULO";"N";"N";-1;-1;"2026-07-28 07:28:15";2;"DEFERIDO";"-1";"#NULO";"-1";"#NULO";-1;"#NULO";-1;"#NULO";-1;"#NULO";2;"MASCULINO";"1";"BRANCA"
"02/09/2026";"08:30:36";2026;6259;40002542679;-3;"#NE";1;"BRASILEIRA NATA";-3;"MANAQUIRI";"56";"N";-1;"#NULO";"1270629.01";"#NE";"S";"-1";"06005631720266040000";"-3";"#NE";"-3";"#NE";"SIM";"#NULO";-1;"#NULO";"N";"N";-1;-1;"2026-08-08 08:54:07";2;"DEFERIDO";"-1";"#NULO";"-1";"#NULO";-1;"#NULO";-1;"#NULO";-1;"#NULO";2;"MASCULINO";"3";"PARDA"
"02/09/2026";"08:30:36";2026;6259;40002541625;-3;"#NE";1;"BRASILEIRA NATA";-3;"MANAUS";"33";"N";-1;"#NULO";"3176572.53";"#NE";"S";"-1";"06005467820266040000";"-3";"#NE";"-3";"#NE";"SIM";"#NULO";-1;"#NULO";"N";"N";-1;-1;"2026-08-07 14:32:11";2;"DEFERIDO";"-1";"#NULO";"-1";"#NULO";-1;"#NULO";-1;"#NULO";-1;"#NULO";2;"MASCULINO";"1";"BRANCA"
"02/09/2026";"08:30:36";2026;6259;40002533207;-3;"#NE";1;"BRASILEIRA NATA";-3;"RECIFE";"26";"N";0;"NÃO INFORMADO";"3176572.53";"#NE";"S";"-1";"06002999720266040000";"-3";"#NE";"-3";"#NE";"NÃO";"#NULO";-1;"#NULO";"N";"N";-1;-1;"2026-07-30 13:15:54";8;"AGUARDANDO JULGAMENTO";"-1";"#NULO";"-1";"#NULO";-1;"#NULO";-1;"#NULO";-1;"#NULO";2;"MASCULINO";"1";"BRANCA"
"02/09/2026";"08:30:36";2026;6259;40002536434;-3;"#NE";1;"BRASILEIRA NATA";-3;"MANAUS";"44";"N";-1;"#NULO";"3176572.53";"#NE";"S";"-1";"06003787620266040000";"-3";"#NE";"-3";"#NE";"SIM";"#NULO";-1;"#NULO";"N";"N";-1;-1;"2026-08-03 15:16:02";2;"DEFERIDO";"-1";"#NULO";"-1";"#NULO";-1;"#NULO";-1;"#NULO";-1;"#NULO";2;"MASCULINO";"2";"PRETA"
"02/09/2026";"08:30:36";2026;6259;40002536473;-3;"#NE";1;"BRASILEIRA NATA";-3;"MANACAPURU";"50";"N";67;"MÚRA";"1270629.01";"#NE";"N";"-1";"06004064420266040000";"-3";"#NE";"-3";"#NE";"SIM";"#NULO";-1;"#NULO";"N";"N";-1;-1;"2026-08-04 15:27:08";2;"DEFERIDO";"-1";"#NULO";"-1";"#NULO";-1;"#NULO";-1;"#NULO";-1;"#NULO";2;"MASCULINO";"5";"INDÍGENA"
"02/09/2026";"08:30:36";2026;6259;40002536908;-3;"#NE";1;"BRASILEIRA NATA";-3;"MANAUS";"29";"N";-1;"#NULO";"1270629.01";"#NE";"N";"-1";"06004238020266040000";"-3";"#NE";"-3";"#NE";"SIM";"#NULO";-1;"#NULO";"N";"N";-1;-1;"2026-08-04 15:27:31";2;"DEFERIDO";"-1";"#NULO";"-1";"#NULO";-1;"#NULO";-1;"#NULO";-1;"#NULO";4;"FEMININO";"3";"PARDA"
"02/09/2026";"08:30:36";2026;6259;40002536901;-3;"#NE";1;"BRASILEIRA NATA";-3;"MANAUS";"45";"N";-1;"#NULO";"1270629.01";"#NE";"N";"-1";"06004462620266040000";"-3";"#NE";"-3";"#NE";"SIM";"#NULO";-1;"#NULO";"N";"N";-1;-1;"2026-08-04 15:27:31";2;"DEFERIDO";"-1";"#NULO";"-1";"#NULO";-1;"#NULO";-1;"#NULO";-1;"#NULO";2;"MASCULINO";"3";"PARDA"
"02/09/2026";"08:30:36";2026;6259;40002534375;-3;"#NE";1;"BRASILEIRA NATA";-3;"MANAUS";"49";"N";-1;"#NULO";"1270629.01";"#NE";"N";"-1";"06003276520266040000";"-3";"#NE";"-3";"#NE";"NÃO";"#NULO";-1;"#NULO";"N";"N";-1;-1;"2026-07-31 08:18:01";8;"AGUARDANDO JULGAMENTO";"-1";"#NULO";"-1";"#NULO";-1;"#NULO";-1;"#NULO";-1;"#NULO";4;"FEMININO";"3";"PARDA"
"02/09/2026";"08:30:36";2026;6259;40002551282;-3;"#NE";1;"BRASILEIRA NATA";-3;"IRANDUBA";"41";"N";-1;"#NULO";"-1";"#NE";"N";"-1";"06007659120266040000";"-3";"#NE";"-3";"#NE";"NÃO";"#NULO";-1;"#NULO";"N";"N";-1;-1;"2026-08-13 21:26:01";8;"AGUARDANDO JULGAMENTO";"-1";"#NULO";"-1";"#NULO";-1;"#NULO";-1;"#NULO";-1;"#NULO";2;"MASCULINO";"1";"BRANCA"
"02/09/2026";"08:30:36";2026;6259;40002546993;-3;"#NE";1;"BRASILEIRA NATA";-3;"MANAUS";"51";"N";-1;"#NULO";"1270629.01";"#NE";"S";"-1";"06006723120266040000";"-3";"#NE";"-3";"#NE";"NÃO";"#NULO";-1;"#NULO";"N";"N";-1;-1;"2026-08-10 18:33:55";8;"AGUARDANDO JULGAMENTO";"-1";"#NULO";"-1";"#NULO";-1;"#NULO";-1;"#NULO";-1;"#NULO";2;"MASCULINO";"3";"PARDA"
"02/09/2026";"08:30:36";2026;6259;40002551281;-3;"#NE";1;"BRASILEIRA NATA";-3;"MANAUS";"52";"N";-1;"#NULO";"3811887.03";"#NE";"S";"-1";"06007693120266040000";"-3";"#NE";"-3";"#NE";"NÃO";"#NULO";-1;"#NULO";"N";"N";-1;-1;"2026-08-13 21:26:01";8;"AGUARDANDO JULGAMENTO";"-1";"#NULO";"-1";"#NULO";-1;"#NULO";-1;"#NULO";-1;"#NULO";4;"FEMININO";"3";"PARDA"
"02/09/2026";"08:30:36";2026;6259;40002541596;-3;"#NE";1;"BRASILEIRA NATA";-3;"MANAUS";"50";"N";-1;"#NULO";"1270629.01";"#NE";"S";"-1";"06005294220266040000";"-3";"#NE";"-3";"#NE";"SIM";"#NULO";-1;"#NULO";"N";"N";-1;-1;"2026-08-07 14:33:06";2;"DEFERIDO";"-1";"#NULO";"-1";"#NULO";-1;"#NULO";-1;"#NULO";-1;"#NULO";2;"MASCULINO";"3";"PARDA"
"02/09/2026";"08:30:36";2026;6259;40002542672;-3;"#NE";1;"BRASILEIRA NATA";-3;"MANAUS";"34";"N";0;"NÃO INFORMADO";"3176572.53";"#NE";"S";"-1";"06005995920266040000";"-3";"#NE";"-3";"#NE";"NÃO";"#NULO";-1;"#NULO";"N";"N";-1;-1;"2026-08-08 08:52:35";8;"AGUARDANDO JULGAMENTO";"-1";"#NULO";"-1";"#NULO";-1;"#NULO";-1;"#NULO";-1;"#NULO";4;"FEMININO";"3";"PARDA"
"02/09/2026";"08:30:36";2026;6259;40002542656;-3;"#NE";1;"BRASILEIRA NATA";-3;"MANAUS";"44";"N";-1;"#NULO";"1270629.01";"#NE";"N";"-1";"06005935220266040000";"-3";"#NE";"-3";"#NE";"NÃO";"#NULO";-1;"#NULO";"N";"N";-1;-1;"2026-08-08 08:53:45";8;"AGUARDANDO JULGAMENTO";"-1";"#NULO";"-1";"#NULO";-1;"#NULO";-1;"#NULO";-1;"#NULO";2;"MASCULINO";"3";"PARDA"
"02/09/2026";"08:30:36";2026;6259;40002542676;-3;"#NE";1;"BRASILEIRA NATA";-3;"MANAUS";"37";"N";0;"NÃO INFORMADO";"3176572.53";"#NE";"S";"-1";"06006004420266040000";"-3";"#NE";"-3";"#NE";"SIM";"#NULO";-1;"#NULO";"N";"N";-1;-1;"2026-08-08 08:52:35";2;"DEFERIDO";"-1";"#NULO";"-1";"#NULO";-1;"#NULO";-1;"#NULO";-1;"#NULO";4;"FEMININO";"3";"PARDA"
"02/09/2026";"08:30:36";2026;6259;40002536450;-3;"#NE";1;"BRASILEIRA NATA";-3;"MANAUS";"61";"N";-1;"#NULO";"3176572.53";"#NE";"S";"-1";"06003917520266040000";"-3";"#NE";"-3";"#NE";"SIM";"#NULO";-1;"#NULO";"N";"N";-1;-1;"2026-08-04 08:56:17";2;"DEFERIDO";"-1";"#NULO";"-1";"#NULO";-1;"#NULO";-1;"#NULO";-1;"#NULO";2;"MASCULINO";"1";"BRANCA"
"02/09/2026";"08:30:36";2026;6259;40002536482;-3;"#NE";1;"BRASILEIRA NATA";-3;"MANAUS";"32";"N";-1;"#NULO";"1270629.01";"#NE";"S";"-1";"06004177320266040000";"-3";"#NE";"-3";"#NE";"SIM";"#NULO";-1;"#NULO";"N";"N";-1;-1;"2026-08-04 15:27:08";2;"DEFERIDO";"-1";"#NULO";"-1";"#NULO";-1;"#NULO";-1;"#NULO";-1;"#NULO";2;"MASCULINO";"1";"BRANCA"
"02/09/2026";"08:30:36";2026;6259;40002536477;-3;"#NE";1;"BRASILEIRA NATA";-3;"MANAUS";"48";"N";0;"NÃO INFORMADO";"1270629.01";"#NE";"N";"-1";"06004133620266040000";"-3";"#NE";"-3";"#NE";"NÃO";"#NULO";-1;"#NULO";"N";"N";-1;-1;"2026-08-04 15:27:08";8;"AGUARDANDO JULGAMENTO";"-1";"#NULO";"-1";"#NULO";-1;"#NULO";-1;"#NULO";-1;"#NULO";2;"MASCULINO";"3";"PARDA"
"02/09/2026";"08:30:36";2026;6259;40002536914;-3;"#NE";1;"BRASILEIRA NATA";-3;"ITAITUBA";"49";"N";0;"NÃO INFORMADO";"1270629.01";"#NE";"N";"-1";"06004454120266040000";"-3";"#NE";"-3";"#NE";"SIM";"#NULO";-1;"#NULO";"N";"N";-1;-1;"2026-08-04 15:27:31";2;"DEFERIDO";"-1";"#NULO";"-1";"#NULO";-1;"#NULO";-1;"#NULO";-1;"#NULO";2;"MASCULINO";"3";"PARDA"
"02/09/2026";"08:30:36";2026;6259;40002536913;-3;"#NE";1;"BRASILEIRA NATA";-3;"BELÉM";"42";"N";66;"MUNDURUKÚ";"1270629.01";"#NE";"S";"-1";"06004332720266040000";"-3";"#NE";"-3";"#NE";"SIM";"#NULO";-1;"#NULO";"N";"N";-1;-1;"2026-08-04 15:27:31";2;"DEFERIDO";"-1";"#NULO";"-1";"#NULO";-1;"#NULO";-1;"#NULO";-1;"#NULO";2;"MASCULINO";"5";"INDÍGENA"
"02/09/2026";"08:30:36";2026;6259;40002537627;-3;"#NE";1;"BRASILEIRA NATA";-3;"BOA VISTA";"57";"N";-1;"#NULO";"1270629.01";"#NE";"S";"-1";"06004489320266040000";"-3";"#NE";"-3";"#NE";"NÃO";"#NULO";-1;"#NULO";"N";"N";-1;-1;"2026-08-05 09:34:08";8;"AGUARDANDO JULGAMENTO";"-1";"#NULO";"-1";"#NULO";-1;"#NULO";-1;"#NULO";-1;"#NULO";2;"MASCULINO";"3";"PARDA"
"02/09/2026";"08:30:36";2026;6259;40002531446;-3;"#NE";1;"BRASILEIRA NATA";-3;"RIO DE JANEIRO";"64";"N";0;"NÃO INFORMADO";"-1";"#NE";"S";"-1";"06002262820266040000";"-3";"#NE";"-3";"#NE";"SIM";"#NULO";-1;"#NULO";"N";"N";-1;-1;"2026-07-27 08:45:01";2;"DEFERIDO";"-1";"#NULO";"-1";"#NULO";-1;"#NULO";-1;"#NULO";-1;"#NULO";2;"MASCULINO";"3";"PARDA"
"02/09/2026";"08:30:36";2026;6259;40002546979;-3;"#NE";1;"BRASILEIRA NATA";-3;"MANAUS";"54";"N";-1;"#NULO";"1270629.01";"#NE";"N";"-1";"06006645420266040000";"-3";"#NE";"-3";"#NE";"NÃO";"#NULO";-1;"#NULO";"N";"N";-1;-1;"2026-08-10 18:33:55";8;"AGUARDANDO JULGAMENTO";"-1";"#NULO";"-1";"#NULO";-1;"#NULO";-1;"#NULO";-1;"#NULO";2;"MASCULINO";"3";"PARDA"
"02/09/2026";"08:30:36";2026;6259;40002546985;-3;"#NE";1;"BRASILEIRA NATA";-3;"MANAUS";"42";"N";-1;"#NULO";"1270629.01";"#NE";"S";"-1";"06006541020266040000";"-3";"#NE";"-3";"#NE";"NÃO";"#NULO";-1;"#NULO";"N";"N";-1;-1;"2026-08-10 18:33:55";8;"AGUARDANDO JULGAMENTO";"-1";"#NULO";"-1";"#NULO";-1;"#NULO";-1;"#NULO";-1;"#NULO";2;"MASCULINO";"2";"PRETA"
"02/09/2026";"08:30:36";2026;6259;40002546996;-3;"#NE";1;"BRASILEIRA NATA";-3;"PRAINHA";"53";"N";-1;"#NULO";"1270629.01";"#NE";"N";"-1";"06006689120266040000";"-3";"#NE";"-3";"#NE";"SIM";"#NULO";-1;"#NULO";"N";"N";-1;-1;"2026-08-10 18:33:55";2;"DEFERIDO";"-1";"#NULO";"-1";"#NULO";-1;"#NULO";-1;"#NULO";-1;"#NULO";4;"FEMININO";"1";"BRANCA"
"02/09/2026";"08:30:36";2026;6259;40002532744;-3;"#NE";1;"BRASILEIRA NATA";-3;"MANAUS";"52";"N";0;"NÃO INFORMADO";"1270629.01";"#NE";"S";"-1";"06002514120266040000";"-3";"#NE";"-3";"#NE";"SIM";"#NULO";-1;"#NULO";"N";"N";-1;-1;"2026-07-28 07:26:32";2;"DEFERIDO";"-1";"#NULO";"-1";"#NULO";-1;"#NULO";-1;"#NULO";-1;"#NULO";2;"MASCULINO";"1";"BRANCA"
"02/09/2026";"08:30:36";2026;6259;40002540483;-3;"#NE";1;"BRASILEIRA NATA";-3;"MANAUS";"50";"N";0;"NÃO INFORMADO";"3176572.53";"#NE";"S";"-1";"06004990720266040000";"-3";"#NE";"-3";"#NE";"NÃO";"#NULO";-1;"#NULO";"N";"N";-1;-1;"2026-08-07 09:26:23";8;"AGUARDANDO JULGAMENTO";"-1";"#NULO";"-1";"#NULO";-1;"#NULO";-1;"#NULO";-1;"#NULO";2;"MASCULINO";"3";"PARDA"
"02/09/2026";"08:30:36";2026;6259;40002536451;-3;"#NE";1;"BRASILEIRA NATA";-3;"MANAUS";"26";"N";-1;"#NULO";"3176572.53";"#NE";"N";"-1";"06003926020266040000";"-3";"#NE";"-3";"#NE";"SIM";"#NULO";-1;"#NULO";"N";"N";-1;-1;"2026-08-04 08:56:17";2;"DEFERIDO";"-1";"#NULO";"-1";"#NULO";-1;"#NULO";-1;"#NULO";-1;"#NULO";2;"MASCULINO";"1";"BRANCA"
"02/09/2026";"08:30:36";2026;6259;40002536478;-3;"#NE";1;"BRASILEIRA NATA";-3;"MANAUS";"53";"N";-1;"#NULO";"1270629.01";"#NE";"N";"-1";"06004072920266040000";"-3";"#NE";"-3";"#NE";"SIM";"#NULO";-1;"#NULO";"N";"N";-1;-1;"2026-08-04 15:27:08";2;"DEFERIDO";"-1";"#NULO";"-1";"#NULO";-1;"#NULO";-1;"#NULO";-1;"#NULO";4;"FEMININO";"3";"PARDA"
"02/09/2026";"08:30:36";2026;6259;40002536895;-3;"#NE";1;"BRASILEIRA NATA";-3;"MANAUS";"61";"N";-1;"#NULO";"1270629.01";"#NE";"S";"-1";"06004359420266040000";"-3";"#NE";"-3";"#NE";"NÃO";"#NULO";-1;"#NULO";"N";"S";-1;-1;"2026-08-04 15:27:31";6;"RENÚNCIA";"-1";"#NULO";"-1";"#NULO";-1;"#NULO";-1;"#NULO";-1;"#NULO";2;"MASCULINO";"3";"PARDA"
"02/09/2026";"08:30:36";2026;6259;40002536902;-3;"#NE";1;"BRASILEIRA NATA";-3;"MANAUS";"52";"N";-1;"#NULO";"1270629.01";"#NE";"N";"-1";"06004315720266040000";"-3";"#NE";"-3";"#NE";"NÃO";"#NULO";-1;"#NULO";"N";"N";-1;-1;"2026-08-04 15:27:31";8;"AGUARDANDO JULGAMENTO";"-1";"#NULO";"-1";"#NULO";-1;"#NULO";-1;"#NULO";-1;"#NULO";4;"FEMININO";"3";"PARDA"
"02/09/2026";"08:30:36";2026;6259;40002537624;-3;"#NE";1;"BRASILEIRA NATA";-3;"BELÉM";"46";"N";-1;"#NULO";"1270629.01";"#NE";"N";"-1";"06004627720266040000";"-3";"#NE";"-3";"#NE";"SIM";"#NULO";-1;"#NULO";"N";"N";-1;-1;"2026-08-05 09:34:08";2;"DEFERIDO";"-1";"#NULO";"-1";"#NULO";-1;"#NULO";-1;"#NULO";-1;"#NULO";4;"FEMININO";"3";"PARDA"
"02/09/2026";"08:30:36";2026;6259;40002552705;-3;"#NE";1;"BRASILEIRA NATA";-3;"MANAUS";"45";"N";0;"NÃO INFORMADO";"1270629.01";"#NE";"S";"-1";"06008091320266040000";"-3";"#NE";"-3";"#NE";"NÃO";"#NULO";-1;"#NULO";"N";"N";-1;-1;"2026-08-15 10:48:36";8;"AGUARDANDO JULGAMENTO";"-1";"#NULO";"-1";"#NULO";-1;"#NULO";-1;"#NULO";-1;"#NULO";4;"FEMININO";"3";"PARDA"
"02/09/2026";"08:30:36";2026;6259;40002541741;-3;"#NE";1;"BRASILEIRA NATA";-3;"MANAUS";"40";"N";0;"NÃO INFORMADO";"7115522.46";"#NE";"S";"-1";"06006090620266040000";"-3";"#NE";"-3";"#NE";"SIM";"#NULO";-1;"#NULO";"N";"N";-1;-1;"2026-08-08 08:52:20";2;"DEFERIDO";"-1";"#NULO";"-1";"#NULO";-1;"#NULO";-1;"#NULO";-1;"#NULO";2;"MASCULINO";"1";"BRANCA"
"02/09/2026";"08:30:36";2026;6259;40002541743;-3;"#NE";1;"BRASILEIRA NATA";-3;"SOBRAL";"56";"N";-1;"#NULO";"-1";"#NE";"S";"-1";"06006117320266040000";"-3";"#NE";"-3";"#NE";"SIM";"#NULO";-1;"#NULO";"N";"N";-1;-1;"2026-08-08 08:52:59";2;"DEFERIDO";"-1";"#NULO";"-1";"#NULO";-1;"#NULO";-1;"#NULO";-1;"#NULO";2;"MASCULINO";"3";"PARDA"
"02/09/2026";"08:30:36";2026;6259;40002546992;-3;"#NE";1;"BRASILEIRA NATA";-3;"SANTO ANTÔNIO DO IÇÁ";"48";"N";-1;"#NULO";"1270629.01";"#NE";"S";"-1";"06006567720266040000";"-3";"#NE";"-3";"#NE";"NÃO";"#NULO";-1;"#NULO";"N";"N";-1;-1;"2026-08-10 18:33:55";8;"AGUARDANDO JULGAMENTO";"-1";"#NULO";"-1";"#NULO";-1;"#NULO";-1;"#NULO";-1;"#NULO";2;"MASCULINO";"4";"AMARELA"
"02/09/2026";"08:30:36";2026;6259;40002549918;-3;"#NE";1;"BRASILEIRA NATA";-3;"MANAUS";"29";"N";-1;"#NULO";"3176572.53";"#NE";"S";"-1";"06007303420266040000";"-3";"#NE";"-3";"#NE";"NÃO";"#NULO";-1;"#NULO";"N";"N";-1;-1;"2026-08-12 09:09:41";8;"AGUARDANDO JULGAMENTO";"-1";"#NULO";"-1";"#NULO";-1;"#NULO";-1;"#NULO";-1;"#NULO";4;"FEMININO";"1";"BRANCA"
"02/09/2026";"08:30:36";2026;6259;40002533208;-3;"#NE";1;"BRASILEIRA NATA";-3;"RIO DE JANEIRO";"50";"N";0;"NÃO INFORMADO";"3176572.53";"#NE";"S";"-1";"06003025220266040000";"-3";"#NE";"-3";"#NE";"NÃO";"#NULO";-1;"#NULO";"N";"N";-1;-1;"2026-07-30 13:15:54";8;"AGUARDANDO JULGAMENTO";"-1";"#NULO";"-1";"#NULO";-1;"#NULO";-1;"#NULO";-1;"#NULO";2;"MASCULINO";"1";"BRANCA"
"02/09/2026";"08:30:36";2026;6259;40002539051;-3;"#NE";1;"BRASILEIRA NATA";-3;"SALVADOR";"36";"N";0;"NÃO INFORMADO";"3176572.53";"#NE";"N";"-1";"06004860820266040000";"-3";"#NE";"-3";"#NE";"SIM";"#NULO";-1;"#NULO";"N";"N";-1;-1;"2026-08-06 12:21:54";2;"DEFERIDO";"-1";"#NULO";"-1";"#NULO";-1;"#NULO";-1;"#NULO";-1;"#NULO";2;"MASCULINO";"1";"BRANCA"
"02/09/2026";"08:30:36";2026;6259;40002541606;-3;"#NE";1;"BRASILEIRA NATA";-3;"MANAUS";"70";"N";0;"NÃO INFORMADO";"1270629.01";"#NE";"S";"-1";"06005346420266040000";"-3";"#NE";"-3";"#NE";"NÃO";"#NULO";-1;"#NULO";"N";"N";-1;-1;"2026-08-07 14:33:06";8;"AGUARDANDO JULGAMENTO";"-1";"#NULO";"-1";"#NULO";-1;"#NULO";-1;"#NULO";-1;"#NULO";2;"MASCULINO";"1";"BRANCA"
"02/09/2026";"08:30:36";2026;6259;40002536080;-3;"#NE";1;"BRASILEIRA NATA";-3;"MANAUS";"48";"N";-1;"#NULO";"3176572.53";"#NE";"S";"-1";"06003553320266040000";"-3";"#NE";"-3";"#NE";"SIM";"#NULO";-1;"#NULO";"N";"N";-1;-1;"2026-08-03 11:40:19";2;"DEFERIDO";"-1";"#NULO";"-1";"#NULO";-1;"#NULO";-1;"#NULO";-1;"#NULO";4;"FEMININO";"3";"PARDA"
"02/09/2026";"08:30:36";2026;6259;40002532739;-3;"#NE";1;"BRASILEIRA NATA";-3;"MANAUS";"43";"N";-1;"#NULO";"1270629.01";"#NE";"S";"-1";"06002531120266040000";"-3";"#NE";"-3";"#NE";"SIM";"#NULO";-1;"#NULO";"N";"N";-1;-1;"2026-07-28 07:26:32";2;"DEFERIDO";"-1";"#NULO";"-1";"#NULO";-1;"#NULO";-1;"#NULO";-1;"#NULO";2;"MASCULINO";"3";"PARDA"
"02/09/2026";"08:30:36";2026;6259;40002542662;-3;"#NE";1;"BRASILEIRA NATA";-3;"MAURITI";"47";"N";-1;"#NULO";"1270629.01";"#NE";"S";"-1";"06005830820266040000";"-3";"#NE";"-3";"#NE";"SIM";"#NULO";-1;"#NULO";"N";"N";-1;-1;"2026-08-08 08:53:45";2;"DEFERIDO";"-1";"#NULO";"-1";"#NULO";-1;"#NULO";-1;"#NULO";-1;"#NULO";2;"MASCULINO";"1";"BRANCA"
"02/09/2026";"08:30:36";2026;6259;40002532761;-3;"#NE";1;"BRASILEIRA NATA";-3;"MANAUS";"60";"N";0;"NÃO INFORMADO";"3176572.53";"#NE";"S";"-1";"06002618520266040000";"-3";"#NE";"-3";"#NE";"SIM";"#NULO";-1;"#NULO";"N";"N";-1;-1;"2026-07-28 07:27:15";2;"DEFERIDO";"-1";"#NULO";"-1";"#NULO";-1;"#NULO";-1;"#NULO";-1;"#NULO";2;"MASCULINO";"3";"PARDA"
"02/09/2026";"08:30:36";2026;6259;40002549903;-3;"#NE";1;"BRASILEIRA NATA";-3;"MANAUS";"38";"N";-1;"#NULO";"3176572.53";"#NE";"N";"-1";"06007251220266040000";"-3";"#NE";"-3";"#NE";"SIM";"#NULO";-1;"#NULO";"N";"N";-1;-1;"2026-08-12 09:09:28";2;"DEFERIDO";"-1";"#NULO";"-1";"#NULO";-1;"#NULO";-1;"#NULO";-1;"#NULO";4;"FEMININO";"3";"PARDA"
"02/09/2026";"08:30:36";2026;6259;40002532769;-3;"#NE";2;"BRASILEIRA (NATURALIZADA)";-3;"MANAUS";"38";"N";0;"NÃO INFORMADO";"1270629.01";"#NE";"S";"-1";"06002721720266040000";"-3";"#NE";"-3";"#NE";"SIM";"#NULO";-1;"#NULO";"N";"N";-1;-1;"2026-07-28 07:28:15";2;"DEFERIDO";"-1";"#NULO";"-1";"#NULO";-1;"#NULO";-1;"#NULO";-1;"#NULO";2;"MASCULINO";"3";"PARDA"
"02/09/2026";"08:30:36";2026;6259;40002532791;-3;"#NE";1;"BRASILEIRA NATA";-3;"PORTO VELHO";"51";"S";-1;"#NULO";"1270629.01";"#NE";"S";"-1";"06002696220266040000";"-3";"#NE";"-3";"#NE";"SIM";"#NULO";-1;"#NULO";"N";"N";-1;-1;"2026-07-28 07:28:15";2;"DEFERIDO";"-1";"#NULO";"-1";"#NULO";-1;"#NULO";-1;"#NULO";-1;"#NULO";2;"MASCULINO";"2";"PRETA"
"02/09/2026";"08:30:36";2026;6259;40002537628;-3;"#NE";1;"BRASILEIRA NATA";-3;"CARAÚBAS";"51";"N";-1;"#NULO";"1270629.01";"#NE";"S";"-1";"06004575520266040000";"-3";"#NE";"-3";"#NE";"NÃO";"#NULO";-1;"#NULO";"N";"N";-1;-1;"2026-08-05 09:34:08";8;"AGUARDANDO JULGAMENTO";"-1";"#NULO";"-1";"#NULO";-1;"#NULO";-1;"#NULO";-1;"#NULO";2;"MASCULINO";"3";"PARDA"
"02/09/2026";"08:30:36";2026;6259;40002537350;-3;"#NE";1;"BRASILEIRA NATA";-3;"MANAUS";"47";"N";-1;"#NULO";"1270629.01";"#NE";"S";"-1";"06004523320266040000";"-3";"#NE";"-3";"#NE";"SIM";"#NULO";-1;"#NULO";"N";"N";-1;-1;"2026-08-05 09:34:08";2;"DEFERIDO";"-1";"#NULO";"-1";"#NULO";-1;"#NULO";-1;"#NULO";-1;"#NULO";2;"MASCULINO";"3";"PARDA"
"02/09/2026";"08:30:36";2026;6259;40002551739;-3;"#NE";1;"BRASILEIRA NATA";-3;"CAPANEMA";"37";"N";0;"NÃO INFORMADO";"-1";"#NE";"S";"-1";"06008118020266040000";"-3";"#NE";"-3";"#NE";"NÃO";"#NULO";-1;"#NULO";"N";"N";-1;-1;"2026-08-15 10:48:23";8;"AGUARDANDO JULGAMENTO";"-1";"#NULO";"-1";"#NULO";-1;"#NULO";-1;"#NULO";-1;"#NULO";2;"MASCULINO";"3";"PARDA"
"02/09/2026";"08:30:36";2026;6259;40002549862;-3;"#NE";1;"BRASILEIRA NATA";-3;"SANTARÉM";"52";"N";-1;"#NULO";"3176572.53";"#NE";"S";"-1";"06007139520266040000";"-3";"#NE";"-3";"#NE";"NÃO";"#NULO";-1;"#NULO";"N";"N";-1;-1;"2026-08-12 09:09:16";8;"AGUARDANDO JULGAMENTO";"-1";"#NULO";"-1";"#NULO";-1;"#NULO";-1;"#NULO";-1;"#NULO";4;"FEMININO";"3";"PARDA"
"02/09/2026";"08:30:36";2026;6259;40002541595;-3;"#NE";1;"BRASILEIRA NATA";-3;"RIO BRANCO";"60";"N";-1;"#NULO";"1270629.01";"#NE";"N";"-1";"06005216520266040000";"-3";"#NE";"-3";"#NE";"SIM";"#NULO";-1;"#NULO";"N";"N";-1;-1;"2026-08-07 14:33:06";2;"DEFERIDO";"-1";"#NULO";"-1";"#NULO";-1;"#NULO";-1;"#NULO";-1;"#NULO";4;"FEMININO";"3";"PARDA"
"02/09/2026";"08:30:36";2026;6259;40002542677;-3;"#NE";1;"BRASILEIRA NATA";-3;"CAREIRO";"69";"N";-1;"#NULO";"3176572.53";"#NE";"N";"-1";"06006048120266040000";"-3";"#NE";"-3";"#NE";"NÃO";"#NULO";-1;"#NULO";"N";"N";-1;-1;"2026-08-08 08:52:35";8;"AGUARDANDO JULGAMENTO";"-1";"#NULO";"-1";"#NULO";-1;"#NULO";-1;"#NULO";-1;"#NULO";2;"MASCULINO";"3";"PARDA"
"02/09/2026";"08:30:36";2026;6259;40002532736;-3;"#NE";1;"BRASILEIRA NATA";-3;"MANAUS";"34";"N";-1;"#NULO";"1270629.01";"#NE";"S";"-1";"06002505620266040000";"-3";"#NE";"-3";"#NE";"SIM";"#NULO";-1;"#NULO";"N";"N";-1;-1;"2026-07-28 07:26:32";2;"DEFERIDO";"-1";"#NULO";"-1";"#NULO";-1;"#NULO";-1;"#NULO";-1;"#NULO";2;"MASCULINO";"1";"BRANCA"
"02/09/2026";"08:30:36";2026;6259;40002540486;-3;"#NE";2;"BRASILEIRA (NATURALIZADA)";-3;"IQUITOS";"51";"N";-1;"#NULO";"3176572.53";"#NE";"N";"-1";"06005008920266040000";"-3";"#NE";"-3";"#NE";"NÃO";"#NULO";-1;"#NULO";"N";"N";-1;-1;"2026-08-07 09:26:23";8;"AGUARDANDO JULGAMENTO";"-1";"#NULO";"-1";"#NULO";-1;"#NULO";-1;"#NULO";-1;"#NULO";4;"FEMININO";"3";"PARDA"
"02/09/2026";"08:30:36";2026;6259;40002536448;-3;"#NE";1;"BRASILEIRA NATA";-3;"MANAUS";"29";"N";0;"NÃO INFORMADO";"3176572.53";"#NE";"N";"-1";"06003890820266040000";"-3";"#NE";"-3";"#NE";"SIM";"#NULO";-1;"#NULO";"N";"N";-1;-1;"2026-08-04 08:56:17";2;"DEFERIDO";"-1";"#NULO";"-1";"#NULO";-1;"#NULO";-1;"#NULO";-1;"#NULO";2;"MASCULINO";"3";"PARDA"
"02/09/2026";"08:30:36";2026;6259;40002545609;-3;"#NE";1;"BRASILEIRA NATA";-3;"BOCA DO ACRE";"74";"N";-1;"#NULO";"1270629.01";"#NE";"S";"-1";"06006827520266040000";"-3";"#NE";"-3";"#NE";"NÃO";"#NULO";-1;"#NULO";"N";"N";-1;-1;"2026-08-11 07:08:07";8;"AGUARDANDO JULGAMENTO";"-1";"#NULO";"-1";"#NULO";-1;"#NULO";-1;"#NULO";-1;"#NULO";2;"MASCULINO";"3";"PARDA"
"02/09/2026";"08:30:36";2026;6259;40002541628;-3;"#NE";1;"BRASILEIRA NATA";-3;"MANAUS";"45";"N";-1;"#NULO";"1270629.01";"#NE";"S";"-1";"06005051420266040000";"-3";"#NE";"-3";"#NE";"NÃO";"#NULO";-1;"#NULO";"N";"N";-1;-1;"2026-08-07 14:31:48";8;"AGUARDANDO JULGAMENTO";"-1";"#NULO";"-1";"#NULO";-1;"#NULO";-1;"#NULO";-1;"#NULO";2;"MASCULINO";"3";"PARDA"
"02/09/2026";"08:30:36";2026;6259;40002536897;-3;"#NE";1;"BRASILEIRA NATA";-3;"MANAUS";"25";"N";0;"NÃO INFORMADO";"1270629.01";"#NE";"S";"-1";"06004410420266040000";"-3";"#NE";"-3";"#NE";"SIM";"#NULO";-1;"#NULO";"N";"N";-1;-1;"2026-08-04 15:27:31";2;"DEFERIDO";"-1";"#NULO";"-1";"#NULO";-1;"#NULO";-1;"#NULO";-1;"#NULO";2;"MASCULINO";"1";"BRANCA"
"02/09/2026";"08:30:36";2026;6259;40002537619;-3;"#NE";1;"BRASILEIRA NATA";-3;"MANAUS";"37";"N";-1;"#NULO";"1270629.01";"#NE";"N";"-1";"06004497820266040000";"-3";"#NE";"-3";"#NE";"SIM";"#NULO";-1;"#NULO";"N";"N";-1;-1;"2026-08-05 09:34:08";2;"DEFERIDO";"-1";"#NULO";"-1";"#NULO";-1;"#NULO";-1;"#NULO";-1;"#NULO";4;"FEMININO";"3";"PARDA"
"02/09/2026";"08:30:36";2026;6259;40002537623;-3;"#NE";1;"BRASILEIRA NATA";-3;"EIRUNEPÉ";"48";"N";-1;"#NULO";"1270629.01";"#NE";"S";"-1";"06004688420266040000";"-3";"#NE";"-3";"#NE";"SIM";"#NULO";-1;"#NULO";"N";"N";-1;-1;"2026-08-05 09:34:08";2;"DEFERIDO";"-1";"#NULO";"-1";"#NULO";-1;"#NULO";-1;"#NULO";-1;"#NULO";2;"MASCULINO";"3";"PARDA"
"02/09/2026";"08:30:36";2026;6259;40002537347;-3;"#NE";1;"BRASILEIRA NATA";-3;"MANAUS";"46";"N";0;"NÃO INFORMADO";"1270629.01";"#NE";"S";"-1";"06004705420266040000";"-3";"#NE";"-3";"#NE";"SIM";"#NULO";-1;"#NULO";"N";"N";-1;-1;"2026-08-05 09:34:08";2;"DEFERIDO";"-1";"#NULO";"-1";"#NULO";-1;"#NULO";-1;"#NULO";-1;"#NULO";2;"MASCULINO";"1";"BRANCA"
"02/09/2026";"08:30:36";2026;6259;40002537616;-3;"#NE";1;"BRASILEIRA NATA";-3;"MANAUS";"45";"N";-1;"#NULO";"1270629.01";"#NE";"S";"-1";"06004661720266040000";"-3";"#NE";"-3";"#NE";"SIM";"#NULO";-1;"#NULO";"N";"N";-1;-1;"2026-08-05 09:34:08";2;"DEFERIDO";"-1";"#NULO";"-1";"#NULO";-1;"#NULO";-1;"#NULO";-1;"#NULO";2;"MASCULINO";"3";"PARDA"
"02/09/2026";"08:30:36";2026;6259;40002542682;-3;"#NE";1;"BRASILEIRA NATA";-3;"MANAUS";"31";"N";-1;"#NULO";"1270629.01";"#NE";"N";"-1";"06005640220266040000";"-3";"#NE";"-3";"#NE";"SIM";"#NULO";-1;"#NULO";"N";"N";-1;-1;"2026-08-08 08:54:07";2;"DEFERIDO";"-1";"#NULO";"-1";"#NULO";-1;"#NULO";-1;"#NULO";-1;"#NULO";2;"MASCULINO";"3";"PARDA"
"02/09/2026";"08:30:36";2026;6259;40002546984;-3;"#NE";1;"BRASILEIRA NATA";-3;"MANAUS";"46";"N";-1;"#NULO";"1270629.01";"#NE";"S";"-1";"06006653920266040000";"-3";"#NE";"-3";"#NE";"NÃO";"#NULO";-1;"#NULO";"N";"N";-1;-1;"2026-08-10 18:33:55";8;"AGUARDANDO JULGAMENTO";"-1";"#NULO";"-1";"#NULO";-1;"#NULO";-1;"#NULO";-1;"#NULO";2;"MASCULINO";"1";"BRANCA"
"02/09/2026";"08:30:36";2026;6259;40002535270;-3;"#NE";1;"BRASILEIRA NATA";-3;"PARINTINS";"48";"N";-1;"#NULO";"3811887.03";"#NE";"S";"-1";"06003718420266040000";"-3";"#NE";"-3";"#NE";"NÃO";"#NULO";-1;"#NULO";"N";"N";-1;-1;"2026-08-03 11:38:38";8;"AGUARDANDO JULGAMENTO";"-1";"#NULO";"-1";"#NULO";-1;"#NULO";-1;"#NULO";-1;"#NULO";2;"MASCULINO";"3";"PARDA"
"02/09/2026";"08:30:36";2026;6259;40002551305;-3;"#NE";1;"BRASILEIRA NATA";-3;"CODAJÁS";"47";"N";0;"NÃO INFORMADO";"1270629.01";"#NE";"S";"-1";"06007797520266040000";"-3";"#NE";"-3";"#NE";"NÃO";"#NULO";-1;"#NULO";"N";"N";-1;-1;"2026-08-14 09:09:58";8;"AGUARDANDO JULGAMENTO";"-1";"#NULO";"-1";"#NULO";-1;"#NULO";-1;"#NULO";-1;"#NULO";2;"MASCULINO";"3";"PARDA"
"02/09/2026";"08:30:36";2026;6259;40002541611;-3;"#NE";1;"BRASILEIRA NATA";-3;"CARAUARI";"68";"N";-1;"#NULO";"1270629.01";"#NE";"N";"-1";"06005380420266040000";"-3";"#NE";"-3";"#NE";"SIM";"#NULO";-1;"#NULO";"N";"N";-1;-1;"2026-08-07 14:33:06";2;"DEFERIDO";"-1";"#NULO";"-1";"#NULO";-1;"#NULO";-1;"#NULO";-1;"#NULO";4;"FEMININO";"3";"PARDA"
"02/09/2026";"08:30:36";2026;6259;40002541615;-3;"#NE";1;"BRASILEIRA NATA";-3;"MANAUS";"61";"N";-1;"#NULO";"1270629.01";"#NE";"S";"-1";"06005233520266040000";"-3";"#NE";"-3";"#NE";"SIM";"#NULO";-1;"#NULO";"N";"N";-1;-1;"2026-08-07 14:33:06";2;"DEFERIDO";"-1";"#NULO";"-1";"#NULO";-1;"#NULO";-1;"#NULO";-1;"#NULO";2;"MASCULINO";"3";"PARDA"
"02/09/2026";"08:30:36";2026;6259;40002536435;-3;"#NE";1;"BRASILEIRA NATA";-3;"MANAUS";"52";"N";-1;"#NULO";"3176572.53";"#NE";"S";"-1";"06003760920266040000";"-3";"#NE";"-3";"#NE";"SIM";"#NULO";-1;"#NULO";"N";"N";-1;-1;"2026-08-03 15:16:02";2;"DEFERIDO";"-1";"#NULO";"-1";"#NULO";-1;"#NULO";-1;"#NULO";-1;"#NULO";2;"MASCULINO";"1";"BRANCA"
"02/09/2026";"08:30:36";2026;6259;40002532743;-3;"#NE";1;"BRASILEIRA NATA";-3;"MANAUS";"58";"N";0;"NÃO INFORMADO";"1270629.01";"#NE";"S";"-1";"06002427920266040000";"-3";"#NE";"-3";"#NE";"SIM";"#NULO";-1;"#NULO";"N";"N";-1;-1;"2026-07-28 07:26:32";2;"DEFERIDO";"-1";"#NULO";"-1";"#NULO";-1;"#NULO";-1;"#NULO";-1;"#NULO";2;"MASCULINO";"3";"PARDA"
"02/09/2026";"08:30:36";2026;6259;40002536489;-3;"#NE";1;"BRASILEIRA NATA";-3;"TEFÉ";"39";"N";0;"NÃO INFORMADO";"1270629.01";"#NE";"S";"-1";"06004194320266040000";"-3";"#NE";"-3";"#NE";"SIM";"#NULO";-1;"#NULO";"N";"N";-1;-1;"2026-08-04 15:27:08";2;"DEFERIDO";"-1";"#NULO";"-1";"#NULO";-1;"#NULO";-1;"#NULO";-1;"#NULO";4;"FEMININO";"2";"PRETA"
"02/09/2026";"08:30:36";2026;6259;40002536907;-3;"#NE";1;"BRASILEIRA NATA";-3;"MANAUS";"34";"N";-1;"#NULO";"1270629.01";"#NE";"S";"-1";"06004307220266040000";"-3";"#NE";"-3";"#NE";"SIM";"#NULO";-1;"#NULO";"N";"N";-1;-1;"2026-08-04 15:27:31";2;"DEFERIDO";"-1";"#NULO";"-1";"#NULO";-1;"#NULO";-1;"#NULO";-1;"#NULO";2;"MASCULINO";"1";"BRANCA"
"02/09/2026";"08:30:36";2026;6259;40002532784;-3;"#NE";1;"BRASILEIRA NATA";-3;"BENJAMIN CONSTANT";"52";"N";-1;"#NULO";"1270629.01";"#NE";"N";"-1";"06002817620266040000";"-3";"#NE";"-3";"#NE";"SIM";"#NULO";-1;"#NULO";"N";"N";-1;-1;"2026-07-28 07:28:15";2;"DEFERIDO";"-1";"#NULO";"-1";"#NULO";-1;"#NULO";-1;"#NULO";-1;"#NULO";4;"FEMININO";"3";"PARDA"
"02/09/2026";"08:30:36";2026;6259;40002542962;-3;"#NE";1;"BRASILEIRA NATA";-3;"MANAUS";"49";"N";-1;"#NULO";"1270629.01";"#NE";"S";"-1";"06006307920266040000";"-3";"#NE";"-3";"#NE";"NÃO";"#NULO";-1;"#NULO";"N";"N";-1;-1;"2026-08-08 15:10:09";8;"AGUARDANDO JULGAMENTO";"-1";"#NULO";"-1";"#NULO";-1;"#NULO";-1;"#NULO";-1;"#NULO";2;"MASCULINO";"3";"PARDA"
"02/09/2026";"08:30:36";2026;6259;40002541617;-3;"#NE";1;"BRASILEIRA NATA";-3;"ITACOATIARA";"57";"N";-1;"#NULO";"3176572.53";"#NE";"S";"-1";"06005484820266040000";"-3";"#NE";"-3";"#NE";"NÃO";"#NULO";-1;"#NULO";"N";"N";-1;-1;"2026-08-07 14:32:11";8;"AGUARDANDO JULGAMENTO";"-1";"#NULO";"-1";"#NULO";-1;"#NULO";-1;"#NULO";-1;"#NULO";4;"FEMININO";"3";"PARDA"
"02/09/2026";"08:30:36";2026;6259;40002541618;-3;"#NE";1;"BRASILEIRA NATA";-3;"ITACOATIARA";"63";"N";-1;"#NULO";"3176572.53";"#NE";"N";"-1";"06005501820266040000";"-3";"#NE";"-3";"#NE";"SIM";"#NULO";-1;"#NULO";"N";"N";-1;-1;"2026-08-07 14:32:11";2;"DEFERIDO";"-1";"#NULO";"-1";"#NULO";-1;"#NULO";-1;"#NULO";-1;"#NULO";2;"MASCULINO";"3";"PARDA"
"02/09/2026";"08:30:36";2026;6259;40002533210;-3;"#NE";1;"BRASILEIRA NATA";-3;"BOA VISTA";"64";"N";0;"NÃO INFORMADO";"3176572.53";"#NE";"S";"-1";"06003008220266040000";"-3";"#NE";"-3";"#NE";"NÃO";"#NULO";-1;"#NULO";"N";"N";-1;-1;"2026-07-30 13:15:54";8;"AGUARDANDO JULGAMENTO";"-1";"#NULO";"-1";"#NULO";-1;"#NULO";-1;"#NULO";-1;"#NULO";2;"MASCULINO";"3";"PARDA"
"02/09/2026";"08:30:36";2026;6259;40002536432;-3;"#NE";1;"BRASILEIRA NATA";-3;"MANAUS";"32";"N";0;"NÃO INFORMADO";"3176572.53";"#NE";"S";"-1";"06003821620266040000";"-3";"#NE";"-3";"#NE";"SIM";"#NULO";-1;"#NULO";"N";"N";-1;-1;"2026-08-03 15:16:02";2;"DEFERIDO";"-1";"#NULO";"-1";"#NULO";-1;"#NULO";-1;"#NULO";-1;"#NULO";4;"FEMININO";"1";"BRANCA"
"02/09/2026";"08:30:36";2026;6259;40002554167;-3;"#NE";1;"BRASILEIRA NATA";-3;"SÃO PAULO DE OLIVENÇA";"68";"N";55;"TIKÚNA";"1270629.01";"#NE";"N";"-1";"06009052820266040000";"-3";"#NE";"-3";"#NE";"NÃO";"#NULO";-1;"#NULO";"N";"N";-1;-1;"2026-08-22 23:00:12";8;"AGUARDANDO JULGAMENTO";"-1";"#NULO";"-1";"#NULO";-1;"#NULO";-1;"#NULO";-1;"#NULO";-1;"#NULO";"-1";"#NULO"
"02/09/2026";"08:30:36";2026;6259;40002531438;-3;"#NE";1;"BRASILEIRA NATA";-3;"AMATURÁ";"39";"N";169;"WITÓTO";"3176572.53";"#NE";"S";"-1";"06002228820266040000";"-3";"#NE";"-3";"#NE";"SIM";"#NULO";-1;"#NULO";"N";"N";-1;-1;"2026-07-27 08:46:02";2;"DEFERIDO";"-1";"#NULO";"-1";"#NULO";-1;"#NULO";-1;"#NULO";-1;"#NULO";4;"FEMININO";"5";"INDÍGENA"
"02/09/2026";"08:30:36";2026;6259;40002532272;-3;"#NE";1;"BRASILEIRA NATA";-3;"SÃO PAULO";"68";"N";0;"NÃO INFORMADO";"7115522.46";"#NE";"S";"-1";"06002964520266040000";"-3";"#NE";"-3";"#NE";"SIM";"#NULO";-1;"#NULO";"N";"N";-1;-1;"2026-07-29 14:04:06";2;"DEFERIDO";"-1";"#NULO";"-1";"#NULO";-1;"#NULO";-1;"#NULO";-1;"#NULO";2;"MASCULINO";"1";"BRANCA"
"02/09/2026";"08:30:36";2026;6259;40002550775;-3;"#NE";1;"BRASILEIRA NATA";-3;"MANACAPURU";"31";"N";-1;"#NULO";"-1";"#NE";"N";"-1";"06007433320266040000";"-3";"#NE";"-3";"#NE";"NÃO";"#NULO";-1;"#NULO";"N";"N";-1;-1;"2026-08-13 09:01:28";8;"AGUARDANDO JULGAMENTO";"-1";"#NULO";"-1";"#NULO";-1;"#NULO";-1;"#NULO";-1;"#NULO";2;"MASCULINO";"2";"PRETA"
"02/09/2026";"08:30:36";2026;6259;40002536493;-3;"#NE";1;"BRASILEIRA NATA";-3;"ITACOATIARA";"58";"N";0;"NÃO INFORMADO";"1270629.01";"#NE";"S";"-1";"06004185820266040000";"-3";"#NE";"-3";"#NE";"NÃO";"#NULO";-1;"#NULO";"N";"N";-1;-1;"2026-08-04 15:27:08";8;"AGUARDANDO JULGAMENTO";"-1";"#NULO";"-1";"#NULO";-1;"#NULO";-1;"#NULO";-1;"#NULO";2;"MASCULINO";"3";"PARDA"
"02/09/2026";"08:30:36";2026;6259;40002551010;-3;"#NE";1;"BRASILEIRA NATA";-3;"SANTARÉM";"49";"N";0;"NÃO INFORMADO";"3176572.53";"#NE";"N";"-1";"06007571720266040000";"-3";"#NE";"-3";"#NE";"NÃO";"#NULO";-1;"#NULO";"N";"N";-1;-1;"2026-08-13 13:52:24";8;"AGUARDANDO JULGAMENTO";"-1";"#NULO";"-1";"#NULO";-1;"#NULO";-1;"#NULO";-1;"#NULO";2;"MASCULINO";"2";"PRETA"
"02/09/2026";"08:30:36";2026;6259;40002541588;-3;"#NE";1;"BRASILEIRA NATA";-3;"SANTARÉM";"40";"N";-1;"#NULO";"3176572.53";"#NE";"N";"-1";"06005138820266040000";"-3";"#NE";"-3";"#NE";"SIM";"#NULO";-1;"#NULO";"N";"N";-1;-1;"2026-08-07 14:32:54";2;"DEFERIDO";"-1";"#NULO";"-1";"#NULO";-1;"#NULO";-1;"#NULO";-1;"#NULO";2;"MASCULINO";"3";"PARDA"
"02/09/2026";"08:30:36";2026;6259;40002535268;-3;"#NE";1;"BRASILEIRA NATA";-3;"FORTALEZA";"59";"N";-1;"#NULO";"1270629.01";"#NE";"S";"-1";"06003544820266040000";"-3";"#NE";"-3";"#NE";"NÃO";"#NULO";-1;"#NULO";"N";"N";-1;-1;"2026-08-03 11:40:31";8;"AGUARDANDO JULGAMENTO";"-1";"#NULO";"-1";"#NULO";-1;"#NULO";-1;"#NULO";-1;"#NULO";4;"FEMININO";"3";"PARDA"
"02/09/2026";"08:30:36";2026;6259;40002534386;-3;"#NE";1;"BRASILEIRA NATA";-3;"ITACOATIARA";"56";"N";-1;"#NULO";"1270629.01";"#NE";"S";"-1";"06003328720266040000";"-3";"#NE";"-3";"#NE";"NÃO";"#NULO";-1;"#NULO";"N";"N";-1;-1;"2026-07-31 08:18:01";8;"AGUARDANDO JULGAMENTO";"-1";"#NULO";"-1";"#NULO";-1;"#NULO";-1;"#NULO";-1;"#NULO";2;"MASCULINO";"3";"PARDA"
"02/09/2026";"08:30:36";2026;6259;40002534383;-3;"#NE";1;"BRASILEIRA NATA";-3;"BENJAMIN CONSTANT";"67";"N";0;"NÃO INFORMADO";"1270629.01";"#NE";"S";"-1";"06003302020266040000";"-3";"#NE";"-3";"#NE";"NÃO";"#NULO";-1;"#NULO";"N";"N";-1;-1;"2026-07-31 08:18:01";8;"AGUARDANDO JULGAMENTO";"-1";"#NULO";"-1";"#NULO";-1;"#NULO";-1;"#NULO";-1;"#NULO";2;"MASCULINO";"3";"PARDA"
"02/09/2026";"08:30:36";2026;6259;40002541600;-3;"#NE";1;"BRASILEIRA NATA";-3;"MANAUS";"60";"N";0;"NÃO INFORMADO";"1270629.01";"#NE";"N";"-1";"06005250520266040000";"-3";"#NE";"-3";"#NE";"SIM";"#NULO";-1;"#NULO";"N";"N";-1;-1;"2026-08-07 14:33:06";2;"DEFERIDO";"-1";"#NULO";"-1";"#NULO";-1;"#NULO";-1;"#NULO";-1;"#NULO";4;"FEMININO";"1";"BRANCA"
"02/09/2026";"08:30:36";2026;6259;40002532751;-3;"#NE";1;"BRASILEIRA NATA";-3;"COARI";"58";"N";0;"NÃO INFORMADO";"1270629.01";"#NE";"S";"-1";"06002332020266040000";"-3";"#NE";"-3";"#NE";"SIM";"#NULO";-1;"#NULO";"N";"N";-1;-1;"2026-07-28 07:26:32";2;"DEFERIDO";"-1";"#NULO";"-1";"#NULO";-1;"#NULO";-1;"#NULO";-1;"#NULO";2;"MASCULINO";"1";"BRANCA"
"02/09/2026";"08:30:36";2026;6259;40002542673;-3;"#NE";1;"BRASILEIRA NATA";-3;"MANAUS";"42";"N";-1;"#NULO";"3176572.53";"#NE";"S";"-1";"06006012920266040000";"-3";"#NE";"-3";"#NE";"SIM";"#NULO";-1;"#NULO";"N";"N";-1;-1;"2026-08-08 08:52:35";2;"DEFERIDO";"-1";"#NULO";"-1";"#NULO";-1;"#NULO";-1;"#NULO";-1;"#NULO";4;"FEMININO";"3";"PARDA"
"02/09/2026";"08:30:36";2026;6259;40002545606;-3;"#NE";1;"BRASILEIRA NATA";-3;"SÃO GABRIEL DA CACHOEIRA";"54";"N";105;"TARIANA";"1270629.01";"#NE";"S";"-1";"06006775320266040000";"-3";"#NE";"-3";"#NE";"NÃO";"#NULO";-1;"#NULO";"N";"N";-1;-1;"2026-08-11 07:08:07";8;"AGUARDANDO JULGAMENTO";"-1";"#NULO";"-1";"#NULO";-1;"#NULO";-1;"#NULO";-1;"#NULO";2;"MASCULINO";"5";"INDÍGENA"
"02/09/2026";"08:30:36";2026;6259;40002554166;-3;"#NE";1;"BRASILEIRA NATA";-3;"MANAUS";"37";"N";-1;"#NULO";"1270629.01";"#NE";"N";"-1";"06009088020266040000";"-3";"#NE";"-3";"#NE";"NÃO";"#NULO";-1;"#NULO";"N";"N";-1;-1;"2026-08-22 23:00:12";8;"AGUARDANDO JULGAMENTO";"-1";"#NULO";"-1";"#NULO";-1;"#NULO";-1;"#NULO";-1;"#NULO";-1;"#NULO";"-1";"#NULO"
"02/09/2026";"08:30:36";2026;6259;40002536086;-3;"#NE";1;"BRASILEIRA NATA";-3;"MANAUS";"57";"N";0;"NÃO INFORMADO";"7115522.46";"#NE";"S";"-1";"06003475620266040000";"-3";"#NE";"-3";"#NE";"SIM";"#NULO";-1;"#NULO";"N";"N";-1;-1;"2026-08-03 11:39:54";2;"DEFERIDO";"-1";"#NULO";"-1";"#NULO";-1;"#NULO";-1;"#NULO";-1;"#NULO";2;"MASCULINO";"3";"PARDA"
"02/09/2026";"08:30:36";2026;6259;40002550804;-3;"#NE";1;"BRASILEIRA NATA";-3;"MANAUS";"45";"N";-1;"#NULO";"-1";"#NE";"S";"-1";"06007468520266040000";"-3";"#NE";"-3";"#NE";"NÃO";"#NULO";-1;"#NULO";"N";"N";-1;-1;"2026-08-13 09:59:57";8;"AGUARDANDO JULGAMENTO";"-1";"#NULO";"-1";"#NULO";-1;"#NULO";-1;"#NULO";-1;"#NULO";2;"MASCULINO";"1";"BRANCA"
"02/09/2026";"08:30:36";2026;6259;40002551011;-3;"#NE";1;"BRASILEIRA NATA";-3;"SÃO PAULO";"56";"N";-1;"#NULO";"3176572.53";"#NE";"S";"-1";"06007537720266040000";"-3";"#NE";"-3";"#NE";"NÃO";"#NULO";-1;"#NULO";"N";"N";-1;-1;"2026-08-13 13:52:24";8;"AGUARDANDO JULGAMENTO";"-1";"#NULO";"-1";"#NULO";-1;"#NULO";-1;"#NULO";-1;"#NULO";2;"MASCULINO";"4";"AMARELA"
"02/09/2026";"08:30:36";2026;6259;40002536490;-3;"#NE";1;"BRASILEIRA NATA";-3;"RUSSAS";"44";"N";-1;"#NULO";"1270629.01";"#NE";"S";"-1";"06004038920266040000";"-3";"#NE";"-3";"#NE";"SIM";"#NULO";-1;"#NULO";"N";"N";-1;-1;"2026-08-04 15:27:08";2;"DEFERIDO";"-1";"#NULO";"-1";"#NULO";-1;"#NULO";-1;"#NULO";-1;"#NULO";4;"FEMININO";"1";"BRANCA"
"02/09/2026";"08:30:36";2026;6259;40002554164;-3;"#NE";1;"BRASILEIRA NATA";-3;"MANAUS";"46";"N";-1;"#NULO";"1270629.01";"#NE";"S";"-1";"06008845220266040000";"-3";"#NE";"-3";"#NE";"NÃO";"#NULO";-1;"#NULO";"N";"N";40002536895;-1;"2026-08-21 14:48:02";8;"AGUARDANDO JULGAMENTO";"-1";"#NULO";"-1";"#NULO";-1;"#NULO";-1;"#NULO";-1;"#NULO";-1;"#NULO";"-1";"#NULO"
"02/09/2026";"08:30:36";2026;6259;40002536891;-3;"#NE";1;"BRASILEIRA NATA";-3;"CAXIAS";"33";"N";-1;"#NULO";"1270629.01";"#NE";"S";"-1";"06004437120266040000";"-3";"#NE";"-3";"#NE";"SIM";"#NULO";-1;"#NULO";"N";"N";-1;-1;"2026-08-04 15:27:31";2;"DEFERIDO";"-1";"#NULO";"-1";"#NULO";-1;"#NULO";-1;"#NULO";-1;"#NULO";2;"MASCULINO";"3";"PARDA"
"02/09/2026";"08:30:36";2026;6259;40002532776;-3;"#NE";1;"BRASILEIRA NATA";-3;"MANAUS";"36";"N";0;"NÃO INFORMADO";"1270629.01";"#NE";"S";"-1";"06002843120266040000";"-3";"#NE";"-3";"#NE";"SIM";"#NULO";-1;"#NULO";"N";"N";-1;-1;"2026-07-28 07:28:15";2;"DEFERIDO";"-1";"#NULO";"-1";"#NULO";-1;"#NULO";-1;"#NULO";-1;"#NULO";4;"FEMININO";"3";"PARDA"
"02/09/2026";"08:30:36";2026;6259;40002542686;-3;"#NE";1;"BRASILEIRA NATA";-3;"FORTALEZA";"44";"N";0;"NÃO INFORMADO";"3811887.03";"#NE";"S";"-1";"06005700920266040000";"-3";"#NE";"-3";"#NE";"NÃO";"#NULO";-1;"#NULO";"N";"N";-1;-1;"2026-08-08 08:54:29";8;"AGUARDANDO JULGAMENTO";"-1";"#NULO";"-1";"#NULO";-1;"#NULO";-1;"#NULO";-1;"#NULO";2;"MASCULINO";"1";"BRANCA"
"02/09/2026";"08:30:36";2026;6259;40002536439;-3;"#NE";1;"BRASILEIRA NATA";-3;"ÓBIDOS";"51";"N";0;"NÃO INFORMADO";"3176572.53";"#NE";"S";"-1";"06003813120266040000";"-3";"#NE";"-3";"#NE";"SIM";"#NULO";-1;"#NULO";"N";"N";-1;-1;"2026-08-03 15:16:02";2;"DEFERIDO";"-1";"#NULO";"-1";"#NULO";-1;"#NULO";-1;"#NULO";-1;"#NULO";4;"FEMININO";"3";"PARDA"
"02/09/2026";"08:30:36";2026;6259;40002536438;-3;"#NE";1;"BRASILEIRA NATA";-3;"ITACOATIARA";"75";"N";-1;"#NULO";"3176572.53";"#NE";"S";"-1";"06003796120266040000";"-3";"#NE";"-3";"#NE";"SIM";"#NULO";-1;"#NULO";"N";"N";-1;-1;"2026-08-03 15:16:02";2;"DEFERIDO";"-1";"#NULO";"-1";"#NULO";-1;"#NULO";-1;"#NULO";-1;"#NULO";4;"FEMININO";"3";"PARDA"
"02/09/2026";"08:30:36";2026;6259;40002542674;-3;"#NE";1;"BRASILEIRA NATA";-3;"MANAUS";"54";"N";0;"NÃO INFORMADO";"3176572.53";"#NE";"S";"-1";"06006021420266040000";"-3";"#NE";"-3";"#NE";"SIM";"#NULO";-1;"#NULO";"N";"N";-1;-1;"2026-08-08 08:52:35";2;"DEFERIDO";"-1";"#NULO";"-1";"#NULO";-1;"#NULO";-1;"#NULO";-1;"#NULO";2;"MASCULINO";"3";"PARDA"
"02/09/2026";"08:30:36";2026;6259;40002536083;-3;"#NE";1;"BRASILEIRA NATA";-3;"MANAUS";"50";"N";-1;"#NULO";"3176572.53";"#NE";"S";"-1";"06003588520266040000";"-3";"#NE";"-3";"#NE";"SIM";"#NULO";-1;"#NULO";"N";"N";-1;-1;"2026-08-03 11:40:19";2;"DEFERIDO";"-1";"#NULO";"-1";"#NULO";-1;"#NULO";-1;"#NULO";-1;"#NULO";4;"FEMININO";"3";"PARDA"
"02/09/2026";"08:30:36";2026;6259;40002540479;-3;"#NE";1;"BRASILEIRA NATA";-3;"MANAUS";"40";"N";-1;"#NULO";"3176572.53";"#NE";"S";"-1";"06005034420266040000";"-3";"#NE";"-3";"#NE";"NÃO";"#NULO";-1;"#NULO";"N";"N";-1;-1;"2026-08-07 09:26:23";8;"AGUARDANDO JULGAMENTO";"-1";"#NULO";"-1";"#NULO";-1;"#NULO";-1;"#NULO";-1;"#NULO";4;"FEMININO";"3";"PARDA"
"02/09/2026";"08:30:36";2026;6259;40002532755;-3;"#NE";1;"BRASILEIRA NATA";-3;"BELÉM";"68";"N";0;"NÃO INFORMADO";"1270629.01";"#NE";"S";"-1";"06002488620266040000";"-3";"#NE";"-3";"#NE";"SIM";"#NULO";-1;"#NULO";"N";"N";-1;-1;"2026-07-28 07:26:32";2;"DEFERIDO";"-1";"#NULO";"-1";"#NULO";-1;"#NULO";-1;"#NULO";-1;"#NULO";4;"FEMININO";"3";"PARDA"
"02/09/2026";"08:30:36";2026;6259;40002545613;-3;"#NE";1;"BRASILEIRA NATA";-3;"MONTENEGRO";"62";"N";0;"NÃO INFORMADO";"1270629.01";"#NE";"S";"-1";"06006836020266040000";"-3";"#NE";"-3";"#NE";"SIM";"#NULO";-1;"#NULO";"N";"N";-1;-1;"2026-08-11 07:08:07";2;"DEFERIDO";"-1";"#NULO";"-1";"#NULO";-1;"#NULO";-1;"#NULO";-1;"#NULO";2;"MASCULINO";"1";"BRANCA"
"02/09/2026";"08:30:36";2026;6259;40002532763;-3;"#NE";1;"BRASILEIRA NATA";-3;"FONTE BOA";"76";"N";0;"NÃO INFORMADO";"3176572.53";"#NE";"S";"-1";"06002557820266040000";"-3";"#NE";"-3";"#NE";"SIM";"#NULO";-1;"#NULO";"N";"N";-1;-1;"2026-07-28 07:27:15";2;"DEFERIDO";"-1";"#NULO";"-1";"#NULO";-1;"#NULO";-1;"#NULO";-1;"#NULO";2;"MASCULINO";"1";"BRANCA"
"02/09/2026";"08:30:36";2026;6259;40002549904;-3;"#NE";1;"BRASILEIRA NATA";-3;"MANAUS";"53";"N";-1;"#NULO";"3176572.53";"#NE";"N";"-1";"06007277920266040000";"-3";"#NE";"-3";"#NE";"SIM";"#NULO";-1;"#NULO";"N";"N";-1;-1;"2026-08-12 09:09:28";2;"DEFERIDO";"-1";"#NULO";"-1";"#NULO";-1;"#NULO";-1;"#NULO";-1;"#NULO";4;"FEMININO";"3";"PARDA"
"02/09/2026";"08:30:36";2026;6259;40002546997;-3;"#NE";1;"BRASILEIRA NATA";-3;"BELÉM";"52";"N";0;"NÃO INFORMADO";"1270629.01";"#NE";"N";"-1";"06006670920266040000";"-3";"#NE";"-3";"#NE";"NÃO";"#NULO";-1;"#NULO";"N";"N";-1;-1;"2026-08-10 18:33:55";8;"AGUARDANDO JULGAMENTO";"-1";"#NULO";"-1";"#NULO";-1;"#NULO";-1;"#NULO";-1;"#NULO";4;"FEMININO";"3";"PARDA"
"02/09/2026";"08:30:36";2026;6259;40002551006;-3;"#NE";1;"BRASILEIRA NATA";-3;"MANAUS";"40";"N";-1;"#NULO";"3176572.53";"#NE";"N";"-1";"06007580220266040000";"-3";"#NE";"-3";"#NE";"NÃO";"#NULO";-1;"#NULO";"N";"N";-1;-1;"2026-08-13 13:52:24";8;"AGUARDANDO JULGAMENTO";"-1";"#NULO";"-1";"#NULO";-1;"#NULO";-1;"#NULO";-1;"#NULO";4;"FEMININO";"3";"PARDA"
"02/09/2026";"08:30:36";2026;6259;40002541583;-3;"#NE";1;"BRASILEIRA NATA";-3;"CODAJÁS";"51";"N";-1;"#NULO";"3176572.53";"#NE";"N";"-1";"06005147320266040000";"-3";"#NE";"-3";"#NE";"SIM";"#NULO";-1;"#NULO";"N";"N";-1;-1;"2026-08-07 14:32:54";2;"DEFERIDO";"-1";"#NULO";"-1";"#NULO";-1;"#NULO";-1;"#NULO";-1;"#NULO";4;"FEMININO";"1";"BRANCA"
"02/09/2026";"08:30:36";2026;6259;40002552158;-3;"#NE";2;"BRASILEIRA (NATURALIZADA)";-3;"MANAUS";"44";"N";0;"NÃO INFORMADO";"1270629.01";"#NE";"N";"-1";"06007918920266040000";"-3";"#NE";"-3";"#NE";"NÃO";"#NULO";-1;"#NULO";"N";"N";-1;-1;"2026-08-14 17:50:07";8;"AGUARDANDO JULGAMENTO";"-1";"#NULO";"-1";"#NULO";-1;"#NULO";-1;"#NULO";-1;"#NULO";4;"FEMININO";"1";"BRANCA"
"02/09/2026";"08:30:36";2026;6259;40002536894;-3;"#NE";1;"BRASILEIRA NATA";-3;"MANAUS";"56";"N";-1;"#NULO";"1270629.01";"#NE";"S";"-1";"06004401920266040000";"-3";"#NE";"-3";"#NE";"SIM";"#NULO";-1;"#NULO";"N";"N";-1;-1;"2026-08-04 15:27:31";2;"DEFERIDO";"-1";"#NULO";"-1";"#NULO";-1;"#NULO";-1;"#NULO";-1;"#NULO";4;"FEMININO";"1";"BRANCA"
"02/09/2026";"08:30:36";2026;6259;40002532786;-3;"#NE";1;"BRASILEIRA NATA";-3;"ENVIRA";"45";"N";-1;"#NULO";"1270629.01";"#NE";"S";"-1";"06002679220266040000";"-3";"#NE";"-3";"#NE";"SIM";"#NULO";-1;"#NULO";"N";"N";-1;-1;"2026-07-28 07:28:15";2;"DEFERIDO";"-1";"#NULO";"-1";"#NULO";-1;"#NULO";-1;"#NULO";-1;"#NULO";4;"FEMININO";"1";"BRANCA"
"02/09/2026";"08:30:36";2026;6259;40002537626;-3;"#NE";1;"BRASILEIRA NATA";-3;"SANTARÉM";"57";"N";-1;"#NULO";"1270629.01";"#NE";"S";"-1";"06004653220266040000";"-3";"#NE";"-3";"#NE";"SIM";"#NULO";-1;"#NULO";"N";"N";-1;-1;"2026-08-05 09:34:08";2;"DEFERIDO";"-1";"#NULO";"-1";"#NULO";-1;"#NULO";-1;"#NULO";-1;"#NULO";4;"FEMININO";"1";"BRANCA"
"02/09/2026";"08:30:36";2026;6259;40002537352;-3;"#NE";1;"BRASILEIRA NATA";-3;"MANAUS";"41";"N";-1;"#NULO";"1270629.01";"#NE";"N";"-1";"06004713920266040000";"-3";"#NE";"-3";"#NE";"SIM";"#NULO";-1;"#NULO";"N";"N";-1;-1;"2026-08-05 09:34:08";2;"DEFERIDO";"-1";"#NULO";"-1";"#NULO";-1;"#NULO";-1;"#NULO";-1;"#NULO";4;"FEMININO";"1";"BRANCA"
"02/09/2026";"08:30:36";2026;6259;40002534384;-3;"#NE";1;"BRASILEIRA NATA";-3;"BOCA DO ACRE";"48";"N";-1;"#NULO";"1270629.01";"#NE";"N";"-1";"06003268020266040000";"-3";"#NE";"-3";"#NE";"NÃO";"#NULO";-1;"#NULO";"N";"N";-1;-1;"2026-07-31 08:18:01";6;"RENÚNCIA";"-1";"#NULO";"-1";"#NULO";-1;"#NULO";-1;"#NULO";-1;"#NULO";4;"FEMININO";"1";"BRANCA"
"02/09/2026";"08:30:36";2026;6259;40002535391;-3;"#NE";1;"BRASILEIRA NATA";-3;"NOVO ARIPUANÃ";"60";"N";-1;"#NULO";"3811887.03";"#NE";"N";"-1";"06003467120266040000";"-3";"#NE";"-3";"#NE";"SIM";"#NULO";-1;"#NULO";"N";"N";-1;-1;"2026-08-03 11:38:26";2;"DEFERIDO";"-1";"#NULO";"-1";"#NULO";-1;"#NULO";-1;"#NULO";-1;"#NULO";2;"MASCULINO";"3";"PARDA"
"02/09/2026";"08:30:36";2026;6259;40002542958;-3;"#NE";1;"BRASILEIRA NATA";-3;"MANAUS";"49";"N";0;"NÃO INFORMADO";"1270629.01";"#NE";"S";"-1";"06006195020266040000";"-3";"#NE";"-3";"#NE";"NÃO";"#NULO";-1;"#NULO";"N";"N";-1;-1;"2026-08-08 15:10:09";8;"AGUARDANDO JULGAMENTO";"-1";"#NULO";"-1";"#NULO";-1;"#NULO";-1;"#NULO";-1;"#NULO";2;"MASCULINO";"1";"BRANCA"
"02/09/2026";"08:30:36";2026;6259;40002533205;-3;"#NE";1;"BRASILEIRA NATA";-3;"MANAUS";"47";"N";-1;"#NULO";"3176572.53";"#NE";"S";"-1";"06003042220266040000";"-3";"#NE";"-3";"#NE";"NÃO";"#NULO";-1;"#NULO";"N";"N";-1;-1;"2026-07-30 13:15:54";8;"AGUARDANDO JULGAMENTO";"-1";"#NULO";"-1";"#NULO";-1;"#NULO";-1;"#NULO";-1;"#NULO";4;"FEMININO";"3";"PARDA"
"02/09/2026";"08:30:36";2026;6259;40002551307;-3;"#NE";1;"BRASILEIRA NATA";-3;"SÃO PAULO DE OLIVENÇA";"57";"N";-1;"#NULO";"1270629.01";"#NE";"N";"-1";"06007858220266040000";"-3";"#NE";"-3";"#NE";"NÃO";"#NULO";-1;"#NULO";"N";"N";-1;-1;"2026-08-14 09:09:58";8;"AGUARDANDO JULGAMENTO";"-1";"#NULO";"-1";"#NULO";-1;"#NULO";-1;"#NULO";-1;"#NULO";2;"MASCULINO";"3";"PARDA"
"02/09/2026";"08:30:36";2026;6259;40002551306;-3;"#NE";1;"BRASILEIRA NATA";-3;"MANAUS";"50";"N";-1;"#NULO";"1270629.01";"#NE";"N";"-1";"06007823020266040000";"-3";"#NE";"-3";"#NE";"NÃO";"#NULO";-1;"#NULO";"N";"N";-1;-1;"2026-08-14 09:09:58";8;"AGUARDANDO JULGAMENTO";"-1";"#NULO";"-1";"#NULO";-1;"#NULO";-1;"#NULO";-1;"#NULO";4;"FEMININO";"1";"BRANCA"
"02/09/2026";"08:30:36";2026;6259;40002533202;-3;"#NE";1;"BRASILEIRA NATA";-3;"MANAUS";"63";"N";-1;"#NULO";"3176572.53";"#NE";"S";"-1";"06003068920266040000";"-3";"#NE";"-3";"#NE";"NÃO";"#NULO";-1;"#NULO";"N";"N";-1;-1;"2026-07-30 13:15:54";8;"AGUARDANDO JULGAMENTO";"-1";"#NULO";"-1";"#NULO";-1;"#NULO";-1;"#NULO";-1;"#NULO";4;"FEMININO";"3";"PARDA"
"02/09/2026";"08:30:36";2026;6259;40002542663;-3;"#NE";1;"BRASILEIRA NATA";-3;"RUSSAS";"62";"N";-1;"#NULO";"1270629.01";"#NE";"S";"-1";"06005744620266040000";"-3";"#NE";"-3";"#NE";"SIM";"#NULO";-1;"#NULO";"N";"N";-1;-1;"2026-08-08 08:53:45";2;"DEFERIDO";"-1";"#NULO";"-1";"#NULO";-1;"#NULO";-1;"#NULO";-1;"#NULO";4;"FEMININO";"3";"PARDA"
"02/09/2026";"08:30:36";2026;6259;40002536082;-3;"#NE";1;"BRASILEIRA NATA";-3;"MANAUS";"64";"N";-1;"#NULO";"3176572.53";"#NE";"N";"-1";"06003622520266040000";"-3";"#NE";"-3";"#NE";"SIM";"#NULO";-1;"#NULO";"N";"N";-1;-1;"2026-08-03 11:40:19";2;"DEFERIDO";"-1";"#NULO";"-1";"#NULO";-1;"#NULO";-1;"#NULO";-1;"#NULO";2;"MASCULINO";"3";"PARDA"
"02/09/2026";"08:30:36";2026;6259;40002536454;-3;"#NE";1;"BRASILEIRA NATA";-3;"CODAJÁS";"62";"N";0;"NÃO INFORMADO";"3176572.53";"#NE";"S";"-1";"06003882320266040000";"-3";"#NE";"-3";"#NE";"SIM";"#NULO";-1;"#NULO";"N";"N";-1;-1;"2026-08-04 08:56:17";2;"DEFERIDO";"-1";"#NULO";"-1";"#NULO";-1;"#NULO";-1;"#NULO";-1;"#NULO";2;"MASCULINO";"3";"PARDA"
"02/09/2026";"08:30:36";2026;6259;40002545598;-3;"#NE";1;"BRASILEIRA NATA";-3;"TEFÉ";"53";"N";-1;"#NULO";"3176572.53";"#NE";"S";"-1";"06006948920266040000";"-3";"#NE";"-3";"#NE";"NÃO";"#NULO";-1;"#NULO";"N";"N";-1;-1;"2026-08-11 07:08:40";8;"AGUARDANDO JULGAMENTO";"-1";"#NULO";"-1";"#NULO";-1;"#NULO";-1;"#NULO";-1;"#NULO";4;"FEMININO";"2";"PRETA"
"02/09/2026";"08:30:36";2026;6259;40002532762;-3;"#NE";1;"BRASILEIRA NATA";-3;"EIRUNEPÉ";"72";"N";0;"NÃO INFORMADO";"3176572.53";"#NE";"S";"-1";"06002591820266040000";"-3";"#NE";"-3";"#NE";"SIM";"#NULO";-1;"#NULO";"N";"N";-1;-1;"2026-07-28 07:27:15";2;"DEFERIDO";"-1";"#NULO";"-1";"#NULO";-1;"#NULO";-1;"#NULO";-1;"#NULO";2;"MASCULINO";"1";"BRANCA"
"02/09/2026";"08:30:36";2026;6259;40002545612;-3;"#NE";1;"BRASILEIRA NATA";-3;"SANTARÉM";"63";"N";-1;"#NULO";"1270629.01";"#NE";"S";"-1";"06006783820266040000";"-3";"#NE";"-3";"#NE";"SIM";"#NULO";-1;"#NULO";"N";"N";-1;-1;"2026-08-11 07:08:07";2;"DEFERIDO";"-1";"#NULO";"-1";"#NULO";-1;"#NULO";-1;"#NULO";-1;"#NULO";2;"MASCULINO";"3";"PARDA"
"02/09/2026";"08:30:36";2026;6259;40002531445;-3;"#NE";1;"BRASILEIRA NATA";-3;"MANAUS";"35";"N";-1;"#NULO";"3176572.53";"#NE";"S";"-1";"06002237320266040000";"-3";"#NE";"-3";"#NE";"SIM";"#NULO";-1;"#NULO";"N";"N";-1;-1;"2026-07-27 08:46:02";2;"DEFERIDO";"-1";"#NULO";"-1";"#NULO";-1;"#NULO";-1;"#NULO";-1;"#NULO";2;"MASCULINO";"3";"PARDA"
"02/09/2026";"08:30:36";2026;6259;40002531444;-3;"#NE";1;"BRASILEIRA NATA";-3;"MANAUS";"51";"N";0;"NÃO INFORMADO";"3176572.53";"#NE";"S";"-1";"06002202120266040000";"-3";"#NE";"-3";"#NE";"SIM";"#NULO";-1;"#NULO";"N";"N";-1;-1;"2026-07-27 08:46:02";2;"DEFERIDO";"-1";"#NULO";"-1";"#NULO";-1;"#NULO";-1;"#NULO";-1;"#NULO";4;"FEMININO";"3";"PARDA"
"02/09/2026";"08:30:36";2026;6259;40002546986;-3;"#NE";1;"BRASILEIRA NATA";-3;"MANAUS";"45";"N";-1;"#NULO";"1270629.01";"#NE";"N";"-1";"06006576220266040000";"-3";"#NE";"-3";"#NE";"NÃO";"#NULO";-1;"#NULO";"N";"N";-1;-1;"2026-08-10 18:33:55";8;"AGUARDANDO JULGAMENTO";"-1";"#NULO";"-1";"#NULO";-1;"#NULO";-1;"#NULO";-1;"#NULO";4;"FEMININO";"3";"PARDA"
"02/09/2026";"08:30:36";2026;6259;40002546989;-3;"#NE";1;"BRASILEIRA NATA";-3;"MANAUS";"61";"N";-1;"#NULO";"1270629.01";"#NE";"S";"-1";"06006593220266040000";"-3";"#NE";"-3";"#NE";"NÃO";"#NULO";-1;"#NULO";"N";"N";-1;-1;"2026-08-10 18:33:55";8;"AGUARDANDO JULGAMENTO";"-1";"#NULO";"-1";"#NULO";-1;"#NULO";-1;"#NULO";-1;"#NULO";2;"MASCULINO";"3";"PARDA"
"02/09/2026";"08:30:36";2026;6259;40002541587;-3;"#NE";1;"BRASILEIRA NATA";-3;"SÃO DOMINGOS DO CAPIM";"51";"N";-1;"#NULO";"3176572.53";"#NE";"S";"-1";"06005155820266040000";"-3";"#NE";"-3";"#NE";"SIM";"#NULO";-1;"#NULO";"N";"N";-1;-1;"2026-08-07 14:32:54";2;"DEFERIDO";"-1";"#NULO";"-1";"#NULO";-1;"#NULO";-1;"#NULO";-1;"#NULO";4;"FEMININO";"3";"PARDA"
"02/09/2026";"08:30:36";2026;6259;40002532785;-3;"#NE";1;"BRASILEIRA NATA";-3;"CAREIRO DA VÁRZEA";"45";"N";-1;"#NULO";"1270629.01";"#NE";"S";"-1";"06002661020266040000";"-3";"#NE";"-3";"#NE";"SIM";"#NULO";-1;"#NULO";"N";"N";-1;-1;"2026-07-28 07:28:15";2;"DEFERIDO";"-1";"#NULO";"-1";"#NULO";-1;"#NULO";-1;"#NULO";-1;"#NULO";4;"FEMININO";"3";"PARDA"
"02/09/2026";"08:30:36";2026;6259;40002532773;-3;"#NE";1;"BRASILEIRA NATA";-3;"MANAUS";"47";"N";67;"MÚRA";"1270629.01";"#NE";"N";"-1";"06002756920266040000";"-3";"#NE";"-3";"#NE";"SIM";"#NULO";-1;"#NULO";"N";"N";-1;-1;"2026-07-28 07:28:15";2;"DEFERIDO";"-1";"#NULO";"-1";"#NULO";-1;"#NULO";-1;"#NULO";-1;"#NULO";2;"MASCULINO";"5";"INDÍGENA"
"02/09/2026";"08:30:36";2026;6259;40002534382;-3;"#NE";1;"BRASILEIRA NATA";-3;"RIO BRANCO";"61";"N";0;"NÃO INFORMADO";"1270629.01";"#NE";"S";"-1";"06003172120266040000";"-3";"#NE";"-3";"#NE";"NÃO";"#NULO";-1;"#NULO";"N";"N";-1;-1;"2026-07-31 08:18:01";8;"AGUARDANDO JULGAMENTO";"-1";"#NULO";"-1";"#NULO";-1;"#NULO";-1;"#NULO";-1;"#NULO";2;"MASCULINO";"1";"BRANCA"
"02/09/2026";"08:30:36";2026;6259;40002542963;-3;"#NE";1;"BRASILEIRA NATA";-3;"LÁBREA";"45";"N";-1;"#NULO";"1270629.01";"#NE";"S";"-1";"06006264220266040000";"-3";"#NE";"-3";"#NE";"NÃO";"#NULO";-1;"#NULO";"N";"N";-1;-1;"2026-08-08 15:10:09";8;"AGUARDANDO JULGAMENTO";"-1";"#NULO";"-1";"#NULO";-1;"#NULO";-1;"#NULO";-1;"#NULO";4;"FEMININO";"1";"BRANCA"
"02/09/2026";"08:30:36";2026;6259;40002542957;-3;"#NE";1;"BRASILEIRA NATA";-3;"EIRUNEPÉ";"43";"N";0;"NÃO INFORMADO";"1270629.01";"#NE";"S";"-1";"06006212020266040000";"-3";"#NE";"-3";"#NE";"NÃO";"#NULO";-1;"#NULO";"N";"N";-1;-1;"2026-08-08 15:10:09";8;"AGUARDANDO JULGAMENTO";"-1";"#NULO";"-1";"#NULO";-1;"#NULO";-1;"#NULO";-1;"#NULO";2;"MASCULINO";"1";"BRANCA"
"02/09/2026";"08:30:36";2026;6259;40002542968;-3;"#NE";1;"BRASILEIRA NATA";-3;"HUMAITÁ";"54";"N";-1;"#NULO";"1270629.01";"#NE";"S";"-1";"06006178020266040000";"-3";"#NE";"-3";"#NE";"NÃO";"#NULO";-1;"#NULO";"N";"N";-1;-1;"2026-08-08 15:10:09";8;"AGUARDANDO JULGAMENTO";"-1";"#NULO";"-1";"#NULO";-1;"#NULO";-1;"#NULO";-1;"#NULO";2;"MASCULINO";"3";"PARDA"
"02/09/2026";"08:30:36";2026;6259;40002541622;-3;"#NE";1;"BRASILEIRA NATA";-3;"MANAUS";"53";"N";0;"NÃO INFORMADO";"3176572.53";"#NE";"S";"-1";"06005545520266040000";"-3";"#NE";"-3";"#NE";"SIM";"#NULO";-1;"#NULO";"N";"N";-1;-1;"2026-08-07 14:32:11";2;"DEFERIDO";"-1";"#NULO";"-1";"#NULO";-1;"#NULO";-1;"#NULO";-1;"#NULO";4;"FEMININO";"3";"PARDA"
"02/09/2026";"08:30:36";2026;6259;40002551310;-3;"#NE";1;"BRASILEIRA NATA";-3;"MANAUS";"40";"N";-1;"#NULO";"1270629.01";"#NE";"N";"-1";"06007866720266040000";"-3";"#NE";"-3";"#NE";"NÃO";"#NULO";-1;"#NULO";"N";"N";-1;-1;"2026-08-14 09:09:58";8;"AGUARDANDO JULGAMENTO";"-1";"#NULO";"-1";"#NULO";-1;"#NULO";-1;"#NULO";-1;"#NULO";4;"FEMININO";"3";"PARDA"
"02/09/2026";"08:30:36";2026;6259;40002539044;-3;"#NE";1;"BRASILEIRA NATA";-3;"MANAUS";"29";"N";0;"NÃO INFORMADO";"3176572.53";"#NE";"N";"-1";"06004826820266040000";"-3";"#NE";"-3";"#NE";"SIM";"#NULO";-1;"#NULO";"N";"N";-1;-1;"2026-08-06 12:21:54";2;"DEFERIDO";"-1";"#NULO";"-1";"#NULO";-1;"#NULO";-1;"#NULO";-1;"#NULO";2;"MASCULINO";"3";"PARDA"
"02/09/2026";"08:30:36";2026;6259;40002532753;-3;"#NE";1;"BRASILEIRA NATA";-3;"HUMAITÁ";"51";"N";0;"NÃO INFORMADO";"1270629.01";"#NE";"S";"-1";"06002895320266040000";"-3";"#NE";"-3";"#NE";"SIM";"#NULO";-1;"#NULO";"N";"N";-1;-1;"2026-07-28 07:26:32";2;"DEFERIDO";"-1";"#NULO";"-1";"#NULO";-1;"#NULO";-1;"#NULO";-1;"#NULO";2;"MASCULINO";"3";"PARDA"
"02/09/2026";"08:30:36";2026;6259;40002540484;-3;"#NE";1;"BRASILEIRA NATA";-3;"MANAUS";"53";"N";-1;"#NULO";"3176572.53";"#NE";"S";"-1";"06005025920266040000";"-3";"#NE";"-3";"#NE";"NÃO";"#NULO";-1;"#NULO";"N";"N";-1;-1;"2026-08-07 09:26:23";8;"AGUARDANDO JULGAMENTO";"-1";"#NULO";"-1";"#NULO";-1;"#NULO";-1;"#NULO";-1;"#NULO";2;"MASCULINO";"3";"PARDA"
"02/09/2026";"08:30:36";2026;6259;40002541752;-3;"#NE";1;"BRASILEIRA NATA";-3;"MANAUS";"35";"N";-1;"#NULO";"1270629.01";"#NE";"S";"-1";"06005926720266040000";"-3";"#NE";"-3";"#NE";"SIM";"#NULO";-1;"#NULO";"N";"N";-1;-1;"2026-08-08 08:53:45";2;"DEFERIDO";"-1";"#NULO";"-1";"#NULO";-1;"#NULO";-1;"#NULO";-1;"#NULO";2;"MASCULINO";"3";"PARDA"
"02/09/2026";"08:30:36";2026;6259;40002545605;-3;"#NE";1;"BRASILEIRA NATA";-3;"MANAUS";"45";"N";0;"NÃO INFORMADO";"1270629.01";"#NE";"N";"-1";"06006888220266040000";"-3";"#NE";"-3";"#NE";"SIM";"#NULO";-1;"#NULO";"N";"N";-1;-1;"2026-08-11 07:08:07";2;"DEFERIDO";"-1";"#NULO";"-1";"#NULO";-1;"#NULO";-1;"#NULO";-1;"#NULO";4;"FEMININO";"1";"BRANCA"
"02/09/2026";"08:30:36";2026;6259;40002531448;-3;"#NE";1;"BRASILEIRA NATA";-3;"MANAUS";"67";"N";0;"NÃO INFORMADO";"-1";"#NE";"S";"-1";"06002271320266040000";"-3";"#NE";"-3";"#NE";"SIM";"#NULO";-1;"#NULO";"N";"N";-1;-1;"2026-07-27 08:45:01";2;"DEFERIDO";"-1";"#NULO";"-1";"#NULO";-1;"#NULO";-1;"#NULO";-1;"#NULO";4;"FEMININO";"3";"PARDA"
"02/09/2026";"08:30:36";2026;6259;40002546999;-3;"#NE";1;"BRASILEIRA NATA";-3;"CRUZEIRO DO SUL";"56";"N";-1;"#NULO";"1270629.01";"#NE";"N";"-1";"06006714620266040000";"-3";"#NE";"-3";"#NE";"NÃO";"#NULO";-1;"#NULO";"N";"N";-1;-1;"2026-08-10 18:33:55";8;"AGUARDANDO JULGAMENTO";"-1";"#NULO";"-1";"#NULO";-1;"#NULO";-1;"#NULO";-1;"#NULO";2;"MASCULINO";"1";"BRANCA"
"02/09/2026";"08:30:36";2026;6259;40002537614;-3;"#NE";1;"BRASILEIRA NATA";-3;"MANAUS";"51";"N";-1;"#NULO";"1270629.01";"#NE";"N";"-1";"06004531820266040000";"-3";"#NE";"-3";"#NE";"NÃO";"#NULO";-1;"#NULO";"N";"N";-1;-1;"2026-08-05 09:34:08";8;"AGUARDANDO JULGAMENTO";"-1";"#NULO";"-1";"#NULO";-1;"#NULO";-1;"#NULO";-1;"#NULO";2;"MASCULINO";"3";"PARDA"
"02/09/2026";"08:30:36";2026;6259;40002542953;-3;"#NE";1;"BRASILEIRA NATA";-3;"HUMAITÁ";"40";"N";-1;"#NULO";"1270629.01";"#NE";"S";"-1";"06006281220266040000";"-3";"#NE";"-3";"#NE";"NÃO";"#NULO";-1;"#NULO";"N";"N";-1;-1;"2026-08-08 15:10:09";8;"AGUARDANDO JULGAMENTO";"-1";"#NULO";"-1";"#NULO";-1;"#NULO";-1;"#NULO";-1;"#NULO";2;"MASCULINO";"2";"PRETA"
"02/09/2026";"08:30:36";2026;6259;40002542966;-3;"#NE";1;"BRASILEIRA NATA";-3;"GOIÂNIA";"47";"N";0;"NÃO INFORMADO";"1270629.01";"#NE";"S";"-1";"06006341920266040000";"-3";"#NE";"-3";"#NE";"NÃO";"#NULO";-1;"#NULO";"N";"N";-1;-1;"2026-08-08 15:10:09";8;"AGUARDANDO JULGAMENTO";"-1";"#NULO";"-1";"#NULO";-1;"#NULO";-1;"#NULO";-1;"#NULO";4;"FEMININO";"3";"PARDA"
"02/09/2026";"08:30:36";2026;6259;40002532738;-3;"#NE";1;"BRASILEIRA NATA";-3;"MANAUS";"47";"N";0;"NÃO INFORMADO";"1270629.01";"#NE";"S";"-1";"06002497120266040000";"-3";"#NE";"-3";"#NE";"SIM";"#NULO";-1;"#NULO";"N";"N";-1;-1;"2026-07-28 07:26:32";2;"DEFERIDO";"-1";"#NULO";"-1";"#NULO";-1;"#NULO";-1;"#NULO";-1;"#NULO";2;"MASCULINO";"3";"PARDA"
"02/09/2026";"08:30:36";2026;6259;40002535273;-3;"#NE";1;"BRASILEIRA NATA";-3;"MANAUS";"27";"N";-1;"#NULO";"3176572.53";"#NE";"N";"-1";"06003691720266040000";"-3";"#NE";"-3";"#NE";"NÃO";"#NULO";-1;"#NULO";"N";"N";-1;-1;"2026-08-03 11:39:03";8;"AGUARDANDO JULGAMENTO";"-1";"#NULO";"-1";"#NULO";-1;"#NULO";-1;"#NULO";-1;"#NULO";2;"MASCULINO";"2";"PRETA"
"02/09/2026";"08:30:36";2026;6259;40002536079;-3;"#NE";1;"BRASILEIRA NATA";-3;"SANTARÉM";"48";"N";-1;"#NULO";"3176572.53";"#NE";"S";"-1";"06003570320266040000";"-3";"#NE";"-3";"#NE";"SIM";"#NULO";-1;"#NULO";"N";"N";-1;-1;"2026-08-03 11:40:19";2;"DEFERIDO";"-1";"#NULO";"-1";"#NULO";-1;"#NULO";-1;"#NULO";-1;"#NULO";2;"MASCULINO";"3";"PARDA"
"02/09/2026";"08:30:36";2026;6259;40002532764;-3;"#NE";1;"BRASILEIRA NATA";-3;"ITACOATIARA";"42";"N";0;"NÃO INFORMADO";"3176572.53";"#NE";"S";"-1";"06002600320266040000";"-3";"#NE";"-3";"#NE";"SIM";"#NULO";-1;"#NULO";"N";"N";-1;-1;"2026-07-28 07:27:15";2;"DEFERIDO";"-1";"#NULO";"-1";"#NULO";-1;"#NULO";-1;"#NULO";-1;"#NULO";2;"MASCULINO";"1";"BRANCA"
"02/09/2026";"08:30:36";2026;6259;40002542688;-3;"#NE";1;"BRASILEIRA NATA";-3;"NITERÓI";"53";"N";0;"NÃO INFORMADO";"-1";"#NE";"S";"-1";"06006056620266040000";"-3";"#NE";"-3";"#NE";"NÃO";"#NULO";-1;"#NULO";"N";"N";-1;-1;"2026-08-08 08:54:29";8;"AGUARDANDO JULGAMENTO";"-1";"#NULO";"-1";"#NULO";-1;"#NULO";-1;"#NULO";-1;"#NULO";2;"MASCULINO";"1";"BRANCA"
"02/09/2026";"08:30:36";2026;6259;40002535389;-3;"#NE";1;"BRASILEIRA NATA";-3;"MANAUS";"41";"N";-1;"#NULO";"-1";"#NE";"S";"-1";"06003501120266040000";"-3";"#NE";"-3";"#NE";"SIM";"#NULO";-1;"#NULO";"N";"N";-1;-1;"2026-08-03 11:38:26";2;"DEFERIDO";"-1";"#NULO";"-1";"#NULO";-1;"#NULO";-1;"#NULO";-1;"#NULO";2;"MASCULINO";"3";"PARDA"
"02/09/2026";"08:30:36";2026;6259;40002532779;-3;"#NE";1;"BRASILEIRA NATA";-3;"MANAUS";"38";"N";0;"NÃO INFORMADO";"1270629.01";"#NE";"S";"-1";"06002851620266040000";"-3";"#NE";"-3";"#NE";"SIM";"#NULO";-1;"#NULO";"N";"N";-1;-1;"2026-07-28 07:28:15";2;"DEFERIDO";"-1";"#NULO";"-1";"#NULO";-1;"#NULO";-1;"#NULO";-1;"#NULO";4;"FEMININO";"1";"BRANCA"
"02/09/2026";"08:30:36";2026;6259;40002532790;-3;"#NE";1;"BRASILEIRA NATA";-3;"PRESIDENTE EPITÁCIO";"46";"N";-1;"#NULO";"1270629.01";"#NE";"S";"-1";"06002773920266040000";"-3";"#NE";"-3";"#NE";"NÃO";"#NULO";-1;"#NULO";"N";"N";-1;-1;"2026-07-28 07:28:15";6;"RENÚNCIA";"-1";"#NULO";"-1";"#NULO";-1;"#NULO";-1;"#NULO";-1;"#NULO";2;"MASCULINO";"3";"PARDA"
"02/09/2026";"08:30:36";2026;6259;40002537351;-3;"#NE";1;"BRASILEIRA NATA";-3;"MANAUS";"64";"N";-1;"#NULO";"1270629.01";"#NE";"S";"-1";"06004567020266040000";"-3";"#NE";"-3";"#NE";"SIM";"#NULO";-1;"#NULO";"N";"N";-1;-1;"2026-08-05 09:34:08";2;"DEFERIDO";"-1";"#NULO";"-1";"#NULO";-1;"#NULO";-1;"#NULO";-1;"#NULO";2;"MASCULINO";"1";"BRANCA"
"02/09/2026";"08:30:36";2026;6259;40002542681;-3;"#NE";1;"BRASILEIRA NATA";-3;"MANAUS";"46";"N";-1;"#NULO";"1270629.01";"#NE";"S";"-1";"06005675420266040000";"-3";"#NE";"-3";"#NE";"SIM";"#NULO";-1;"#NULO";"N";"N";-1;-1;"2026-08-08 08:54:07";2;"DEFERIDO";"-1";"#NULO";"-1";"#NULO";-1;"#NULO";-1;"#NULO";-1;"#NULO";4;"FEMININO";"3";"PARDA"
"02/09/2026";"08:30:36";2026;6259;40002532756;-3;"#NE";1;"BRASILEIRA NATA";-3;"JURUTI";"50";"N";66;"MUNDURUKÚ";"1270629.01";"#NE";"S";"-1";"06002522620266040000";"-3";"#NE";"-3";"#NE";"SIM";"#NULO";-1;"#NULO";"N";"N";-1;-1;"2026-07-28 07:26:32";2;"DEFERIDO";"-1";"#NULO";"-1";"#NULO";-1;"#NULO";-1;"#NULO";-1;"#NULO";4;"FEMININO";"5";"INDÍGENA"
"02/09/2026";"08:30:36";2026;6259;40002542655;-3;"#NE";1;"BRASILEIRA NATA";-3;"MANAUS";"57";"N";-1;"#NULO";"1270629.01";"#NE";"S";"-1";"06005779820266040000";"-3";"#NE";"-3";"#NE";"SIM";"#NULO";-1;"#NULO";"N";"N";-1;-1;"2026-08-08 08:53:45";2;"DEFERIDO";"-1";"#NULO";"-1";"#NULO";-1;"#NULO";-1;"#NULO";-1;"#NULO";2;"MASCULINO";"3";"PARDA"
"02/09/2026";"08:30:36";2026;6259;40002545593;-3;"#NE";1;"BRASILEIRA NATA";-3;"MANAUS";"60";"S";-1;"#NULO";"3176572.53";"#NE";"S";"-1";"06006974420266040000";"-3";"#NE";"-3";"#NE";"SIM";"#NULO";-1;"#NULO";"N";"N";-1;-1;"2026-08-11 07:08:40";2;"DEFERIDO";"-1";"#NULO";"-1";"#NULO";-1;"#NULO";-1;"#NULO";-1;"#NULO";2;"MASCULINO";"2";"PRETA"
"02/09/2026";"08:30:36";2026;6259;40002542660;-3;"#NE";1;"BRASILEIRA NATA";-3;"PARINTINS";"34";"N";-1;"#NULO";"1270629.01";"#NE";"N";"-1";"06005874520266040000";"-3";"#NE";"-3";"#NE";"SIM";"#NULO";-1;"#NULO";"N";"N";-1;-1;"2026-08-08 08:53:45";2;"DEFERIDO";"-1";"#NULO";"-1";"#NULO";-1;"#NULO";-1;"#NULO";-1;"#NULO";4;"FEMININO";"3";"PARDA"
"02/09/2026";"08:30:36";2026;6259;40002541626;-3;"#NE";1;"BRASILEIRA NATA";-3;"MANAUS";"67";"N";0;"NÃO INFORMADO";"7115522.46";"#NE";"S";"-1";"06005172820266040000";"-3";"#NE";"-3";"#NE";"SIM";"#NULO";-1;"#NULO";"N";"N";-1;-1;"2026-08-07 14:32:26";2;"DEFERIDO";"-1";"#NULO";"-1";"#NULO";-1;"#NULO";-1;"#NULO";-1;"#NULO";4;"FEMININO";"1";"BRANCA"
"02/09/2026";"08:30:36";2026;6259;40002550805;-3;"#NE";1;"BRASILEIRA NATA";-3;"ORIXIMINÁ";"43";"N";-1;"#NULO";"-1";"#NE";"S";"-1";"06007485520266040000";"-3";"#NE";"-3";"#NE";"NÃO";"#NULO";-1;"#NULO";"N";"N";-1;-1;"2026-08-13 09:59:57";8;"AGUARDANDO JULGAMENTO";"-1";"#NULO";"-1";"#NULO";-1;"#NULO";-1;"#NULO";-1;"#NULO";4;"FEMININO";"4";"AMARELA"
"02/09/2026";"08:30:36";2026;6259;40002546982;-3;"#NE";1;"BRASILEIRA NATA";-3;"MANAUS";"48";"N";-1;"#NULO";"1270629.01";"#NE";"S";"-1";"06006584720266040000";"-3";"#NE";"-3";"#NE";"NÃO";"#NULO";-1;"#NULO";"N";"N";-1;-1;"2026-08-10 18:33:55";8;"AGUARDANDO JULGAMENTO";"-1";"#NULO";"-1";"#NULO";-1;"#NULO";-1;"#NULO";-1;"#NULO";2;"MASCULINO";"3";"PARDA"
"02/09/2026";"08:30:36";2026;6259;40002545601;-3;"#NE";1;"BRASILEIRA NATA";-3;"MANAUS";"42";"N";-1;"#NULO";"1270629.01";"#NE";"N";"-1";"06006792320266040000";"-3";"#NE";"-3";"#NE";"SIM";"#NULO";-1;"#NULO";"N";"N";-1;-1;"2026-08-11 07:08:07";2;"DEFERIDO";"-1";"#NULO";"-1";"#NULO";-1;"#NULO";-1;"#NULO";-1;"#NULO";4;"FEMININO";"2";"PRETA"
"02/09/2026";"08:30:36";2026;6259;40002541584;-3;"#NE";1;"BRASILEIRA NATA";-3;"SÃO PAULO";"52";"N";-1;"#NULO";"3176572.53";"#NE";"S";"-1";"06005095120266040000";"-3";"#NE";"-3";"#NE";"SIM";"#NULO";-1;"#NULO";"N";"N";-1;-1;"2026-08-07 14:32:54";2;"DEFERIDO";"-1";"#NULO";"-1";"#NULO";-1;"#NULO";-1;"#NULO";-1;"#NULO";2;"MASCULINO";"3";"PARDA"
"02/09/2026";"08:30:36";2026;6259;40002537353;-3;"#NE";1;"BRASILEIRA NATA";-3;"MANAUS";"48";"N";-1;"#NULO";"1270629.01";"#NE";"S";"-1";"06004514820266040000";"-3";"#NE";"-3";"#NE";"SIM";"#NULO";-1;"#NULO";"N";"N";-1;-1;"2026-08-05 09:34:08";2;"DEFERIDO";"-1";"#NULO";"-1";"#NULO";-1;"#NULO";-1;"#NULO";-1;"#NULO";2;"MASCULINO";"3";"PARDA"
"02/09/2026";"08:30:36";2026;6259;40002542680;-3;"#NE";1;"BRASILEIRA NATA";-3;"MANAUS";"42";"N";-1;"#NULO";"1270629.01";"#NE";"S";"-1";"06005658420266040000";"-3";"#NE";"-3";"#NE";"SIM";"#NULO";-1;"#NULO";"N";"N";-1;-1;"2026-08-08 08:54:07";2;"DEFERIDO";"-1";"#NULO";"-1";"#NULO";-1;"#NULO";-1;"#NULO";-1;"#NULO";2;"MASCULINO";"3";"PARDA"
"02/09/2026";"08:30:36";2026;6259;40002542961;-3;"#NE";1;"BRASILEIRA NATA";-3;"MANAUS";"62";"N";0;"NÃO INFORMADO";"1270629.01";"#NE";"S";"-1";"06006324920266040000";"-3";"#NE";"-3";"#NE";"NÃO";"#NULO";-1;"#NULO";"N";"N";-1;-1;"2026-08-08 15:10:09";8;"AGUARDANDO JULGAMENTO";"-1";"#NULO";"-1";"#NULO";-1;"#NULO";-1;"#NULO";-1;"#NULO";2;"MASCULINO";"3";"PARDA"
"02/09/2026";"08:30:36";2026;6259;40002549858;-3;"#NE";1;"BRASILEIRA NATA";-3;"SÃO GABRIEL DA CACHOEIRA";"53";"N";6;"TUYÚCA";"3176572.53";"#NE";"N";"-1";"06007156520266040000";"-3";"#NE";"-3";"#NE";"NÃO";"#NULO";-1;"#NULO";"N";"N";-1;-1;"2026-08-12 09:09:16";8;"AGUARDANDO JULGAMENTO";"-1";"#NULO";"-1";"#NULO";-1;"#NULO";-1;"#NULO";-1;"#NULO";2;"MASCULINO";"5";"INDÍGENA"
"02/09/2026";"08:30:36";2026;6259;40002541597;-3;"#NE";1;"BRASILEIRA NATA";-3;"MANAUS";"49";"N";-1;"#NULO";"1270629.01";"#NE";"N";"-1";"06005363420266040000";"-3";"#NE";"-3";"#NE";"SIM";"#NULO";-1;"#NULO";"N";"N";-1;-1;"2026-08-07 14:33:06";2;"DEFERIDO";"-1";"#NULO";"-1";"#NULO";-1;"#NULO";-1;"#NULO";-1;"#NULO";4;"FEMININO";"1";"BRANCA"
"02/09/2026";"08:30:36";2026;6259;40002535274;-3;"#NE";1;"BRASILEIRA NATA";-3;"IPIXUNA";"66";"N";-1;"#NULO";"3176572.53";"#NE";"S";"-1";"06003683220266040000";"-3";"#NE";"-3";"#NE";"NÃO";"#NULO";-1;"#NULO";"N";"N";-1;-1;"2026-08-03 11:39:03";8;"AGUARDANDO JULGAMENTO";"-1";"#NULO";"-1";"#NULO";-1;"#NULO";-1;"#NULO";-1;"#NULO";4;"FEMININO";"3";"PARDA"
"02/09/2026";"08:30:36";2026;6259;40002532750;-3;"#NE";1;"BRASILEIRA NATA";-3;"CAREIRO";"62";"N";-1;"#NULO";"1270629.01";"#NE";"S";"-1";"06002375720266040000";"-3";"#NE";"-3";"#NE";"SIM";"#NULO";-1;"#NULO";"N";"N";-1;-1;"2026-07-28 07:26:32";2;"DEFERIDO";"-1";"#NULO";"-1";"#NULO";-1;"#NULO";-1;"#NULO";-1;"#NULO";2;"MASCULINO";"3";"PARDA"
"02/09/2026";"08:30:36";2026;6259;40002532749;-3;"#NE";1;"BRASILEIRA NATA";-3;"BORBA";"44";"N";0;"NÃO INFORMADO";"1270629.01";"#NE";"S";"-1";"06002444920266040000";"-3";"#NE";"-3";"#NE";"SIM";"#NULO";-1;"#NULO";"N";"N";-1;-1;"2026-07-28 07:26:32";2;"DEFERIDO";"-1";"#NULO";"-1";"#NULO";-1;"#NULO";-1;"#NULO";-1;"#NULO";2;"MASCULINO";"3";"PARDA"
"02/09/2026";"08:30:36";2026;6259;40002536452;-3;"#NE";1;"BRASILEIRA NATA";-3;"PARINTINS";"44";"N";-1;"#NULO";"3176572.53";"#NE";"N";"-1";"06003934520266040000";"-3";"#NE";"-3";"#NE";"NÃO";"#NULO";-1;"#NULO";"N";"N";-1;-1;"2026-08-04 08:56:17";6;"RENÚNCIA";"-1";"#NULO";"-1";"#NULO";-1;"#NULO";-1;"#NULO";-1;"#NULO";4;"FEMININO";"3";"PARDA"
"02/09/2026";"08:30:36";2026;6259;40002541746;-3;"#NE";1;"BRASILEIRA NATA";-3;"MANAUS";"38";"N";0;"NÃO INFORMADO";"1270629.01";"#NE";"S";"-1";"06005883020266040000";"-3";"#NE";"-3";"#NE";"NÃO";"#NULO";-1;"#NULO";"N";"N";-1;-1;"2026-08-08 08:53:45";8;"AGUARDANDO JULGAMENTO";"-1";"#NULO";"-1";"#NULO";-1;"#NULO";-1;"#NULO";-1;"#NULO";2;"MASCULINO";"3";"PARDA"
"02/09/2026";"08:30:36";2026;6259;40002532758;-3;"#NE";1;"BRASILEIRA NATA";-3;"MANAUS";"39";"N";-1;"#NULO";"3176572.53";"#NE";"S";"-1";"06002627020266040000";"-3";"#NE";"-3";"#NE";"SIM";"#NULO";-1;"#NULO";"N";"N";-1;-1;"2026-07-28 07:27:15";2;"DEFERIDO";"-1";"#NULO";"-1";"#NULO";-1;"#NULO";-1;"#NULO";-1;"#NULO";4;"FEMININO";"3";"PARDA"
"02/09/2026";"08:30:36";2026;6259;40002531443;-3;"#NE";1;"BRASILEIRA NATA";-3;"PARINTINS";"50";"N";0;"NÃO INFORMADO";"3176572.53";"#NE";"S";"-1";"06002245820266040000";"-3";"#NE";"-3";"#NE";"SIM";"#NULO";-1;"#NULO";"N";"N";-1;-1;"2026-07-27 08:46:02";2;"DEFERIDO";"-1";"#NULO";"-1";"#NULO";-1;"#NULO";-1;"#NULO";-1;"#NULO";2;"MASCULINO";"3";"PARDA"
"02/09/2026";"08:30:36";2026;6259;40002551740;-3;"#NE";1;"BRASILEIRA NATA";-3;"FLORIANÓPOLIS";"50";"N";0;"NÃO INFORMADO";"7115522.46";"#NE";"S";"-1";"06008082820266040000";"-3";"#NE";"-3";"#NE";"NÃO";"#NULO";-1;"#NULO";"N";"N";-1;-1;"2026-08-15 10:48:23";8;"AGUARDANDO JULGAMENTO";"-1";"#NULO";"-1";"#NULO";-1;"#NULO";-1;"#NULO";-1;"#NULO";2;"MASCULINO";"3";"PARDA"
"02/09/2026";"08:30:36";2026;6259;40002551278;-3;"#NE";1;"BRASILEIRA NATA";-3;"MANAUS";"36";"N";-1;"#NULO";"-1";"#NE";"N";"-1";"06007701620266040000";"-3";"#NE";"-3";"#NE";"NÃO";"#NULO";-1;"#NULO";"N";"N";-1;-1;"2026-08-13 21:26:01";8;"AGUARDANDO JULGAMENTO";"-1";"#NULO";"-1";"#NULO";-1;"#NULO";-1;"#NULO";-1;"#NULO";2;"MASCULINO";"3";"PARDA"
"02/09/2026";"08:30:36";2026;6259;40002541627;-3;"#NE";1;"BRASILEIRA NATA";-3;"MANAUS";"50";"N";-1;"#NULO";"-1";"#NE";"S";"-1";"06005199520266040000";"-3";"#NE";"-3";"#NE";"SIM";"#NULO";-1;"#NULO";"N";"N";-1;-1;"2026-08-07 14:32:26";2;"DEFERIDO";"-1";"#NULO";"-1";"#NULO";-1;"#NULO";-1;"#NULO";-1;"#NULO";2;"MASCULINO";"3";"PARDA"
"02/09/2026";"08:30:36";2026;6259;40002546980;-3;"#NE";1;"BRASILEIRA NATA";-3;"MAUÉS";"52";"N";-1;"#NULO";"1270629.01";"#NE";"S";"-1";"06006628420266040000";"-3";"#NE";"-3";"#NE";"NÃO";"#NULO";-1;"#NULO";"N";"N";-1;-1;"2026-08-10 18:33:55";8;"AGUARDANDO JULGAMENTO";"-1";"#NULO";"-1";"#NULO";-1;"#NULO";-1;"#NULO";-1;"#NULO";2;"MASCULINO";"3";"PARDA"
"02/09/2026";"08:30:36";2026;6259;40002549901;-3;"#NE";1;"BRASILEIRA NATA";-3;"MANAUS";"51";"N";0;"NÃO INFORMADO";"3176572.53";"#NE";"N";"-1";"06007217220266040000";"-3";"#NE";"-3";"#NE";"NÃO";"#NULO";-1;"#NULO";"N";"N";-1;-1;"2026-08-12 09:09:28";8;"AGUARDANDO JULGAMENTO";"-1";"#NULO";"-1";"#NULO";-1;"#NULO";-1;"#NULO";-1;"#NULO";2;"MASCULINO";"3";"PARDA"
"02/09/2026";"08:30:36";2026;6259;40002551008;-3;"#NE";1;"BRASILEIRA NATA";-3;"TEFÉ";"54";"N";-1;"#NULO";"3176572.53";"#NE";"S";"-1";"06007554720266040000";"-3";"#NE";"-3";"#NE";"NÃO";"#NULO";-1;"#NULO";"N";"N";-1;-1;"2026-08-13 13:52:24";8;"AGUARDANDO JULGAMENTO";"-1";"#NULO";"-1";"#NULO";-1;"#NULO";-1;"#NULO";-1;"#NULO";4;"FEMININO";"2";"PRETA"
"02/09/2026";"08:30:36";2026;6259;40002536904;-3;"#NE";2;"BRASILEIRA (NATURALIZADA)";-3;"MANAUS";"45";"N";-1;"#NULO";"1270629.01";"#NE";"N";"-1";"06004445620266040000";"-3";"#NE";"-3";"#NE";"SIM";"#NULO";-1;"#NULO";"N";"N";-1;-1;"2026-08-04 15:27:31";2;"DEFERIDO";"-1";"#NULO";"-1";"#NULO";-1;"#NULO";-1;"#NULO";-1;"#NULO";2;"MASCULINO";"1";"BRANCA"
"02/09/2026";"08:30:36";2026;6259;40002536898;-3;"#NE";1;"BRASILEIRA NATA";-3;"MANAUS";"46";"N";-1;"#NULO";"1270629.01";"#NE";"S";"-1";"06004384920266040000";"-3";"#NE";"-3";"#NE";"SIM";"#NULO";-1;"#NULO";"N";"N";-1;-1;"2026-08-04 15:27:31";2;"DEFERIDO";"-1";"#NULO";"-1";"#NULO";-1;"#NULO";-1;"#NULO";-1;"#NULO";2;"MASCULINO";"3";"PARDA"
"02/09/2026";"08:30:36";2026;6259;40002542969;-3;"#NE";1;"BRASILEIRA NATA";-3;"RECIFE";"46";"N";0;"NÃO INFORMADO";"1270629.01";"#NE";"S";"-1";"06006169520266040000";"-3";"#NE";"-3";"#NE";"NÃO";"#NULO";-1;"#NULO";"N";"N";-1;-1;"2026-08-08 15:10:09";8;"AGUARDANDO JULGAMENTO";"-1";"#NULO";"-1";"#NULO";-1;"#NULO";-1;"#NULO";-1;"#NULO";4;"FEMININO";"3";"PARDA"
"02/09/2026";"08:30:36";2026;6259;40002539049;-3;"#NE";1;"BRASILEIRA NATA";-3;"MANAUS";"43";"N";0;"NÃO INFORMADO";"3176572.53";"#NE";"S";"-1";"06004835320266040000";"-3";"#NE";"-3";"#NE";"SIM";"#NULO";-1;"#NULO";"N";"N";-1;-1;"2026-08-06 12:21:54";2;"DEFERIDO";"-1";"#NULO";"-1";"#NULO";-1;"#NULO";-1;"#NULO";-1;"#NULO";2;"MASCULINO";"1";"BRANCA"
"02/09/2026";"08:30:36";2026;6259;40002541613;-3;"#NE";1;"BRASILEIRA NATA";-3;"ITACOATIARA";"57";"N";0;"NÃO INFORMADO";"1270629.01";"#NE";"S";"-1";"06005398620266040000";"-3";"#NE";"-3";"#NE";"NÃO";"#NULO";-1;"#NULO";"N";"N";-1;-1;"2026-08-07 14:33:06";8;"AGUARDANDO JULGAMENTO";"-1";"#NULO";"-1";"#NULO";-1;"#NULO";-1;"#NULO";-1;"#NULO";2;"MASCULINO";"1";"BRANCA"
"02/09/2026";"08:30:36";2026;6259;40002536440;-3;"#NE";1;"BRASILEIRA NATA";-3;"RIO DE JANEIRO";"38";"N";-1;"#NULO";"3176572.53";"#NE";"N";"-1";"06003779120266040000";"-3";"#NE";"-3";"#NE";"SIM";"#NULO";-1;"#NULO";"N";"N";-1;-1;"2026-08-03 15:16:02";2;"DEFERIDO";"-1";"#NULO";"-1";"#NULO";-1;"#NULO";-1;"#NULO";-1;"#NULO";2;"MASCULINO";"3";"PARDA"
"02/09/2026";"08:30:36";2026;6259;40002532757;-3;"#NE";1;"BRASILEIRA NATA";-3;"TERESINA";"39";"N";0;"NÃO INFORMADO";"1270629.01";"#NE";"S";"-1";"06002461920266040000";"-3";"#NE";"-3";"#NE";"SIM";"#NULO";-1;"#NULO";"N";"N";-1;-1;"2026-07-28 07:26:32";2;"DEFERIDO";"-1";"#NULO";"-1";"#NULO";-1;"#NULO";-1;"#NULO";-1;"#NULO";4;"FEMININO";"3";"PARDA"
"02/09/2026";"08:30:36";2026;6259;40002532741;-3;"#NE";1;"BRASILEIRA NATA";-3;"MANAUS";"31";"N";0;"NÃO INFORMADO";"1270629.01";"#NE";"N";"-1";"06002401220266040000";"-3";"#NE";"-3";"#NE";"SIM";"#NULO";-1;"#NULO";"N";"N";-1;-1;"2026-07-28 07:26:32";2;"DEFERIDO";"-1";"#NULO";"-1";"#NULO";-1;"#NULO";-1;"#NULO";-1;"#NULO";4;"FEMININO";"3";"PARDA"
"02/09/2026";"08:30:36";2026;6259;40002542687;-3;"#NE";1;"BRASILEIRA NATA";-3;"MANAUS";"68";"N";-1;"#NULO";"-1";"#NE";"S";"-1";"06006073620266040000";"-3";"#NE";"-3";"#NE";"NÃO";"#NULO";-1;"#NULO";"N";"N";-1;-1;"2026-08-08 08:54:29";8;"AGUARDANDO JULGAMENTO";"-1";"#NULO";"-1";"#NULO";-1;"#NULO";-1;"#NULO";-1;"#NULO";2;"MASCULINO";"3";"PARDA"
"02/09/2026";"08:30:36";2026;6259;40002542954;-3;"#NE";1;"BRASILEIRA NATA";-3;"MANACAPURU";"54";"N";-1;"#NULO";"1270629.01";"#NE";"S";"-1";"06006368620266040000";"-3";"#NE";"-3";"#NE";"NÃO";"#NULO";-1;"#NULO";"N";"N";-1;-1;"2026-08-08 15:10:09";8;"AGUARDANDO JULGAMENTO";"-1";"#NULO";"-1";"#NULO";-1;"#NULO";-1;"#NULO";-1;"#NULO";2;"MASCULINO";"3";"PARDA"
"02/09/2026";"08:30:36";2026;6259;40002551309;-3;"#NE";1;"BRASILEIRA NATA";-3;"SÃO GABRIEL DA CACHOEIRA";"43";"N";143;"KURIPAKO";"1270629.01";"#NE";"S";"-1";"06007736820266040000";"-3";"#NE";"-3";"#NE";"NÃO";"#NULO";-1;"#NULO";"N";"N";-1;-1;"2026-08-14 09:09:58";8;"AGUARDANDO JULGAMENTO";"-1";"#NULO";"-1";"#NULO";-1;"#NULO";-1;"#NULO";-1;"#NULO";2;"MASCULINO";"5";"INDÍGENA"
"02/09/2026";"08:30:36";2026;6259;40002540478;-3;"#NE";1;"BRASILEIRA NATA";-3;"MANAUS";"31";"N";0;"NÃO INFORMADO";"3176572.53";"#NE";"N";"-1";"06004973720266040000";"-3";"#NE";"-3";"#NE";"NÃO";"#NULO";-1;"#NULO";"N";"N";-1;-1;"2026-08-07 09:26:23";8;"AGUARDANDO JULGAMENTO";"-1";"#NULO";"-1";"#NULO";-1;"#NULO";-1;"#NULO";-1;"#NULO";2;"MASCULINO";"3";"PARDA"
"02/09/2026";"08:30:36";2026;6259;40002554165;-3;"#NE";1;"BRASILEIRA NATA";-3;"MANAUS";"34";"N";-1;"#NULO";"3176572.53";"#NE";"N";"-1";"06009079520266040000";"-3";"#NE";"-3";"#NE";"NÃO";"#NULO";-1;"#NULO";"N";"N";-1;-1;"2026-08-22 22:59:46";8;"AGUARDANDO JULGAMENTO";"-1";"#NULO";"-1";"#NULO";-1;"#NULO";-1;"#NULO";-1;"#NULO";-1;"#NULO";"-1";"#NULO"
"02/09/2026";"08:30:36";2026;6259;40002532748;-3;"#NE";1;"BRASILEIRA NATA";-3;"AMATURÁ";"48";"N";55;"TIKÚNA";"1270629.01";"#NE";"S";"-1";"06002358720266040000";"-3";"#NE";"-3";"#NE";"SIM";"#NULO";-1;"#NULO";"N";"N";-1;-1;"2026-07-28 07:26:32";2;"DEFERIDO";"-1";"#NULO";"-1";"#NULO";-1;"#NULO";-1;"#NULO";-1;"#NULO";4;"FEMININO";"5";"INDÍGENA"
