"DT_GERACAO";"HH_GERACAO";"ANO_ELEICAO";"CD_TIPO_ELEICAO";"NM_TIPO_ELEICAO";"NR_TURNO";"CD_ELEICAO";"DS_ELEICAO";"DT_ELEICAO";"TP_ABRANGENCIA";"SG_UF";"SG_UE";"NM_UE";"CD_MUNICIPIO";"NM_MUNICIPIO";"NR_ZONA";"CD_CARGO";"DS_CARGO";"QT_APTOS";"QT_SECOES_PRINCIPAIS";"QT_SECOES_AGREGADAS";"QT_SECOES_NAO_INSTALADAS";"QT_TOTAL_SECOES";"QT_COMPARECIMENTO";"QT_ELEITORES_SECOES_NAO_INSTALADAS";"QT_ABSTENCOES";"ST_VOTO_EM_TRANSITO";"QT_VOTOS";"QT_VOTOS_CONCORRENTES";"QT_TOTAL_VOTOS_VALIDOS";"QT_VOTOS_NOMINAIS_VALIDOS";"QT_TOTAL_VOTOS_LEG_VALIDOS";"QT_VOTOS_LEG_VALIDOS";"QT_VOTOS_NOM_CONVR_LEG_VALIDOS";"QT_TOTAL_VOTOS_ANULADOS";"QT_VOTOS_NOMINAIS_ANULADOS";"QT_VOTOS_LEGENDA_ANULADOS";"QT_TOTAL_VOTOS_ANUL_SUBJUD";"QT_VOTOS_NOMINAIS_ANUL_SUBJUD";"QT_VOTOS_LEGENDA_ANUL_SUBJUD";"QT_VOTOS_BRANCOS";"QT_TOTAL_VOTOS_NULOS";"QT_VOTOS_NULOS";"QT_VOTOS_NULOS_TECNICOS";"QT_VOTOS_ANULADOS_APU_SEP";"HH_ULTIMA_TOTALIZACAO";"DT_ULTIMA_TOTALIZACAO"
"23/02/2022";"11:03:13";2014;2;"Eleição Ordinária";2;144;"Eleições Gerais 2014";"26/10/2014";"F";"AM";"AM";"AMAZONAS";"02550";"MANAUS";37;3;"Governador";90323;238;4;0;242;75651;0;14672;"N";75651;68046;68046;68046;0;0;0;0;0;0;0;0;0;1606;5999;5999;0;0;"00:00:00";"26/10/2014"
"23/02/2022";"11:03:13";2014;2;"Eleição Ordinária";2;144;"Eleições Gerais 2014";"26/10/2014";"F";"AM";"AM";"AMAZONAS";"02399";"IPIXUNA";45;3;"Governador";9566;27;9;0;36;6445;0;3121;"N";6445;5818;5818;5818;0;0;0;0;0;0;0;0;0;33;594;594;0;0;"00:00:00";"26/10/2014"
"23/02/2022";"11:03:13";2014;2;"Eleição Ordinária";1;143;"Eleições Gerais 2014";"05/10/2014";"F";"AM";"AM";"AMAZONAS";"02658";"NOVA OLINDA DO NORTE";28;3;"Governador";15508;43;1;0;44;11123;0;4385;"N";11123;10314;10314;10314;0;0;0;0;0;0;0;0;0;63;746;746;0;0;"00:00:00";"05/10/2014"
"23/02/2022";"11:03:13";2014;2;"Eleição Ordinária";2;144;"Eleições Gerais 2014";"26/10/2014";"F";"AM";"AM";"AMAZONAS";"02194";"CANUTAMA";13;3;"Governador";7171;24;2;0;26;4708;0;2463;"N";4708;4335;4335;4335;0;0;0;0;0;0;0;0;0;30;343;343;0;0;"00:00:00";"26/10/2014"
"23/02/2022";"11:03:13";2014;2;"Eleição Ordinária";1;143;"Eleições Gerais 2014";"05/10/2014";"F";"AM";"AM";"AMAZONAS";"02534";"MANACAPURU";6;7;"Deputado Estadual";52230;199;8;0;207;46290;0;5940;"N";46290;41788;41788;41788;2761;0;0;0;0;0;0;0;0;800;941;941;0;0;"00:00:00";"23/05/2016"
"23/02/2022";"11:03:13";2014;2;"Eleição Ordinária";1;143;"Eleições Gerais 2014";"05/10/2014";"F";"AM";"AM";"AMAZONAS";"02119";"BARREIRINHA";26;6;"Deputado Federal";16916;50;3;0;53;12403;0;4513;"N";12403;11194;11194;11194;863;0;0;0;0;0;0;0;0;239;107;107;0;0;"00:00:00";"23/05/2016"
"23/02/2022";"11:03:13";2014;2;"Eleição Ordinária";1;143;"Eleições Gerais 2014";"05/10/2014";"F";"AM";"AM";"AMAZONAS";"02798";"TAPAUÁ";38;7;"Deputado Estadual";11880;35;2;0;37;7826;0;4054;"N";7826;7053;7053;7053;546;0;0;0;0;0;0;0;0;101;126;126;0;0;"00:00:00";"23/05/2016"
"23/02/2022";"11:03:13";2014;2;"Eleição Ordinária";1;143;"Eleições Gerais 2014";"05/10/2014";"F";"AM";"AM";"AMAZONAS";"98515";"TONANTINS";47;7;"Deputado Estadual";8268;24;2;0;26;6070;0;2198;"N";6070;5115;5115;5115;527;0;0;0;0;0;0;0;0;89;339;339;0;0;"00:00:00";"23/05/2016"
"23/02/2022";"11:03:13";2014;2;"Eleição Ordinária";1;143;"Eleições Gerais 2014";"05/10/2014";"F";"AM";"AM";"AMAZONAS";"98396";"MANAQUIRI";66;3;"Governador";12005;35;3;0;38;9014;0;2991;"N";9014;8381;8381;8381;0;0;0;0;0;0;0;0;0;67;566;566;0;0;"00:00:00";"05/10/2014"
"23/02/2022";"11:03:13";2014;2;"Eleição Ordinária";1;143;"Eleições Gerais 2014";"05/10/2014";"F";"AM";"AM";"AMAZONAS";"02216";"CARAUARI";21;6;"Deputado Federal";17731;63;4;0;67;11205;0;6526;"N";11205;10346;10346;10346;594;0;0;0;0;0;0;0;0;133;132;132;0;0;"00:00:00";"23/05/2016"
"23/02/2022";"11:03:13";2014;2;"Eleição Ordinária";1;143;"Eleições Gerais 2014";"05/10/2014";"F";"AM";"AM";"AMAZONAS";"02194";"CANUTAMA";13;5;"Senador";7171;24;2;0;26;4739;0;2432;"N";4739;4346;4346;4346;0;0;0;0;0;0;0;0;0;87;306;306;0;0;"00:00:00";"05/10/2014"
"23/02/2022";"11:03:13";2014;2;"Eleição Ordinária";1;143;"Eleições Gerais 2014";"05/10/2014";"F";"AM";"AM";"AMAZONAS";"02550";"MANAUS";59;5;"Senador";120009;302;3;0;305;103433;0;16576;"N";103433;90305;90305;90305;0;0;0;0;0;0;0;0;0;6817;6311;6311;0;0;"00:00:00";"05/10/2014"
"23/02/2022";"11:03:13";2014;2;"Eleição Ordinária";1;143;"Eleições Gerais 2014";"05/10/2014";"F";"AM";"AM";"AMAZONAS";"02550";"MANAUS";59;7;"Deputado Estadual";120009;302;3;0;305;103433;0;16576;"N";103433;88354;88354;88354;5800;0;0;0;0;0;0;0;0;5683;3596;3596;0;0;"00:00:00";"23/05/2016"
"23/02/2022";"11:03:13";2014;2;"Eleição Ordinária";1;143;"Eleições Gerais 2014";"05/10/2014";"F";"AM";"AM";"AMAZONAS";"02577";"MANICORÉ";16;5;"Senador";25437;87;11;0;98;18167;0;7270;"N";18167;17077;17077;17077;0;0;0;0;0;0;0;0;0;221;869;869;0;0;"00:00:00";"05/10/2014"
"23/02/2022";"11:03:13";2014;2;"Eleição Ordinária";1;143;"Eleições Gerais 2014";"05/10/2014";"F";"AM";"AM";"AMAZONAS";"02275";"CODAJÁS";7;5;"Senador";14131;54;4;0;58;9740;0;4391;"N";9740;9147;9147;9147;0;0;0;0;0;0;0;0;0;133;460;460;0;0;"00:00:00";"05/10/2014"
"23/02/2022";"11:03:13";2014;2;"Eleição Ordinária";1;143;"Eleições Gerais 2014";"05/10/2014";"F";"AM";"AM";"AMAZONAS";"02151";"BOCA DO ACRE";14;5;"Senador";18823;62;3;0;65;13630;0;5193;"N";13630;12034;12034;12034;0;0;0;0;0;0;0;0;0;475;1121;1121;0;0;"00:00:00";"05/10/2014"
"23/02/2022";"11:03:13";2014;2;"Eleição Ordinária";1;143;"Eleições Gerais 2014";"05/10/2014";"F";"AM";"AM";"AMAZONAS";"02852";"URUCARÁ";27;3;"Governador";10817;31;2;0;33;8102;0;2715;"N";8102;7636;7636;7636;0;0;0;0;0;0;0;0;0;41;425;425;0;0;"00:00:00";"05/10/2014"
"23/02/2022";"11:03:13";2014;2;"Eleição Ordinária";1;143;"Eleições Gerais 2014";"05/10/2014";"F";"AM";"AM";"AMAZONAS";"02011";"NOVO AIRÃO";34;6;"Deputado Federal";7676;27;1;0;28;6544;0;1132;"N";6544;5919;5919;5919;408;0;0;0;0;0;0;0;0;122;95;95;0;0;"00:00:00";"23/05/2016"
"23/02/2022";"11:03:13";2014;2;"Eleição Ordinária";1;143;"Eleições Gerais 2014";"05/10/2014";"F";"AM";"AM";"AMAZONAS";"02615";"MAUÉS";5;7;"Deputado Estadual";28916;86;12;0;98;20581;0;8335;"N";20581;18520;18520;18520;1412;0;0;0;0;0;0;0;0;269;380;380;0;0;"00:00:00";"23/05/2016"
"23/02/2022";"11:03:13";2014;2;"Eleição Ordinária";1;143;"Eleições Gerais 2014";"05/10/2014";"F";"AM";"AM";"AMAZONAS";"02330";"FONTE BOA";10;7;"Deputado Estadual";13463;38;5;0;43;9662;0;3801;"N";9662;4812;4812;4812;667;0;0;0;0;0;0;0;0;81;4102;4102;0;0;"00:00:00";"23/05/2016"
"23/02/2022";"11:03:13";2014;2;"Eleição Ordinária";2;144;"Eleições Gerais 2014";"26/10/2014";"F";"AM";"AM";"AMAZONAS";"02593";"MARAÃ";49;3;"Governador";8445;25;2;0;27;5531;0;2914;"N";5531;5143;5143;5143;0;0;0;0;0;0;0;0;0;16;372;372;0;0;"00:00:00";"26/10/2014"
"23/02/2022";"11:03:13";2014;2;"Eleição Ordinária";2;144;"Eleições Gerais 2014";"26/10/2014";"F";"AM";"AM";"AMAZONAS";"02518";"LÁBREA";12;3;"Governador";22262;70;4;0;74;14075;0;8187;"N";14075;12858;12858;12858;0;0;0;0;0;0;0;0;0;80;1137;1137;0;0;"00:00:00";"26/10/2014"
"23/02/2022";"11:03:13";2014;2;"Eleição Ordinária";2;144;"Eleições Gerais 2014";"26/10/2014";"F";"AM";"AM";"AMAZONAS";"02119";"BARREIRINHA";26;3;"Governador";16917;50;3;0;53;11264;0;5653;"N";11264;10421;10421;10421;0;0;0;0;0;0;0;0;0;55;788;788;0;0;"00:00:00";"26/10/2014"
"23/02/2022";"11:03:13";2014;2;"Eleição Ordinária";2;144;"Eleições Gerais 2014";"26/10/2014";"F";"AM";"AM";"AMAZONAS";"02577";"MANICORÉ";16;3;"Governador";25437;87;11;0;98;17654;0;7783;"N";17654;16491;16491;16491;0;0;0;0;0;0;0;0;0;63;1100;1100;0;0;"00:00:00";"26/10/2014"
"23/02/2022";"11:03:13";2014;2;"Eleição Ordinária";1;143;"Eleições Gerais 2014";"05/10/2014";"F";"AM";"AM";"AMAZONAS";"02755";"SÃO PAULO DE OLIVENÇA";22;3;"Governador";14756;44;4;0;48;11780;0;2976;"N";11780;10555;10555;10555;0;0;0;0;0;0;0;0;0;83;1142;1142;0;0;"00:00:00";"05/10/2014"
"23/02/2022";"11:03:13";2014;2;"Eleição Ordinária";1;143;"Eleições Gerais 2014";"05/10/2014";"F";"AM";"AM";"AMAZONAS";"02615";"MAUÉS";5;6;"Deputado Federal";28916;86;12;0;98;20581;0;8335;"N";20581;18575;18575;18575;1336;0;0;0;0;0;0;0;0;437;233;233;0;0;"00:00:00";"23/05/2016"
"23/02/2022";"11:03:13";2014;2;"Eleição Ordinária";1;143;"Eleições Gerais 2014";"05/10/2014";"F";"AM";"AM";"AMAZONAS";"02011";"NOVO AIRÃO";34;5;"Senador";7676;27;1;0;28;6544;0;1132;"N";6544;6032;6032;6032;0;0;0;0;0;0;0;0;0;122;390;390;0;0;"00:00:00";"05/10/2014"
"23/02/2022";"11:03:13";2014;2;"Eleição Ordinária";1;143;"Eleições Gerais 2014";"05/10/2014";"F";"AM";"AM";"AMAZONAS";"02593";"MARAÃ";49;3;"Governador";8445;25;2;0;27;5514;0;2931;"N";5514;5108;5108;5108;0;0;0;0;0;0;0;0;0;20;386;386;0;0;"00:00:00";"05/10/2014"
"23/02/2022";"11:03:13";2014;2;"Eleição Ordinária";1;143;"Eleições Gerais 2014";"05/10/2014";"F";"AM";"AM";"AMAZONAS";"02070";"AUTAZES";35;3;"Governador";22305;70;6;0;76;16639;0;5666;"N";16639;15470;15470;15470;0;0;0;0;0;0;0;0;0;124;1045;1045;0;0;"00:00:00";"05/10/2014"
"23/02/2022";"11:03:13";2014;2;"Eleição Ordinária";1;143;"Eleições Gerais 2014";"05/10/2014";"F";"AM";"AM";"AMAZONAS";"02879";"URUCURITUBA";25;7;"Deputado Estadual";11595;35;5;0;40;8480;0;3115;"N";8480;7701;7701;7701;548;0;0;0;0;0;0;0;0;93;138;138;0;0;"00:00:00";"23/05/2016"
"23/02/2022";"11:03:13";2014;2;"Eleição Ordinária";1;143;"Eleições Gerais 2014";"05/10/2014";"F";"AM";"AM";"AMAZONAS";"98450";"SÃO SEBASTIÃO DO UATUMÃ";57;6;"Deputado Federal";5494;16;1;0;17;4088;0;1406;"N";4088;3760;3760;3760;190;0;0;0;0;0;0;0;0;96;42;42;0;0;"00:00:00";"23/05/2016"
"23/02/2022";"11:03:13";2014;2;"Eleição Ordinária";1;143;"Eleições Gerais 2014";"05/10/2014";"F";"AM";"AM";"AMAZONAS";"02550";"MANAUS";65;3;"Governador";75642;184;7;0;191;64377;0;11265;"N";64377;59035;59035;59035;0;0;0;0;0;0;0;0;0;2003;3339;3339;0;0;"00:00:00";"05/10/2014"
"23/02/2022";"11:03:13";2014;2;"Eleição Ordinária";2;144;"Eleições Gerais 2014";"26/10/2014";"F";"AM";"AM";"AMAZONAS";"02011";"NOVO AIRÃO";34;3;"Governador";7676;27;1;0;28;6048;0;1628;"N";6048;5567;5567;5567;0;0;0;0;0;0;0;0;0;29;452;452;0;0;"00:00:00";"26/10/2014"
"23/02/2022";"11:03:13";2014;2;"Eleição Ordinária";1;143;"Eleições Gerais 2014";"05/10/2014";"F";"AM";"AM";"AMAZONAS";"02771";"SILVES";39;7;"Deputado Estadual";6462;20;3;0;23;5098;0;1364;"N";5098;4487;4487;4487;306;0;0;0;0;0;0;0;0;99;206;206;0;0;"00:00:00";"23/05/2016"
"23/02/2022";"11:03:13";2014;2;"Eleição Ordinária";2;144;"Eleições Gerais 2014";"26/10/2014";"F";"AM";"AM";"AMAZONAS";"02550";"MANAUS";40;3;"Governador";82369;189;7;0;196;68829;0;13540;"N";68829;61921;61921;61921;0;0;0;0;0;0;0;0;0;1475;5433;5433;0;0;"00:00:00";"26/10/2014"
"23/02/2022";"11:03:13";2014;2;"Eleição Ordinária";1;143;"Eleições Gerais 2014";"05/10/2014";"F";"AM";"AM";"AMAZONAS";"02658";"NOVA OLINDA DO NORTE";28;6;"Deputado Federal";15508;43;1;0;44;11123;0;4385;"N";11123;10156;10156;10156;706;0;0;0;0;0;0;0;0;167;94;94;0;0;"00:00:00";"23/05/2016"
"23/02/2022";"11:03:13";2014;2;"Eleição Ordinária";1;143;"Eleições Gerais 2014";"05/10/2014";"F";"AM";"AM";"AMAZONAS";"98353";"IRANDUBA";56;3;"Governador";20899;94;43;0;137;19504;0;1395;"N";19504;18039;18039;18039;0;0;0;0;0;0;0;0;0;203;1262;1262;0;0;"00:00:00";"05/10/2014"
"23/02/2022";"11:03:13";2014;2;"Eleição Ordinária";1;143;"Eleições Gerais 2014";"05/10/2014";"F";"AM";"AM";"AMAZONAS";"98515";"TONANTINS";47;3;"Governador";8268;24;2;0;26;6070;0;2198;"N";6070;5594;5594;5594;0;0;0;0;0;0;0;0;0;22;454;454;0;0;"00:00:00";"05/10/2014"
"23/02/2022";"11:03:13";2014;2;"Eleição Ordinária";1;143;"Eleições Gerais 2014";"05/10/2014";"F";"AM";"AM";"AMAZONAS";"02372";"SANTA ISABEL DO RIO NEGRO";30;3;"Governador";6863;18;0;0;18;4107;0;2756;"N";4107;3724;3724;3724;0;0;0;0;0;0;0;0;0;40;343;343;0;0;"00:00:00";"05/10/2014"
"23/02/2022";"11:03:13";2014;2;"Eleição Ordinária";2;144;"Eleições Gerais 2014";"26/10/2014";"F";"AM";"AM";"AMAZONAS";"02755";"SÃO PAULO DE OLIVENÇA";22;3;"Governador";14756;44;4;0;48;11719;0;3037;"N";11719;10632;10632;10632;0;0;0;0;0;0;0;0;0;58;1029;1029;0;0;"00:00:00";"27/10/2014"
"23/02/2022";"11:03:13";2014;2;"Eleição Ordinária";1;143;"Eleições Gerais 2014";"05/10/2014";"F";"AM";"AM";"AMAZONAS";"02135";"BENJAMIN CONSTANT";20;7;"Deputado Estadual";18891;62;4;0;66;14467;0;4424;"N";14467;12273;12273;12273;1046;0;0;0;0;0;0;0;0;177;971;971;0;0;"00:00:00";"23/05/2016"
"23/02/2022";"11:03:13";2014;2;"Eleição Ordinária";1;143;"Eleições Gerais 2014";"05/10/2014";"F";"AM";"AM";"AMAZONAS";"02550";"MANAUS";70;5;"Senador";126596;371;19;0;390;107445;0;19151;"N";107445;94049;94049;94049;0;0;0;0;0;0;0;0;0;7444;5952;5952;0;0;"00:00:00";"05/10/2014"
"23/02/2022";"11:03:13";2014;2;"Eleição Ordinária";1;143;"Eleições Gerais 2014";"05/10/2014";"F";"AM";"AM";"AMAZONAS";"02550";"MANAUS";68;7;"Deputado Estadual";151299;441;13;0;454;128720;0;22579;"N";128720;109407;109407;109407;7856;0;0;0;0;0;0;0;0;7259;4198;4198;0;0;"00:00:00";"23/05/2016"
"23/02/2022";"11:03:13";2014;2;"Eleição Ordinária";1;143;"Eleições Gerais 2014";"05/10/2014";"F";"AM";"AM";"AMAZONAS";"02550";"MANAUS";31;7;"Deputado Estadual";73275;220;5;0;225;62736;0;10539;"N";62736;53502;53502;53502;3523;0;0;0;0;0;0;0;0;3044;2667;2667;0;0;"00:00:00";"23/05/2016"
"23/02/2022";"11:03:13";2014;2;"Eleição Ordinária";1;143;"Eleições Gerais 2014";"05/10/2014";"F";"AM";"AM";"AMAZONAS";"98493";"UARINI";9;6;"Deputado Federal";6997;21;5;0;26;5209;0;1788;"N";5209;4820;4820;4820;281;0;0;0;0;0;0;0;0;50;58;58;0;0;"00:00:00";"23/05/2016"
"23/02/2022";"11:03:13";2014;2;"Eleição Ordinária";1;143;"Eleições Gerais 2014";"05/10/2014";"F";"AM";"AM";"AMAZONAS";"02291";"EIRUNEPÉ";11;5;"Senador";20280;60;4;0;64;12350;0;7930;"N";12350;10838;10838;10838;0;0;0;0;0;0;0;0;0;453;1059;1059;0;0;"00:00:00";"05/10/2014"
"23/02/2022";"11:03:13";2014;2;"Eleição Ordinária";1;143;"Eleições Gerais 2014";"05/10/2014";"F";"AM";"AM";"AMAZONAS";"02291";"EIRUNEPÉ";11;7;"Deputado Estadual";20280;60;4;0;64;12350;0;7930;"N";12350;7761;7761;7761;1044;0;0;0;0;0;0;0;0;287;3258;3258;0;0;"00:00:00";"23/05/2016"
"23/02/2022";"11:03:13";2014;2;"Eleição Ordinária";1;143;"Eleições Gerais 2014";"05/10/2014";"F";"AM";"AM";"AMAZONAS";"02992";"CAAPIRANGA";55;7;"Deputado Estadual";7237;21;0;0;21;5327;0;1910;"N";5327;4846;4846;4846;366;0;0;0;0;0;0;0;0;58;57;57;0;0;"00:00:00";"23/05/2016"
"23/02/2022";"11:03:13";2014;2;"Eleição Ordinária";2;144;"Eleições Gerais 2014";"26/10/2014";"F";"AM";"AM";"AMAZONAS";"02933";"ANAMÃ";53;3;"Governador";6734;21;0;0;21;4827;0;1907;"N";4827;4537;4537;4537;0;0;0;0;0;0;0;0;0;15;275;275;0;0;"00:00:00";"26/10/2014"
"23/02/2022";"11:03:13";2014;2;"Eleição Ordinária";1;143;"Eleições Gerais 2014";"05/10/2014";"F";"AM";"AM";"AMAZONAS";"02046";"CAREIRO DA VÁRZEA";61;7;"Deputado Estadual";12802;47;14;0;61;11192;0;1610;"N";11192;10196;10196;10196;693;0;0;0;0;0;0;0;0;131;172;172;0;0;"00:00:00";"23/05/2016"
"23/02/2022";"11:03:13";2014;2;"Eleição Ordinária";2;144;"Eleições Gerais 2014";"26/10/2014";"F";"AM";"AM";"AMAZONAS";"02313";"ENVIRA";46;3;"Governador";10492;33;1;0;34;6744;0;3748;"N";6744;6279;6279;6279;0;0;0;0;0;0;0;0;0;24;441;441;0;0;"00:00:00";"26/10/2014"
"23/02/2022";"11:03:13";2014;2;"Eleição Ordinária";1;143;"Eleições Gerais 2014";"05/10/2014";"F";"AM";"AM";"AMAZONAS";"98370";"ITAMARATI";69;7;"Deputado Estadual";5997;19;2;0;21;4097;0;1900;"N";4097;3638;3638;3638;334;0;0;0;0;0;0;0;0;24;101;101;0;0;"00:00:00";"23/05/2016"
"23/02/2022";"11:03:13";2014;2;"Eleição Ordinária";1;143;"Eleições Gerais 2014";"05/10/2014";"F";"AM";"AM";"AMAZONAS";"02615";"MAUÉS";5;3;"Governador";28916;86;12;0;98;20581;0;8335;"N";20581;18940;18940;18940;0;0;0;0;0;0;0;0;0;221;1420;1420;0;0;"00:00:00";"05/10/2014"
"23/02/2022";"11:03:13";2014;2;"Eleição Ordinária";1;143;"Eleições Gerais 2014";"05/10/2014";"F";"AM";"AM";"AMAZONAS";"02950";"BERURI";54;3;"Governador";10092;32;2;0;34;7785;0;2307;"N";7785;7245;7245;7245;0;0;0;0;0;0;0;0;0;28;512;512;0;0;"00:00:00";"05/10/2014"
"23/02/2022";"11:03:13";2014;2;"Eleição Ordinária";2;144;"Eleições Gerais 2014";"26/10/2014";"F";"AM";"AM";"AMAZONAS";"02879";"URUCURITUBA";25;3;"Governador";11595;35;5;0;40;7816;0;3779;"N";7816;7399;7399;7399;0;0;0;0;0;0;0;0;0;27;390;390;0;0;"00:00:00";"26/10/2014"
"23/02/2022";"11:03:13";2014;2;"Eleição Ordinária";2;144;"Eleições Gerais 2014";"26/10/2014";"F";"AM";"AM";"AMAZONAS";"02917";"AMATURÁ";22;3;"Governador";5112;19;3;0;22;3828;0;1284;"N";3828;3426;3426;3426;0;0;0;0;0;0;0;0;0;17;385;385;0;0;"00:00:00";"26/10/2014"
"23/02/2022";"11:03:13";2014;2;"Eleição Ordinária";1;143;"Eleições Gerais 2014";"05/10/2014";"F";"AM";"AM";"AMAZONAS";"02275";"CODAJÁS";7;7;"Deputado Estadual";14131;54;4;0;58;9740;0;4391;"N";9740;8513;8513;8513;555;0;0;0;0;0;0;0;0;102;570;570;0;0;"00:00:00";"23/05/2016"
"23/02/2022";"11:03:13";2014;2;"Eleição Ordinária";1;143;"Eleições Gerais 2014";"05/10/2014";"F";"AM";"AM";"AMAZONAS";"02275";"CODAJÁS";7;3;"Governador";14131;54;4;0;58;9740;0;4391;"N";9740;9112;9112;9112;0;0;0;0;0;0;0;0;0;44;584;584;0;0;"00:00:00";"05/10/2014"
"23/02/2022";"11:03:13";2014;2;"Eleição Ordinária";2;144;"Eleições Gerais 2014";"26/10/2014";"F";"AM";"AM";"AMAZONAS";"02658";"NOVA OLINDA DO NORTE";28;3;"Governador";15508;43;1;0;44;10378;0;5130;"N";10378;9744;9744;9744;0;0;0;0;0;0;0;0;0;37;597;597;0;0;"00:00:00";"26/10/2014"
"23/02/2022";"11:03:13";2014;2;"Eleição Ordinária";2;144;"Eleições Gerais 2014";"26/10/2014";"F";"AM";"AM";"AMAZONAS";"02437";"ITAPIRANGA";24;3;"Governador";6666;21;0;0;21;4996;0;1670;"N";4996;4775;4775;4775;0;0;0;0;0;0;0;0;0;13;208;208;0;0;"00:00:00";"26/10/2014"
"23/02/2022";"11:03:13";2014;2;"Eleição Ordinária";1;143;"Eleições Gerais 2014";"05/10/2014";"F";"AM";"AM";"AMAZONAS";"02046";"CAREIRO DA VÁRZEA";61;6;"Deputado Federal";12802;47;14;0;61;11192;0;1610;"N";11192;10248;10248;10248;678;0;0;0;0;0;0;0;0;178;88;88;0;0;"00:00:00";"23/05/2016"
"23/02/2022";"11:03:13";2014;2;"Eleição Ordinária";1;143;"Eleições Gerais 2014";"05/10/2014";"F";"AM";"AM";"AMAZONAS";"02259";"COARI";8;3;"Governador";46097;139;10;0;149;32301;0;13796;"N";32301;29830;29830;29830;0;0;0;0;0;0;0;0;0;337;2134;2134;0;0;"00:00:00";"05/10/2014"
"23/02/2022";"11:03:13";2014;2;"Eleição Ordinária";1;143;"Eleições Gerais 2014";"05/10/2014";"F";"AM";"AM";"AMAZONAS";"02372";"SANTA ISABEL DO RIO NEGRO";30;7;"Deputado Estadual";6863;18;0;0;18;4107;0;2756;"N";4107;3664;3664;3664;316;0;0;0;0;0;0;0;0;61;66;66;0;0;"00:00:00";"23/05/2016"
"23/02/2022";"11:03:13";2014;2;"Eleição Ordinária";1;143;"Eleições Gerais 2014";"05/10/2014";"F";"AM";"AM";"AMAZONAS";"02976";"BOA VISTA DO RAMOS";64;5;"Senador";9572;28;2;0;30;6789;0;2783;"N";6789;6381;6381;6381;0;0;0;0;0;0;0;0;0;61;347;347;0;0;"00:00:00";"05/10/2014"
"23/02/2022";"11:03:13";2014;2;"Eleição Ordinária";1;143;"Eleições Gerais 2014";"05/10/2014";"F";"AM";"AM";"AMAZONAS";"02810";"TEFÉ";9;3;"Governador";37434;118;9;0;127;27418;0;10016;"N";27418;25645;25645;25645;0;0;0;0;0;0;0;0;0;239;1534;1534;0;0;"00:00:00";"05/10/2014"
"23/02/2022";"11:03:13";2014;2;"Eleição Ordinária";1;143;"Eleições Gerais 2014";"05/10/2014";"F";"AM";"AM";"AMAZONAS";"02550";"MANAUS";31;5;"Senador";73275;220;5;0;225;62736;0;10539;"N";62736;54403;54403;54403;0;0;0;0;0;0;0;0;0;3851;4482;4482;0;0;"00:00:00";"05/10/2014"
"23/02/2022";"11:03:13";2014;2;"Eleição Ordinária";2;144;"Eleições Gerais 2014";"26/10/2014";"F";"AM";"AM";"AMAZONAS";"98450";"SÃO SEBASTIÃO DO UATUMÃ";57;3;"Governador";5494;16;1;0;17;3845;0;1649;"N";3845;3634;3634;3634;0;0;0;0;0;0;0;0;0;19;192;192;0;0;"00:00:00";"26/10/2014"
"23/02/2022";"11:03:13";2014;2;"Eleição Ordinária";2;144;"Eleições Gerais 2014";"26/10/2014";"F";"AM";"AM";"AMAZONAS";"02410";"ITACOATIARA";3;3;"Governador";55262;199;21;0;220;45292;0;9970;"N";45292;41795;41795;41795;0;0;0;0;0;0;0;0;0;369;3128;3128;0;0;"00:00:00";"26/10/2014"
"23/02/2022";"11:03:13";2014;2;"Eleição Ordinária";1;143;"Eleições Gerais 2014";"05/10/2014";"F";"AM";"AM";"AMAZONAS";"02020";"GUAJARÁ";45;7;"Deputado Estadual";8659;32;2;0;34;5316;0;3343;"N";5316;4464;4464;4464;503;0;0;0;0;0;0;0;0;108;241;241;0;0;"00:00:00";"23/05/2016"
"23/02/2022";"11:03:13";2014;2;"Eleição Ordinária";1;143;"Eleições Gerais 2014";"05/10/2014";"F";"AM";"AM";"AMAZONAS";"02550";"MANAUS";59;3;"Governador";120009;302;3;0;305;103433;0;16576;"N";103433;93812;93812;93812;0;0;0;0;0;0;0;0;0;3723;5898;5898;0;0;"00:00:00";"05/10/2014"
"23/02/2022";"11:03:13";2014;2;"Eleição Ordinária";1;143;"Eleições Gerais 2014";"05/10/2014";"F";"AM";"AM";"AMAZONAS";"02135";"BENJAMIN CONSTANT";20;6;"Deputado Federal";18891;62;4;0;66;14467;0;4424;"N";14467;12974;12974;12974;998;0;0;0;0;0;0;0;0;274;221;221;0;0;"00:00:00";"23/05/2016"
"23/02/2022";"11:03:13";2014;2;"Eleição Ordinária";1;143;"Eleições Gerais 2014";"05/10/2014";"F";"AM";"AM";"AMAZONAS";"02046";"CAREIRO DA VÁRZEA";61;3;"Governador";12802;47;14;0;61;11192;0;1610;"N";11192;10424;10424;10424;0;0;0;0;0;0;0;0;0;99;669;669;0;0;"00:00:00";"05/10/2014"
"23/02/2022";"11:03:13";2014;2;"Eleição Ordinária";1;143;"Eleições Gerais 2014";"05/10/2014";"F";"AM";"AM";"AMAZONAS";"02470";"JURUÁ";50;7;"Deputado Estadual";6610;26;2;0;28;4236;0;2374;"N";4236;3456;3456;3456;288;0;0;0;0;0;0;0;0;22;470;470;0;0;"00:00:00";"23/05/2016"
"23/02/2022";"11:03:13";2014;2;"Eleição Ordinária";1;143;"Eleições Gerais 2014";"05/10/2014";"F";"AM";"AM";"AMAZONAS";"02690";"PARINTINS";4;5;"Senador";64215;210;7;0;217;47062;0;17153;"N";47062;43632;43632;43632;0;0;0;0;0;0;0;0;0;1556;1874;1874;0;0;"00:00:00";"05/10/2014"
"23/02/2022";"11:03:13";2014;2;"Eleição Ordinária";1;143;"Eleições Gerais 2014";"05/10/2014";"F";"AM";"AM";"AMAZONAS";"02690";"PARINTINS";4;6;"Deputado Federal";64215;210;7;0;217;47062;0;17153;"N";47062;42301;42301;42301;2612;0;0;0;0;0;0;0;0;1800;349;349;0;0;"00:00:00";"23/05/2016"
"23/02/2022";"11:03:13";2014;2;"Eleição Ordinária";1;143;"Eleições Gerais 2014";"05/10/2014";"F";"AM";"AM";"AMAZONAS";"02917";"AMATURÁ";22;3;"Governador";5112;19;3;0;22;4000;0;1112;"N";4000;3580;3580;3580;0;0;0;0;0;0;0;0;0;28;392;392;0;0;"00:00:00";"05/10/2014"
"23/02/2022";"11:03:13";2014;2;"Eleição Ordinária";1;143;"Eleições Gerais 2014";"05/10/2014";"F";"AM";"AM";"AMAZONAS";"02518";"LÁBREA";12;6;"Deputado Federal";22260;70;4;0;74;14468;0;7792;"N";14468;12926;12926;12926;1084;0;0;0;0;0;0;0;0;261;197;197;0;0;"00:00:00";"23/05/2016"
"23/02/2022";"11:03:13";2014;2;"Eleição Ordinária";1;143;"Eleições Gerais 2014";"05/10/2014";"F";"AM";"AM";"AMAZONAS";"98396";"MANAQUIRI";66;5;"Senador";12005;35;3;0;38;9014;0;2991;"N";9014;8361;8361;8361;0;0;0;0;0;0;0;0;0;155;498;498;0;0;"00:00:00";"05/10/2014"
"23/02/2022";"11:03:13";2014;2;"Eleição Ordinária";1;143;"Eleições Gerais 2014";"05/10/2014";"F";"AM";"AM";"AMAZONAS";"02453";"JAPURÁ";48;7;"Deputado Estadual";3815;12;1;0;13;2583;0;1232;"N";2583;1931;1931;1931;149;0;0;0;0;0;0;0;0;18;485;485;0;0;"00:00:00";"23/05/2016"
"23/02/2022";"11:03:13";2014;2;"Eleição Ordinária";1;143;"Eleições Gerais 2014";"05/10/2014";"F";"AM";"AM";"AMAZONAS";"02852";"URUCARÁ";27;7;"Deputado Estadual";10817;31;2;0;33;8102;0;2715;"N";8102;7316;7316;7316;457;0;0;0;0;0;0;0;0;88;241;241;0;0;"00:00:00";"23/05/2016"
"23/02/2022";"11:03:13";2014;2;"Eleição Ordinária";2;144;"Eleições Gerais 2014";"26/10/2014";"F";"AM";"AM";"AMAZONAS";"02020";"GUAJARÁ";45;3;"Governador";8659;32;2;0;34;5181;0;3478;"N";5181;4720;4720;4720;0;0;0;0;0;0;0;0;0;27;434;434;0;0;"00:00:00";"26/10/2014"
"23/02/2022";"11:03:13";2014;2;"Eleição Ordinária";1;143;"Eleições Gerais 2014";"05/10/2014";"F";"AM";"AM";"AMAZONAS";"02178";"BORBA";15;5;"Senador";18757;57;4;0;61;13654;0;5103;"N";13654;12755;12755;12755;0;0;0;0;0;0;0;0;0;162;737;737;0;0;"00:00:00";"05/10/2014"
"23/02/2022";"11:03:13";2014;2;"Eleição Ordinária";1;143;"Eleições Gerais 2014";"05/10/2014";"F";"AM";"AM";"AMAZONAS";"98418";"PRESIDENTE FIGUEIREDO";51;6;"Deputado Federal";16729;69;21;0;90;14384;0;2345;"N";14384;12827;12827;12827;880;0;0;0;0;0;0;0;0;469;208;208;0;0;"00:00:00";"23/05/2016"
"23/02/2022";"11:03:13";2014;2;"Eleição Ordinária";1;143;"Eleições Gerais 2014";"05/10/2014";"F";"AM";"AM";"AMAZONAS";"02798";"TAPAUÁ";38;3;"Governador";11880;35;2;0;37;7826;0;4054;"N";7826;7143;7143;7143;0;0;0;0;0;0;0;0;0;48;635;635;0;0;"00:00:00";"05/10/2014"
"23/02/2022";"11:03:13";2014;2;"Eleição Ordinária";1;143;"Eleições Gerais 2014";"05/10/2014";"F";"AM";"AM";"AMAZONAS";"02038";"ANORI";33;5;"Senador";9328;26;0;0;26;6798;0;2530;"N";6798;6382;6382;6382;0;0;0;0;0;0;0;0;0;87;329;329;0;0;"00:00:00";"05/10/2014"
"28/05/2021";"11:14:01";2014;1;"Eleição Extraordinária";1;268;"Eleição Suplementar Governador AM";"06/08/2017";"E";"AM";"AM";"AMAZONAS";"98450";"SÃO SEBASTIÃO DO UATUMÃ";57;3;"Governador";6204;17;0;0;17;4135;0;2069;"N";4135;3950;3950;3950;0;0;0;0;0;0;0;0;0;66;119;119;0;0;"00:00:00";"06/08/2017"
"28/05/2021";"11:14:01";2014;1;"Eleição Extraordinária";1;268;"Eleição Suplementar Governador AM";"06/08/2017";"E";"AM";"AM";"AMAZONAS";"02259";"COARI";8;3;"Governador";47994;149;6;0;155;28855;0;19139;"N";28855;27403;27403;27403;0;0;0;0;0;0;0;0;0;401;1051;1051;0;0;"00:00:00";"06/08/2017"
"28/05/2021";"11:14:01";2014;1;"Eleição Extraordinária";2;269;"Eleição Suplementar Governador AM";"27/08/2017";"E";"AM";"AM";"AMAZONAS";"02194";"CANUTAMA";13;3;"Governador";8288;29;1;0;30;5177;0;3111;"N";5177;4946;4946;4946;0;0;0;0;0;0;0;0;0;46;185;185;0;0;"00:00:00";"27/08/2017"
"28/05/2021";"11:14:01";2014;1;"Eleição Extraordinária";1;268;"Eleição Suplementar Governador AM";"06/08/2017";"E";"AM";"AM";"AMAZONAS";"02739";"SANTO ANTÔNIO DO IÇÁ";47;3;"Governador";13255;40;1;0;41;9621;0;3634;"N";9621;9298;9298;9298;0;0;0;0;0;0;0;0;0;107;216;216;0;0;"00:00:00";"06/08/2017"
"28/05/2021";"11:14:01";2014;1;"Eleição Extraordinária";1;268;"Eleição Suplementar Governador AM";"06/08/2017";"E";"AM";"AM";"AMAZONAS";"02518";"LÁBREA";12;3;"Governador";23167;72;11;0;83;13706;0;9461;"N";13706;13212;13212;13212;0;0;0;0;0;0;0;0;0;138;356;356;0;0;"00:00:00";"06/08/2017"
"28/05/2021";"11:14:01";2014;1;"Eleição Extraordinária";1;268;"Eleição Suplementar Governador AM";"06/08/2017";"E";"AM";"AM";"AMAZONAS";"02011";"NOVO AIRÃO";34;3;"Governador";9964;30;1;0;31;6590;0;3374;"N";6590;6247;6247;6247;0;0;0;0;0;0;0;0;0;92;251;251;0;0;"00:00:00";"06/08/2017"
"28/05/2021";"11:14:01";2014;1;"Eleição Extraordinária";2;269;"Eleição Suplementar Governador AM";"27/08/2017";"E";"AM";"AM";"AMAZONAS";"02810";"TEFÉ";9;3;"Governador";39099;124;9;0;133;24733;0;14366;"N";24733;22376;22376;22376;0;0;0;0;0;0;0;0;0;739;1618;1618;0;0;"00:00:00";"27/08/2017"
"28/05/2021";"11:14:01";2014;1;"Eleição Extraordinária";1;268;"Eleição Suplementar Governador AM";"06/08/2017";"E";"AM";"AM";"AMAZONAS";"02852";"URUCARÁ";27;3;"Governador";11405;33;2;0;35;7050;0;4355;"N";7050;6689;6689;6689;0;0;0;0;0;0;0;0;0;98;263;263;0;0;"00:00:00";"06/08/2017"
"28/05/2021";"11:14:01";2014;1;"Eleição Extraordinária";1;268;"Eleição Suplementar Governador AM";"06/08/2017";"E";"AM";"AM";"AMAZONAS";"02070";"AUTAZES";35;3;"Governador";24170;82;8;0;90;17317;0;6853;"N";17317;16597;16597;16597;0;0;0;0;0;0;0;0;0;222;498;498;0;0;"00:00:00";"06/08/2017"
"28/05/2021";"11:14:01";2014;1;"Eleição Extraordinária";2;269;"Eleição Suplementar Governador AM";"27/08/2017";"E";"AM";"AM";"AMAZONAS";"02453";"JAPURÁ";48;3;"Governador";4414;13;1;0;14;2603;0;1811;"N";2603;2547;2547;2547;0;0;0;0;0;0;0;0;0;19;37;37;0;0;"00:00:00";"27/08/2017"
"28/05/2021";"11:14:01";2014;1;"Eleição Extraordinária";2;269;"Eleição Suplementar Governador AM";"27/08/2017";"E";"AM";"AM";"AMAZONAS";"02232";"CAREIRO";23;3;"Governador";20094;72;11;0;83;13457;0;6637;"N";13457;12316;12316;12316;0;0;0;0;0;0;0;0;0;328;813;813;0;0;"00:00:00";"27/08/2017"
"28/05/2021";"11:14:01";2014;1;"Eleição Extraordinária";1;268;"Eleição Suplementar Governador AM";"06/08/2017";"E";"AM";"AM";"AMAZONAS";"02178";"BORBA";15;3;"Governador";20062;62;2;0;64;13312;0;6750;"N";13312;12917;12917;12917;0;0;0;0;0;0;0;0;0;97;298;298;0;0;"00:00:00";"06/08/2017"
"28/05/2021";"11:14:01";2014;1;"Eleição Extraordinária";1;268;"Eleição Suplementar Governador AM";"06/08/2017";"E";"AM";"AM";"AMAZONAS";"02550";"MANAUS";1;3;"Governador";92816;268;28;0;296;78665;0;14151;"N";78665;59770;59770;59770;0;0;0;0;0;0;0;0;0;3485;15410;15410;0;0;"00:00:00";"06/08/2017"
"28/05/2021";"11:14:01";2014;1;"Eleição Extraordinária";1;268;"Eleição Suplementar Governador AM";"06/08/2017";"E";"AM";"AM";"AMAZONAS";"02810";"TEFÉ";9;3;"Governador";39099;124;9;0;133;25503;0;13596;"N";25503;24040;24040;24040;0;0;0;0;0;0;0;0;0;521;942;942;0;0;"00:00:00";"06/08/2017"
"28/05/2021";"11:14:01";2014;1;"Eleição Extraordinária";2;269;"Eleição Suplementar Governador AM";"27/08/2017";"E";"AM";"AM";"AMAZONAS";"02410";"ITACOATIARA";3;3;"Governador";63351;206;24;0;230;43471;0;19880;"N";43471;38708;38708;38708;0;0;0;0;0;0;0;0;0;1156;3607;3607;0;0;"00:00:00";"27/08/2017"
"28/05/2021";"11:14:01";2014;1;"Eleição Extraordinária";2;269;"Eleição Suplementar Governador AM";"27/08/2017";"E";"AM";"AM";"AMAZONAS";"02534";"MANACAPURU";6;3;"Governador";62740;195;15;0;210;44230;0;18510;"N";44230;40440;40440;40440;0;0;0;0;0;0;0;0;0;809;2981;2981;0;0;"00:00:00";"27/08/2017"
"28/05/2021";"11:14:01";2014;1;"Eleição Extraordinária";2;269;"Eleição Suplementar Governador AM";"27/08/2017";"E";"AM";"AM";"AMAZONAS";"02259";"COARI";8;3;"Governador";47994;149;6;0;155;28242;0;19752;"N";28242;25870;25870;25870;0;0;0;0;0;0;0;0;0;654;1718;1718;0;0;"00:00:00";"27/08/2017"
"28/05/2021";"11:14:01";2014;1;"Eleição Extraordinária";1;268;"Eleição Suplementar Governador AM";"06/08/2017";"E";"AM";"AM";"AMAZONAS";"02119";"BARREIRINHA";26;3;"Governador";18041;54;5;0;59;12374;0;5667;"N";12374;11915;11915;11915;0;0;0;0;0;0;0;0;0;118;341;341;0;0;"00:00:00";"06/08/2017"
"28/05/2021";"11:14:01";2014;1;"Eleição Extraordinária";1;268;"Eleição Suplementar Governador AM";"06/08/2017";"E";"AM";"AM";"AMAZONAS";"02216";"CARAUARI";21;3;"Governador";18399;63;6;0;69;11133;0;7266;"N";11133;10818;10818;10818;0;0;0;0;0;0;0;0;0;94;221;221;0;0;"00:00:00";"06/08/2017"
"28/05/2021";"11:14:01";2014;1;"Eleição Extraordinária";1;268;"Eleição Suplementar Governador AM";"06/08/2017";"E";"AM";"AM";"AMAZONAS";"02372";"SANTA ISABEL DO RIO NEGRO";30;3;"Governador";7522;21;1;0;22;4001;0;3521;"N";4001;3843;3843;3843;0;0;0;0;0;0;0;0;0;51;107;107;0;0;"00:00:00";"06/08/2017"
"28/05/2021";"11:14:01";2014;1;"Eleição Extraordinária";2;269;"Eleição Suplementar Governador AM";"27/08/2017";"E";"AM";"AM";"AMAZONAS";"02950";"BERURI";54;3;"Governador";11249;33;1;0;34;7137;0;4112;"N";7137;6899;6899;6899;0;0;0;0;0;0;0;0;0;68;170;170;0;0;"00:00:00";"27/08/2017"
"28/05/2021";"11:14:01";2014;1;"Eleição Extraordinária";2;269;"Eleição Suplementar Governador AM";"27/08/2017";"E";"AM";"AM";"AMAZONAS";"02470";"JURUÁ";50;3;"Governador";6962;26;3;0;29;3977;0;2985;"N";3977;3771;3771;3771;0;0;0;0;0;0;0;0;0;60;146;146;0;0;"00:00:00";"27/08/2017"
"23/02/2022";"11:03:13";2014;2;"Eleição Ordinária";1;143;"Eleições Gerais 2014";"05/10/2014";"F";"AM";"AM";"AMAZONAS";"02356";"HUMAITÁ";17;5;"Senador";26562;79;18;0;97;19804;0;6758;"N";19804;18019;18019;18019;0;0;0;0;0;0;0;0;0;718;1067;1067;0;0;"00:00:00";"05/10/2014"
"23/02/2022";"11:03:13";2014;2;"Eleição Ordinária";1;143;"Eleições Gerais 2014";"05/10/2014";"F";"AM";"AM";"AMAZONAS";"98418";"PRESIDENTE FIGUEIREDO";51;5;"Senador";16729;69;21;0;90;14384;0;2345;"N";14384;13073;13073;13073;0;0;0;0;0;0;0;0;0;454;857;857;0;0;"00:00:00";"05/10/2014"
"28/05/2021";"11:14:01";2014;1;"Eleição Extraordinária";1;268;"Eleição Suplementar Governador AM";"06/08/2017";"E";"AM";"AM";"AMAZONAS";"98370";"ITAMARATI";69;3;"Governador";6475;20;3;0;23;4092;0;2383;"N";4092;3949;3949;3949;0;0;0;0;0;0;0;0;0;28;115;115;0;0;"00:00:00";"06/08/2017"
"28/05/2021";"11:14:01";2014;1;"Eleição Extraordinária";1;268;"Eleição Suplementar Governador AM";"06/08/2017";"E";"AM";"AM";"AMAZONAS";"02798";"TAPAUÁ";38;3;"Governador";12098;37;2;0;39;6351;0;5747;"N";6351;6131;6131;6131;0;0;0;0;0;0;0;0;0;67;153;153;0;0;"00:00:00";"06/08/2017"
"23/02/2022";"11:03:13";2014;2;"Eleição Ordinária";1;143;"Eleições Gerais 2014";"05/10/2014";"F";"AM";"AM";"AMAZONAS";"02674";"NOVO ARIPUANÃ";29;3;"Governador";11384;38;2;0;40;7633;0;3751;"N";7633;6937;6937;6937;0;0;0;0;0;0;0;0;0;88;608;608;0;0;"00:00:00";"05/10/2014"
"28/05/2021";"11:14:01";2014;1;"Eleição Extraordinária";1;268;"Eleição Suplementar Governador AM";"06/08/2017";"E";"AM";"AM";"AMAZONAS";"02097";"BARCELOS";18;3;"Governador";10011;29;1;0;30;5453;0;4558;"N";5453;5275;5275;5275;0;0;0;0;0;0;0;0;0;49;129;129;0;0;"00:00:00";"06/08/2017"
"28/05/2021";"11:14:01";2014;1;"Eleição Extraordinária";1;268;"Eleição Suplementar Governador AM";"06/08/2017";"E";"AM";"AM";"AMAZONAS";"02550";"MANAUS";59;3;"Governador";94588;237;21;0;258;81054;0;13534;"N";81054;62671;62671;62671;0;0;0;0;0;0;0;0;0;3909;14474;14474;0;0;"00:00:00";"06/08/2017"
"28/05/2021";"11:14:01";2014;1;"Eleição Extraordinária";1;268;"Eleição Suplementar Governador AM";"06/08/2017";"E";"AM";"AM";"AMAZONAS";"02879";"URUCURITUBA";25;3;"Governador";11951;40;2;0;42;7159;0;4792;"N";7159;6910;6910;6910;0;0;0;0;0;0;0;0;0;85;164;164;0;0;"00:00:00";"06/08/2017"
"28/05/2021";"11:14:01";2014;1;"Eleição Extraordinária";2;269;"Eleição Suplementar Governador AM";"27/08/2017";"E";"AM";"AM";"AMAZONAS";"02216";"CARAUARI";21;3;"Governador";18399;63;6;0;69;11551;0;6848;"N";11551;11089;11089;11089;0;0;0;0;0;0;0;0;0;123;339;339;0;0;"00:00:00";"27/08/2017"
"28/05/2021";"11:14:01";2014;1;"Eleição Extraordinária";2;269;"Eleição Suplementar Governador AM";"27/08/2017";"E";"AM";"AM";"AMAZONAS";"02550";"MANAUS";65;3;"Governador";89598;240;6;0;246;72746;0;16852;"N";72746;49584;49584;49584;0;0;0;0;0;0;0;0;0;3967;19195;19195;0;0;"00:00:00";"27/08/2017"
"28/05/2021";"11:14:01";2014;1;"Eleição Extraordinária";1;268;"Eleição Suplementar Governador AM";"06/08/2017";"E";"AM";"AM";"AMAZONAS";"02836";"SÃO GABRIEL DA CACHOEIRA";19;3;"Governador";28704;89;9;0;98;16024;0;12680;"N";16024;15363;15363;15363;0;0;0;0;0;0;0;0;0;267;394;394;0;0;"00:00:00";"06/08/2017"
"28/05/2021";"11:14:01";2014;1;"Eleição Extraordinária";2;269;"Eleição Suplementar Governador AM";"27/08/2017";"E";"AM";"AM";"AMAZONAS";"98493";"UARINI";9;3;"Governador";7230;22;6;0;28;4313;0;2917;"N";4313;4101;4101;4101;0;0;0;0;0;0;0;0;0;69;143;143;0;0;"00:00:00";"27/08/2017"
"28/05/2021";"11:14:01";2014;1;"Eleição Extraordinária";1;268;"Eleição Suplementar Governador AM";"06/08/2017";"E";"AM";"AM";"AMAZONAS";"02615";"MAUÉS";5;3;"Governador";29765;77;28;0;105;19054;0;10711;"N";19054;18210;18210;18210;0;0;0;0;0;0;0;0;0;269;575;575;0;0;"00:00:00";"06/08/2017"
"28/05/2021";"11:14:01";2014;1;"Eleição Extraordinária";1;268;"Eleição Suplementar Governador AM";"06/08/2017";"E";"AM";"AM";"AMAZONAS";"02550";"MANAUS";37;3;"Governador";87935;237;10;0;247;75507;0;12428;"N";75507;56813;56813;56813;0;0;0;0;0;0;0;0;0;3645;15049;15049;0;0;"00:00:00";"06/08/2017"
"28/05/2021";"11:14:01";2014;1;"Eleição Extraordinária";2;269;"Eleição Suplementar Governador AM";"27/08/2017";"E";"AM";"AM";"AMAZONAS";"02372";"SANTA ISABEL DO RIO NEGRO";30;3;"Governador";7522;21;1;0;22;3845;0;3677;"N";3845;3714;3714;3714;0;0;0;0;0;0;0;0;0;46;85;85;0;0;"00:00:00";"27/08/2017"
"28/05/2021";"11:14:01";2014;1;"Eleição Extraordinária";2;269;"Eleição Suplementar Governador AM";"27/08/2017";"E";"AM";"AM";"AMAZONAS";"02003";"APUÍ";67;3;"Governador";10034;28;14;0;42;5168;0;4866;"N";5168;4480;4480;4480;0;0;0;0;0;0;0;0;0;167;521;521;0;0;"00:00:00";"27/08/2017"
"28/05/2021";"11:14:01";2014;1;"Eleição Extraordinária";1;268;"Eleição Suplementar Governador AM";"06/08/2017";"E";"AM";"AM";"AMAZONAS";"02577";"MANICORÉ";16;3;"Governador";27872;91;9;0;100;17008;0;10864;"N";17008;16353;16353;16353;0;0;0;0;0;0;0;0;0;226;429;429;0;0;"00:00:00";"06/08/2017"
"28/05/2021";"11:14:01";2014;1;"Eleição Extraordinária";2;269;"Eleição Suplementar Governador AM";"27/08/2017";"E";"AM";"AM";"AMAZONAS";"02011";"NOVO AIRÃO";34;3;"Governador";9964;30;1;0;31;6294;0;3670;"N";6294;5708;5708;5708;0;0;0;0;0;0;0;0;0;167;419;419;0;0;"00:00:00";"27/08/2017"
"28/05/2021";"11:14:01";2014;1;"Eleição Extraordinária";1;268;"Eleição Suplementar Governador AM";"06/08/2017";"E";"AM";"AM";"AMAZONAS";"02992";"CAAPIRANGA";55;3;"Governador";8034;22;1;0;23;5272;0;2762;"N";5272;5100;5100;5100;0;0;0;0;0;0;0;0;0;64;108;108;0;0;"00:00:00";"06/08/2017"
"28/05/2021";"11:14:01";2014;1;"Eleição Extraordinária";2;269;"Eleição Suplementar Governador AM";"27/08/2017";"E";"AM";"AM";"AMAZONAS";"02313";"ENVIRA";46;3;"Governador";11181;34;0;0;34;6002;0;5179;"N";6002;5674;5674;5674;0;0;0;0;0;0;0;0;0;156;172;172;0;0;"00:00:00";"27/08/2017"
"28/05/2021";"11:14:01";2014;1;"Eleição Extraordinária";1;268;"Eleição Suplementar Governador AM";"06/08/2017";"E";"AM";"AM";"AMAZONAS";"02674";"NOVO ARIPUANÃ";29;3;"Governador";11936;36;4;0;40;6906;0;5030;"N";6906;6525;6525;6525;0;0;0;0;0;0;0;0;0;118;263;263;0;0;"00:00:00";"06/08/2017"
"28/05/2021";"11:14:01";2014;1;"Eleição Extraordinária";1;268;"Eleição Suplementar Governador AM";"06/08/2017";"E";"AM";"AM";"AMAZONAS";"02534";"MANACAPURU";6;3;"Governador";62740;195;15;0;210;46778;0;15962;"N";46778;43841;43841;43841;0;0;0;0;0;0;0;0;0;752;2185;2185;0;0;"00:00:00";"06/08/2017"
"28/05/2021";"11:14:01";2014;1;"Eleição Extraordinária";1;268;"Eleição Suplementar Governador AM";"06/08/2017";"E";"AM";"AM";"AMAZONAS";"02038";"ANORI";33;3;"Governador";9567;27;0;0;27;6197;0;3370;"N";6197;6001;6001;6001;0;0;0;0;0;0;0;0;0;64;132;132;0;0;"00:00:00";"06/08/2017"
"28/05/2021";"11:14:01";2014;1;"Eleição Extraordinária";2;269;"Eleição Suplementar Governador AM";"27/08/2017";"E";"AM";"AM";"AMAZONAS";"02550";"MANAUS";31;3;"Governador";73966;192;39;0;231;62602;0;11364;"N";62602;41280;41280;41280;0;0;0;0;0;0;0;0;0;3049;18273;18273;0;0;"00:00:00";"27/08/2017"
"23/02/2022";"11:03:13";2014;2;"Eleição Ordinária";1;143;"Eleições Gerais 2014";"05/10/2014";"F";"AM";"AM";"AMAZONAS";"02836";"SÃO GABRIEL DA CACHOEIRA";19;6;"Deputado Federal";26780;84;5;0;89;18570;0;8210;"N";18570;16940;16940;16940;1123;0;0;0;0;0;0;0;0;378;129;129;0;0;"00:00:00";"23/05/2016"
"23/02/2022";"11:03:13";2014;2;"Eleição Ordinária";1;143;"Eleições Gerais 2014";"05/10/2014";"F";"AM";"AM";"AMAZONAS";"02097";"BARCELOS";18;7;"Deputado Estadual";9227;26;1;0;27;6065;0;3162;"N";6065;5334;5334;5334;450;0;0;0;0;0;0;0;0;94;187;187;0;0;"00:00:00";"23/05/2016"
"23/02/2022";"11:03:13";2014;2;"Eleição Ordinária";1;143;"Eleições Gerais 2014";"05/10/2014";"F";"AM";"AM";"AMAZONAS";"02437";"ITAPIRANGA";24;7;"Deputado Estadual";6666;21;0;0;21;5215;0;1451;"N";5215;4856;4856;4856;266;0;0;0;0;0;0;0;0;45;48;48;0;0;"00:00:00";"23/05/2016"
"23/02/2022";"11:03:13";2014;2;"Eleição Ordinária";1;143;"Eleições Gerais 2014";"05/10/2014";"F";"AM";"AM";"AMAZONAS";"02976";"BOA VISTA DO RAMOS";64;3;"Governador";9572;28;2;0;30;6789;0;2783;"N";6789;6353;6353;6353;0;0;0;0;0;0;0;0;0;26;410;410;0;0;"00:00:00";"05/10/2014"
"23/02/2022";"11:03:13";2014;2;"Eleição Ordinária";1;143;"Eleições Gerais 2014";"05/10/2014";"F";"AM";"AM";"AMAZONAS";"02992";"CAAPIRANGA";55;5;"Senador";7237;21;0;0;21;5327;0;1910;"N";5327;4951;4951;4951;0;0;0;0;0;0;0;0;0;84;292;292;0;0;"00:00:00";"05/10/2014"
"28/05/2021";"11:14:01";2014;1;"Eleição Extraordinária";2;269;"Eleição Suplementar Governador AM";"27/08/2017";"E";"AM";"AM";"AMAZONAS";"02755";"SÃO PAULO DE OLIVENÇA";22;3;"Governador";16030;45;8;0;53;11898;0;4132;"N";11898;11298;11298;11298;0;0;0;0;0;0;0;0;0;177;423;423;0;0;"00:00:00";"27/08/2017"
"28/05/2021";"11:14:01";2014;1;"Eleição Extraordinária";1;268;"Eleição Suplementar Governador AM";"06/08/2017";"E";"AM";"AM";"AMAZONAS";"02712";"PAUINI";44;3;"Governador";9793;29;2;0;31;5452;0;4341;"N";5452;5269;5269;5269;0;0;0;0;0;0;0;0;0;43;140;140;0;0;"00:00:00";"06/08/2017"
"23/02/2022";"11:03:13";2014;2;"Eleição Ordinária";2;144;"Eleições Gerais 2014";"26/10/2014";"F";"AM";"AM";"AMAZONAS";"02895";"ALVARÃES";60;3;"Governador";9058;25;0;0;25;6661;0;2397;"N";6661;6149;6149;6149;0;0;0;0;0;0;0;0;0;11;501;501;0;0;"00:00:00";"26/10/2014"
"23/02/2022";"11:03:13";2014;2;"Eleição Ordinária";1;143;"Eleições Gerais 2014";"05/10/2014";"F";"AM";"AM";"AMAZONAS";"02534";"MANACAPURU";6;6;"Deputado Federal";52230;199;8;0;207;46290;0;5940;"N";46290;41670;41670;41670;2730;0;0;0;0;0;0;0;0;1132;758;758;0;0;"00:00:00";"23/05/2016"
"28/05/2021";"11:14:01";2014;1;"Eleição Extraordinária";2;269;"Eleição Suplementar Governador AM";"27/08/2017";"E";"AM";"AM";"AMAZONAS";"02771";"SILVES";39;3;"Governador";6899;22;2;0;24;4557;0;2342;"N";4557;4239;4239;4239;0;0;0;0;0;0;0;0;0;90;228;228;0;0;"00:00:00";"27/08/2017"
"28/05/2021";"11:14:01";2014;1;"Eleição Extraordinária";2;269;"Eleição Suplementar Governador AM";"27/08/2017";"E";"AM";"AM";"AMAZONAS";"02933";"ANAMÃ";53;3;"Governador";6978;20;1;0;21;4343;0;2635;"N";4343;4219;4219;4219;0;0;0;0;0;0;0;0;0;38;86;86;0;0;"00:00:00";"27/08/2017"
"28/05/2021";"11:14:01";2014;1;"Eleição Extraordinária";2;269;"Eleição Suplementar Governador AM";"27/08/2017";"E";"AM";"AM";"AMAZONAS";"02658";"NOVA OLINDA DO NORTE";28;3;"Governador";16558;47;1;0;48;10917;0;5641;"N";10917;10595;10595;10595;0;0;0;0;0;0;0;0;0;84;238;238;0;0;"00:00:00";"27/08/2017"
"28/05/2021";"11:14:01";2014;1;"Eleição Extraordinária";2;269;"Eleição Suplementar Governador AM";"27/08/2017";"E";"AM";"AM";"AMAZONAS";"98515";"TONANTINS";47;3;"Governador";8819;26;2;0;28;5971;0;2848;"N";5971;5730;5730;5730;0;0;0;0;0;0;0;0;0;64;177;177;0;0;"00:00:00";"27/08/2017"
"28/05/2021";"11:14:01";2014;1;"Eleição Extraordinária";2;269;"Eleição Suplementar Governador AM";"27/08/2017";"E";"AM";"AM";"AMAZONAS";"02550";"MANAUS";40;3;"Governador";112678;288;4;0;292;94223;0;18455;"N";94223;60851;60851;60851;0;0;0;0;0;0;0;0;0;5142;28230;28230;0;0;"00:00:00";"27/08/2017"
"28/05/2021";"11:14:01";2014;1;"Eleição Extraordinária";1;268;"Eleição Suplementar Governador AM";"06/08/2017";"E";"AM";"AM";"AMAZONAS";"98434";"RIO PRETO DA EVA";52;3;"Governador";14553;49;20;0;69;10142;0;4411;"N";10142;9366;9366;9366;0;0;0;0;0;0;0;0;0;187;589;589;0;0;"00:00:00";"06/08/2017"
"28/05/2021";"11:14:01";2014;1;"Eleição Extraordinária";1;268;"Eleição Suplementar Governador AM";"06/08/2017";"E";"AM";"AM";"AMAZONAS";"02291";"EIRUNEPÉ";11;3;"Governador";20663;62;5;0;67;11486;0;9177;"N";11486;11030;11030;11030;0;0;0;0;0;0;0;0;0;167;289;289;0;0;"00:00:00";"06/08/2017"
"28/05/2021";"11:14:01";2014;1;"Eleição Extraordinária";1;268;"Eleição Suplementar Governador AM";"06/08/2017";"E";"AM";"AM";"AMAZONAS";"02410";"ITACOATIARA";3;3;"Governador";63351;206;24;0;230;45677;0;17674;"N";45677;42151;42151;42151;0;0;0;0;0;0;0;0;0;1002;2524;2524;0;0;"00:00:00";"06/08/2017"
"28/05/2021";"11:14:01";2014;1;"Eleição Extraordinária";2;269;"Eleição Suplementar Governador AM";"27/08/2017";"E";"AM";"AM";"AMAZONAS";"02690";"PARINTINS";4;3;"Governador";64053;212;13;0;225;42129;0;21924;"N";42129;37012;37012;37012;0;0;0;0;0;0;0;0;0;1549;3568;3568;0;0;"00:00:00";"27/08/2017"
"28/05/2021";"11:14:01";2014;1;"Eleição Extraordinária";1;268;"Eleição Suplementar Governador AM";"06/08/2017";"E";"AM";"AM";"AMAZONAS";"02151";"BOCA DO ACRE";14;3;"Governador";20192;65;4;0;69;12569;0;7623;"N";12569;11799;11799;11799;0;0;0;0;0;0;0;0;0;276;494;494;0;0;"00:00:00";"06/08/2017"
"28/05/2021";"11:14:01";2014;1;"Eleição Extraordinária";1;268;"Eleição Suplementar Governador AM";"06/08/2017";"E";"AM";"AM";"AMAZONAS";"02658";"NOVA OLINDA DO NORTE";28;3;"Governador";16558;47;1;0;48;10752;0;5806;"N";10752;10362;10362;10362;0;0;0;0;0;0;0;0;0;127;263;263;0;0;"00:00:00";"06/08/2017"
"28/05/2021";"11:14:01";2014;1;"Eleição Extraordinária";2;269;"Eleição Suplementar Governador AM";"27/08/2017";"E";"AM";"AM";"AMAZONAS";"02879";"URUCURITUBA";25;3;"Governador";11951;40;2;0;42;6773;0;5178;"N";6773;6437;6437;6437;0;0;0;0;0;0;0;0;0;133;203;203;0;0;"00:00:00";"27/08/2017"
"28/05/2021";"11:14:01";2014;1;"Eleição Extraordinária";2;269;"Eleição Suplementar Governador AM";"27/08/2017";"E";"AM";"AM";"AMAZONAS";"02550";"MANAUS";1;3;"Governador";92816;268;28;0;296;77410;0;15406;"N";77410;50073;50073;50073;0;0;0;0;0;0;0;0;0;3925;23412;23412;0;0;"00:00:00";"27/08/2017"
"28/05/2021";"11:14:01";2014;1;"Eleição Extraordinária";1;268;"Eleição Suplementar Governador AM";"06/08/2017";"E";"AM";"AM";"AMAZONAS";"02399";"IPIXUNA";45;3;"Governador";10556;33;5;0;38;5432;0;5124;"N";5432;5139;5139;5139;0;0;0;0;0;0;0;0;0;124;169;169;0;0;"00:00:00";"06/08/2017"
"28/05/2021";"11:14:01";2014;1;"Eleição Extraordinária";1;268;"Eleição Suplementar Governador AM";"06/08/2017";"E";"AM";"AM";"AMAZONAS";"02313";"ENVIRA";46;3;"Governador";11181;34;0;0;34;5751;0;5430;"N";5751;5555;5555;5555;0;0;0;0;0;0;0;0;0;96;100;100;0;0;"00:00:00";"06/08/2017"
"28/05/2021";"11:14:01";2014;1;"Eleição Extraordinária";2;269;"Eleição Suplementar Governador AM";"27/08/2017";"E";"AM";"AM";"AMAZONAS";"02356";"HUMAITÁ";17;3;"Governador";28360;83;20;0;103;16782;0;11578;"N";16782;14402;14402;14402;0;0;0;0;0;0;0;0;0;560;1820;1820;0;0;"00:00:00";"27/08/2017"
"28/05/2021";"11:14:01";2014;1;"Eleição Extraordinária";1;268;"Eleição Suplementar Governador AM";"06/08/2017";"E";"AM";"AM";"AMAZONAS";"02550";"MANAUS";40;3;"Governador";112678;288;4;0;292;96182;0;16496;"N";96182;74243;74243;74243;0;0;0;0;0;0;0;0;0;4463;17476;17476;0;0;"00:00:00";"06/08/2017"
"28/05/2021";"11:14:01";2014;1;"Eleição Extraordinária";2;269;"Eleição Suplementar Governador AM";"27/08/2017";"E";"AM";"AM";"AMAZONAS";"02593";"MARAÃ";49;3;"Governador";9394;26;4;0;30;4809;0;4585;"N";4809;4669;4669;4669;0;0;0;0;0;0;0;0;0;35;105;105;0;0;"00:00:00";"27/08/2017"
"28/05/2021";"11:14:01";2014;1;"Eleição Extraordinária";1;268;"Eleição Suplementar Governador AM";"06/08/2017";"E";"AM";"AM";"AMAZONAS";"02690";"PARINTINS";4;3;"Governador";64053;212;13;0;225;43820;0;20233;"N";43820;40791;40791;40791;0;0;0;0;0;0;0;0;0;1150;1879;1879;0;0;"00:00:00";"06/08/2017"
"28/05/2021";"11:14:01";2014;1;"Eleição Extraordinária";2;269;"Eleição Suplementar Governador AM";"27/08/2017";"E";"AM";"AM";"AMAZONAS";"02712";"PAUINI";44;3;"Governador";9793;29;2;0;31;5379;0;4414;"N";5379;5145;5145;5145;0;0;0;0;0;0;0;0;0;57;177;177;0;0;"00:00:00";"27/08/2017"
"28/05/2021";"11:14:01";2014;1;"Eleição Extraordinária";2;269;"Eleição Suplementar Governador AM";"27/08/2017";"E";"AM";"AM";"AMAZONAS";"02836";"SÃO GABRIEL DA CACHOEIRA";19;3;"Governador";28704;89;9;0;98;15640;0;13064;"N";15640;14850;14850;14850;0;0;0;0;0;0;0;0;0;298;492;492;0;0;"00:00:00";"27/08/2017"
"28/05/2021";"11:14:01";2014;1;"Eleição Extraordinária";2;269;"Eleição Suplementar Governador AM";"27/08/2017";"E";"AM";"AM";"AMAZONAS";"02739";"SANTO ANTÔNIO DO IÇÁ";47;3;"Governador";13255;40;1;0;41;9354;0;3901;"N";9354;9001;9001;9001;0;0;0;0;0;0;0;0;0;108;245;245;0;0;"00:00:00";"27/08/2017"
"28/05/2021";"11:14:01";2014;1;"Eleição Extraordinária";2;269;"Eleição Suplementar Governador AM";"27/08/2017";"E";"AM";"AM";"AMAZONAS";"02054";"ATALAIA DO NORTE";42;3;"Governador";7801;28;7;0;35;4759;0;3042;"N";4759;4640;4640;4640;0;0;0;0;0;0;0;0;0;16;103;103;0;0;"00:00:00";"27/08/2017"
"28/05/2021";"11:14:01";2014;1;"Eleição Extraordinária";2;269;"Eleição Suplementar Governador AM";"27/08/2017";"E";"AM";"AM";"AMAZONAS";"02992";"CAAPIRANGA";55;3;"Governador";8034;22;1;0;23;5008;0;3026;"N";5008;4799;4799;4799;0;0;0;0;0;0;0;0;0;64;145;145;0;0;"00:00:00";"27/08/2017"
"28/05/2021";"11:14:01";2014;1;"Eleição Extraordinária";2;269;"Eleição Suplementar Governador AM";"27/08/2017";"E";"AM";"AM";"AMAZONAS";"02020";"GUAJARÁ";45;3;"Governador";9131;31;4;0;35;5038;0;4093;"N";5038;4648;4648;4648;0;0;0;0;0;0;0;0;0;106;284;284;0;0;"00:00:00";"27/08/2017"
"28/05/2021";"11:14:01";2014;1;"Eleição Extraordinária";2;269;"Eleição Suplementar Governador AM";"27/08/2017";"E";"AM";"AM";"AMAZONAS";"02518";"LÁBREA";12;3;"Governador";23167;72;11;0;83;13547;0;9620;"N";13547;12936;12936;12936;0;0;0;0;0;0;0;0;0;154;457;457;0;0;"00:00:00";"27/08/2017"
"23/02/2022";"11:03:13";2014;2;"Eleição Ordinária";1;143;"Eleições Gerais 2014";"05/10/2014";"F";"AM";"AM";"AMAZONAS";"02410";"ITACOATIARA";3;7;"Deputado Estadual";55262;199;21;0;220;48583;0;6679;"N";48583;43954;43954;43954;2668;0;0;0;0;0;0;0;0;741;1220;1220;0;0;"00:00:00";"23/05/2016"
"28/05/2021";"11:14:01";2014;1;"Eleição Extraordinária";2;269;"Eleição Suplementar Governador AM";"27/08/2017";"E";"AM";"AM";"AMAZONAS";"98418";"PRESIDENTE FIGUEIREDO";51;3;"Governador";21485;46;48;0;94;14680;0;6805;"N";14680;13064;13064;13064;0;0;0;0;0;0;0;0;0;340;1276;1276;0;0;"00:00:00";"27/08/2017"
"28/05/2021";"11:14:01";2014;1;"Eleição Extraordinária";2;269;"Eleição Suplementar Governador AM";"27/08/2017";"E";"AM";"AM";"AMAZONAS";"02275";"CODAJÁS";7;3;"Governador";14307;48;10;0;58;8577;0;5730;"N";8577;8127;8127;8127;0;0;0;0;0;0;0;0;0;90;360;360;0;0;"00:00:00";"27/08/2017"
"28/05/2021";"11:14:01";2014;1;"Eleição Extraordinária";1;268;"Eleição Suplementar Governador AM";"06/08/2017";"E";"AM";"AM";"AMAZONAS";"98396";"MANAQUIRI";66;3;"Governador";12741;37;4;0;41;8398;0;4343;"N";8398;7990;7990;7990;0;0;0;0;0;0;0;0;0;95;313;313;0;0;"00:00:00";"06/08/2017"
"28/05/2021";"11:14:01";2014;1;"Eleição Extraordinária";1;268;"Eleição Suplementar Governador AM";"06/08/2017";"E";"AM";"AM";"AMAZONAS";"02550";"MANAUS";32;3;"Governador";111137;310;16;0;326;95585;0;15552;"N";95585;74927;74927;74927;0;0;0;0;0;0;0;0;0;4190;16468;16468;0;0;"00:00:00";"06/08/2017"
"28/05/2021";"11:14:01";2014;1;"Eleição Extraordinária";2;269;"Eleição Suplementar Governador AM";"27/08/2017";"E";"AM";"AM";"AMAZONAS";"98353";"IRANDUBA";56;3;"Governador";28212;121;23;0;144;22089;0;6123;"N";22089;18229;18229;18229;0;0;0;0;0;0;0;0;0;681;3179;3179;0;0;"00:00:00";"27/08/2017"
"28/05/2021";"11:14:01";2014;1;"Eleição Extraordinária";2;269;"Eleição Suplementar Governador AM";"27/08/2017";"E";"AM";"AM";"AMAZONAS";"02976";"BOA VISTA DO RAMOS";64;3;"Governador";10355;31;3;0;34;6412;0;3943;"N";6412;5939;5939;5939;0;0;0;0;0;0;0;0;0;174;299;299;0;0;"00:00:00";"27/08/2017"
"28/05/2021";"11:14:01";2014;1;"Eleição Extraordinária";1;268;"Eleição Suplementar Governador AM";"06/08/2017";"E";"AM";"AM";"AMAZONAS";"02933";"ANAMÃ";53;3;"Governador";6978;20;1;0;21;4186;0;2792;"N";4186;4095;4095;4095;0;0;0;0;0;0;0;0;0;37;54;54;0;0;"00:00:00";"06/08/2017"
"28/05/2021";"11:14:01";2014;1;"Eleição Extraordinária";2;269;"Eleição Suplementar Governador AM";"27/08/2017";"E";"AM";"AM";"AMAZONAS";"98396";"MANAQUIRI";66;3;"Governador";12741;37;4;0;41;8206;0;4535;"N";8206;7750;7750;7750;0;0;0;0;0;0;0;0;0;96;360;360;0;0;"00:00:00";"27/08/2017"
"28/05/2021";"11:14:01";2014;1;"Eleição Extraordinária";2;269;"Eleição Suplementar Governador AM";"27/08/2017";"E";"AM";"AM";"AMAZONAS";"02550";"MANAUS";59;3;"Governador";94588;237;21;0;258;79806;0;14782;"N";79806;53598;53598;53598;0;0;0;0;0;0;0;0;0;4060;22148;22148;0;0;"00:00:00";"27/08/2017"
"28/05/2021";"11:14:01";2014;1;"Eleição Extraordinária";1;268;"Eleição Suplementar Governador AM";"06/08/2017";"E";"AM";"AM";"AMAZONAS";"98353";"IRANDUBA";56;3;"Governador";28212;121;23;0;144;23004;0;5208;"N";23004;20470;20470;20470;0;0;0;0;0;0;0;0;0;523;2011;2011;0;0;"00:00:00";"06/08/2017"
"28/05/2021";"11:14:01";2014;1;"Eleição Extraordinária";2;269;"Eleição Suplementar Governador AM";"27/08/2017";"E";"AM";"AM";"AMAZONAS";"98370";"ITAMARATI";69;3;"Governador";6475;20;3;0;23;4018;0;2457;"N";4018;3863;3863;3863;0;0;0;0;0;0;0;0;0;39;116;116;0;0;"00:00:00";"27/08/2017"
"28/05/2021";"11:14:01";2014;1;"Eleição Extraordinária";1;268;"Eleição Suplementar Governador AM";"06/08/2017";"E";"AM";"AM";"AMAZONAS";"02275";"CODAJÁS";7;3;"Governador";14307;48;10;0;58;8848;0;5459;"N";8848;8366;8366;8366;0;0;0;0;0;0;0;0;0;87;395;395;0;0;"00:00:00";"06/08/2017"
"28/05/2021";"11:14:01";2014;1;"Eleição Extraordinária";2;269;"Eleição Suplementar Governador AM";"27/08/2017";"E";"AM";"AM";"AMAZONAS";"02070";"AUTAZES";35;3;"Governador";24170;82;8;0;90;17045;0;7125;"N";17045;16094;16094;16094;0;0;0;0;0;0;0;0;0;257;694;694;0;0;"00:00:00";"27/08/2017"
"28/05/2021";"11:14:01";2014;1;"Eleição Extraordinária";1;268;"Eleição Suplementar Governador AM";"06/08/2017";"E";"AM";"AM";"AMAZONAS";"02550";"MANAUS";68;3;"Governador";77526;208;4;0;212;65210;0;12316;"N";65210;52990;52990;52990;0;0;0;0;0;0;0;0;0;2987;9233;9233;0;0;"00:00:00";"06/08/2017"
"28/05/2021";"11:14:01";2014;1;"Eleição Extraordinária";2;269;"Eleição Suplementar Governador AM";"27/08/2017";"E";"AM";"AM";"AMAZONAS";"02615";"MAUÉS";5;3;"Governador";29765;77;28;0;105;18432;0;11333;"N";18432;17337;17337;17337;0;0;0;0;0;0;0;0;0;307;788;788;0;0;"00:00:00";"27/08/2017"
"28/05/2021";"11:14:01";2014;1;"Eleição Extraordinária";2;269;"Eleição Suplementar Governador AM";"27/08/2017";"E";"AM";"AM";"AMAZONAS";"02038";"ANORI";33;3;"Governador";9567;27;0;0;27;5917;0;3650;"N";5917;5584;5584;5584;0;0;0;0;0;0;0;0;0;78;255;255;0;0;"00:00:00";"27/08/2017"
"28/05/2021";"11:14:01";2014;1;"Eleição Extraordinária";2;269;"Eleição Suplementar Governador AM";"27/08/2017";"E";"AM";"AM";"AMAZONAS";"02550";"MANAUS";2;3;"Governador";82131;212;7;0;219;67102;0;15029;"N";67102;41191;41191;41191;0;0;0;0;0;0;0;0;0;3752;22159;22159;0;0;"00:00:00";"27/08/2017"
"28/05/2021";"11:14:01";2014;1;"Eleição Extraordinária";1;268;"Eleição Suplementar Governador AM";"06/08/2017";"E";"AM";"AM";"AMAZONAS";"98477";"TABATINGA";36;3;"Governador";30045;84;3;0;87;21651;0;8394;"N";21651;20004;20004;20004;0;0;0;0;0;0;0;0;0;576;1071;1071;0;0;"00:00:00";"06/08/2017"
"28/05/2021";"11:14:01";2014;1;"Eleição Extraordinária";2;269;"Eleição Suplementar Governador AM";"27/08/2017";"E";"AM";"AM";"AMAZONAS";"02178";"BORBA";15;3;"Governador";20062;62;2;0;64;13240;0;6822;"N";13240;12818;12818;12818;0;0;0;0;0;0;0;0;0;117;305;305;0;0;"00:00:00";"27/08/2017"
"28/05/2021";"11:14:01";2014;1;"Eleição Extraordinária";2;269;"Eleição Suplementar Governador AM";"27/08/2017";"E";"AM";"AM";"AMAZONAS";"02291";"EIRUNEPÉ";11;3;"Governador";20663;62;5;0;67;12223;0;8440;"N";12223;11633;11633;11633;0;0;0;0;0;0;0;0;0;202;388;388;0;0;"00:00:00";"27/08/2017"
"28/05/2021";"11:14:01";2014;1;"Eleição Extraordinária";1;268;"Eleição Suplementar Governador AM";"06/08/2017";"E";"AM";"AM";"AMAZONAS";"02135";"BENJAMIN CONSTANT";20;3;"Governador";19607;63;5;0;68;14292;0;5315;"N";14292;13735;13735;13735;0;0;0;0;0;0;0;0;0;206;351;351;0;0;"00:00:00";"06/08/2017"
"28/05/2021";"11:14:01";2014;1;"Eleição Extraordinária";1;268;"Eleição Suplementar Governador AM";"06/08/2017";"E";"AM";"AM";"AMAZONAS";"98493";"UARINI";9;3;"Governador";7230;22;6;0;28;4763;0;2467;"N";4763;4623;4623;4623;0;0;0;0;0;0;0;0;0;47;93;93;0;0;"00:00:00";"06/08/2017"
"28/05/2021";"11:14:01";2014;1;"Eleição Extraordinária";1;268;"Eleição Suplementar Governador AM";"06/08/2017";"E";"AM";"AM";"AMAZONAS";"02976";"BOA VISTA DO RAMOS";64;3;"Governador";10355;31;3;0;34;6518;0;3837;"N";6518;6114;6114;6114;0;0;0;0;0;0;0;0;0;116;288;288;0;0;"00:00:00";"06/08/2017"
"28/05/2021";"11:14:01";2014;1;"Eleição Extraordinária";2;269;"Eleição Suplementar Governador AM";"27/08/2017";"E";"AM";"AM";"AMAZONAS";"02550";"MANAUS";70;3;"Governador";97288;252;11;0;263;80005;0;17283;"N";80005;53055;53055;53055;0;0;0;0;0;0;0;0;0;4438;22512;22512;0;0;"00:00:00";"27/08/2017"
"23/02/2022";"11:03:13";2014;2;"Eleição Ordinária";2;144;"Eleições Gerais 2014";"26/10/2014";"F";"AM";"AM";"AMAZONAS";"02046";"CAREIRO DA VÁRZEA";61;3;"Governador";12802;47;14;0;61;10212;0;2590;"N";10212;9410;9410;9410;0;0;0;0;0;0;0;0;0;43;759;759;0;0;"00:00:00";"26/10/2014"
"23/02/2022";"11:03:13";2014;2;"Eleição Ordinária";2;144;"Eleições Gerais 2014";"26/10/2014";"F";"AM";"AM";"AMAZONAS";"02070";"AUTAZES";35;3;"Governador";22305;70;6;0;76;15064;0;7241;"N";15064;14009;14009;14009;0;0;0;0;0;0;0;0;0;64;991;991;0;0;"00:00:00";"26/10/2014"
"23/02/2022";"11:03:13";2014;2;"Eleição Ordinária";1;143;"Eleições Gerais 2014";"05/10/2014";"F";"AM";"AM";"AMAZONAS";"02330";"FONTE BOA";10;5;"Senador";13463;38;5;0;43;9662;0;3801;"N";9662;9011;9011;9011;0;0;0;0;0;0;0;0;0;92;559;559;0;0;"00:00:00";"05/10/2014"
"28/05/2021";"11:14:01";2014;1;"Eleição Extraordinária";1;268;"Eleição Suplementar Governador AM";"06/08/2017";"E";"AM";"AM";"AMAZONAS";"02453";"JAPURÁ";48;3;"Governador";4414;13;1;0;14;2573;0;1841;"N";2573;2520;2520;2520;0;0;0;0;0;0;0;0;0;21;32;32;0;0;"00:00:00";"06/08/2017"
"28/05/2021";"11:14:01";2014;1;"Eleição Extraordinária";2;269;"Eleição Suplementar Governador AM";"27/08/2017";"E";"AM";"AM";"AMAZONAS";"98434";"RIO PRETO DA EVA";52;3;"Governador";14553;49;20;0;69;9887;0;4666;"N";9887;8590;8590;8590;0;0;0;0;0;0;0;0;0;198;1099;1099;0;0;"00:00:00";"27/08/2017"
"23/02/2022";"11:03:13";2014;2;"Eleição Ordinária";1;143;"Eleições Gerais 2014";"05/10/2014";"F";"AM";"AM";"AMAZONAS";"02097";"BARCELOS";18;3;"Governador";9227;26;1;0;27;6065;0;3162;"N";6065;5545;5545;5545;0;0;0;0;0;0;0;0;0;60;460;460;0;0;"00:00:00";"05/10/2014"
"23/02/2022";"11:03:13";2014;2;"Eleição Ordinária";1;143;"Eleições Gerais 2014";"05/10/2014";"F";"AM";"AM";"AMAZONAS";"02453";"JAPURÁ";48;5;"Senador";3815;12;1;0;13;2583;0;1232;"N";2583;2433;2433;2433;0;0;0;0;0;0;0;0;0;34;116;116;0;0;"00:00:00";"05/10/2014"
"23/02/2022";"11:03:13";2014;2;"Eleição Ordinária";2;144;"Eleições Gerais 2014";"26/10/2014";"F";"AM";"AM";"AMAZONAS";"02453";"JAPURÁ";48;3;"Governador";3815;12;1;0;13;2700;0;1115;"N";2700;2551;2551;2551;0;0;0;0;0;0;0;0;0;6;143;143;0;0;"00:00:00";"26/10/2014"
"28/05/2021";"11:14:01";2014;1;"Eleição Extraordinária";1;268;"Eleição Suplementar Governador AM";"06/08/2017";"E";"AM";"AM";"AMAZONAS";"02755";"SÃO PAULO DE OLIVENÇA";22;3;"Governador";16030;45;8;0;53;12062;0;3968;"N";12062;11507;11507;11507;0;0;0;0;0;0;0;0;0;172;383;383;0;0;"00:00:00";"06/08/2017"
"28/05/2021";"11:14:01";2014;1;"Eleição Extraordinária";2;269;"Eleição Suplementar Governador AM";"27/08/2017";"E";"AM";"AM";"AMAZONAS";"02437";"ITAPIRANGA";24;3;"Governador";7118;22;2;0;24;4500;0;2618;"N";4500;4215;4215;4215;0;0;0;0;0;0;0;0;0;82;203;203;0;0;"00:00:00";"27/08/2017"
"28/05/2021";"11:14:01";2014;1;"Eleição Extraordinária";2;269;"Eleição Suplementar Governador AM";"27/08/2017";"E";"AM";"AM";"AMAZONAS";"02550";"MANAUS";62;3;"Governador";115015;291;7;0;298;93058;0;21957;"N";93058;62697;62697;62697;0;0;0;0;0;0;0;0;0;5207;25154;25154;0;0;"00:00:00";"27/08/2017"
"28/05/2021";"11:14:01";2014;1;"Eleição Extraordinária";1;268;"Eleição Suplementar Governador AM";"06/08/2017";"E";"AM";"AM";"AMAZONAS";"02356";"HUMAITÁ";17;3;"Governador";28360;83;20;0;103;17711;0;10649;"N";17711;16478;16478;16478;0;0;0;0;0;0;0;0;0;436;797;797;0;0;"00:00:00";"06/08/2017"
"28/05/2021";"11:14:01";2014;1;"Eleição Extraordinária";2;269;"Eleição Suplementar Governador AM";"27/08/2017";"E";"AM";"AM";"AMAZONAS";"02097";"BARCELOS";18;3;"Governador";10011;29;1;0;30;5227;0;4784;"N";5227;5031;5031;5031;0;0;0;0;0;0;0;0;0;65;131;131;0;0;"00:00:00";"27/08/2017"
"28/05/2021";"11:14:01";2014;1;"Eleição Extraordinária";2;269;"Eleição Suplementar Governador AM";"27/08/2017";"E";"AM";"AM";"AMAZONAS";"02798";"TAPAUÁ";38;3;"Governador";12098;37;2;0;39;6392;0;5706;"N";6392;6115;6115;6115;0;0;0;0;0;0;0;0;0;62;215;215;0;0;"00:00:00";"27/08/2017"
"28/05/2021";"11:14:01";2014;1;"Eleição Extraordinária";2;269;"Eleição Suplementar Governador AM";"27/08/2017";"E";"AM";"AM";"AMAZONAS";"02496";"JUTAÍ";41;3;"Governador";11741;35;0;0;35;6363;0;5378;"N";6363;5910;5910;5910;0;0;0;0;0;0;0;0;0;147;306;306;0;0;"00:00:00";"27/08/2017"
"23/02/2022";"11:03:13";2014;2;"Eleição Ordinária";1;143;"Eleições Gerais 2014";"05/10/2014";"F";"AM";"AM";"AMAZONAS";"02879";"URUCURITUBA";25;5;"Senador";11595;35;5;0;40;8480;0;3115;"N";8480;7972;7972;7972;0;0;0;0;0;0;0;0;0;139;369;369;0;0;"00:00:00";"05/10/2014"
"23/02/2022";"11:03:13";2014;2;"Eleição Ordinária";1;143;"Eleições Gerais 2014";"05/10/2014";"F";"AM";"AM";"AMAZONAS";"02550";"MANAUS";32;7;"Deputado Estadual";70633;204;6;0;210;60453;0;10180;"N";60453;52368;52368;52368;3033;0;0;0;0;0;0;0;0;2900;2152;2152;0;0;"00:00:00";"23/05/2016"
"28/05/2021";"11:14:01";2014;1;"Eleição Extraordinária";1;268;"Eleição Suplementar Governador AM";"06/08/2017";"E";"AM";"AM";"AMAZONAS";"02593";"MARAÃ";49;3;"Governador";9394;26;4;0;30;4089;0;5305;"N";4089;4007;4007;4007;0;0;0;0;0;0;0;0;0;24;58;58;0;0;"00:00:00";"06/08/2017"
"28/05/2021";"11:14:01";2014;1;"Eleição Extraordinária";2;269;"Eleição Suplementar Governador AM";"27/08/2017";"E";"AM";"AM";"AMAZONAS";"02151";"BOCA DO ACRE";14;3;"Governador";20192;65;4;0;69;12642;0;7550;"N";12642;11750;11750;11750;0;0;0;0;0;0;0;0;0;199;693;693;0;0;"00:00:00";"27/08/2017"
"28/05/2021";"11:14:01";2014;1;"Eleição Extraordinária";2;269;"Eleição Suplementar Governador AM";"27/08/2017";"E";"AM";"AM";"AMAZONAS";"98450";"SÃO SEBASTIÃO DO UATUMÃ";57;3;"Governador";6204;17;0;0;17;3924;0;2280;"N";3924;3673;3673;3673;0;0;0;0;0;0;0;0;0;69;182;182;0;0;"00:00:00";"27/08/2017"
"23/02/2022";"11:03:13";2014;2;"Eleição Ordinária";1;143;"Eleições Gerais 2014";"05/10/2014";"F";"AM";"AM";"AMAZONAS";"02410";"ITACOATIARA";3;5;"Senador";55262;199;21;0;220;48583;0;6679;"N";48583;45317;45317;45317;0;0;0;0;0;0;0;0;0;1121;2145;2145;0;0;"00:00:00";"05/10/2014"
"23/02/2022";"11:03:13";2014;2;"Eleição Ordinária";1;143;"Eleições Gerais 2014";"05/10/2014";"F";"AM";"AM";"AMAZONAS";"02470";"JURUÁ";50;6;"Deputado Federal";6610;26;2;0;28;4236;0;2374;"N";4236;3865;3865;3865;269;0;0;0;0;0;0;0;0;39;63;63;0;0;"00:00:00";"23/05/2016"
"28/05/2021";"11:14:01";2014;1;"Eleição Extraordinária";1;268;"Eleição Suplementar Governador AM";"06/08/2017";"E";"AM";"AM";"AMAZONAS";"02550";"MANAUS";58;3;"Governador";124963;315;4;0;319;104460;0;20503;"N";104460;79278;79278;79278;0;0;0;0;0;0;0;0;0;5089;20093;20093;0;0;"00:00:00";"06/08/2017"
"28/05/2021";"11:14:01";2014;1;"Eleição Extraordinária";1;268;"Eleição Suplementar Governador AM";"06/08/2017";"E";"AM";"AM";"AMAZONAS";"02550";"MANAUS";31;3;"Governador";73966;192;39;0;231;63735;0;10231;"N";63735;49421;49421;49421;0;0;0;0;0;0;0;0;0;2876;11438;11438;0;0;"00:00:00";"06/08/2017"
"28/05/2021";"11:14:01";2014;1;"Eleição Extraordinária";2;269;"Eleição Suplementar Governador AM";"27/08/2017";"E";"AM";"AM";"AMAZONAS";"02550";"MANAUS";63;3;"Governador";115641;306;15;0;321;96589;0;19052;"N";96589;64795;64795;64795;0;0;0;0;0;0;0;0;0;5459;26335;26335;0;0;"00:00:00";"27/08/2017"
"28/05/2021";"11:14:01";2014;1;"Eleição Extraordinária";2;269;"Eleição Suplementar Governador AM";"27/08/2017";"E";"AM";"AM";"AMAZONAS";"02046";"CAREIRO DA VÁRZEA";61;3;"Governador";14522;47;18;0;65;9869;0;4653;"N";9869;9196;9196;9196;0;0;0;0;0;0;0;0;0;163;510;510;0;0;"00:00:00";"27/08/2017"
"28/05/2021";"11:14:01";2014;1;"Eleição Extraordinária";1;268;"Eleição Suplementar Governador AM";"06/08/2017";"E";"AM";"AM";"AMAZONAS";"02771";"SILVES";39;3;"Governador";6899;22;2;0;24;4517;0;2382;"N";4517;4270;4270;4270;0;0;0;0;0;0;0;0;0;74;173;173;0;0;"00:00:00";"06/08/2017"
"28/05/2021";"11:14:01";2014;1;"Eleição Extraordinária";1;268;"Eleição Suplementar Governador AM";"06/08/2017";"E";"AM";"AM";"AMAZONAS";"02003";"APUÍ";67;3;"Governador";10034;28;14;0;42;5341;0;4693;"N";5341;4914;4914;4914;0;0;0;0;0;0;0;0;0;163;264;264;0;0;"00:00:00";"06/08/2017"
"28/05/2021";"11:14:01";2014;1;"Eleição Extraordinária";2;269;"Eleição Suplementar Governador AM";"27/08/2017";"E";"AM";"AM";"AMAZONAS";"02135";"BENJAMIN CONSTANT";20;3;"Governador";19607;63;5;0;68;13986;0;5621;"N";13986;13404;13404;13404;0;0;0;0;0;0;0;0;0;189;393;393;0;0;"00:00:00";"27/08/2017"
"28/05/2021";"11:14:01";2014;1;"Eleição Extraordinária";1;268;"Eleição Suplementar Governador AM";"06/08/2017";"E";"AM";"AM";"AMAZONAS";"98515";"TONANTINS";47;3;"Governador";8819;26;2;0;28;6163;0;2656;"N";6163;5924;5924;5924;0;0;0;0;0;0;0;0;0;94;145;145;0;0;"00:00:00";"06/08/2017"
"28/05/2021";"11:14:01";2014;1;"Eleição Extraordinária";1;268;"Eleição Suplementar Governador AM";"06/08/2017";"E";"AM";"AM";"AMAZONAS";"02550";"MANAUS";63;3;"Governador";115641;306;15;0;321;98406;0;17235;"N";98406;76879;76879;76879;0;0;0;0;0;0;0;0;0;4951;16576;16576;0;0;"00:00:00";"06/08/2017"
"28/05/2021";"11:14:01";2014;1;"Eleição Extraordinária";2;269;"Eleição Suplementar Governador AM";"27/08/2017";"E";"AM";"AM";"AMAZONAS";"02550";"MANAUS";37;3;"Governador";87935;237;10;0;247;74319;0;13616;"N";74319;46577;46577;46577;0;0;0;0;0;0;0;0;0;3891;23851;23851;0;0;"00:00:00";"27/08/2017"
"28/05/2021";"11:14:01";2014;1;"Eleição Extraordinária";2;269;"Eleição Suplementar Governador AM";"27/08/2017";"E";"AM";"AM";"AMAZONAS";"02550";"MANAUS";32;3;"Governador";111137;310;16;0;326;93822;0;17315;"N";93822;61813;61813;61813;0;0;0;0;0;0;0;0;0;4840;27169;27169;0;0;"00:00:00";"27/08/2017"
"28/05/2021";"11:14:01";2014;1;"Eleição Extraordinária";2;269;"Eleição Suplementar Governador AM";"27/08/2017";"E";"AM";"AM";"AMAZONAS";"02577";"MANICORÉ";16;3;"Governador";27872;91;9;0;100;16924;0;10948;"N";16924;16128;16128;16128;0;0;0;0;0;0;0;0;0;240;556;556;0;0;"00:00:00";"27/08/2017"
"28/05/2021";"11:14:01";2014;1;"Eleição Extraordinária";1;268;"Eleição Suplementar Governador AM";"06/08/2017";"E";"AM";"AM";"AMAZONAS";"02046";"CAREIRO DA VÁRZEA";61;3;"Governador";14522;47;18;0;65;10738;0;3784;"N";10738;10172;10172;10172;0;0;0;0;0;0;0;0;0;119;447;447;0;0;"00:00:00";"06/08/2017"
"28/05/2021";"11:14:01";2014;1;"Eleição Extraordinária";1;268;"Eleição Suplementar Governador AM";"06/08/2017";"E";"AM";"AM";"AMAZONAS";"02631";"NHAMUNDÁ";43;3;"Governador";12923;42;5;0;47;7810;0;5113;"N";7810;7596;7596;7596;0;0;0;0;0;0;0;0;0;76;138;138;0;0;"00:00:00";"06/08/2017"
"28/05/2021";"11:14:01";2014;1;"Eleição Extraordinária";2;269;"Eleição Suplementar Governador AM";"27/08/2017";"E";"AM";"AM";"AMAZONAS";"02674";"NOVO ARIPUANÃ";29;3;"Governador";11936;36;4;0;40;6716;0;5220;"N";6716;6352;6352;6352;0;0;0;0;0;0;0;0;0;125;239;239;0;0;"00:00:00";"27/08/2017"
"28/05/2021";"11:14:01";2014;1;"Eleição Extraordinária";2;269;"Eleição Suplementar Governador AM";"27/08/2017";"E";"AM";"AM";"AMAZONAS";"02550";"MANAUS";68;3;"Governador";77526;208;4;0;212;63801;0;13725;"N";63801;45686;45686;45686;0;0;0;0;0;0;0;0;0;3404;14711;14711;0;0;"00:00:00";"27/08/2017"
"28/05/2021";"11:14:01";2014;1;"Eleição Extraordinária";1;268;"Eleição Suplementar Governador AM";"06/08/2017";"E";"AM";"AM";"AMAZONAS";"02330";"FONTE BOA";10;3;"Governador";14576;42;6;0;48;8487;0;6089;"N";8487;8217;8217;8217;0;0;0;0;0;0;0;0;0;115;155;155;0;0;"00:00:00";"06/08/2017"
"28/05/2021";"11:14:01";2014;1;"Eleição Extraordinária";1;268;"Eleição Suplementar Governador AM";"06/08/2017";"E";"AM";"AM";"AMAZONAS";"02437";"ITAPIRANGA";24;3;"Governador";7118;22;2;0;24;4617;0;2501;"N";4617;4438;4438;4438;0;0;0;0;0;0;0;0;0;49;130;130;0;0;"00:00:00";"06/08/2017"
"28/05/2021";"11:14:01";2014;1;"Eleição Extraordinária";2;269;"Eleição Suplementar Governador AM";"27/08/2017";"E";"AM";"AM";"AMAZONAS";"02631";"NHAMUNDÁ";43;3;"Governador";12923;42;5;0;47;8422;0;4501;"N";8422;8169;8169;8169;0;0;0;0;0;0;0;0;0;92;161;161;0;0;"00:00:00";"27/08/2017"
"28/05/2021";"11:14:01";2014;1;"Eleição Extraordinária";2;269;"Eleição Suplementar Governador AM";"27/08/2017";"E";"AM";"AM";"AMAZONAS";"98477";"TABATINGA";36;3;"Governador";30045;84;3;0;87;21511;0;8534;"N";21511;19741;19741;19741;0;0;0;0;0;0;0;0;0;485;1285;1285;0;0;"00:00:00";"27/08/2017"
"23/02/2022";"11:03:13";2014;2;"Eleição Ordinária";1;143;"Eleições Gerais 2014";"05/10/2014";"F";"AM";"AM";"AMAZONAS";"02054";"ATALAIA DO NORTE";42;5;"Senador";6919;25;8;0;33;4735;0;2184;"N";4735;4373;4373;4373;0;0;0;0;0;0;0;0;0;60;302;302;0;0;"00:00:00";"05/10/2014"
"23/02/2022";"11:03:13";2014;2;"Eleição Ordinária";1;143;"Eleições Gerais 2014";"05/10/2014";"F";"AM";"AM";"AMAZONAS";"02739";"SANTO ANTÔNIO DO IÇÁ";47;3;"Governador";12055;35;1;0;36;8981;0;3074;"N";8981;8073;8073;8073;0;0;0;0;0;0;0;0;0;78;830;830;0;0;"00:00:00";"05/10/2014"
"23/02/2022";"11:03:13";2014;2;"Eleição Ordinária";1;143;"Eleições Gerais 2014";"05/10/2014";"F";"AM";"AM";"AMAZONAS";"02810";"TEFÉ";9;5;"Senador";37434;118;9;0;127;27418;0;10016;"N";27418;25340;25340;25340;0;0;0;0;0;0;0;0;0;654;1424;1424;0;0;"00:00:00";"05/10/2014"
"23/02/2022";"11:03:13";2014;2;"Eleição Ordinária";2;144;"Eleições Gerais 2014";"26/10/2014";"F";"AM";"AM";"AMAZONAS";"02496";"JUTAÍ";41;3;"Governador";10630;31;0;0;31;7197;0;3433;"N";7197;6471;6471;6471;0;0;0;0;0;0;0;0;0;30;696;696;0;0;"00:00:00";"26/10/2014"
"23/02/2022";"11:03:13";2014;2;"Eleição Ordinária";1;143;"Eleições Gerais 2014";"05/10/2014";"F";"AM";"AM";"AMAZONAS";"02550";"MANAUS";58;3;"Governador";108627;279;1;0;280;93812;0;14815;"N";93812;85398;85398;85398;0;0;0;0;0;0;0;0;0;3441;4973;4973;0;0;"00:00:00";"05/10/2014"
"23/02/2022";"11:03:13";2014;2;"Eleição Ordinária";1;143;"Eleições Gerais 2014";"05/10/2014";"F";"AM";"AM";"AMAZONAS";"02550";"MANAUS";40;6;"Deputado Federal";82359;189;7;0;196;70846;0;11513;"N";70846;60141;60141;60141;3413;0;0;0;0;0;0;0;0;4897;2395;2395;0;0;"00:00:00";"23/05/2016"
"23/02/2022";"11:03:13";2014;2;"Eleição Ordinária";1;143;"Eleições Gerais 2014";"05/10/2014";"F";"AM";"AM";"AMAZONAS";"02550";"MANAUS";2;6;"Deputado Federal";63303;198;14;0;212;53307;0;9996;"N";53307;44833;44833;44833;2526;0;0;0;0;0;0;0;0;3446;2502;2502;0;0;"00:00:00";"23/05/2016"
"23/02/2022";"11:03:13";2014;2;"Eleição Ordinária";1;143;"Eleições Gerais 2014";"05/10/2014";"F";"AM";"AM";"AMAZONAS";"02119";"BARREIRINHA";26;3;"Governador";16916;50;3;0;53;12403;0;4513;"N";12403;11518;11518;11518;0;0;0;0;0;0;0;0;0;94;791;791;0;0;"00:00:00";"05/10/2014"
"28/05/2021";"11:14:01";2014;1;"Eleição Extraordinária";2;269;"Eleição Suplementar Governador AM";"27/08/2017";"E";"AM";"AM";"AMAZONAS";"02852";"URUCARÁ";27;3;"Governador";11405;33;2;0;35;6740;0;4665;"N";6740;6345;6345;6345;0;0;0;0;0;0;0;0;0;114;281;281;0;0;"00:00:00";"27/08/2017"
"28/05/2021";"11:14:01";2014;1;"Eleição Extraordinária";2;269;"Eleição Suplementar Governador AM";"27/08/2017";"E";"AM";"AM";"AMAZONAS";"02330";"FONTE BOA";10;3;"Governador";14576;42;6;0;48;8737;0;5839;"N";8737;8420;8420;8420;0;0;0;0;0;0;0;0;0;147;170;170;0;0;"00:00:00";"27/08/2017"
"28/05/2021";"11:14:01";2014;1;"Eleição Extraordinária";1;268;"Eleição Suplementar Governador AM";"06/08/2017";"E";"AM";"AM";"AMAZONAS";"02950";"BERURI";54;3;"Governador";11249;33;1;0;34;6971;0;4278;"N";6971;6763;6763;6763;0;0;0;0;0;0;0;0;0;62;146;146;0;0;"00:00:00";"06/08/2017"
"28/05/2021";"11:14:01";2014;1;"Eleição Extraordinária";1;268;"Eleição Suplementar Governador AM";"06/08/2017";"E";"AM";"AM";"AMAZONAS";"02470";"JURUÁ";50;3;"Governador";6962;26;3;0;29;3937;0;3025;"N";3937;3805;3805;3805;0;0;0;0;0;0;0;0;0;35;97;97;0;0;"00:00:00";"06/08/2017"
"28/05/2021";"11:14:01";2014;1;"Eleição Extraordinária";2;269;"Eleição Suplementar Governador AM";"27/08/2017";"E";"AM";"AM";"AMAZONAS";"02895";"ALVARÃES";60;3;"Governador";9540;27;3;0;30;6163;0;3377;"N";6163;5941;5941;5941;0;0;0;0;0;0;0;0;0;63;159;159;0;0;"00:00:00";"27/08/2017"
"28/05/2021";"11:14:01";2014;1;"Eleição Extraordinária";1;268;"Eleição Suplementar Governador AM";"06/08/2017";"E";"AM";"AM";"AMAZONAS";"02194";"CANUTAMA";13;3;"Governador";8288;29;1;0;30;4912;0;3376;"N";4912;4754;4754;4754;0;0;0;0;0;0;0;0;0;55;103;103;0;0;"00:00:00";"06/08/2017"
"28/05/2021";"11:14:01";2014;1;"Eleição Extraordinária";1;268;"Eleição Suplementar Governador AM";"06/08/2017";"E";"AM";"AM";"AMAZONAS";"98418";"PRESIDENTE FIGUEIREDO";51;3;"Governador";21485;46;48;0;94;14890;0;6595;"N";14890;13595;13595;13595;0;0;0;0;0;0;0;0;0;262;1033;1033;0;0;"00:00:00";"06/08/2017"
"28/05/2021";"11:14:01";2014;1;"Eleição Extraordinária";1;268;"Eleição Suplementar Governador AM";"06/08/2017";"E";"AM";"AM";"AMAZONAS";"02550";"MANAUS";62;3;"Governador";115015;291;7;0;298;95085;0;19930;"N";95085;74752;74752;74752;0;0;0;0;0;0;0;0;0;4406;15927;15927;0;0;"00:00:00";"06/08/2017"
"28/05/2021";"11:14:01";2014;1;"Eleição Extraordinária";1;268;"Eleição Suplementar Governador AM";"06/08/2017";"E";"AM";"AM";"AMAZONAS";"02550";"MANAUS";70;3;"Governador";97288;252;11;0;263;81380;0;15908;"N";81380;63025;63025;63025;0;0;0;0;0;0;0;0;0;3996;14359;14359;0;0;"00:00:00";"06/08/2017"
"28/05/2021";"11:14:01";2014;1;"Eleição Extraordinária";2;269;"Eleição Suplementar Governador AM";"27/08/2017";"E";"AM";"AM";"AMAZONAS";"02550";"MANAUS";58;3;"Governador";124963;315;4;0;319;102653;0;22310;"N";102653;64756;64756;64756;0;0;0;0;0;0;0;0;0;5876;32021;32021;0;0;"00:00:00";"27/08/2017"
"28/05/2021";"11:14:01";2014;1;"Eleição Extraordinária";1;268;"Eleição Suplementar Governador AM";"06/08/2017";"E";"AM";"AM";"AMAZONAS";"02020";"GUAJARÁ";45;3;"Governador";9131;31;4;0;35;5206;0;3925;"N";5206;4968;4968;4968;0;0;0;0;0;0;0;0;0;78;160;160;0;0;"00:00:00";"06/08/2017"
"28/05/2021";"11:14:01";2014;1;"Eleição Extraordinária";1;268;"Eleição Suplementar Governador AM";"06/08/2017";"E";"AM";"AM";"AMAZONAS";"02550";"MANAUS";65;3;"Governador";89598;240;6;0;246;74194;0;15404;"N";74194;58286;58286;58286;0;0;0;0;0;0;0;0;0;3609;12299;12299;0;0;"00:00:00";"06/08/2017"
"28/05/2021";"11:14:01";2014;1;"Eleição Extraordinária";1;268;"Eleição Suplementar Governador AM";"06/08/2017";"E";"AM";"AM";"AMAZONAS";"02917";"AMATURÁ";22;3;"Governador";5414;16;7;0;23;4026;0;1388;"N";4026;3851;3851;3851;0;0;0;0;0;0;0;0;0;58;117;117;0;0;"00:00:00";"06/08/2017"
"28/05/2021";"11:14:01";2014;1;"Eleição Extraordinária";1;268;"Eleição Suplementar Governador AM";"06/08/2017";"E";"AM";"AM";"AMAZONAS";"02496";"JUTAÍ";41;3;"Governador";11741;35;0;0;35;5996;0;5745;"N";5996;5599;5599;5599;0;0;0;0;0;0;0;0;0;99;298;298;0;0;"00:00:00";"06/08/2017"
"28/05/2021";"11:14:01";2014;1;"Eleição Extraordinária";2;269;"Eleição Suplementar Governador AM";"27/08/2017";"E";"AM";"AM";"AMAZONAS";"02119";"BARREIRINHA";26;3;"Governador";18041;54;5;0;59;12191;0;5850;"N";12191;11624;11624;11624;0;0;0;0;0;0;0;0;0;199;368;368;0;0;"00:00:00";"27/08/2017"
"28/05/2021";"11:14:01";2014;1;"Eleição Extraordinária";2;269;"Eleição Suplementar Governador AM";"27/08/2017";"E";"AM";"AM";"AMAZONAS";"02399";"IPIXUNA";45;3;"Governador";10556;33;5;0;38;4586;0;5970;"N";4586;4039;4039;4039;0;0;0;0;0;0;0;0;0;233;314;314;0;0;"00:00:00";"27/08/2017"
"28/05/2021";"11:14:01";2014;1;"Eleição Extraordinária";1;268;"Eleição Suplementar Governador AM";"06/08/2017";"E";"AM";"AM";"AMAZONAS";"02895";"ALVARÃES";60;3;"Governador";9540;27;3;0;30;6155;0;3385;"N";6155;5992;5992;5992;0;0;0;0;0;0;0;0;0;65;98;98;0;0;"00:00:00";"06/08/2017"
"28/05/2021";"11:14:01";2014;1;"Eleição Extraordinária";1;268;"Eleição Suplementar Governador AM";"06/08/2017";"E";"AM";"AM";"AMAZONAS";"02550";"MANAUS";2;3;"Governador";82131;212;7;0;219;68288;0;13843;"N";68288;51674;51674;51674;0;0;0;0;0;0;0;0;0;3089;13525;13525;0;0;"00:00:00";"06/08/2017"
"28/05/2021";"11:14:01";2014;1;"Eleição Extraordinária";1;268;"Eleição Suplementar Governador AM";"06/08/2017";"E";"AM";"AM";"AMAZONAS";"02232";"CAREIRO";23;3;"Governador";20094;72;11;0;83;14230;0;5864;"N";14230;13341;13341;13341;0;0;0;0;0;0;0;0;0;197;692;692;0;0;"00:00:00";"06/08/2017"
"28/05/2021";"11:14:01";2014;1;"Eleição Extraordinária";2;269;"Eleição Suplementar Governador AM";"27/08/2017";"E";"AM";"AM";"AMAZONAS";"02917";"AMATURÁ";22;3;"Governador";5414;16;7;0;23;4113;0;1301;"N";4113;3955;3955;3955;0;0;0;0;0;0;0;0;0;38;120;120;0;0;"00:00:00";"27/08/2017"
"28/05/2021";"11:14:01";2014;1;"Eleição Extraordinária";1;268;"Eleição Suplementar Governador AM";"06/08/2017";"E";"AM";"AM";"AMAZONAS";"02054";"ATALAIA DO NORTE";42;3;"Governador";7801;28;7;0;35;4571;0;3230;"N";4571;4472;4472;4472;0;0;0;0;0;0;0;0;0;24;75;75;0;0;"00:00:00";"06/08/2017"
"23/02/2022";"11:03:13";2014;2;"Eleição Ordinária";1;143;"Eleições Gerais 2014";"05/10/2014";"F";"AM";"AM";"AMAZONAS";"02259";"COARI";8;5;"Senador";46097;139;10;0;149;32301;0;13796;"N";32301;29304;29304;29304;0;0;0;0;0;0;0;0;0;985;2012;2012;0;0;"00:00:00";"05/10/2014"
"23/02/2022";"11:03:13";2014;2;"Eleição Ordinária";1;143;"Eleições Gerais 2014";"05/10/2014";"F";"AM";"AM";"AMAZONAS";"02550";"MANAUS";62;3;"Governador";88795;232;7;0;239;75796;0;12999;"N";75796;69300;69300;69300;0;0;0;0;0;0;0;0;0;2546;3950;3950;0;0;"00:00:00";"05/10/2014"
"23/02/2022";"11:03:13";2014;2;"Eleição Ordinária";1;143;"Eleições Gerais 2014";"05/10/2014";"F";"AM";"AM";"AMAZONAS";"02003";"APUÍ";67;6;"Deputado Federal";9485;31;11;0;42;6384;0;3101;"N";6384;5630;5630;5630;406;0;0;0;0;0;0;0;0;242;106;106;0;0;"00:00:00";"23/05/2016"
"23/02/2022";"11:03:13";2014;2;"Eleição Ordinária";1;143;"Eleições Gerais 2014";"05/10/2014";"F";"AM";"AM";"AMAZONAS";"02399";"IPIXUNA";45;5;"Senador";9566;27;9;0;36;6157;0;3409;"N";6157;5621;5621;5621;0;0;0;0;0;0;0;0;0;108;428;428;0;0;"00:00:00";"05/10/2014"
"23/02/2022";"11:03:13";2014;2;"Eleição Ordinária";2;144;"Eleições Gerais 2014";"26/10/2014";"F";"AM";"AM";"AMAZONAS";"02550";"MANAUS";63;3;"Governador";68569;172;5;0;177;56945;0;11624;"N";56945;50929;50929;50929;0;0;0;0;0;0;0;0;0;1245;4771;4771;0;0;"00:00:00";"26/10/2014"
"23/02/2022";"11:03:13";2014;2;"Eleição Ordinária";2;144;"Eleições Gerais 2014";"26/10/2014";"F";"AM";"AM";"AMAZONAS";"02178";"BORBA";15;3;"Governador";18757;57;4;0;61;12470;0;6287;"N";12470;11621;11621;11621;0;0;0;0;0;0;0;0;0;39;810;810;0;0;"00:00:00";"26/10/2014"
"23/02/2022";"11:03:13";2014;2;"Eleição Ordinária";1;143;"Eleições Gerais 2014";"05/10/2014";"F";"AM";"AM";"AMAZONAS";"02372";"SANTA ISABEL DO RIO NEGRO";30;6;"Deputado Federal";6863;18;0;0;18;4107;0;2756;"N";4107;3672;3672;3672;307;0;0;0;0;0;0;0;0;79;49;49;0;0;"00:00:00";"23/05/2016"
"23/02/2022";"11:03:13";2014;2;"Eleição Ordinária";2;144;"Eleições Gerais 2014";"26/10/2014";"F";"AM";"AM";"AMAZONAS";"98477";"TABATINGA";36;3;"Governador";28416;77;2;0;79;21055;0;7361;"N";21055;19009;19009;19009;0;0;0;0;0;0;0;0;0;172;1874;1874;0;0;"00:00:00";"26/10/2014"
"23/02/2022";"11:03:13";2014;2;"Eleição Ordinária";1;143;"Eleições Gerais 2014";"05/10/2014";"F";"AM";"AM";"AMAZONAS";"02437";"ITAPIRANGA";24;5;"Senador";6666;21;0;0;21;5215;0;1451;"N";5215;4970;4970;4970;0;0;0;0;0;0;0;0;0;58;187;187;0;0;"00:00:00";"05/10/2014"
"23/02/2022";"11:03:13";2014;2;"Eleição Ordinária";1;143;"Eleições Gerais 2014";"05/10/2014";"F";"AM";"AM";"AMAZONAS";"02674";"NOVO ARIPUANÃ";29;5;"Senador";11384;38;2;0;40;7633;0;3751;"N";7633;7068;7068;7068;0;0;0;0;0;0;0;0;0;160;405;405;0;0;"00:00:00";"05/10/2014"
"23/02/2022";"11:03:13";2014;2;"Eleição Ordinária";1;143;"Eleições Gerais 2014";"05/10/2014";"F";"AM";"AM";"AMAZONAS";"02410";"ITACOATIARA";3;3;"Governador";55262;199;21;0;220;48583;0;6679;"N";48583;45476;45476;45476;0;0;0;0;0;0;0;0;0;591;2516;2516;0;0;"00:00:00";"05/10/2014"
"23/02/2022";"11:03:13";2014;2;"Eleição Ordinária";1;143;"Eleições Gerais 2014";"05/10/2014";"F";"AM";"AM";"AMAZONAS";"02895";"ALVARÃES";60;6;"Deputado Federal";9057;25;0;0;25;6630;0;2427;"N";6630;6025;6025;6025;455;0;0;0;0;0;0;0;0;74;76;76;0;0;"00:00:00";"23/05/2016"
"23/02/2022";"11:03:13";2014;2;"Eleição Ordinária";1;143;"Eleições Gerais 2014";"05/10/2014";"F";"AM";"AM";"AMAZONAS";"02631";"NHAMUNDÁ";43;7;"Deputado Estadual";12139;41;4;0;45;8762;0;3377;"N";8762;7974;7974;7974;617;0;0;0;0;0;0;0;0;100;71;71;0;0;"00:00:00";"23/05/2016"
"23/02/2022";"11:03:13";2014;2;"Eleição Ordinária";1;143;"Eleições Gerais 2014";"05/10/2014";"F";"AM";"AM";"AMAZONAS";"98477";"TABATINGA";36;5;"Senador";28416;77;2;0;79;21447;0;6969;"N";21447;18847;18847;18847;0;0;0;0;0;0;0;0;0;797;1803;1803;0;0;"00:00:00";"05/10/2014"
"23/02/2022";"11:03:13";2014;2;"Eleição Ordinária";1;143;"Eleições Gerais 2014";"05/10/2014";"F";"AM";"AM";"AMAZONAS";"02550";"MANAUS";2;3;"Governador";63303;198;14;0;212;53307;0;9996;"N";53307;49037;49037;49037;0;0;0;0;0;0;0;0;0;1515;2755;2755;0;0;"00:00:00";"05/10/2014"
"23/02/2022";"11:03:13";2014;2;"Eleição Ordinária";1;143;"Eleições Gerais 2014";"05/10/2014";"F";"AM";"AM";"AMAZONAS";"02054";"ATALAIA DO NORTE";42;6;"Deputado Federal";6919;25;8;0;33;4735;0;2184;"N";4735;4357;4357;4357;306;0;0;0;0;0;0;0;0;28;44;44;0;0;"00:00:00";"23/05/2016"
"23/02/2022";"11:03:13";2014;2;"Eleição Ordinária";1;143;"Eleições Gerais 2014";"05/10/2014";"F";"AM";"AM";"AMAZONAS";"02879";"URUCURITUBA";25;3;"Governador";11595;35;5;0;40;8480;0;3115;"N";8480;8019;8019;8019;0;0;0;0;0;0;0;0;0;45;416;416;0;0;"00:00:00";"05/10/2014"
"23/02/2022";"11:03:13";2014;2;"Eleição Ordinária";1;143;"Eleições Gerais 2014";"05/10/2014";"F";"AM";"AM";"AMAZONAS";"02313";"ENVIRA";46;7;"Deputado Estadual";10492;33;1;0;34;6769;0;3723;"N";6769;6081;6081;6081;500;0;0;0;0;0;0;0;0;44;144;144;0;0;"00:00:00";"23/05/2016"
"23/02/2022";"11:03:13";2014;2;"Eleição Ordinária";1;143;"Eleições Gerais 2014";"05/10/2014";"F";"AM";"AM";"AMAZONAS";"02437";"ITAPIRANGA";24;3;"Governador";6666;21;0;0;21;5215;0;1451;"N";5215;4997;4997;4997;0;0;0;0;0;0;0;0;0;22;196;196;0;0;"00:00:00";"05/10/2014"
"23/02/2022";"11:03:13";2014;2;"Eleição Ordinária";1;143;"Eleições Gerais 2014";"05/10/2014";"F";"AM";"AM";"AMAZONAS";"02151";"BOCA DO ACRE";14;6;"Deputado Federal";18823;62;3;0;65;13630;0;5193;"N";13630;11806;11806;11806;1067;0;0;0;0;0;0;0;0;440;317;317;0;0;"00:00:00";"23/05/2016"
"23/02/2022";"11:03:13";2014;2;"Eleição Ordinária";1;143;"Eleições Gerais 2014";"05/10/2014";"F";"AM";"AM";"AMAZONAS";"02992";"CAAPIRANGA";55;6;"Deputado Federal";7237;21;0;0;21;5327;0;1910;"N";5327;4889;4889;4889;289;0;0;0;0;0;0;0;0;97;52;52;0;0;"00:00:00";"23/05/2016"
"23/02/2022";"11:03:13";2014;2;"Eleição Ordinária";1;143;"Eleições Gerais 2014";"05/10/2014";"F";"AM";"AM";"AMAZONAS";"02712";"PAUINI";44;7;"Deputado Estadual";9146;26;2;0;28;5872;0;3274;"N";5872;5412;5412;5412;322;0;0;0;0;0;0;0;0;74;64;64;0;0;"00:00:00";"23/05/2016"
"23/02/2022";"11:03:13";2014;2;"Eleição Ordinária";1;143;"Eleições Gerais 2014";"05/10/2014";"F";"AM";"AM";"AMAZONAS";"02895";"ALVARÃES";60;3;"Governador";9057;25;0;0;25;6630;0;2427;"N";6630;6137;6137;6137;0;0;0;0;0;0;0;0;0;39;454;454;0;0;"00:00:00";"05/10/2014"
"23/02/2022";"11:03:13";2014;2;"Eleição Ordinária";1;143;"Eleições Gerais 2014";"05/10/2014";"F";"AM";"AM";"AMAZONAS";"02771";"SILVES";39;3;"Governador";6462;20;3;0;23;5098;0;1364;"N";5098;4800;4800;4800;0;0;0;0;0;0;0;0;0;40;258;258;0;0;"00:00:00";"05/10/2014"
"23/02/2022";"11:03:13";2014;2;"Eleição Ordinária";1;143;"Eleições Gerais 2014";"05/10/2014";"F";"AM";"AM";"AMAZONAS";"02259";"COARI";8;6;"Deputado Federal";46097;139;10;0;149;32301;0;13796;"N";32301;28899;28899;28899;2087;0;0;0;0;0;0;0;0;813;502;502;0;0;"00:00:00";"23/05/2016"
"23/02/2022";"11:03:13";2014;2;"Eleição Ordinária";1;143;"Eleições Gerais 2014";"05/10/2014";"F";"AM";"AM";"AMAZONAS";"02399";"IPIXUNA";45;7;"Deputado Estadual";9566;27;9;0;36;6157;0;3409;"N";6157;5331;5331;5331;539;0;0;0;0;0;0;0;0;76;211;211;0;0;"00:00:00";"23/05/2016"
"23/02/2022";"11:03:13";2014;2;"Eleição Ordinária";1;143;"Eleições Gerais 2014";"05/10/2014";"F";"AM";"AM";"AMAZONAS";"02658";"NOVA OLINDA DO NORTE";28;7;"Deputado Estadual";15508;43;1;0;44;11123;0;4385;"N";11123;9994;9994;9994;849;0;0;0;0;0;0;0;0;154;126;126;0;0;"00:00:00";"23/05/2016"
"23/02/2022";"11:03:13";2014;2;"Eleição Ordinária";2;144;"Eleições Gerais 2014";"26/10/2014";"F";"AM";"AM";"AMAZONAS";"98493";"UARINI";9;3;"Governador";6997;21;5;0;26;5060;0;1937;"N";5060;4746;4746;4746;0;0;0;0;0;0;0;0;0;15;299;299;0;0;"00:00:00";"26/10/2014"
"23/02/2022";"11:03:13";2014;2;"Eleição Ordinária";2;144;"Eleições Gerais 2014";"26/10/2014";"F";"AM";"AM";"AMAZONAS";"02976";"BOA VISTA DO RAMOS";64;3;"Governador";9572;28;2;0;30;6360;0;3212;"N";6360;6008;6008;6008;0;0;0;0;0;0;0;0;0;17;335;335;0;0;"00:00:00";"26/10/2014"
"23/02/2022";"11:03:13";2014;2;"Eleição Ordinária";1;143;"Eleições Gerais 2014";"05/10/2014";"F";"AM";"AM";"AMAZONAS";"02496";"JUTAÍ";41;6;"Deputado Federal";10630;31;0;0;31;7231;0;3399;"N";7231;6363;6363;6363;619;0;0;0;0;0;0;0;0;96;153;153;0;0;"00:00:00";"23/05/2016"
"23/02/2022";"11:03:13";2014;2;"Eleição Ordinária";1;143;"Eleições Gerais 2014";"05/10/2014";"F";"AM";"AM";"AMAZONAS";"02739";"SANTO ANTÔNIO DO IÇÁ";47;5;"Senador";12055;35;1;0;36;8981;0;3074;"N";8981;8102;8102;8102;0;0;0;0;0;0;0;0;0;204;675;675;0;0;"00:00:00";"05/10/2014"
"23/02/2022";"11:03:13";2014;2;"Eleição Ordinária";1;143;"Eleições Gerais 2014";"05/10/2014";"F";"AM";"AM";"AMAZONAS";"02917";"AMATURÁ";22;7;"Deputado Estadual";5112;19;3;0;22;4000;0;1112;"N";4000;3357;3357;3357;413;0;0;0;0;0;0;0;0;36;194;194;0;0;"00:00:00";"23/05/2016"
"23/02/2022";"11:03:13";2014;2;"Eleição Ordinária";1;143;"Eleições Gerais 2014";"05/10/2014";"F";"AM";"AM";"AMAZONAS";"02631";"NHAMUNDÁ";43;6;"Deputado Federal";12139;41;4;0;45;8762;0;3377;"N";8762;8022;8022;8022;535;0;0;0;0;0;0;0;0;158;47;47;0;0;"00:00:00";"23/05/2016"
"23/02/2022";"11:03:13";2014;2;"Eleição Ordinária";2;144;"Eleições Gerais 2014";"26/10/2014";"F";"AM";"AM";"AMAZONAS";"02798";"TAPAUÁ";38;3;"Governador";11880;35;2;0;37;7119;0;4761;"N";7119;6537;6537;6537;0;0;0;0;0;0;0;0;0;31;551;551;0;0;"00:00:00";"26/10/2014"
"23/02/2022";"11:03:13";2014;2;"Eleição Ordinária";2;144;"Eleições Gerais 2014";"26/10/2014";"F";"AM";"AM";"AMAZONAS";"02950";"BERURI";54;3;"Governador";10092;32;2;0;34;7382;0;2710;"N";7382;6902;6902;6902;0;0;0;0;0;0;0;0;0;22;458;458;0;0;"00:00:00";"26/10/2014"
"23/02/2022";"11:03:13";2014;2;"Eleição Ordinária";2;144;"Eleições Gerais 2014";"26/10/2014";"F";"AM";"AM";"AMAZONAS";"98353";"IRANDUBA";56;3;"Governador";20899;94;43;0;137;18739;0;2160;"N";18739;17196;17196;17196;0;0;0;0;0;0;0;0;0;102;1441;1441;0;0;"00:00:00";"26/10/2014"
"23/02/2022";"11:03:13";2014;2;"Eleição Ordinária";1;143;"Eleições Gerais 2014";"05/10/2014";"F";"AM";"AM";"AMAZONAS";"02690";"PARINTINS";4;7;"Deputado Estadual";64215;210;7;0;217;47062;0;17153;"N";47062;42708;42708;42708;2852;0;0;0;0;0;0;0;0;1059;443;443;0;0;"00:00:00";"23/05/2016"
"23/02/2022";"11:03:13";2014;2;"Eleição Ordinária";1;143;"Eleições Gerais 2014";"05/10/2014";"F";"AM";"AM";"AMAZONAS";"02712";"PAUINI";44;3;"Governador";9146;26;2;0;28;5872;0;3274;"N";5872;5342;5342;5342;0;0;0;0;0;0;0;0;0;63;467;467;0;0;"00:00:00";"06/10/2014"
"23/02/2022";"11:03:13";2014;2;"Eleição Ordinária";1;143;"Eleições Gerais 2014";"05/10/2014";"F";"AM";"AM";"AMAZONAS";"02658";"NOVA OLINDA DO NORTE";28;5;"Senador";15508;43;1;0;44;11123;0;4385;"N";11123;10388;10388;10388;0;0;0;0;0;0;0;0;0;152;583;583;0;0;"00:00:00";"05/10/2014"
"23/02/2022";"11:03:13";2014;2;"Eleição Ordinária";1;143;"Eleições Gerais 2014";"05/10/2014";"F";"AM";"AM";"AMAZONAS";"02151";"BOCA DO ACRE";14;3;"Governador";18823;62;3;0;65;13630;0;5193;"N";13630;12232;12232;12232;0;0;0;0;0;0;0;0;0;151;1247;1247;0;0;"00:00:00";"05/10/2014"
"23/02/2022";"11:03:13";2014;2;"Eleição Ordinária";1;143;"Eleições Gerais 2014";"05/10/2014";"F";"AM";"AM";"AMAZONAS";"02550";"MANAUS";32;3;"Governador";70633;204;6;0;210;60453;0;10180;"N";60453;55194;55194;55194;0;0;0;0;0;0;0;0;0;1966;3293;3293;0;0;"00:00:00";"05/10/2014"
"23/02/2022";"11:03:13";2014;2;"Eleição Ordinária";1;143;"Eleições Gerais 2014";"05/10/2014";"F";"AM";"AM";"AMAZONAS";"02550";"MANAUS";40;3;"Governador";82359;189;7;0;196;70846;0;11513;"N";70846;64681;64681;64681;0;0;0;0;0;0;0;0;0;2340;3825;3825;0;0;"00:00:00";"05/10/2014"
"23/02/2022";"11:03:13";2014;2;"Eleição Ordinária";1;143;"Eleições Gerais 2014";"05/10/2014";"F";"AM";"AM";"AMAZONAS";"02097";"BARCELOS";18;5;"Senador";9227;26;1;0;27;6065;0;3162;"N";6065;5587;5587;5587;0;0;0;0;0;0;0;0;0;111;367;367;0;0;"00:00:00";"05/10/2014"
"23/02/2022";"11:03:13";2014;2;"Eleição Ordinária";1;143;"Eleições Gerais 2014";"05/10/2014";"F";"AM";"AM";"AMAZONAS";"02895";"ALVARÃES";60;7;"Deputado Estadual";9057;25;0;0;25;6630;0;2427;"N";6630;5934;5934;5934;491;0;0;0;0;0;0;0;0;65;140;140;0;0;"00:00:00";"23/05/2016"
"23/02/2022";"11:03:13";2014;2;"Eleição Ordinária";1;143;"Eleições Gerais 2014";"05/10/2014";"F";"AM";"AM";"AMAZONAS";"02550";"MANAUS";40;5;"Senador";82359;189;7;0;196;70846;0;11513;"N";70846;61503;61503;61503;0;0;0;0;0;0;0;0;0;4694;4649;4649;0;0;"00:00:00";"05/10/2014"
"23/02/2022";"11:03:13";2014;2;"Eleição Ordinária";1;143;"Eleições Gerais 2014";"05/10/2014";"F";"AM";"AM";"AMAZONAS";"02550";"MANAUS";70;7;"Deputado Estadual";126596;371;19;0;390;107445;0;19151;"N";107445;91502;91502;91502;5718;0;0;0;0;0;0;0;0;6001;4224;4224;0;0;"00:00:00";"23/05/2016"
"23/02/2022";"11:03:13";2014;2;"Eleição Ordinária";2;144;"Eleições Gerais 2014";"26/10/2014";"F";"AM";"AM";"AMAZONAS";"98370";"ITAMARATI";69;3;"Governador";5997;19;2;0;21;4134;0;1863;"N";4134;3764;3764;3764;0;0;0;0;0;0;0;0;0;9;361;361;0;0;"00:00:00";"26/10/2014"
"23/02/2022";"11:03:13";2014;2;"Eleição Ordinária";1;143;"Eleições Gerais 2014";"05/10/2014";"F";"AM";"AM";"AMAZONAS";"02054";"ATALAIA DO NORTE";42;7;"Deputado Estadual";6919;25;8;0;33;4735;0;2184;"N";4735;4345;4345;4345;298;0;0;0;0;0;0;0;0;19;73;73;0;0;"00:00:00";"23/05/2016"
"23/02/2022";"11:03:13";2014;2;"Eleição Ordinária";1;143;"Eleições Gerais 2014";"05/10/2014";"F";"AM";"AM";"AMAZONAS";"02275";"CODAJÁS";7;6;"Deputado Federal";14131;54;4;0;58;9740;0;4391;"N";9740;8968;8968;8968;507;0;0;0;0;0;0;0;0;130;135;135;0;0;"00:00:00";"23/05/2016"
"23/02/2022";"11:03:13";2014;2;"Eleição Ordinária";1;143;"Eleições Gerais 2014";"05/10/2014";"F";"AM";"AM";"AMAZONAS";"02852";"URUCARÁ";27;6;"Deputado Federal";10817;31;2;0;33;8102;0;2715;"N";8102;7468;7468;7468;403;0;0;0;0;0;0;0;0;128;103;103;0;0;"00:00:00";"23/05/2016"
"23/02/2022";"11:03:13";2014;2;"Eleição Ordinária";1;143;"Eleições Gerais 2014";"05/10/2014";"F";"AM";"AM";"AMAZONAS";"02194";"CANUTAMA";13;3;"Governador";7171;24;2;0;26;4739;0;2432;"N";4739;4305;4305;4305;0;0;0;0;0;0;0;0;0;46;388;388;0;0;"00:00:00";"05/10/2014"
"23/02/2022";"11:03:13";2014;2;"Eleição Ordinária";1;143;"Eleições Gerais 2014";"05/10/2014";"F";"AM";"AM";"AMAZONAS";"02593";"MARAÃ";49;6;"Deputado Federal";8445;25;2;0;27;5514;0;2931;"N";5514;5042;5042;5042;342;0;0;0;0;0;0;0;0;63;67;67;0;0;"00:00:00";"23/05/2016"
"23/02/2022";"11:03:13";2014;2;"Eleição Ordinária";1;143;"Eleições Gerais 2014";"05/10/2014";"F";"AM";"AM";"AMAZONAS";"02003";"APUÍ";67;5;"Senador";9485;31;11;0;42;6384;0;3101;"N";6384;5712;5712;5712;0;0;0;0;0;0;0;0;0;263;409;409;0;0;"00:00:00";"05/10/2014"
"23/02/2022";"11:03:13";2014;2;"Eleição Ordinária";1;143;"Eleições Gerais 2014";"05/10/2014";"F";"AM";"AM";"AMAZONAS";"02534";"MANACAPURU";6;3;"Governador";52230;199;8;0;207;46290;0;5940;"N";46290;42985;42985;42985;0;0;0;0;0;0;0;0;0;457;2848;2848;0;0;"00:00:00";"05/10/2014"
"23/02/2022";"11:03:13";2014;2;"Eleição Ordinária";1;143;"Eleições Gerais 2014";"05/10/2014";"F";"AM";"AM";"AMAZONAS";"02550";"MANAUS";59;6;"Deputado Federal";120009;302;3;0;305;103433;0;16576;"N";103433;88200;88200;88200;5237;0;0;0;0;0;0;0;0;7184;2812;2812;0;0;"00:00:00";"23/05/2016"
"23/02/2022";"11:03:13";2014;2;"Eleição Ordinária";1;143;"Eleições Gerais 2014";"05/10/2014";"F";"AM";"AM";"AMAZONAS";"02933";"ANAMÃ";53;7;"Deputado Estadual";6734;21;0;0;21;4884;0;1850;"N";4884;4432;4432;4432;369;0;0;0;0;0;0;0;0;43;40;40;0;0;"00:00:00";"23/05/2016"
"23/02/2022";"11:03:13";2014;2;"Eleição Ordinária";2;144;"Eleições Gerais 2014";"26/10/2014";"F";"AM";"AM";"AMAZONAS";"02550";"MANAUS";32;3;"Governador";70640;204;6;0;210;58707;0;11933;"N";58707;52912;52912;52912;0;0;0;0;0;0;0;0;0;1179;4616;4616;0;0;"00:00:00";"26/10/2014"
"23/02/2022";"11:03:13";2014;2;"Eleição Ordinária";1;143;"Eleições Gerais 2014";"05/10/2014";"F";"AM";"AM";"AMAZONAS";"02534";"MANACAPURU";6;5;"Senador";52230;199;8;0;207;46290;0;5940;"N";46290;42726;42726;42726;0;0;0;0;0;0;0;0;0;995;2569;2569;0;0;"00:00:00";"05/10/2014"
"23/02/2022";"11:03:13";2014;2;"Eleição Ordinária";1;143;"Eleições Gerais 2014";"05/10/2014";"F";"AM";"AM";"AMAZONAS";"02453";"JAPURÁ";48;3;"Governador";3815;12;1;0;13;2583;0;1232;"N";2583;2438;2438;2438;0;0;0;0;0;0;0;0;0;14;131;131;0;0;"00:00:00";"05/10/2014"
"23/02/2022";"11:03:13";2014;2;"Eleição Ordinária";1;143;"Eleições Gerais 2014";"05/10/2014";"F";"AM";"AM";"AMAZONAS";"98396";"MANAQUIRI";66;6;"Deputado Federal";12005;35;3;0;38;9014;0;2991;"N";9014;8161;8161;8161;574;0;0;0;0;0;0;0;0;158;121;121;0;0;"00:00:00";"23/05/2016"
"23/02/2022";"11:03:13";2014;2;"Eleição Ordinária";1;143;"Eleições Gerais 2014";"05/10/2014";"F";"AM";"AM";"AMAZONAS";"98434";"RIO PRETO DA EVA";52;7;"Deputado Estadual";11987;44;21;0;65;10500;0;1487;"N";10500;8910;8910;8910;627;0;0;0;0;0;0;0;0;236;727;727;0;0;"00:00:00";"23/05/2016"
"23/02/2022";"11:03:13";2014;2;"Eleição Ordinária";1;143;"Eleições Gerais 2014";"05/10/2014";"F";"AM";"AM";"AMAZONAS";"02550";"MANAUS";37;7;"Deputado Estadual";90319;238;4;0;242;77679;0;12640;"N";77679;66579;66579;66579;3972;0;0;0;0;0;0;0;0;4075;3053;3053;0;0;"00:00:00";"23/05/2016"
"23/02/2022";"11:03:13";2014;2;"Eleição Ordinária";2;144;"Eleições Gerais 2014";"26/10/2014";"F";"AM";"AM";"AMAZONAS";"02330";"FONTE BOA";10;3;"Governador";13463;38;5;0;43;9552;0;3911;"N";9552;8891;8891;8891;0;0;0;0;0;0;0;0;0;41;620;620;0;0;"00:00:00";"26/10/2014"
"23/02/2022";"11:03:13";2014;2;"Eleição Ordinária";1;143;"Eleições Gerais 2014";"05/10/2014";"F";"AM";"AM";"AMAZONAS";"02291";"EIRUNEPÉ";11;3;"Governador";20280;60;4;0;64;12350;0;7930;"N";12350;11024;11024;11024;0;0;0;0;0;0;0;0;0;159;1167;1167;0;0;"00:00:00";"05/10/2014"
"23/02/2022";"11:03:13";2014;2;"Eleição Ordinária";1;143;"Eleições Gerais 2014";"05/10/2014";"F";"AM";"AM";"AMAZONAS";"02470";"JURUÁ";50;3;"Governador";6610;26;2;0;28;4236;0;2374;"N";4236;3837;3837;3837;0;0;0;0;0;0;0;0;0;29;370;370;0;0;"00:00:00";"05/10/2014"
"23/02/2022";"11:03:13";2014;2;"Eleição Ordinária";1;143;"Eleições Gerais 2014";"05/10/2014";"F";"AM";"AM";"AMAZONAS";"98477";"TABATINGA";36;3;"Governador";28416;77;2;0;79;21447;0;6969;"N";21447;19337;19337;19337;0;0;0;0;0;0;0;0;0;297;1813;1813;0;0;"00:00:00";"05/10/2014"
"23/02/2022";"11:03:13";2014;2;"Eleição Ordinária";1;143;"Eleições Gerais 2014";"05/10/2014";"F";"AM";"AM";"AMAZONAS";"98477";"TABATINGA";36;7;"Deputado Estadual";28416;77;2;0;79;21447;0;6969;"N";21447;18061;18061;18061;1893;0;0;0;0;0;0;0;0;535;958;958;0;0;"00:00:00";"23/05/2016"
"23/02/2022";"11:03:13";2014;2;"Eleição Ordinária";2;144;"Eleições Gerais 2014";"26/10/2014";"F";"AM";"AM";"AMAZONAS";"02771";"SILVES";39;3;"Governador";6462;20;3;0;23;4703;0;1759;"N";4703;4416;4416;4416;0;0;0;0;0;0;0;0;0;17;270;270;0;0;"00:00:00";"26/10/2014"
"23/02/2022";"11:03:13";2014;2;"Eleição Ordinária";1;143;"Eleições Gerais 2014";"05/10/2014";"F";"AM";"AM";"AMAZONAS";"02615";"MAUÉS";5;5;"Senador";28916;86;12;0;98;20581;0;8335;"N";20581;18888;18888;18888;0;0;0;0;0;0;0;0;0;453;1240;1240;0;0;"00:00:00";"05/10/2014"
"23/02/2022";"11:03:13";2014;2;"Eleição Ordinária";2;144;"Eleições Gerais 2014";"26/10/2014";"F";"AM";"AM";"AMAZONAS";"02550";"MANAUS";1;3;"Governador";123584;321;9;0;330;101643;0;21941;"N";101643;92109;92109;92109;0;0;0;0;0;0;0;0;0;2061;7473;7473;0;0;"00:00:00";"26/10/2014"
"23/02/2022";"11:03:13";2014;2;"Eleição Ordinária";1;143;"Eleições Gerais 2014";"05/10/2014";"F";"AM";"AM";"AMAZONAS";"02119";"BARREIRINHA";26;7;"Deputado Estadual";16916;50;3;0;53;12403;0;4513;"N";12403;11133;11133;11133;976;0;0;0;0;0;0;0;0;188;106;106;0;0;"00:00:00";"23/05/2016"
"23/02/2022";"11:03:13";2014;2;"Eleição Ordinária";2;144;"Eleições Gerais 2014";"26/10/2014";"F";"AM";"AM";"AMAZONAS";"02372";"SANTA ISABEL DO RIO NEGRO";30;3;"Governador";6863;18;0;0;18;3870;0;2993;"N";3870;3594;3594;3594;0;0;0;0;0;0;0;0;0;21;255;255;0;0;"00:00:00";"26/10/2014"
"23/02/2022";"11:03:13";2014;2;"Eleição Ordinária";1;143;"Eleições Gerais 2014";"05/10/2014";"F";"AM";"AM";"AMAZONAS";"98450";"SÃO SEBASTIÃO DO UATUMÃ";57;3;"Governador";5494;16;1;0;17;4088;0;1406;"N";4088;3848;3848;3848;0;0;0;0;0;0;0;0;0;36;204;204;0;0;"00:00:00";"05/10/2014"
"23/02/2022";"11:03:13";2014;2;"Eleição Ordinária";1;143;"Eleições Gerais 2014";"05/10/2014";"F";"AM";"AM";"AMAZONAS";"98493";"UARINI";9;7;"Deputado Estadual";6997;21;5;0;26;5209;0;1788;"N";5209;4776;4776;4776;335;0;0;0;0;0;0;0;0;43;55;55;0;0;"00:00:00";"23/05/2016"
"23/02/2022";"11:03:13";2014;2;"Eleição Ordinária";1;143;"Eleições Gerais 2014";"05/10/2014";"F";"AM";"AM";"AMAZONAS";"02470";"JURUÁ";50;5;"Senador";6610;26;2;0;28;4236;0;2374;"N";4236;3908;3908;3908;0;0;0;0;0;0;0;0;0;31;297;297;0;0;"00:00:00";"05/10/2014"
"23/02/2022";"11:03:13";2014;2;"Eleição Ordinária";1;143;"Eleições Gerais 2014";"05/10/2014";"F";"AM";"AM";"AMAZONAS";"02550";"MANAUS";1;6;"Deputado Federal";123570;321;9;0;330;104575;0;18995;"N";104575;88159;88159;88159;5054;0;0;0;0;0;0;0;0;6726;4636;4636;0;0;"00:00:00";"23/05/2016"
"23/02/2022";"11:03:13";2014;2;"Eleição Ordinária";1;143;"Eleições Gerais 2014";"05/10/2014";"F";"AM";"AM";"AMAZONAS";"02216";"CARAUARI";21;7;"Deputado Estadual";17731;63;4;0;67;11205;0;6526;"N";11205;10220;10220;10220;680;0;0;0;0;0;0;0;0;120;185;185;0;0;"00:00:00";"23/05/2016"
"23/02/2022";"11:03:13";2014;2;"Eleição Ordinária";1;143;"Eleições Gerais 2014";"05/10/2014";"F";"AM";"AM";"AMAZONAS";"02313";"ENVIRA";46;3;"Governador";10492;33;1;0;34;6769;0;3723;"N";6769;6177;6177;6177;0;0;0;0;0;0;0;0;0;39;553;553;0;0;"00:00:00";"05/10/2014"
"23/02/2022";"11:03:13";2014;2;"Eleição Ordinária";1;143;"Eleições Gerais 2014";"05/10/2014";"F";"AM";"AM";"AMAZONAS";"02356";"HUMAITÁ";17;6;"Deputado Federal";26562;79;18;0;97;19804;0;6758;"N";19804;17588;17588;17588;1156;0;0;0;0;0;0;0;0;799;261;261;0;0;"00:00:00";"23/05/2016"
"23/02/2022";"11:03:13";2014;2;"Eleição Ordinária";1;143;"Eleições Gerais 2014";"05/10/2014";"F";"AM";"AM";"AMAZONAS";"02755";"SÃO PAULO DE OLIVENÇA";22;6;"Deputado Federal";14756;44;4;0;48;11780;0;2976;"N";11780;10405;10405;10405;947;0;0;0;0;0;0;0;0;193;235;235;0;0;"00:00:00";"23/05/2016"
"23/02/2022";"11:03:13";2014;2;"Eleição Ordinária";1;143;"Eleições Gerais 2014";"05/10/2014";"F";"AM";"AM";"AMAZONAS";"02550";"MANAUS";58;5;"Senador";108627;279;1;0;280;93812;0;14815;"N";93812;81319;81319;81319;0;0;0;0;0;0;0;0;0;6646;5847;5847;0;0;"00:00:00";"05/10/2014"
"23/02/2022";"11:03:13";2014;2;"Eleição Ordinária";1;143;"Eleições Gerais 2014";"05/10/2014";"F";"AM";"AM";"AMAZONAS";"02330";"FONTE BOA";10;6;"Deputado Federal";13463;38;5;0;43;9662;0;3801;"N";9662;8729;8729;8729;641;0;0;0;0;0;0;0;0;122;170;170;0;0;"00:00:00";"23/05/2016"
"23/02/2022";"11:03:13";2014;2;"Eleição Ordinária";1;143;"Eleições Gerais 2014";"05/10/2014";"F";"AM";"AM";"AMAZONAS";"02550";"MANAUS";32;6;"Deputado Federal";70633;204;6;0;210;60453;0;10180;"N";60453;50999;50999;50999;2958;0;0;0;0;0;0;0;0;4255;2241;2241;0;0;"00:00:00";"23/05/2016"
"23/02/2022";"11:03:13";2014;2;"Eleição Ordinária";1;143;"Eleições Gerais 2014";"05/10/2014";"F";"AM";"AM";"AMAZONAS";"02550";"MANAUS";37;6;"Deputado Federal";90319;238;4;0;242;77679;0;12640;"N";77679;65682;65682;65682;3815;0;0;0;0;0;0;0;0;5400;2782;2782;0;0;"00:00:00";"23/05/2016"
"23/02/2022";"11:03:13";2014;2;"Eleição Ordinária";1;143;"Eleições Gerais 2014";"05/10/2014";"F";"AM";"AM";"AMAZONAS";"02518";"LÁBREA";12;5;"Senador";22260;70;4;0;74;14468;0;7792;"N";14468;13185;13185;13185;0;0;0;0;0;0;0;0;0;264;1019;1019;0;0;"00:00:00";"05/10/2014"
"23/02/2022";"11:03:13";2014;2;"Eleição Ordinária";1;143;"Eleições Gerais 2014";"05/10/2014";"F";"AM";"AM";"AMAZONAS";"02194";"CANUTAMA";13;7;"Deputado Estadual";7171;24;2;0;26;4739;0;2432;"N";4739;4208;4208;4208;301;0;0;0;0;0;0;0;0;63;167;167;0;0;"00:00:00";"23/05/2016"
"23/02/2022";"11:03:13";2014;2;"Eleição Ordinária";1;143;"Eleições Gerais 2014";"05/10/2014";"F";"AM";"AM";"AMAZONAS";"02577";"MANICORÉ";16;6;"Deputado Federal";25437;87;11;0;98;18167;0;7270;"N";18167;16775;16775;16775;979;0;0;0;0;0;0;0;0;257;156;156;0;0;"00:00:00";"23/05/2016"
"23/02/2022";"11:03:13";2014;2;"Eleição Ordinária";1;143;"Eleições Gerais 2014";"05/10/2014";"F";"AM";"AM";"AMAZONAS";"02011";"NOVO AIRÃO";34;3;"Governador";7676;27;1;0;28;6544;0;1132;"N";6544;5990;5990;5990;0;0;0;0;0;0;0;0;0;55;499;499;0;0;"00:00:00";"05/10/2014"
"23/02/2022";"11:03:13";2014;2;"Eleição Ordinária";1;143;"Eleições Gerais 2014";"05/10/2014";"F";"AM";"AM";"AMAZONAS";"02550";"MANAUS";68;5;"Senador";151299;441;13;0;454;128720;0;22579;"N";128720;113156;113156;113156;0;0;0;0;0;0;0;0;0;8186;7378;7378;0;0;"00:00:00";"05/10/2014"
"23/02/2022";"11:03:13";2014;2;"Eleição Ordinária";1;143;"Eleições Gerais 2014";"05/10/2014";"F";"AM";"AM";"AMAZONAS";"02712";"PAUINI";44;6;"Deputado Federal";9146;26;2;0;28;5872;0;3274;"N";5872;5231;5231;5231;460;0;0;0;0;0;0;0;0;118;63;63;0;0;"00:00:00";"23/05/2016"
"23/02/2022";"11:03:13";2014;2;"Eleição Ordinária";1;143;"Eleições Gerais 2014";"05/10/2014";"F";"AM";"AM";"AMAZONAS";"02496";"JUTAÍ";41;3;"Governador";10630;31;0;0;31;7231;0;3399;"N";7231;6497;6497;6497;0;0;0;0;0;0;0;0;0;38;696;696;0;0;"00:00:00";"05/10/2014"
"23/02/2022";"11:03:13";2014;2;"Eleição Ordinária";2;144;"Eleições Gerais 2014";"26/10/2014";"F";"AM";"AM";"AMAZONAS";"02631";"NHAMUNDÁ";43;3;"Governador";12139;41;4;0;45;8734;0;3405;"N";8734;8276;8276;8276;0;0;0;0;0;0;0;0;0;29;429;429;0;0;"00:00:00";"26/10/2014"
"23/02/2022";"11:03:13";2014;2;"Eleição Ordinária";1;143;"Eleições Gerais 2014";"05/10/2014";"F";"AM";"AM";"AMAZONAS";"02550";"MANAUS";62;5;"Senador";88795;232;7;0;239;75796;0;12999;"N";75796;66038;66038;66038;0;0;0;0;0;0;0;0;0;5123;4635;4635;0;0;"00:00:00";"05/10/2014"
"23/02/2022";"11:03:13";2014;2;"Eleição Ordinária";1;143;"Eleições Gerais 2014";"05/10/2014";"F";"AM";"AM";"AMAZONAS";"98434";"RIO PRETO DA EVA";52;3;"Governador";11987;44;21;0;65;10500;0;1487;"N";10500;9453;9453;9453;0;0;0;0;0;0;0;0;0;135;912;912;0;0;"00:00:00";"05/10/2014"
"23/02/2022";"11:03:13";2014;2;"Eleição Ordinária";2;144;"Eleições Gerais 2014";"26/10/2014";"F";"AM";"AM";"AMAZONAS";"02550";"MANAUS";59;3;"Governador";120011;302;3;0;305;99706;0;20305;"N";99706;89052;89052;89052;0;0;0;0;0;0;0;0;0;2381;8273;8273;0;0;"00:00:00";"26/10/2014"
"23/02/2022";"11:03:13";2014;2;"Eleição Ordinária";1;143;"Eleições Gerais 2014";"05/10/2014";"F";"AM";"AM";"AMAZONAS";"02216";"CARAUARI";21;5;"Senador";17731;63;4;0;67;11205;0;6526;"N";11205;10481;10481;10481;0;0;0;0;0;0;0;0;0;134;590;590;0;0;"00:00:00";"05/10/2014"
"23/02/2022";"11:03:13";2014;2;"Eleição Ordinária";1;143;"Eleições Gerais 2014";"05/10/2014";"F";"AM";"AM";"AMAZONAS";"02810";"TEFÉ";9;7;"Deputado Estadual";37434;118;9;0;127;27418;0;10016;"N";27418;24460;24460;24460;1779;0;0;0;0;0;0;0;0;502;677;677;0;0;"00:00:00";"23/05/2016"
"23/02/2022";"11:03:13";2014;2;"Eleição Ordinária";1;143;"Eleições Gerais 2014";"05/10/2014";"F";"AM";"AM";"AMAZONAS";"02550";"MANAUS";37;3;"Governador";90319;238;4;0;242;77679;0;12640;"N";77679;70995;70995;70995;0;0;0;0;0;0;0;0;0;2453;4231;4231;0;0;"00:00:00";"05/10/2014"
"23/02/2022";"11:03:13";2014;2;"Eleição Ordinária";1;143;"Eleições Gerais 2014";"05/10/2014";"F";"AM";"AM";"AMAZONAS";"02550";"MANAUS";68;6;"Deputado Federal";151299;441;13;0;454;128720;0;22579;"N";128720;110297;110297;110297;6836;0;0;0;0;0;0;0;0;8770;2817;2817;0;0;"00:00:00";"23/05/2016"
"23/02/2022";"11:03:13";2014;2;"Eleição Ordinária";1;143;"Eleições Gerais 2014";"05/10/2014";"F";"AM";"AM";"AMAZONAS";"02550";"MANAUS";58;7;"Deputado Estadual";108627;279;1;0;280;93812;0;14815;"N";93812;79908;79908;79908;4482;0;0;0;0;0;0;0;0;5578;3844;3844;0;0;"00:00:00";"23/05/2016"
"23/02/2022";"11:03:13";2014;2;"Eleição Ordinária";2;144;"Eleições Gerais 2014";"26/10/2014";"F";"AM";"AM";"AMAZONAS";"02038";"ANORI";33;3;"Governador";9328;26;0;0;26;6335;0;2993;"N";6335;5906;5906;5906;0;0;0;0;0;0;0;0;0;30;399;399;0;0;"00:00:00";"26/10/2014"
"23/02/2022";"11:03:13";2014;2;"Eleição Ordinária";1;143;"Eleições Gerais 2014";"05/10/2014";"F";"AM";"AM";"AMAZONAS";"02046";"CAREIRO DA VÁRZEA";61;5;"Senador";12802;47;14;0;61;11192;0;1610;"N";11192;10490;10490;10490;0;0;0;0;0;0;0;0;0;173;529;529;0;0;"00:00:00";"05/10/2014"
"23/02/2022";"11:03:13";2014;2;"Eleição Ordinária";1;143;"Eleições Gerais 2014";"05/10/2014";"F";"AM";"AM";"AMAZONAS";"02852";"URUCARÁ";27;5;"Senador";10817;31;2;0;33;8102;0;2715;"N";8102;7623;7623;7623;0;0;0;0;0;0;0;0;0;104;375;375;0;0;"00:00:00";"05/10/2014"
"23/02/2022";"11:03:13";2014;2;"Eleição Ordinária";1;143;"Eleições Gerais 2014";"05/10/2014";"F";"AM";"AM";"AMAZONAS";"02550";"MANAUS";63;6;"Deputado Federal";68571;172;5;0;177;58921;0;9650;"N";58921;49843;49843;49843;3041;0;0;0;0;0;0;0;0;4049;1988;1988;0;0;"00:00:00";"23/05/2016"
"23/02/2022";"11:03:13";2014;2;"Eleição Ordinária";1;143;"Eleições Gerais 2014";"05/10/2014";"F";"AM";"AM";"AMAZONAS";"02950";"BERURI";54;7;"Deputado Estadual";10092;32;2;0;34;7785;0;2307;"N";7785;7107;7107;7107;513;0;0;0;0;0;0;0;0;49;116;116;0;0;"00:00:00";"23/05/2016"
"23/02/2022";"11:03:13";2014;2;"Eleição Ordinária";2;144;"Eleições Gerais 2014";"26/10/2014";"F";"AM";"AM";"AMAZONAS";"02470";"JURUÁ";50;3;"Governador";6610;26;2;0;28;4189;0;2421;"N";4189;3885;3885;3885;0;0;0;0;0;0;0;0;0;23;281;281;0;0;"00:00:00";"26/10/2014"
"23/02/2022";"11:03:13";2014;2;"Eleição Ordinária";1;143;"Eleições Gerais 2014";"05/10/2014";"F";"AM";"AM";"AMAZONAS";"02771";"SILVES";39;6;"Deputado Federal";6462;20;3;0;23;5098;0;1364;"N";5098;4625;4625;4625;297;0;0;0;0;0;0;0;0;138;38;38;0;0;"00:00:00";"23/05/2016"
"23/02/2022";"11:03:13";2014;2;"Eleição Ordinária";2;144;"Eleições Gerais 2014";"26/10/2014";"F";"AM";"AM";"AMAZONAS";"02615";"MAUÉS";5;3;"Governador";28916;86;12;0;98;19673;0;9243;"N";19673;18371;18371;18371;0;0;0;0;0;0;0;0;0;116;1186;1186;0;0;"00:00:00";"26/10/2014"
"23/02/2022";"11:03:13";2014;2;"Eleição Ordinária";1;143;"Eleições Gerais 2014";"05/10/2014";"F";"AM";"AM";"AMAZONAS";"02232";"CAREIRO";23;6;"Deputado Federal";21450;66;6;0;72;15753;0;5697;"N";15753;14013;14013;14013;1150;0;0;0;0;0;0;0;0;317;273;273;0;0;"00:00:00";"23/05/2016"
"23/02/2022";"11:03:13";2014;2;"Eleição Ordinária";1;143;"Eleições Gerais 2014";"05/10/2014";"F";"AM";"AM";"AMAZONAS";"02038";"ANORI";33;7;"Deputado Estadual";9328;26;0;0;26;6798;0;2530;"N";6798;6256;6256;6256;355;0;0;0;0;0;0;0;0;69;118;118;0;0;"00:00:00";"23/05/2016"
"23/02/2022";"11:03:13";2014;2;"Eleição Ordinária";2;144;"Eleições Gerais 2014";"26/10/2014";"F";"AM";"AM";"AMAZONAS";"98418";"PRESIDENTE FIGUEIREDO";51;3;"Governador";16729;69;21;0;90;13833;0;2896;"N";13833;12616;12616;12616;0;0;0;0;0;0;0;0;0;124;1093;1093;0;0;"00:00:00";"26/10/2014"
"23/02/2022";"11:03:13";2014;2;"Eleição Ordinária";2;144;"Eleições Gerais 2014";"26/10/2014";"F";"AM";"AM";"AMAZONAS";"02275";"CODAJÁS";7;3;"Governador";14131;54;4;0;58;9256;0;4875;"N";9256;8612;8612;8612;0;0;0;0;0;0;0;0;0;27;617;617;0;0;"00:00:00";"26/10/2014"
"23/02/2022";"11:03:13";2014;2;"Eleição Ordinária";2;144;"Eleições Gerais 2014";"26/10/2014";"F";"AM";"AM";"AMAZONAS";"02550";"MANAUS";31;3;"Governador";73281;220;5;0;225;60720;0;12561;"N";60720;54247;54247;54247;0;0;0;0;0;0;0;0;0;1201;5272;5272;0;0;"00:00:00";"26/10/2014"
"23/02/2022";"11:03:13";2014;2;"Eleição Ordinária";1;143;"Eleições Gerais 2014";"05/10/2014";"F";"AM";"AM";"AMAZONAS";"02496";"JUTAÍ";41;5;"Senador";10630;31;0;0;31;7231;0;3399;"N";7231;6578;6578;6578;0;0;0;0;0;0;0;0;0;78;575;575;0;0;"00:00:00";"05/10/2014"
"23/02/2022";"11:03:13";2014;2;"Eleição Ordinária";1;143;"Eleições Gerais 2014";"05/10/2014";"F";"AM";"AM";"AMAZONAS";"02755";"SÃO PAULO DE OLIVENÇA";22;5;"Senador";14756;44;4;0;48;11780;0;2976;"N";11780;10615;10615;10615;0;0;0;0;0;0;0;0;0;169;996;996;0;0;"00:00:00";"05/10/2014"
"23/02/2022";"11:03:13";2014;2;"Eleição Ordinária";1;143;"Eleições Gerais 2014";"05/10/2014";"F";"AM";"AM";"AMAZONAS";"02550";"MANAUS";1;5;"Senador";123570;321;9;0;330;104575;0;18995;"N";104575;89945;89945;89945;0;0;0;0;0;0;0;0;0;6764;7866;7866;0;0;"00:00:00";"05/10/2014"
"23/02/2022";"11:03:13";2014;2;"Eleição Ordinária";1;143;"Eleições Gerais 2014";"05/10/2014";"F";"AM";"AM";"AMAZONAS";"02550";"MANAUS";40;7;"Deputado Estadual";82359;189;7;0;196;70846;0;11513;"N";70846;60836;60836;60836;3702;0;0;0;0;0;0;0;0;3642;2666;2666;0;0;"00:00:00";"23/05/2016"
"23/02/2022";"11:03:13";2014;2;"Eleição Ordinária";2;144;"Eleições Gerais 2014";"26/10/2014";"F";"AM";"AM";"AMAZONAS";"02550";"MANAUS";68;3;"Governador";151300;441;13;0;454;123420;0;27880;"N";123420;110439;110439;110439;0;0;0;0;0;0;0;0;0;2831;10150;10150;0;0;"00:00:00";"26/10/2014"
"23/02/2022";"11:03:13";2014;2;"Eleição Ordinária";1;143;"Eleições Gerais 2014";"05/10/2014";"F";"AM";"AM";"AMAZONAS";"98353";"IRANDUBA";56;6;"Deputado Federal";20899;94;43;0;137;19504;0;1395;"N";19504;17541;17541;17541;1181;0;0;0;0;0;0;0;0;463;319;319;0;0;"00:00:00";"23/05/2016"
"23/02/2022";"11:03:13";2014;2;"Eleição Ordinária";1;143;"Eleições Gerais 2014";"05/10/2014";"F";"AM";"AM";"AMAZONAS";"02070";"AUTAZES";35;5;"Senador";22305;70;6;0;76;16639;0;5666;"N";16639;15530;15530;15530;0;0;0;0;0;0;0;0;0;233;876;876;0;0;"00:00:00";"05/10/2014"
"23/02/2022";"11:03:13";2014;2;"Eleição Ordinária";1;143;"Eleições Gerais 2014";"05/10/2014";"F";"AM";"AM";"AMAZONAS";"98353";"IRANDUBA";56;5;"Senador";20899;94;43;0;137;19504;0;1395;"N";19504;17956;17956;17956;0;0;0;0;0;0;0;0;0;441;1107;1107;0;0;"00:00:00";"05/10/2014"
"23/02/2022";"11:03:13";2014;2;"Eleição Ordinária";1;143;"Eleições Gerais 2014";"05/10/2014";"F";"AM";"AM";"AMAZONAS";"02232";"CAREIRO";23;5;"Senador";21450;66;6;0;72;15753;0;5697;"N";15753;14385;14385;14385;0;0;0;0;0;0;0;0;0;288;1080;1080;0;0;"00:00:00";"05/10/2014"
"23/02/2022";"11:03:13";2014;2;"Eleição Ordinária";1;143;"Eleições Gerais 2014";"05/10/2014";"F";"AM";"AM";"AMAZONAS";"02232";"CAREIRO";23;7;"Deputado Estadual";21450;66;6;0;72;15753;0;5697;"N";15753;13951;13951;13951;1185;0;0;0;0;0;0;0;0;227;390;390;0;0;"00:00:00";"23/05/2016"
"23/02/2022";"11:03:13";2014;2;"Eleição Ordinária";1;143;"Eleições Gerais 2014";"05/10/2014";"F";"AM";"AM";"AMAZONAS";"02003";"APUÍ";67;7;"Deputado Estadual";9485;31;11;0;42;6384;0;3101;"N";6384;5752;5752;5752;351;0;0;0;0;0;0;0;0;197;84;84;0;0;"00:00:00";"23/05/2016"
"23/02/2022";"11:03:13";2014;2;"Eleição Ordinária";2;144;"Eleições Gerais 2014";"26/10/2014";"F";"AM";"AM";"AMAZONAS";"02135";"BENJAMIN CONSTANT";20;3;"Governador";18891;62;4;0;66;14149;0;4742;"N";14149;13008;13008;13008;0;0;0;0;0;0;0;0;0;46;1095;1095;0;0;"00:00:00";"26/10/2014"
"23/02/2022";"11:03:13";2014;2;"Eleição Ordinária";1;143;"Eleições Gerais 2014";"05/10/2014";"F";"AM";"AM";"AMAZONAS";"02712";"PAUINI";44;5;"Senador";9146;26;2;0;28;5872;0;3274;"N";5872;5334;5334;5334;0;0;0;0;0;0;0;0;0;136;402;402;0;0;"00:00:00";"06/10/2014"
"23/02/2022";"11:03:13";2014;2;"Eleição Ordinária";1;143;"Eleições Gerais 2014";"05/10/2014";"F";"AM";"AM";"AMAZONAS";"02194";"CANUTAMA";13;6;"Deputado Federal";7171;24;2;0;26;4739;0;2432;"N";4739;4279;4279;4279;291;0;0;0;0;0;0;0;0;82;87;87;0;0;"00:00:00";"23/05/2016"
"23/02/2022";"11:03:13";2014;2;"Eleição Ordinária";1;143;"Eleições Gerais 2014";"05/10/2014";"F";"AM";"AM";"AMAZONAS";"02178";"BORBA";15;3;"Governador";18757;57;4;0;61;13654;0;5103;"N";13654;12635;12635;12635;0;0;0;0;0;0;0;0;0;74;945;945;0;0;"00:00:00";"05/10/2014"
"23/02/2022";"11:03:13";2014;2;"Eleição Ordinária";1;143;"Eleições Gerais 2014";"05/10/2014";"F";"AM";"AM";"AMAZONAS";"02399";"IPIXUNA";45;3;"Governador";9566;27;9;0;36;6157;0;3409;"N";6157;5583;5583;5583;0;0;0;0;0;0;0;0;0;48;526;526;0;0;"00:00:00";"05/10/2014"
"23/02/2022";"11:03:13";2014;2;"Eleição Ordinária";1;143;"Eleições Gerais 2014";"05/10/2014";"F";"AM";"AM";"AMAZONAS";"02216";"CARAUARI";21;3;"Governador";17731;63;4;0;67;11205;0;6526;"N";11205;10408;10408;10408;0;0;0;0;0;0;0;0;0;47;750;750;0;0;"00:00:00";"05/10/2014"
"23/02/2022";"11:03:13";2014;2;"Eleição Ordinária";1;143;"Eleições Gerais 2014";"05/10/2014";"F";"AM";"AM";"AMAZONAS";"02550";"MANAUS";65;6;"Deputado Federal";75642;184;7;0;191;64377;0;11265;"N";64377;55730;55730;55730;3134;0;0;0;0;0;0;0;0;3969;1544;1544;0;0;"00:00:00";"23/05/2016"
"23/02/2022";"11:03:13";2014;2;"Eleição Ordinária";1;143;"Eleições Gerais 2014";"05/10/2014";"F";"AM";"AM";"AMAZONAS";"02453";"JAPURÁ";48;6;"Deputado Federal";3815;12;1;0;13;2583;0;1232;"N";2583;2370;2370;2370;145;0;0;0;0;0;0;0;0;34;34;34;0;0;"00:00:00";"23/05/2016"
"23/02/2022";"11:03:13";2014;2;"Eleição Ordinária";1;143;"Eleições Gerais 2014";"05/10/2014";"F";"AM";"AM";"AMAZONAS";"02437";"ITAPIRANGA";24;6;"Deputado Federal";6666;21;0;0;21;5215;0;1451;"N";5215;4898;4898;4898;223;0;0;0;0;0;0;0;0;55;39;39;0;0;"00:00:00";"23/05/2016"
"23/02/2022";"11:03:13";2014;2;"Eleição Ordinária";1;143;"Eleições Gerais 2014";"05/10/2014";"F";"AM";"AM";"AMAZONAS";"98450";"SÃO SEBASTIÃO DO UATUMÃ";57;7;"Deputado Estadual";5494;16;1;0;17;4088;0;1406;"N";4088;3677;3677;3677;210;0;0;0;0;0;0;0;0;58;143;143;0;0;"00:00:00";"23/05/2016"
"23/02/2022";"11:03:13";2014;2;"Eleição Ordinária";2;144;"Eleições Gerais 2014";"26/10/2014";"F";"AM";"AM";"AMAZONAS";"02216";"CARAUARI";21;3;"Governador";17735;63;4;0;67;11507;0;6228;"N";11507;10802;10802;10802;0;0;0;0;0;0;0;0;0;28;677;677;0;0;"00:00:00";"26/10/2014"
"23/02/2022";"11:03:13";2014;2;"Eleição Ordinária";2;144;"Eleições Gerais 2014";"26/10/2014";"F";"AM";"AM";"AMAZONAS";"02836";"SÃO GABRIEL DA CACHOEIRA";19;3;"Governador";26782;84;5;0;89;17625;0;9157;"N";17625;16552;16552;16552;0;0;0;0;0;0;0;0;0;77;996;996;0;0;"00:00:00";"26/10/2014"
"23/02/2022";"11:03:13";2014;2;"Eleição Ordinária";1;143;"Eleições Gerais 2014";"05/10/2014";"F";"AM";"AM";"AMAZONAS";"02674";"NOVO ARIPUANÃ";29;6;"Deputado Federal";11384;38;2;0;40;7633;0;3751;"N";7633;6877;6877;6877;479;0;0;0;0;0;0;0;0;173;104;104;0;0;"00:00:00";"23/05/2016"
"23/02/2022";"11:03:13";2014;2;"Eleição Ordinária";1;143;"Eleições Gerais 2014";"05/10/2014";"F";"AM";"AM";"AMAZONAS";"98370";"ITAMARATI";69;5;"Senador";5997;19;2;0;21;4097;0;1900;"N";4097;3888;3888;3888;0;0;0;0;0;0;0;0;0;34;175;175;0;0;"00:00:00";"05/10/2014"
"23/02/2022";"11:03:13";2014;2;"Eleição Ordinária";1;143;"Eleições Gerais 2014";"05/10/2014";"F";"AM";"AM";"AMAZONAS";"02003";"APUÍ";67;3;"Governador";9485;31;11;0;42;6384;0;3101;"N";6384;5745;5745;5745;0;0;0;0;0;0;0;0;0;121;518;518;0;0;"00:00:00";"05/10/2014"
"23/02/2022";"11:03:13";2014;2;"Eleição Ordinária";2;144;"Eleições Gerais 2014";"26/10/2014";"F";"AM";"AM";"AMAZONAS";"98396";"MANAQUIRI";66;3;"Governador";12005;35;3;0;38;8216;0;3789;"N";8216;7677;7677;7677;0;0;0;0;0;0;0;0;0;19;520;520;0;0;"00:00:00";"26/10/2014"
"23/02/2022";"11:03:13";2014;2;"Eleição Ordinária";2;144;"Eleições Gerais 2014";"26/10/2014";"F";"AM";"AM";"AMAZONAS";"02739";"SANTO ANTÔNIO DO IÇÁ";47;3;"Governador";12057;35;1;0;36;8918;0;3139;"N";8918;8075;8075;8075;0;0;0;0;0;0;0;0;0;47;796;796;0;0;"00:00:00";"26/10/2014"
"23/02/2022";"11:03:13";2014;2;"Eleição Ordinária";2;144;"Eleições Gerais 2014";"26/10/2014";"F";"AM";"AM";"AMAZONAS";"02674";"NOVO ARIPUANÃ";29;3;"Governador";11384;38;2;0;40;7067;0;4317;"N";7067;6507;6507;6507;0;0;0;0;0;0;0;0;0;32;528;528;0;0;"00:00:00";"26/10/2014"
"23/02/2022";"11:03:13";2014;2;"Eleição Ordinária";1;143;"Eleições Gerais 2014";"05/10/2014";"F";"AM";"AM";"AMAZONAS";"02593";"MARAÃ";49;5;"Senador";8445;25;2;0;27;5514;0;2931;"N";5514;5159;5159;5159;0;0;0;0;0;0;0;0;0;62;293;293;0;0;"00:00:00";"05/10/2014"
"23/02/2022";"11:03:13";2014;2;"Eleição Ordinária";1;143;"Eleições Gerais 2014";"05/10/2014";"F";"AM";"AM";"AMAZONAS";"02356";"HUMAITÁ";17;3;"Governador";26562;79;18;0;97;19804;0;6758;"N";19804;18231;18231;18231;0;0;0;0;0;0;0;0;0;268;1305;1305;0;0;"00:00:00";"05/10/2014"
"23/02/2022";"11:03:13";2014;2;"Eleição Ordinária";1;143;"Eleições Gerais 2014";"05/10/2014";"F";"AM";"AM";"AMAZONAS";"02879";"URUCURITUBA";25;6;"Deputado Federal";11595;35;5;0;40;8480;0;3115;"N";8480;7779;7779;7779;478;0;0;0;0;0;0;0;0;147;76;76;0;0;"00:00:00";"23/05/2016"
"23/02/2022";"11:03:13";2014;2;"Eleição Ordinária";1;143;"Eleições Gerais 2014";"05/10/2014";"F";"AM";"AM";"AMAZONAS";"02836";"SÃO GABRIEL DA CACHOEIRA";19;5;"Senador";26780;84;5;0;89;18570;0;8210;"N";18570;17419;17419;17419;0;0;0;0;0;0;0;0;0;329;822;822;0;0;"00:00:00";"05/10/2014"
"23/02/2022";"11:03:13";2014;2;"Eleição Ordinária";2;144;"Eleições Gerais 2014";"26/10/2014";"F";"AM";"AM";"AMAZONAS";"02259";"COARI";8;3;"Governador";46097;139;10;0;149;31664;0;14433;"N";31664;29158;29158;29158;0;0;0;0;0;0;0;0;0;161;2345;2345;0;0;"00:00:00";"26/10/2014"
"23/02/2022";"11:03:13";2014;2;"Eleição Ordinária";2;144;"Eleições Gerais 2014";"26/10/2014";"F";"AM";"AM";"AMAZONAS";"98434";"RIO PRETO DA EVA";52;3;"Governador";11987;44;21;0;65;9789;0;2198;"N";9789;8963;8963;8963;0;0;0;0;0;0;0;0;0;67;759;759;0;0;"00:00:00";"26/10/2014"
"23/02/2022";"11:03:13";2014;2;"Eleição Ordinária";2;144;"Eleições Gerais 2014";"26/10/2014";"F";"AM";"AM";"AMAZONAS";"02810";"TEFÉ";9;3;"Governador";37434;118;9;0;127;26456;0;10978;"N";26456;24457;24457;24457;0;0;0;0;0;0;0;0;0;160;1839;1839;0;0;"00:00:00";"26/10/2014"
"23/02/2022";"11:03:13";2014;2;"Eleição Ordinária";1;143;"Eleições Gerais 2014";"05/10/2014";"F";"AM";"AM";"AMAZONAS";"02020";"GUAJARÁ";45;6;"Deputado Federal";8659;32;2;0;34;5316;0;3343;"N";5316;4642;4642;4642;428;0;0;0;0;0;0;0;0;154;92;92;0;0;"00:00:00";"23/05/2016"
"23/02/2022";"11:03:13";2014;2;"Eleição Ordinária";1;143;"Eleições Gerais 2014";"05/10/2014";"F";"AM";"AM";"AMAZONAS";"98477";"TABATINGA";36;6;"Deputado Federal";28416;77;2;0;79;21447;0;6969;"N";21447;18502;18502;18502;1793;0;0;0;0;0;0;0;0;692;460;460;0;0;"00:00:00";"23/05/2016"
"23/02/2022";"11:03:13";2014;2;"Eleição Ordinária";1;143;"Eleições Gerais 2014";"05/10/2014";"F";"AM";"AM";"AMAZONAS";"02593";"MARAÃ";49;7;"Deputado Estadual";8445;25;2;0;27;5514;0;2931;"N";5514;4901;4901;4901;412;0;0;0;0;0;0;0;0;43;158;158;0;0;"00:00:00";"23/05/2016"
"23/02/2022";"11:03:13";2014;2;"Eleição Ordinária";1;143;"Eleições Gerais 2014";"05/10/2014";"F";"AM";"AM";"AMAZONAS";"02550";"MANAUS";70;3;"Governador";126596;371;19;0;390;107445;0;19151;"N";107445;97989;97989;97989;0;0;0;0;0;0;0;0;0;3909;5547;5547;0;0;"00:00:00";"05/10/2014"
"23/02/2022";"11:03:13";2014;2;"Eleição Ordinária";1;143;"Eleições Gerais 2014";"05/10/2014";"F";"AM";"AM";"AMAZONAS";"02917";"AMATURÁ";22;5;"Senador";5112;19;3;0;22;4000;0;1112;"N";4000;3607;3607;3607;0;0;0;0;0;0;0;0;0;67;326;326;0;0;"00:00:00";"05/10/2014"
"23/02/2022";"11:03:13";2014;2;"Eleição Ordinária";1;143;"Eleições Gerais 2014";"05/10/2014";"F";"AM";"AM";"AMAZONAS";"02518";"LÁBREA";12;7;"Deputado Estadual";22260;70;4;0;74;14468;0;7792;"N";14468;13190;13190;13190;925;0;0;0;0;0;0;0;0;188;165;165;0;0;"00:00:00";"23/05/2016"
"23/02/2022";"11:03:13";2014;2;"Eleição Ordinária";1;143;"Eleições Gerais 2014";"05/10/2014";"F";"AM";"AM";"AMAZONAS";"02950";"BERURI";54;5;"Senador";10092;32;2;0;34;7785;0;2307;"N";7785;7278;7278;7278;0;0;0;0;0;0;0;0;0;66;441;441;0;0;"00:00:00";"05/10/2014"
"23/02/2022";"11:03:13";2014;2;"Eleição Ordinária";1;143;"Eleições Gerais 2014";"05/10/2014";"F";"AM";"AM";"AMAZONAS";"02178";"BORBA";15;6;"Deputado Federal";18757;57;4;0;61;13654;0;5103;"N";13654;12594;12594;12594;772;0;0;0;0;0;0;0;0;149;139;139;0;0;"00:00:00";"23/05/2016"
"23/02/2022";"11:03:13";2014;2;"Eleição Ordinária";2;144;"Eleições Gerais 2014";"26/10/2014";"F";"AM";"AM";"AMAZONAS";"02151";"BOCA DO ACRE";14;3;"Governador";18823;62;3;0;65;13372;0;5451;"N";13372;12116;12116;12116;0;0;0;0;0;0;0;0;0;105;1151;1151;0;0;"00:00:00";"26/10/2014"
"23/02/2022";"11:03:13";2014;2;"Eleição Ordinária";1;143;"Eleições Gerais 2014";"05/10/2014";"F";"AM";"AM";"AMAZONAS";"98434";"RIO PRETO DA EVA";52;5;"Senador";11987;44;21;0;65;10500;0;1487;"N";10500;9363;9363;9363;0;0;0;0;0;0;0;0;0;275;862;862;0;0;"00:00:00";"05/10/2014"
"23/02/2022";"11:03:13";2014;2;"Eleição Ordinária";1;143;"Eleições Gerais 2014";"05/10/2014";"F";"AM";"AM";"AMAZONAS";"02933";"ANAMÃ";53;6;"Deputado Federal";6734;21;0;0;21;4884;0;1850;"N";4884;4440;4440;4440;330;0;0;0;0;0;0;0;0;74;40;40;0;0;"00:00:00";"23/05/2016"
"23/02/2022";"11:03:13";2014;2;"Eleição Ordinária";1;143;"Eleições Gerais 2014";"05/10/2014";"F";"AM";"AM";"AMAZONAS";"02933";"ANAMÃ";53;3;"Governador";6734;21;0;0;21;4884;0;1850;"N";4884;4552;4552;4552;0;0;0;0;0;0;0;0;0;32;300;300;0;0;"00:00:00";"05/10/2014"
"23/02/2022";"11:03:13";2014;2;"Eleição Ordinária";1;143;"Eleições Gerais 2014";"05/10/2014";"F";"AM";"AM";"AMAZONAS";"02496";"JUTAÍ";41;7;"Deputado Estadual";10630;31;0;0;31;7231;0;3399;"N";7231;5546;5546;5546;639;0;0;0;0;0;0;0;0;71;975;975;0;0;"00:00:00";"23/05/2016"
"23/02/2022";"11:03:13";2014;2;"Eleição Ordinária";2;144;"Eleições Gerais 2014";"26/10/2014";"F";"AM";"AM";"AMAZONAS";"02054";"ATALAIA DO NORTE";42;3;"Governador";6919;25;8;0;33;4467;0;2452;"N";4467;4106;4106;4106;0;0;0;0;0;0;0;0;0;8;353;353;0;0;"00:00:00";"26/10/2014"
"23/02/2022";"11:03:13";2014;2;"Eleição Ordinária";1;143;"Eleições Gerais 2014";"05/10/2014";"F";"AM";"AM";"AMAZONAS";"02976";"BOA VISTA DO RAMOS";64;7;"Deputado Estadual";9572;28;2;0;30;6789;0;2783;"N";6789;6202;6202;6202;469;0;0;0;0;0;0;0;0;28;90;90;0;0;"00:00:00";"23/05/2016"
"23/02/2022";"11:03:13";2014;2;"Eleição Ordinária";1;143;"Eleições Gerais 2014";"05/10/2014";"F";"AM";"AM";"AMAZONAS";"02739";"SANTO ANTÔNIO DO IÇÁ";47;7;"Deputado Estadual";12055;35;1;0;36;8981;0;3074;"N";8981;7794;7794;7794;850;0;0;0;0;0;0;0;0;136;201;201;0;0;"00:00:00";"23/05/2016"
"23/02/2022";"11:03:13";2014;2;"Eleição Ordinária";1;143;"Eleições Gerais 2014";"05/10/2014";"F";"AM";"AM";"AMAZONAS";"02550";"MANAUS";37;5;"Senador";90319;238;4;0;242;77679;0;12640;"N";77679;67311;67311;67311;0;0;0;0;0;0;0;0;0;5136;5232;5232;0;0;"00:00:00";"05/10/2014"
"23/02/2022";"11:03:13";2014;2;"Eleição Ordinária";1;143;"Eleições Gerais 2014";"05/10/2014";"F";"AM";"AM";"AMAZONAS";"98434";"RIO PRETO DA EVA";52;6;"Deputado Federal";11987;44;21;0;65;10500;0;1487;"N";10500;9128;9128;9128;578;0;0;0;0;0;0;0;0;319;475;475;0;0;"00:00:00";"23/05/2016"
"23/02/2022";"11:03:13";2014;2;"Eleição Ordinária";1;143;"Eleições Gerais 2014";"05/10/2014";"F";"AM";"AM";"AMAZONAS";"98418";"PRESIDENTE FIGUEIREDO";51;3;"Governador";16729;69;21;0;90;14384;0;2345;"N";14384;13204;13204;13204;0;0;0;0;0;0;0;0;0;240;940;940;0;0;"00:00:00";"05/10/2014"
"23/02/2022";"11:03:13";2014;2;"Eleição Ordinária";1;143;"Eleições Gerais 2014";"05/10/2014";"F";"AM";"AM";"AMAZONAS";"98353";"IRANDUBA";56;7;"Deputado Estadual";20899;94;43;0;137;19504;0;1395;"N";19504;17482;17482;17482;1212;0;0;0;0;0;0;0;0;330;480;480;0;0;"00:00:00";"23/05/2016"
"23/02/2022";"11:03:13";2014;2;"Eleição Ordinária";1;143;"Eleições Gerais 2014";"05/10/2014";"F";"AM";"AM";"AMAZONAS";"02151";"BOCA DO ACRE";14;7;"Deputado Estadual";18823;62;3;0;65;13630;0;5193;"N";13630;11901;11901;11901;1024;0;0;0;0;0;0;0;0;318;387;387;0;0;"00:00:00";"23/05/2016"
"23/02/2022";"11:03:13";2014;2;"Eleição Ordinária";2;144;"Eleições Gerais 2014";"26/10/2014";"F";"AM";"AM";"AMAZONAS";"02852";"URUCARÁ";27;3;"Governador";10816;31;2;0;33;7772;0;3044;"N";7772;7404;7404;7404;0;0;0;0;0;0;0;0;0;29;339;339;0;0;"00:00:00";"26/10/2014"
"23/02/2022";"11:03:13";2014;2;"Eleição Ordinária";1;143;"Eleições Gerais 2014";"05/10/2014";"F";"AM";"AM";"AMAZONAS";"02038";"ANORI";33;3;"Governador";9328;26;0;0;26;6798;0;2530;"N";6798;6345;6345;6345;0;0;0;0;0;0;0;0;0;43;410;410;0;0;"00:00:00";"05/10/2014"
"23/02/2022";"11:03:13";2014;2;"Eleição Ordinária";2;144;"Eleições Gerais 2014";"26/10/2014";"F";"AM";"AM";"AMAZONAS";"02232";"CAREIRO";23;3;"Governador";21450;66;6;0;72;14204;0;7246;"N";14204;13049;13049;13049;0;0;0;0;0;0;0;0;0;60;1095;1095;0;0;"00:00:00";"26/10/2014"
"23/02/2022";"11:03:13";2014;2;"Eleição Ordinária";1;143;"Eleições Gerais 2014";"05/10/2014";"F";"AM";"AM";"AMAZONAS";"02550";"MANAUS";65;5;"Senador";75642;184;7;0;191;64377;0;11265;"N";64377;56860;56860;56860;0;0;0;0;0;0;0;0;0;3789;3728;3728;0;0;"00:00:00";"05/10/2014"
"23/02/2022";"11:03:13";2014;2;"Eleição Ordinária";1;143;"Eleições Gerais 2014";"05/10/2014";"F";"AM";"AM";"AMAZONAS";"02798";"TAPAUÁ";38;5;"Senador";11880;35;2;0;37;7826;0;4054;"N";7826;7145;7145;7145;0;0;0;0;0;0;0;0;0;119;562;562;0;0;"00:00:00";"05/10/2014"
"23/02/2022";"11:03:13";2014;2;"Eleição Ordinária";1;143;"Eleições Gerais 2014";"05/10/2014";"F";"AM";"AM";"AMAZONAS";"02119";"BARREIRINHA";26;5;"Senador";16916;50;3;0;53;12403;0;4513;"N";12403;11450;11450;11450;0;0;0;0;0;0;0;0;0;231;722;722;0;0;"00:00:00";"05/10/2014"
"23/02/2022";"11:03:13";2014;2;"Eleição Ordinária";1;143;"Eleições Gerais 2014";"05/10/2014";"F";"AM";"AM";"AMAZONAS";"02950";"BERURI";54;6;"Deputado Federal";10092;32;2;0;34;7785;0;2307;"N";7785;7171;7171;7171;468;0;0;0;0;0;0;0;0;61;85;85;0;0;"00:00:00";"23/05/2016"
"23/02/2022";"11:03:13";2014;2;"Eleição Ordinária";1;143;"Eleições Gerais 2014";"05/10/2014";"F";"AM";"AM";"AMAZONAS";"02550";"MANAUS";1;3;"Governador";123570;321;9;0;330;104575;0;18995;"N";104575;95976;95976;95976;0;0;0;0;0;0;0;0;0;3038;5561;5561;0;0;"00:00:00";"05/10/2014"
"23/02/2022";"11:03:13";2014;2;"Eleição Ordinária";1;143;"Eleições Gerais 2014";"05/10/2014";"F";"AM";"AM";"AMAZONAS";"02291";"EIRUNEPÉ";11;6;"Deputado Federal";20280;60;4;0;64;12350;0;7930;"N";12350;10550;10550;10550;1098;0;0;0;0;0;0;0;0;462;240;240;0;0;"00:00:00";"23/05/2016"
"23/02/2022";"11:03:13";2014;2;"Eleição Ordinária";1;143;"Eleições Gerais 2014";"05/10/2014";"F";"AM";"AM";"AMAZONAS";"02330";"FONTE BOA";10;3;"Governador";13463;38;5;0;43;9662;0;3801;"N";9662;8914;8914;8914;0;0;0;0;0;0;0;0;0;37;711;711;0;0;"00:00:00";"05/10/2014"
"23/02/2022";"11:03:13";2014;2;"Eleição Ordinária";1;143;"Eleições Gerais 2014";"05/10/2014";"F";"AM";"AM";"AMAZONAS";"02372";"SANTA ISABEL DO RIO NEGRO";30;5;"Senador";6863;18;0;0;18;4107;0;2756;"N";4107;3719;3719;3719;0;0;0;0;0;0;0;0;0;62;326;326;0;0;"00:00:00";"05/10/2014"
"23/02/2022";"11:03:13";2014;2;"Eleição Ordinária";1;143;"Eleições Gerais 2014";"05/10/2014";"F";"AM";"AM";"AMAZONAS";"02550";"MANAUS";70;6;"Deputado Federal";126596;371;19;0;390;107445;0;19151;"N";107445;91719;91719;91719;5082;0;0;0;0;0;0;0;0;7904;2740;2740;0;0;"00:00:00";"23/05/2016"
"23/02/2022";"11:03:13";2014;2;"Eleição Ordinária";1;143;"Eleições Gerais 2014";"05/10/2014";"F";"AM";"AM";"AMAZONAS";"02135";"BENJAMIN CONSTANT";20;5;"Senador";18891;62;4;0;66;14467;0;4424;"N";14467;13283;13283;13283;0;0;0;0;0;0;0;0;0;312;872;872;0;0;"00:00:00";"05/10/2014"
"23/02/2022";"11:03:13";2014;2;"Eleição Ordinária";1;143;"Eleições Gerais 2014";"05/10/2014";"F";"AM";"AM";"AMAZONAS";"02550";"MANAUS";31;3;"Governador";73275;220;5;0;225;62736;0;10539;"N";62736;56914;56914;56914;0;0;0;0;0;0;0;0;0;1923;3899;3899;0;0;"00:00:00";"05/10/2014"
"23/02/2022";"11:03:13";2014;2;"Eleição Ordinária";1;143;"Eleições Gerais 2014";"05/10/2014";"F";"AM";"AM";"AMAZONAS";"02313";"ENVIRA";46;5;"Senador";10492;33;1;0;34;6769;0;3723;"N";6769;6231;6231;6231;0;0;0;0;0;0;0;0;0;74;464;464;0;0;"00:00:00";"05/10/2014"
"23/02/2022";"11:03:13";2014;2;"Eleição Ordinária";1;143;"Eleições Gerais 2014";"05/10/2014";"F";"AM";"AM";"AMAZONAS";"02356";"HUMAITÁ";17;7;"Deputado Estadual";26562;79;18;0;97;19804;0;6758;"N";19804;17487;17487;17487;1244;0;0;0;0;0;0;0;0;624;449;449;0;0;"00:00:00";"23/05/2016"
"23/02/2022";"11:03:13";2014;2;"Eleição Ordinária";1;143;"Eleições Gerais 2014";"05/10/2014";"F";"AM";"AM";"AMAZONAS";"98370";"ITAMARATI";69;6;"Deputado Federal";5997;19;2;0;21;4097;0;1900;"N";4097;3837;3837;3837;207;0;0;0;0;0;0;0;0;31;22;22;0;0;"00:00:00";"23/05/2016"
"23/02/2022";"11:03:13";2014;2;"Eleição Ordinária";1;143;"Eleições Gerais 2014";"05/10/2014";"F";"AM";"AM";"AMAZONAS";"02135";"BENJAMIN CONSTANT";20;3;"Governador";18891;62;4;0;66;14467;0;4424;"N";14467;13445;13445;13445;0;0;0;0;0;0;0;0;0;94;928;928;0;0;"00:00:00";"05/10/2014"
"23/02/2022";"11:03:13";2014;2;"Eleição Ordinária";1;143;"Eleições Gerais 2014";"05/10/2014";"F";"AM";"AM";"AMAZONAS";"02259";"COARI";8;7;"Deputado Estadual";46097;139;10;0;149;32301;0;13796;"N";32301;29115;29115;29115;2175;0;0;0;0;0;0;0;0;577;434;434;0;0;"00:00:00";"23/05/2016"
"23/02/2022";"11:03:13";2014;2;"Eleição Ordinária";1;143;"Eleições Gerais 2014";"05/10/2014";"F";"AM";"AM";"AMAZONAS";"02550";"MANAUS";63;3;"Governador";68571;172;5;0;177;58921;0;9650;"N";58921;53543;53543;53543;0;0;0;0;0;0;0;0;0;1968;3410;3410;0;0;"00:00:00";"05/10/2014"
"23/02/2022";"11:03:13";2014;2;"Eleição Ordinária";1;143;"Eleições Gerais 2014";"05/10/2014";"F";"AM";"AM";"AMAZONAS";"02550";"MANAUS";32;5;"Senador";70633;204;6;0;210;60453;0;10180;"N";60453;52368;52368;52368;0;0;0;0;0;0;0;0;0;4016;4069;4069;0;0;"00:00:00";"05/10/2014"
"23/02/2022";"11:03:13";2014;2;"Eleição Ordinária";2;144;"Eleições Gerais 2014";"26/10/2014";"F";"AM";"AM";"AMAZONAS";"02003";"APUÍ";67;3;"Governador";9479;31;11;0;42;6155;0;3324;"N";6155;5591;5591;5591;0;0;0;0;0;0;0;0;0;68;496;496;0;0;"00:00:00";"26/10/2014"
"23/02/2022";"11:03:13";2014;2;"Eleição Ordinária";1;143;"Eleições Gerais 2014";"05/10/2014";"F";"AM";"AM";"AMAZONAS";"98450";"SÃO SEBASTIÃO DO UATUMÃ";57;5;"Senador";5494;16;1;0;17;4088;0;1406;"N";4088;3828;3828;3828;0;0;0;0;0;0;0;0;0;84;176;176;0;0;"00:00:00";"05/10/2014"
"23/02/2022";"11:03:13";2014;2;"Eleição Ordinária";1;143;"Eleições Gerais 2014";"05/10/2014";"F";"AM";"AM";"AMAZONAS";"02836";"SÃO GABRIEL DA CACHOEIRA";19;3;"Governador";26780;84;5;0;89;18570;0;8210;"N";18570;17514;17514;17514;0;0;0;0;0;0;0;0;0;148;908;908;0;0;"00:00:00";"05/10/2014"
"23/02/2022";"11:03:13";2014;2;"Eleição Ordinária";1;143;"Eleições Gerais 2014";"05/10/2014";"F";"AM";"AM";"AMAZONAS";"02550";"MANAUS";31;6;"Deputado Federal";73275;220;5;0;225;62736;0;10539;"N";62736;53276;53276;53276;3280;0;0;0;0;0;0;0;0;3990;2190;2190;0;0;"00:00:00";"23/05/2016"
"23/02/2022";"11:03:13";2014;2;"Eleição Ordinária";1;143;"Eleições Gerais 2014";"05/10/2014";"F";"AM";"AM";"AMAZONAS";"02011";"NOVO AIRÃO";34;7;"Deputado Estadual";7676;27;1;0;28;6544;0;1132;"N";6544;5869;5869;5869;467;0;0;0;0;0;0;0;0;105;103;103;0;0;"00:00:00";"23/05/2016"
"23/02/2022";"11:03:13";2014;2;"Eleição Ordinária";1;143;"Eleições Gerais 2014";"05/10/2014";"F";"AM";"AM";"AMAZONAS";"02178";"BORBA";15;7;"Deputado Estadual";18757;57;4;0;61;13654;0;5103;"N";13654;12467;12467;12467;891;0;0;0;0;0;0;0;0;135;161;161;0;0;"00:00:00";"23/05/2016"
"23/02/2022";"11:03:13";2014;2;"Eleição Ordinária";2;144;"Eleições Gerais 2014";"26/10/2014";"F";"AM";"AM";"AMAZONAS";"02550";"MANAUS";62;3;"Governador";88803;232;7;0;239;73012;0;15791;"N";73012;65839;65839;65839;0;0;0;0;0;0;0;0;0;1555;5618;5618;0;0;"00:00:00";"26/10/2014"
"23/02/2022";"11:03:13";2014;2;"Eleição Ordinária";2;144;"Eleições Gerais 2014";"26/10/2014";"F";"AM";"AM";"AMAZONAS";"98515";"TONANTINS";47;3;"Governador";8268;24;2;0;26;6050;0;2218;"N";6050;5720;5720;5720;0;0;0;0;0;0;0;0;0;8;322;322;0;0;"00:00:00";"26/10/2014"
"23/02/2022";"11:03:13";2014;2;"Eleição Ordinária";1;143;"Eleições Gerais 2014";"05/10/2014";"F";"AM";"AM";"AMAZONAS";"02020";"GUAJARÁ";45;5;"Senador";8659;32;2;0;34;5316;0;3343;"N";5316;4768;4768;4768;0;0;0;0;0;0;0;0;0;171;377;377;0;0;"00:00:00";"06/10/2014"
"23/02/2022";"11:03:13";2014;2;"Eleição Ordinária";1;143;"Eleições Gerais 2014";"05/10/2014";"F";"AM";"AM";"AMAZONAS";"98418";"PRESIDENTE FIGUEIREDO";51;7;"Deputado Estadual";16729;69;21;0;90;14384;0;2345;"N";14384;12776;12776;12776;944;0;0;0;0;0;0;0;0;410;254;254;0;0;"00:00:00";"23/05/2016"
"23/02/2022";"11:03:13";2014;2;"Eleição Ordinária";1;143;"Eleições Gerais 2014";"05/10/2014";"F";"AM";"AM";"AMAZONAS";"02895";"ALVARÃES";60;5;"Senador";9057;25;0;0;25;6630;0;2427;"N";6630;6205;6205;6205;0;0;0;0;0;0;0;0;0;69;356;356;0;0;"00:00:00";"05/10/2014"
"23/02/2022";"11:03:13";2014;2;"Eleição Ordinária";1;143;"Eleições Gerais 2014";"05/10/2014";"F";"AM";"AM";"AMAZONAS";"02631";"NHAMUNDÁ";43;5;"Senador";12139;41;4;0;45;8762;0;3377;"N";8762;8287;8287;8287;0;0;0;0;0;0;0;0;0;123;352;352;0;0;"00:00:00";"05/10/2014"
"23/02/2022";"11:03:13";2014;2;"Eleição Ordinária";1;143;"Eleições Gerais 2014";"05/10/2014";"F";"AM";"AM";"AMAZONAS";"02550";"MANAUS";62;6;"Deputado Federal";88795;232;7;0;239;75796;0;12999;"N";75796;64531;64531;64531;3696;0;0;0;0;0;0;0;0;5328;2241;2241;0;0;"00:00:00";"23/05/2016"
"23/02/2022";"11:03:13";2014;2;"Eleição Ordinária";1;143;"Eleições Gerais 2014";"05/10/2014";"F";"AM";"AM";"AMAZONAS";"02631";"NHAMUNDÁ";43;3;"Governador";12139;41;4;0;45;8762;0;3377;"N";8762;8320;8320;8320;0;0;0;0;0;0;0;0;0;44;398;398;0;0;"00:00:00";"05/10/2014"
"23/02/2022";"11:03:13";2014;2;"Eleição Ordinária";1;143;"Eleições Gerais 2014";"05/10/2014";"F";"AM";"AM";"AMAZONAS";"02070";"AUTAZES";35;6;"Deputado Federal";22305;70;6;0;76;16639;0;5666;"N";16639;15212;15212;15212;953;0;0;0;0;0;0;0;0;263;211;211;0;0;"00:00:00";"23/05/2016"
"23/02/2022";"11:03:13";2014;2;"Eleição Ordinária";1;143;"Eleições Gerais 2014";"05/10/2014";"F";"AM";"AM";"AMAZONAS";"98493";"UARINI";9;5;"Senador";6997;21;5;0;26;5209;0;1788;"N";5209;4866;4866;4866;0;0;0;0;0;0;0;0;0;53;290;290;0;0;"00:00:00";"05/10/2014"
"23/02/2022";"11:03:13";2014;2;"Eleição Ordinária";1;143;"Eleições Gerais 2014";"05/10/2014";"F";"AM";"AM";"AMAZONAS";"02313";"ENVIRA";46;6;"Deputado Federal";10492;33;1;0;34;6769;0;3723;"N";6769;6072;6072;6072;501;0;0;0;0;0;0;0;0;74;122;122;0;0;"00:00:00";"23/05/2016"
"23/02/2022";"11:03:13";2014;2;"Eleição Ordinária";1;143;"Eleições Gerais 2014";"05/10/2014";"F";"AM";"AM";"AMAZONAS";"02771";"SILVES";39;5;"Senador";6462;20;3;0;23;5098;0;1364;"N";5098;4721;4721;4721;0;0;0;0;0;0;0;0;0;137;240;240;0;0;"00:00:00";"05/10/2014"
"23/02/2022";"11:03:13";2014;2;"Eleição Ordinária";1;143;"Eleições Gerais 2014";"05/10/2014";"F";"AM";"AM";"AMAZONAS";"02577";"MANICORÉ";16;3;"Governador";25437;87;11;0;98;18167;0;7270;"N";18167;16904;16904;16904;0;0;0;0;0;0;0;0;0;93;1170;1170;0;0;"00:00:00";"05/10/2014"
"23/02/2022";"11:03:13";2014;2;"Eleição Ordinária";2;144;"Eleições Gerais 2014";"26/10/2014";"F";"AM";"AM";"AMAZONAS";"02550";"MANAUS";65;3;"Governador";75643;184;7;0;191;61998;0;13645;"N";61998;55994;55994;55994;0;0;0;0;0;0;0;0;0;1197;4807;4807;0;0;"00:00:00";"26/10/2014"
"23/02/2022";"11:03:13";2014;2;"Eleição Ordinária";2;144;"Eleições Gerais 2014";"26/10/2014";"F";"AM";"AM";"AMAZONAS";"02992";"CAAPIRANGA";55;3;"Governador";7237;21;0;0;21;4829;0;2408;"N";4829;4505;4505;4505;0;0;0;0;0;0;0;0;0;30;294;294;0;0;"00:00:00";"26/10/2014"
"23/02/2022";"11:03:13";2014;2;"Eleição Ordinária";2;144;"Eleições Gerais 2014";"26/10/2014";"F";"AM";"AM";"AMAZONAS";"02690";"PARINTINS";4;3;"Governador";64211;210;7;0;217;43957;0;20254;"N";43957;41208;41208;41208;0;0;0;0;0;0;0;0;0;336;2413;2413;0;0;"00:00:00";"26/10/2014"
"23/02/2022";"11:03:13";2014;2;"Eleição Ordinária";1;143;"Eleições Gerais 2014";"05/10/2014";"F";"AM";"AM";"AMAZONAS";"02550";"MANAUS";68;3;"Governador";151299;441;13;0;454;128720;0;22579;"N";128720;116691;116691;116691;0;0;0;0;0;0;0;0;0;4673;7356;7356;0;0;"00:00:00";"05/10/2014"
"23/02/2022";"11:03:13";2014;2;"Eleição Ordinária";1;143;"Eleições Gerais 2014";"05/10/2014";"F";"AM";"AM";"AMAZONAS";"02933";"ANAMÃ";53;5;"Senador";6734;21;0;0;21;4884;0;1850;"N";4884;4529;4529;4529;0;0;0;0;0;0;0;0;0;81;274;274;0;0;"00:00:00";"05/10/2014"
"23/02/2022";"11:03:13";2014;2;"Eleição Ordinária";2;144;"Eleições Gerais 2014";"26/10/2014";"F";"AM";"AM";"AMAZONAS";"02550";"MANAUS";70;3;"Governador";126596;371;19;0;390;103125;0;23471;"N";103125;92723;92723;92723;0;0;0;0;0;0;0;0;0;2510;7892;7892;0;0;"00:00:00";"26/10/2014"
"23/02/2022";"11:03:13";2014;2;"Eleição Ordinária";1;143;"Eleições Gerais 2014";"05/10/2014";"F";"AM";"AM";"AMAZONAS";"02054";"ATALAIA DO NORTE";42;3;"Governador";6919;25;8;0;33;4735;0;2184;"N";4735;4424;4424;4424;0;0;0;0;0;0;0;0;0;9;302;302;0;0;"00:00:00";"05/10/2014"
"23/02/2022";"11:03:13";2014;2;"Eleição Ordinária";1;143;"Eleições Gerais 2014";"05/10/2014";"F";"AM";"AM";"AMAZONAS";"02550";"MANAUS";63;5;"Senador";68571;172;5;0;177;58921;0;9650;"N";58921;51124;51124;51124;0;0;0;0;0;0;0;0;0;3869;3928;3928;0;0;"00:00:00";"05/10/2014"
"23/02/2022";"11:03:13";2014;2;"Eleição Ordinária";1;143;"Eleições Gerais 2014";"05/10/2014";"F";"AM";"AM";"AMAZONAS";"02550";"MANAUS";62;7;"Deputado Estadual";88795;232;7;0;239;75796;0;12999;"N";75796;64796;64796;64796;4136;0;0;0;0;0;0;0;0;4120;2744;2744;0;0;"00:00:00";"23/05/2016"
"23/02/2022";"11:03:13";2014;2;"Eleição Ordinária";1;143;"Eleições Gerais 2014";"05/10/2014";"F";"AM";"AM";"AMAZONAS";"02550";"MANAUS";2;5;"Senador";63303;198;14;0;212;53307;0;9996;"N";53307;45819;45819;45819;0;0;0;0;0;0;0;0;0;3474;4014;4014;0;0;"00:00:00";"05/10/2014"
"23/02/2022";"11:03:13";2014;2;"Eleição Ordinária";1;143;"Eleições Gerais 2014";"05/10/2014";"F";"AM";"AM";"AMAZONAS";"02550";"MANAUS";1;7;"Deputado Estadual";123570;321;9;0;330;104575;0;18995;"N";104575;89819;89819;89819;5301;0;0;0;0;0;0;0;0;4957;4498;4498;0;0;"00:00:00";"23/05/2016"
"23/02/2022";"11:03:13";2014;2;"Eleição Ordinária";1;143;"Eleições Gerais 2014";"05/10/2014";"F";"AM";"AM";"AMAZONAS";"02992";"CAAPIRANGA";55;3;"Governador";7237;21;0;0;21;5327;0;1910;"N";5327;4950;4950;4950;0;0;0;0;0;0;0;0;0;45;332;332;0;0;"00:00:00";"05/10/2014"
"23/02/2022";"11:03:13";2014;2;"Eleição Ordinária";1;143;"Eleições Gerais 2014";"05/10/2014";"F";"AM";"AM";"AMAZONAS";"02020";"GUAJARÁ";45;3;"Governador";8659;32;2;0;34;5316;0;3343;"N";5316;4702;4702;4702;0;0;0;0;0;0;0;0;0;71;543;543;0;0;"00:00:00";"06/10/2014"
"23/02/2022";"11:03:13";2014;2;"Eleição Ordinária";1;143;"Eleições Gerais 2014";"05/10/2014";"F";"AM";"AM";"AMAZONAS";"98370";"ITAMARATI";69;3;"Governador";5997;19;2;0;21;4097;0;1900;"N";4097;3843;3843;3843;0;0;0;0;0;0;0;0;0;19;235;235;0;0;"00:00:00";"05/10/2014"
"23/02/2022";"11:03:13";2014;2;"Eleição Ordinária";2;144;"Eleições Gerais 2014";"26/10/2014";"F";"AM";"AM";"AMAZONAS";"02550";"MANAUS";58;3;"Governador";108632;279;1;0;280;90859;0;17773;"N";90859;81634;81634;81634;0;0;0;0;0;0;0;0;0;2208;7017;7017;0;0;"00:00:00";"26/10/2014"
"23/02/2022";"11:03:13";2014;2;"Eleição Ordinária";2;144;"Eleições Gerais 2014";"26/10/2014";"F";"AM";"AM";"AMAZONAS";"02534";"MANACAPURU";6;3;"Governador";52230;199;8;0;207;43115;0;9115;"N";43115;39775;39775;39775;0;0;0;0;0;0;0;0;0;235;3105;3105;0;0;"00:00:00";"26/10/2014"
"23/02/2022";"11:03:13";2014;2;"Eleição Ordinária";2;144;"Eleições Gerais 2014";"26/10/2014";"F";"AM";"AM";"AMAZONAS";"02550";"MANAUS";2;3;"Governador";63304;198;14;0;212;52006;0;11298;"N";52006;47202;47202;47202;0;0;0;0;0;0;0;0;0;1061;3743;3743;0;0;"00:00:00";"26/10/2014"
"23/02/2022";"11:03:13";2014;2;"Eleição Ordinária";2;144;"Eleições Gerais 2014";"26/10/2014";"F";"AM";"AM";"AMAZONAS";"02291";"EIRUNEPÉ";11;3;"Governador";20282;60;4;0;64;11970;0;8312;"N";11970;10837;10837;10837;0;0;0;0;0;0;0;0;0;87;1046;1046;0;0;"00:00:00";"26/10/2014"
"23/02/2022";"11:03:13";2014;2;"Eleição Ordinária";2;144;"Eleições Gerais 2014";"26/10/2014";"F";"AM";"AM";"AMAZONAS";"02097";"BARCELOS";18;3;"Governador";9227;26;1;0;27;5306;0;3921;"N";5306;4848;4848;4848;0;0;0;0;0;0;0;0;0;40;418;418;0;0;"00:00:00";"26/10/2014"
"23/02/2022";"11:03:13";2014;2;"Eleição Ordinária";2;144;"Eleições Gerais 2014";"26/10/2014";"F";"AM";"AM";"AMAZONAS";"02356";"HUMAITÁ";17;3;"Governador";26562;79;18;0;97;18782;0;7780;"N";18782;17386;17386;17386;0;0;0;0;0;0;0;0;0;116;1280;1280;0;0;"00:00:00";"26/10/2014"
"23/02/2022";"11:03:13";2014;2;"Eleição Ordinária";1;143;"Eleições Gerais 2014";"05/10/2014";"F";"AM";"AM";"AMAZONAS";"98493";"UARINI";9;3;"Governador";6997;21;5;0;26;5209;0;1788;"N";5209;4857;4857;4857;0;0;0;0;0;0;0;0;0;23;329;329;0;0;"00:00:00";"05/10/2014"
"23/02/2022";"11:03:13";2014;2;"Eleição Ordinária";1;143;"Eleições Gerais 2014";"05/10/2014";"F";"AM";"AM";"AMAZONAS";"98515";"TONANTINS";47;5;"Senador";8268;24;2;0;26;6070;0;2198;"N";6070;5547;5547;5547;0;0;0;0;0;0;0;0;0;96;427;427;0;0;"00:00:00";"05/10/2014"
"23/02/2022";"11:03:13";2014;2;"Eleição Ordinária";1;143;"Eleições Gerais 2014";"05/10/2014";"F";"AM";"AM";"AMAZONAS";"02410";"ITACOATIARA";3;6;"Deputado Federal";55262;199;21;0;220;48583;0;6679;"N";48583;44189;44189;44189;2588;0;0;0;0;0;0;0;0;1300;506;506;0;0;"00:00:00";"23/05/2016"
"23/02/2022";"11:03:13";2014;2;"Eleição Ordinária";1;143;"Eleições Gerais 2014";"05/10/2014";"F";"AM";"AM";"AMAZONAS";"02232";"CAREIRO";23;3;"Governador";21450;66;6;0;72;15753;0;5697;"N";15753;14304;14304;14304;0;0;0;0;0;0;0;0;0;172;1277;1277;0;0;"00:00:00";"05/10/2014"
"23/02/2022";"11:03:13";2014;2;"Eleição Ordinária";1;143;"Eleições Gerais 2014";"05/10/2014";"F";"AM";"AM";"AMAZONAS";"02577";"MANICORÉ";16;7;"Deputado Estadual";25437;87;11;0;98;18167;0;7270;"N";18167;16694;16694;16694;1107;0;0;0;0;0;0;0;0;213;153;153;0;0;"00:00:00";"23/05/2016"
"23/02/2022";"11:03:13";2014;2;"Eleição Ordinária";1;143;"Eleições Gerais 2014";"05/10/2014";"F";"AM";"AM";"AMAZONAS";"02917";"AMATURÁ";22;6;"Deputado Federal";5112;19;3;0;22;4000;0;1112;"N";4000;3499;3499;3499;365;0;0;0;0;0;0;0;0;60;76;76;0;0;"00:00:00";"23/05/2016"
"23/02/2022";"11:03:13";2014;2;"Eleição Ordinária";1;143;"Eleições Gerais 2014";"05/10/2014";"F";"AM";"AM";"AMAZONAS";"02550";"MANAUS";58;6;"Deputado Federal";108627;279;1;0;280;93812;0;14815;"N";93812;79378;79378;79378;4085;0;0;0;0;0;0;0;0;7066;3283;3283;0;0;"00:00:00";"23/05/2016"
"23/02/2022";"11:03:13";2014;2;"Eleição Ordinária";1;143;"Eleições Gerais 2014";"05/10/2014";"F";"AM";"AM";"AMAZONAS";"02550";"MANAUS";63;7;"Deputado Estadual";68571;172;5;0;177;58921;0;9650;"N";58921;50402;50402;50402;3153;0;0;0;0;0;0;0;0;3033;2333;2333;0;0;"00:00:00";"23/05/2016"
"23/02/2022";"11:03:13";2014;2;"Eleição Ordinária";1;143;"Eleições Gerais 2014";"05/10/2014";"F";"AM";"AM";"AMAZONAS";"02518";"LÁBREA";12;3;"Governador";22260;70;4;0;74;14468;0;7792;"N";14468;13149;13149;13149;0;0;0;0;0;0;0;0;0;111;1208;1208;0;0;"00:00:00";"05/10/2014"
"23/02/2022";"11:03:13";2014;2;"Eleição Ordinária";1;143;"Eleições Gerais 2014";"05/10/2014";"F";"AM";"AM";"AMAZONAS";"02399";"IPIXUNA";45;6;"Deputado Federal";9566;27;9;0;36;6157;0;3409;"N";6157;5520;5520;5520;454;0;0;0;0;0;0;0;0;106;77;77;0;0;"00:00:00";"23/05/2016"
"23/02/2022";"11:03:13";2014;2;"Eleição Ordinária";1;143;"Eleições Gerais 2014";"05/10/2014";"F";"AM";"AM";"AMAZONAS";"02836";"SÃO GABRIEL DA CACHOEIRA";19;7;"Deputado Estadual";26780;84;5;0;89;18570;0;8210;"N";18570;15742;15742;15742;1395;0;0;0;0;0;0;0;0;347;1086;1086;0;0;"00:00:00";"23/05/2016"
"23/02/2022";"11:03:13";2014;2;"Eleição Ordinária";1;143;"Eleições Gerais 2014";"05/10/2014";"F";"AM";"AM";"AMAZONAS";"02739";"SANTO ANTÔNIO DO IÇÁ";47;6;"Deputado Federal";12055;35;1;0;36;8981;0;3074;"N";8981;7862;7862;7862;762;0;0;0;0;0;0;0;0;205;152;152;0;0;"00:00:00";"23/05/2016"
"23/02/2022";"11:03:13";2014;2;"Eleição Ordinária";1;143;"Eleições Gerais 2014";"05/10/2014";"F";"AM";"AM";"AMAZONAS";"02674";"NOVO ARIPUANÃ";29;7;"Deputado Estadual";11384;38;2;0;40;7633;0;3751;"N";7633;6818;6818;6818;562;0;0;0;0;0;0;0;0;146;107;107;0;0;"00:00:00";"23/05/2016"
"23/02/2022";"11:03:13";2014;2;"Eleição Ordinária";1;143;"Eleições Gerais 2014";"05/10/2014";"F";"AM";"AM";"AMAZONAS";"02755";"SÃO PAULO DE OLIVENÇA";22;7;"Deputado Estadual";14756;44;4;0;48;11780;0;2976;"N";11780;10085;10085;10085;1134;0;0;0;0;0;0;0;0;158;403;403;0;0;"00:00:00";"23/05/2016"
"23/02/2022";"11:03:13";2014;2;"Eleição Ordinária";1;143;"Eleições Gerais 2014";"05/10/2014";"F";"AM";"AM";"AMAZONAS";"02976";"BOA VISTA DO RAMOS";64;6;"Deputado Federal";9572;28;2;0;30;6789;0;2783;"N";6789;6274;6274;6274;403;0;0;0;0;0;0;0;0;57;55;55;0;0;"00:00:00";"23/05/2016"
"23/02/2022";"11:03:13";2014;2;"Eleição Ordinária";1;143;"Eleições Gerais 2014";"05/10/2014";"F";"AM";"AM";"AMAZONAS";"02798";"TAPAUÁ";38;6;"Deputado Federal";11880;35;2;0;37;7826;0;4054;"N";7826;7074;7074;7074;528;0;0;0;0;0;0;0;0;105;119;119;0;0;"00:00:00";"23/05/2016"
"23/02/2022";"11:03:13";2014;2;"Eleição Ordinária";2;144;"Eleições Gerais 2014";"26/10/2014";"F";"AM";"AM";"AMAZONAS";"02712";"PAUINI";44;3;"Governador";9147;26;2;0;28;5646;0;3501;"N";5646;5152;5152;5152;0;0;0;0;0;0;0;0;0;38;456;456;0;0;"00:00:00";"26/10/2014"
"23/02/2022";"11:03:13";2014;2;"Eleição Ordinária";1;143;"Eleições Gerais 2014";"05/10/2014";"F";"AM";"AM";"AMAZONAS";"02097";"BARCELOS";18;6;"Deputado Federal";9227;26;1;0;27;6065;0;3162;"N";6065;5457;5457;5457;406;0;0;0;0;0;0;0;0;124;78;78;0;0;"00:00:00";"23/05/2016"
"23/02/2022";"11:03:13";2014;2;"Eleição Ordinária";1;143;"Eleições Gerais 2014";"05/10/2014";"F";"AM";"AM";"AMAZONAS";"02810";"TEFÉ";9;6;"Deputado Federal";37434;118;9;0;127;27418;0;10016;"N";27418;24575;24575;24575;1723;0;0;0;0;0;0;0;0;773;347;347;0;0;"00:00:00";"23/05/2016"
"23/02/2022";"11:03:13";2014;2;"Eleição Ordinária";1;143;"Eleições Gerais 2014";"05/10/2014";"F";"AM";"AM";"AMAZONAS";"02550";"MANAUS";65;7;"Deputado Estadual";75642;184;7;0;191;64377;0;11265;"N";64377;56238;56238;56238;3402;0;0;0;0;0;0;0;0;2788;1949;1949;0;0;"00:00:00";"23/05/2016"
"23/02/2022";"11:03:13";2014;2;"Eleição Ordinária";1;143;"Eleições Gerais 2014";"05/10/2014";"F";"AM";"AM";"AMAZONAS";"98515";"TONANTINS";47;6;"Deputado Federal";8268;24;2;0;26;6070;0;2198;"N";6070;5426;5426;5426;428;0;0;0;0;0;0;0;0;126;90;90;0;0;"00:00:00";"23/05/2016"
"23/02/2022";"11:03:13";2014;2;"Eleição Ordinária";1;143;"Eleições Gerais 2014";"05/10/2014";"F";"AM";"AM";"AMAZONAS";"02550";"MANAUS";2;7;"Deputado Estadual";63303;198;14;0;212;53307;0;9996;"N";53307;45780;45780;45780;2584;0;0;0;0;0;0;0;0;2575;2368;2368;0;0;"00:00:00";"23/05/2016"
"23/02/2022";"11:03:13";2014;2;"Eleição Ordinária";1;143;"Eleições Gerais 2014";"05/10/2014";"F";"AM";"AM";"AMAZONAS";"02070";"AUTAZES";35;7;"Deputado Estadual";22305;70;6;0;76;16639;0;5666;"N";16639;15256;15256;15256;1005;0;0;0;0;0;0;0;0;171;207;207;0;0;"00:00:00";"23/05/2016"
"23/02/2022";"11:03:13";2014;2;"Eleição Ordinária";1;143;"Eleições Gerais 2014";"05/10/2014";"F";"AM";"AM";"AMAZONAS";"02038";"ANORI";33;6;"Deputado Federal";9328;26;0;0;26;6798;0;2530;"N";6798;6340;6340;6340;304;0;0;0;0;0;0;0;0;85;69;69;0;0;"00:00:00";"23/05/2016"
"23/02/2022";"11:03:13";2014;2;"Eleição Ordinária";1;143;"Eleições Gerais 2014";"05/10/2014";"F";"AM";"AM";"AMAZONAS";"98396";"MANAQUIRI";66;7;"Deputado Estadual";12005;35;3;0;38;9014;0;2991;"N";9014;8071;8071;8071;652;0;0;0;0;0;0;0;0;115;176;176;0;0;"00:00:00";"23/05/2016"
"23/02/2022";"11:03:13";2014;2;"Eleição Ordinária";1;143;"Eleições Gerais 2014";"05/10/2014";"F";"AM";"AM";"AMAZONAS";"02690";"PARINTINS";4;3;"Governador";64215;210;7;0;217;47062;0;17153;"N";47062;44353;44353;44353;0;0;0;0;0;0;0;0;0;614;2095;2095;0;0;"00:00:00";"05/10/2014"
