"DT_GERACAO";"HH_GERACAO";"ANO_ELEICAO";"CD_TIPO_ELEICAO";"NM_TIPO_ELEICAO";"CD_ELEICAO";"DS_ELEICAO";"DT_ELEICAO";"SG_UF";"SG_UE";"NM_UE";"SQ_CANDIDATO";"NR_ORDEM_BEM_CANDIDATO";"CD_TIPO_BEM_CANDIDATO";"DS_TIPO_BEM_CANDIDATO";"DS_BEM_CANDIDATO";"VR_BEM_CANDIDATO";"DT_ULT_ATUAL_BEM_CANDIDATO";"HH_ULT_ATUAL_BEM_CANDIDATO"
"13/11/2024";"10:55:11";2018;2;"Eleição Ordinária";297;"Eleições Gerais Estaduais 2018";"07/10/2018";"AM";"AM";"AMAZONAS";40000627725;8;71;"Fundo de Curto Prazo";"#NULO#";"50292,82";"19/04/2021";"20:13:26"
"13/11/2024";"10:55:11";2018;2;"Eleição Ordinária";297;"Eleições Gerais Estaduais 2018";"07/10/2018";"AM";"AM";"AMAZONAS";40000628456;1;14;"Terra nua";"#NULO#";"100000,00";"18/09/2018";"11:25:55"
"13/11/2024";"10:55:11";2018;2;"Eleição Ordinária";297;"Eleições Gerais Estaduais 2018";"07/10/2018";"AM";"AM";"AMAZONAS";40000623452;10;49;"Outras aplicações e Investimentos";"BRADESCO INVESTIMENTO PLUS ";"45344,37";"19/04/2021";"20:13:15"
"13/11/2024";"10:55:11";2018;2;"Eleição Ordinária";297;"Eleições Gerais Estaduais 2018";"07/10/2018";"AM";"AM";"AMAZONAS";40000625748;6;49;"Outras aplicações e Investimentos";"#NULO#";"1360,57";"19/04/2021";"20:13:19"
"13/11/2024";"10:55:11";2018;2;"Eleição Ordinária";297;"Eleições Gerais Estaduais 2018";"07/10/2018";"AM";"AM";"AMAZONAS";40000609315;2;79;"Outros fundos";"VALOR A SE RECEBIDO DE ALETHEA TORRES CASTRO CPF 027.135.746-09. CONTRATO DE MUTUO FIRMADO EM 16/08/2011, PELO PRAZO DE ATÉ DEZ ANOS.";"650000,00";"18/09/2018";"11:25:55"
"13/11/2024";"10:55:11";2018;2;"Eleição Ordinária";297;"Eleições Gerais Estaduais 2018";"07/10/2018";"AM";"AM";"AMAZONAS";40000609315;3;79;"Outros fundos";"EMRPESTIMO PARA JOAQUIM JOSE DE CASTRO GOUVEIA, CPF 028.291.432-30 ¿ REF CONTRATO DE MUTUO FIRMADO EM 07/12/2011 PELO PRAZO DE ATÉ DEZ ANOS";"60120,00";"18/09/2018";"11:25:55"
"13/11/2024";"10:55:11";2018;2;"Eleição Ordinária";297;"Eleições Gerais Estaduais 2018";"07/10/2018";"AM";"AM";"AMAZONAS";40000609315;4;79;"Outros fundos";"VALOR A SER RECEBIDO DE ALETHEA TORRES CASTRO ¿ REF CONTRATO DE MUTUO ASSINADO EM 03/06/2013 A SER RECEBIDO EM ATÉ 10 ANOS";"50000,00";"18/09/2018";"11:25:55"
"13/11/2024";"10:55:11";2018;2;"Eleição Ordinária";297;"Eleições Gerais Estaduais 2018";"07/10/2018";"AM";"AM";"AMAZONAS";40000609315;5;79;"Outros fundos";"VALOR A SER RECEBIDO DE JOAQUIM JOSE DE CASTRO GOUVEIA, CPF 028.291.432-30 ¿ REF CONTRATO DE MUTUO REALIZADO EM 02.01.2017, A SER RECEBIDO EM ATÉ 10 ANOS.";"200000,00";"18/09/2018";"11:25:55"
"13/11/2024";"10:55:11";2018;2;"Eleição Ordinária";297;"Eleições Gerais Estaduais 2018";"07/10/2018";"AM";"AM";"AMAZONAS";40000610066;14;79;"Outros fundos";"#NULO#";"11815,53";"19/04/2021";"20:13:26"
"13/11/2024";"10:55:11";2018;2;"Eleição Ordinária";297;"Eleições Gerais Estaduais 2018";"07/10/2018";"AM";"AM";"AMAZONAS";40000610405;8;71;"Fundo de Curto Prazo";"#NULO#";"2578,68";"19/04/2021";"20:13:21"
"13/11/2024";"10:55:11";2018;2;"Eleição Ordinária";297;"Eleições Gerais Estaduais 2018";"07/10/2018";"AM";"AM";"AMAZONAS";40000612666;7;79;"Outros fundos";"#NULO#";"2259,29";"19/04/2021";"20:13:05"
"13/11/2024";"10:55:11";2018;2;"Eleição Ordinária";297;"Eleições Gerais Estaduais 2018";"07/10/2018";"AM";"AM";"AMAZONAS";40000618261;51;79;"Outros fundos";"CREDITOS EM TRANSITO - JUROS S/CAPITAL PROPRIO A RECEBER DE VALE S.A - CPF/CNPJ: 05.400.209/0001-66";"2680,51";"19/04/2021";"20:13:26"
"13/11/2024";"10:55:11";2018;2;"Eleição Ordinária";297;"Eleições Gerais Estaduais 2018";"07/10/2018";"AM";"AM";"AMAZONAS";40000618261;52;79;"Outros fundos";"CREDITO A RECEBER DE PARINTINS PARTICIPACOES LTDA - CPF/CNPJ: 05.400.209/0001-66";"53000,00";"19/04/2021";"20:13:26"
"13/11/2024";"10:55:11";2018;2;"Eleição Ordinária";297;"Eleições Gerais Estaduais 2018";"07/10/2018";"AM";"AM";"AMAZONAS";40000610429;6;14;"Terra nua";"1 lote de terreno 10x38 sem construção no Reserva do Parque-Ponta Negra";"106717,51";"19/04/2021";"20:13:24"
"13/11/2024";"10:55:11";2018;2;"Eleição Ordinária";297;"Eleições Gerais Estaduais 2018";"07/10/2018";"AM";"AM";"AMAZONAS";40000610435;10;14;"Terra nua";"#NULO#";"350000,00";"19/04/2021";"20:13:21"
"13/11/2024";"10:55:11";2018;2;"Eleição Ordinária";297;"Eleições Gerais Estaduais 2018";"07/10/2018";"AM";"AM";"AMAZONAS";40000610435;22;14;"Terra nua";"#NULO#";"5000,00";"19/04/2021";"20:13:21"
"13/11/2024";"10:55:11";2018;2;"Eleição Ordinária";297;"Eleições Gerais Estaduais 2018";"07/10/2018";"AM";"AM";"AMAZONAS";40000609257;7;49;"Outras aplicações e Investimentos";"#NULO#";"706791,46";"19/04/2021";"20:13:18"
"13/11/2024";"10:55:11";2018;2;"Eleição Ordinária";297;"Eleições Gerais Estaduais 2018";"07/10/2018";"AM";"AM";"AMAZONAS";40000609263;10;49;"Outras aplicações e Investimentos";"#NULO#";"100000,00";"19/04/2021";"20:13:18"
"13/11/2024";"10:55:11";2018;2;"Eleição Ordinária";297;"Eleições Gerais Estaduais 2018";"07/10/2018";"AM";"AM";"AMAZONAS";40000609269;2;49;"Outras aplicações e Investimentos";"#NULO#";"41531,97";"19/04/2021";"20:13:18"
"13/11/2024";"10:55:11";2018;2;"Eleição Ordinária";297;"Eleições Gerais Estaduais 2018";"07/10/2018";"AM";"AM";"AMAZONAS";40000610063;5;49;"Outras aplicações e Investimentos";"Invest Plus Bradesco CNPJ 60.746.948/0001-12";"12699,44";"19/04/2021";"20:13:26"
"13/11/2024";"10:55:11";2018;2;"Eleição Ordinária";297;"Eleições Gerais Estaduais 2018";"07/10/2018";"AM";"AM";"AMAZONAS";40000610066;9;49;"Outras aplicações e Investimentos";"#NULO#";"829570,78";"19/04/2021";"20:13:26"
"13/11/2024";"10:55:11";2018;2;"Eleição Ordinária";297;"Eleições Gerais Estaduais 2018";"07/10/2018";"AM";"AM";"AMAZONAS";40000610066;10;49;"Outras aplicações e Investimentos";"#NULO#";"319042,11";"19/04/2021";"20:13:26"
"13/11/2024";"10:55:11";2018;2;"Eleição Ordinária";297;"Eleições Gerais Estaduais 2018";"07/10/2018";"AM";"AM";"AMAZONAS";40000608146;10;71;"Fundo de Curto Prazo";"#NULO#";"25202,12";"19/04/2021";"20:13:19"
"13/11/2024";"10:55:11";2018;2;"Eleição Ordinária";297;"Eleições Gerais Estaduais 2018";"07/10/2018";"AM";"AM";"AMAZONAS";40000610066;13;49;"Outras aplicações e Investimentos";"#NULO#";"199967,34";"19/04/2021";"20:13:26"
"13/11/2024";"10:55:11";2018;2;"Eleição Ordinária";297;"Eleições Gerais Estaduais 2018";"07/10/2018";"AM";"AM";"AMAZONAS";40000610067;9;49;"Outras aplicações e Investimentos";"FUNDO DE INVESTIMENTOS FIC FI EM AÇÕES BRADESCO S/A AGÊNCIA 3711 CONTA CORRENTE 17613-3";"408,81";"19/04/2021";"20:13:25"
"13/11/2024";"10:55:11";2018;2;"Eleição Ordinária";297;"Eleições Gerais Estaduais 2018";"07/10/2018";"AM";"AM";"AMAZONAS";40000610311;2;49;"Outras aplicações e Investimentos";"TÍTULO DE CAPITALIZAÇÃO N. 815-0 153085-6";"1023,60";"19/04/2021";"20:13:13"
"13/11/2024";"10:55:11";2018;2;"Eleição Ordinária";297;"Eleições Gerais Estaduais 2018";"07/10/2018";"AM";"AM";"AMAZONAS";40000610311;3;49;"Outras aplicações e Investimentos";"TÍTULO DE CAPITALIZAÇÃO N. 1811-2 95019-6";"1038,68";"19/04/2021";"20:13:13"
"13/11/2024";"10:55:11";2018;2;"Eleição Ordinária";297;"Eleições Gerais Estaduais 2018";"07/10/2018";"AM";"AM";"AMAZONAS";40000610320;2;49;"Outras aplicações e Investimentos";"BANCO BRADESCO VIDA E PREVIDENCIA";"128531,54";"19/04/2021";"20:13:09"
"13/11/2024";"10:55:11";2018;2;"Eleição Ordinária";297;"Eleições Gerais Estaduais 2018";"07/10/2018";"AM";"AM";"AMAZONAS";40000610320;11;49;"Outras aplicações e Investimentos";"BANCO DO BRASIL FUNDO RENDA FIXA E CDB";"132791,15";"19/04/2021";"20:13:09"
"13/11/2024";"10:55:11";2018;2;"Eleição Ordinária";297;"Eleições Gerais Estaduais 2018";"07/10/2018";"AM";"AM";"AMAZONAS";40000610393;14;49;"Outras aplicações e Investimentos";"COTA DE PARTICIPAÇÃO COMO SOCIO DA COOPERATIVA DE CRÉDITO DE LIVRE ADMISSÃO MANAUS-SICOOB-MANAUS";"3474,64";"19/04/2021";"20:13:26"
"13/11/2024";"10:55:11";2018;2;"Eleição Ordinária";297;"Eleições Gerais Estaduais 2018";"07/10/2018";"AM";"AM";"AMAZONAS";40000610394;5;49;"Outras aplicações e Investimentos";"TITULOS PUBLICOS (TESOURO DIRETO) ¿ AGENTE DE CUSTODIA BANCO DO BRASIL CNPJ: 00000000.5884-07";"59844,83";"19/04/2021";"20:13:26"
"13/11/2024";"10:55:11";2018;2;"Eleição Ordinária";297;"Eleições Gerais Estaduais 2018";"07/10/2018";"AM";"AM";"AMAZONAS";40000610394;6;49;"Outras aplicações e Investimentos";"BB RF PRE LP ESTILO CNPJ: 08.080.680.0001-02 ";"204630,87";"19/04/2021";"20:13:26"
"13/11/2024";"10:55:11";2018;2;"Eleição Ordinária";297;"Eleições Gerais Estaduais 2018";"07/10/2018";"AM";"AM";"AMAZONAS";40000610394;7;49;"Outras aplicações e Investimentos";"BB R FIXA LP 50 CNPJ: 00.766.542.0001-70";"191574,97";"19/04/2021";"20:13:26"
"13/11/2024";"10:55:11";2018;2;"Eleição Ordinária";297;"Eleições Gerais Estaduais 2018";"07/10/2018";"AM";"AM";"AMAZONAS";40000617482;2;49;"Outras aplicações e Investimentos";"EMPRESA INDIVIDUAL DE RESPONSABILIDADE LIMITADA DENOMINADA CM7 SERVIÇOS DE COMUNICAÇÃO EIRELI, CNPJ N. 18.431.026/0001-50";"120000,00";"19/04/2021";"20:13:10"
"13/11/2024";"10:55:11";2018;2;"Eleição Ordinária";297;"Eleições Gerais Estaduais 2018";"07/10/2018";"AM";"AM";"AMAZONAS";40000617486;12;49;"Outras aplicações e Investimentos";"BANCO BRADESCO S.A CNPJ N. 60.746.948/0001-12 - POUPANÇA";"1,00";"19/04/2021";"20:13:09"
"13/11/2024";"10:55:11";2018;2;"Eleição Ordinária";297;"Eleições Gerais Estaduais 2018";"07/10/2018";"AM";"AM";"AMAZONAS";40000617491;6;49;"Outras aplicações e Investimentos";"SALDO EM CONTA CORRENTE - CAIXA ECONÔMICA FEDERAL";"758,36";"19/04/2021";"20:13:10"
"13/11/2024";"10:55:11";2018;2;"Eleição Ordinária";297;"Eleições Gerais Estaduais 2018";"07/10/2018";"AM";"AM";"AMAZONAS";40000617491;12;49;"Outras aplicações e Investimentos";"SAF EXEC CORPORATE RF FI MM - SAFRA S.A";"357900,24";"19/04/2021";"20:13:10"
"13/11/2024";"10:55:11";2018;2;"Eleição Ordinária";297;"Eleições Gerais Estaduais 2018";"07/10/2018";"AM";"AM";"AMAZONAS";40000617491;13;49;"Outras aplicações e Investimentos";"SAFRA S P REAIS FIC FI MM";"330000,00";"19/04/2021";"20:13:10"
"13/11/2024";"10:55:11";2018;2;"Eleição Ordinária";297;"Eleições Gerais Estaduais 2018";"07/10/2018";"AM";"AM";"AMAZONAS";40000618261;39;49;"Outras aplicações e Investimentos";"CERTIFICADOS RECEBIVEIS, DEBENTURES DE INFRAESTRUTURA, BANCO BRADESCO S.A.";"130593,59";"19/04/2021";"20:13:26"
"13/11/2024";"10:55:11";2018;2;"Eleição Ordinária";297;"Eleições Gerais Estaduais 2018";"07/10/2018";"AM";"AM";"AMAZONAS";40000618273;9;49;"Outras aplicações e Investimentos";"#NULO#";"9346,65";"19/04/2021";"20:13:12"
"13/11/2024";"10:55:11";2018;2;"Eleição Ordinária";297;"Eleições Gerais Estaduais 2018";"07/10/2018";"AM";"AM";"AMAZONAS";40000618273;13;49;"Outras aplicações e Investimentos";"#NULO#";"2506,92";"19/04/2021";"20:13:12"
"13/11/2024";"10:55:11";2018;2;"Eleição Ordinária";297;"Eleições Gerais Estaduais 2018";"07/10/2018";"AM";"AM";"AMAZONAS";40000618273;14;49;"Outras aplicações e Investimentos";"#NULO#";"8772,84";"19/04/2021";"20:13:12"
"13/11/2024";"10:55:11";2018;2;"Eleição Ordinária";297;"Eleições Gerais Estaduais 2018";"07/10/2018";"AM";"AM";"AMAZONAS";40000618273;15;49;"Outras aplicações e Investimentos";"#NULO#";"17824,36";"19/04/2021";"20:13:12"
"13/11/2024";"10:55:11";2018;2;"Eleição Ordinária";297;"Eleições Gerais Estaduais 2018";"07/10/2018";"AM";"AM";"AMAZONAS";40000608208;4;14;"Terra nua";"Cota de loteamento, km 6 da Estrada de Iranduba (Rodovia Municipal Carlos Braga), cota de 13 de um total de 120, medindo 20x50, área total mil metros quadrados, não há área constrúida ";"30000,00";"19/04/2021";"20:13:15"
"13/11/2024";"10:55:11";2018;2;"Eleição Ordinária";297;"Eleições Gerais Estaduais 2018";"07/10/2018";"AM";"AM";"AMAZONAS";40000618999;3;21;"Veículo automotor terrestre: caminhão, automóvel, moto, etc.";"#NULO#";"15000,00";"19/04/2021";"20:13:17"
"13/11/2024";"10:55:11";2018;2;"Eleição Ordinária";297;"Eleições Gerais Estaduais 2018";"07/10/2018";"AM";"AM";"AMAZONAS";40000619000;1;12;"Casa";"#NULO#";"380000,00";"19/04/2021";"20:13:17"
"13/11/2024";"10:55:11";2018;2;"Eleição Ordinária";297;"Eleições Gerais Estaduais 2018";"07/10/2018";"AM";"AM";"AMAZONAS";40000619002;1;12;"Casa";"#NULO#";"400000,00";"19/04/2021";"20:13:17"
"13/11/2024";"10:55:11";2018;2;"Eleição Ordinária";297;"Eleições Gerais Estaduais 2018";"07/10/2018";"AM";"AM";"AMAZONAS";40000619002;2;21;"Veículo automotor terrestre: caminhão, automóvel, moto, etc.";"#NULO#";"60000,00";"19/04/2021";"20:13:17"
"13/11/2024";"10:55:11";2018;2;"Eleição Ordinária";297;"Eleições Gerais Estaduais 2018";"07/10/2018";"AM";"AM";"AMAZONAS";40000619002;3;21;"Veículo automotor terrestre: caminhão, automóvel, moto, etc.";"#NULO#";"222000,00";"19/04/2021";"20:13:17"
"13/11/2024";"10:55:11";2018;2;"Eleição Ordinária";297;"Eleições Gerais Estaduais 2018";"07/10/2018";"AM";"AM";"AMAZONAS";40000619002;4;21;"Veículo automotor terrestre: caminhão, automóvel, moto, etc.";"#NULO#";"17000,00";"19/04/2021";"20:13:17"
"13/11/2024";"10:55:11";2018;2;"Eleição Ordinária";297;"Eleições Gerais Estaduais 2018";"07/10/2018";"AM";"AM";"AMAZONAS";40000619003;1;21;"Veículo automotor terrestre: caminhão, automóvel, moto, etc.";"automóvel VW GOL ano 2006 placa JXI-7773 adquirido em 2006, 36 parcelas de R$ 710,00 (R$ 25,560,00) em 2012 PG 12xR$710,00 (R$ 8,520,00) totalmente quitado.";"27270,00";"19/04/2021";"20:13:17"
"13/11/2024";"10:55:11";2018;2;"Eleição Ordinária";297;"Eleições Gerais Estaduais 2018";"07/10/2018";"AM";"AM";"AMAZONAS";40000619003;2;12;"Casa";"casa condomínio residencial nascente do tarumã, rua perimental, 73, tarumã, Manaus/AM, IPTU 443448 ADQ 01/2012 CIVILCORP.EMPR. IMOB - CNPJ 13.040.140/0001-35, FINANC. em 24x R$ 2.100,00 (R$50.400,00) ";"182656,96";"19/04/2021";"20:13:17"
"13/11/2024";"10:55:11";2018;2;"Eleição Ordinária";297;"Eleições Gerais Estaduais 2018";"07/10/2018";"AM";"AM";"AMAZONAS";40000619003;3;21;"Veículo automotor terrestre: caminhão, automóvel, moto, etc.";"automóvel FIAT/MOBI/LIKE ano 2016/2017 placa PHH-7976 RENAVAM 0108847417-6";"18293,80";"19/04/2021";"20:13:17"
"13/11/2024";"10:55:11";2018;2;"Eleição Ordinária";297;"Eleições Gerais Estaduais 2018";"07/10/2018";"AM";"AM";"AMAZONAS";40000619007;1;21;"Veículo automotor terrestre: caminhão, automóvel, moto, etc.";"#NULO#";"45000,00";"19/04/2021";"20:13:05"
"13/11/2024";"10:55:11";2018;2;"Eleição Ordinária";297;"Eleições Gerais Estaduais 2018";"07/10/2018";"AM";"AM";"AMAZONAS";40000619015;1;12;"Casa";"#NULO#";"150000,00";"19/04/2021";"20:13:05"
"13/11/2024";"10:55:11";2018;2;"Eleição Ordinária";297;"Eleições Gerais Estaduais 2018";"07/10/2018";"AM";"AM";"AMAZONAS";40000619019;2;21;"Veículo automotor terrestre: caminhão, automóvel, moto, etc.";"hb20/2015, branco , placa phg 3041";"35000,00";"19/04/2021";"20:13:11"
"13/11/2024";"10:55:11";2018;2;"Eleição Ordinária";297;"Eleições Gerais Estaduais 2018";"07/10/2018";"AM";"AM";"AMAZONAS";40000619019;3;21;"Veículo automotor terrestre: caminhão, automóvel, moto, etc.";"Renô/CLIO/2003, PLACA JXH 3489";"5000,00";"19/04/2021";"20:13:11"
"13/11/2024";"10:55:11";2018;2;"Eleição Ordinária";297;"Eleições Gerais Estaduais 2018";"07/10/2018";"AM";"AM";"AMAZONAS";40000619022;1;21;"Veículo automotor terrestre: caminhão, automóvel, moto, etc.";"#NULO#";"7000,00";"18/09/2018";"11:25:55"
"13/11/2024";"10:55:11";2018;2;"Eleição Ordinária";297;"Eleições Gerais Estaduais 2018";"07/10/2018";"AM";"AM";"AMAZONAS";40000619024;1;21;"Veículo automotor terrestre: caminhão, automóvel, moto, etc.";"MOTOCICLETA HONDA C8X250, TWISTER VERMELHA , PLACA NOO7459";"7000,00";"19/04/2021";"20:13:11"
"13/11/2024";"10:55:11";2018;2;"Eleição Ordinária";297;"Eleições Gerais Estaduais 2018";"07/10/2018";"AM";"AM";"AMAZONAS";40000619024;2;21;"Veículo automotor terrestre: caminhão, automóvel, moto, etc.";"MOTOCICLETA HONDA  NXR150 BROS VERMELHA, PLACA  OAF 4167";"5000,00";"19/04/2021";"20:13:11"
"13/11/2024";"10:55:11";2018;2;"Eleição Ordinária";297;"Eleições Gerais Estaduais 2018";"07/10/2018";"AM";"AM";"AMAZONAS";40000623405;1;21;"Veículo automotor terrestre: caminhão, automóvel, moto, etc.";"#NULO#";"50000,00";"19/04/2021";"20:13:22"
"13/11/2024";"10:55:11";2018;2;"Eleição Ordinária";297;"Eleições Gerais Estaduais 2018";"07/10/2018";"AM";"AM";"AMAZONAS";40000623414;1;21;"Veículo automotor terrestre: caminhão, automóvel, moto, etc.";"S10 2008, BRANCA";"20000,00";"19/04/2021";"20:13:21"
"13/11/2024";"10:55:11";2018;2;"Eleição Ordinária";297;"Eleições Gerais Estaduais 2018";"07/10/2018";"AM";"AM";"AMAZONAS";40000623414;2;12;"Casa";"IMÓVEL SITUADO NA RUA 207, QUADRA 382, NUMERO 22, NÚCLEO 16, CIDADE NOVA IV";"350000,00";"19/04/2021";"20:13:21"
"13/11/2024";"10:55:11";2018;2;"Eleição Ordinária";297;"Eleições Gerais Estaduais 2018";"07/10/2018";"AM";"AM";"AMAZONAS";40000623415;1;12;"Casa";"CASA, MANAUS";"250000,00";"19/04/2021";"20:13:25"
"13/11/2024";"10:55:11";2018;2;"Eleição Ordinária";297;"Eleições Gerais Estaduais 2018";"07/10/2018";"AM";"AM";"AMAZONAS";40000623415;2;21;"Veículo automotor terrestre: caminhão, automóvel, moto, etc.";"VEÍCULO, GM CORSA, 2009";"10000,00";"19/04/2021";"20:13:25"
"13/11/2024";"10:55:11";2018;2;"Eleição Ordinária";297;"Eleições Gerais Estaduais 2018";"07/10/2018";"AM";"AM";"AMAZONAS";40000623415;3;12;"Casa";"CASA EM URUCARÁ, AMAZONAS-INTERIOR";"75000,00";"19/04/2021";"20:13:25"
"13/11/2024";"10:55:11";2018;2;"Eleição Ordinária";297;"Eleições Gerais Estaduais 2018";"07/10/2018";"AM";"AM";"AMAZONAS";40000623425;1;12;"Casa";"#NULO#";"200000,00";"19/04/2021";"20:13:18"
"13/11/2024";"10:55:11";2018;2;"Eleição Ordinária";297;"Eleições Gerais Estaduais 2018";"07/10/2018";"AM";"AM";"AMAZONAS";40000623425;3;21;"Veículo automotor terrestre: caminhão, automóvel, moto, etc.";"#NULO#";"80000,00";"19/04/2021";"20:13:18"
"13/11/2024";"10:55:11";2018;2;"Eleição Ordinária";297;"Eleições Gerais Estaduais 2018";"07/10/2018";"AM";"AM";"AMAZONAS";40000623426;1;12;"Casa";"#NULO#";"250000,00";"19/04/2021";"20:13:05"
"13/11/2024";"10:55:11";2018;2;"Eleição Ordinária";297;"Eleições Gerais Estaduais 2018";"07/10/2018";"AM";"AM";"AMAZONAS";40000623428;1;21;"Veículo automotor terrestre: caminhão, automóvel, moto, etc.";"#NULO#";"30000,00";"19/04/2021";"20:13:05"
"13/11/2024";"10:55:11";2018;2;"Eleição Ordinária";297;"Eleições Gerais Estaduais 2018";"07/10/2018";"AM";"AM";"AMAZONAS";40000623428;2;21;"Veículo automotor terrestre: caminhão, automóvel, moto, etc.";"#NULO#";"7000,00";"19/04/2021";"20:13:05"
"13/11/2024";"10:55:11";2018;2;"Eleição Ordinária";297;"Eleições Gerais Estaduais 2018";"07/10/2018";"AM";"AM";"AMAZONAS";40000623429;1;21;"Veículo automotor terrestre: caminhão, automóvel, moto, etc.";"#NULO#";"20000,00";"19/04/2021";"20:13:18"
"13/11/2024";"10:55:11";2018;2;"Eleição Ordinária";297;"Eleições Gerais Estaduais 2018";"07/10/2018";"AM";"AM";"AMAZONAS";40000623432;3;21;"Veículo automotor terrestre: caminhão, automóvel, moto, etc.";"#NULO#";"120000,00";"19/04/2021";"20:13:04"
"13/11/2024";"10:55:11";2018;2;"Eleição Ordinária";297;"Eleições Gerais Estaduais 2018";"07/10/2018";"AM";"AM";"AMAZONAS";40000623436;1;21;"Veículo automotor terrestre: caminhão, automóvel, moto, etc.";"#NULO#";"48000,00";"19/04/2021";"20:13:04"
"13/11/2024";"10:55:11";2018;2;"Eleição Ordinária";297;"Eleições Gerais Estaduais 2018";"07/10/2018";"AM";"AM";"AMAZONAS";40000623443;1;21;"Veículo automotor terrestre: caminhão, automóvel, moto, etc.";"#NULO#";"57348,00";"19/04/2021";"20:13:04"
"13/11/2024";"10:55:11";2018;2;"Eleição Ordinária";297;"Eleições Gerais Estaduais 2018";"07/10/2018";"AM";"AM";"AMAZONAS";40000623443;2;12;"Casa";"#NULO#";"100000,00";"19/04/2021";"20:13:04"
"13/11/2024";"10:55:11";2018;2;"Eleição Ordinária";297;"Eleições Gerais Estaduais 2018";"07/10/2018";"AM";"AM";"AMAZONAS";40000623447;1;12;"Casa";"#NULO#";"679481,79";"19/04/2021";"20:13:04"
"13/11/2024";"10:55:11";2018;2;"Eleição Ordinária";297;"Eleições Gerais Estaduais 2018";"07/10/2018";"AM";"AM";"AMAZONAS";40000623451;1;21;"Veículo automotor terrestre: caminhão, automóvel, moto, etc.";" FIAT SIENA ano/modelo 2008, BEGE, placa NOJ-4897";"20000,00";"19/04/2021";"20:13:14"
"13/11/2024";"10:55:11";2018;2;"Eleição Ordinária";297;"Eleições Gerais Estaduais 2018";"07/10/2018";"AM";"AM";"AMAZONAS";40000623452;8;21;"Veículo automotor terrestre: caminhão, automóvel, moto, etc.";"VEÍCULO MARCA HYUNDAI TUCSON ANO 2010 COR PRATA PLACA NOP 6497.";"70903,00";"19/04/2021";"20:13:15"
"13/11/2024";"10:55:11";2018;2;"Eleição Ordinária";297;"Eleições Gerais Estaduais 2018";"07/10/2018";"AM";"AM";"AMAZONAS";40000623456;1;12;"Casa";"CASAS RUA MONTE CARLOS N.5, CONJ. CAMPOS ELISIOS, PLANALTO.";"1000000,00";"19/04/2021";"20:13:15"
"13/11/2024";"10:55:11";2018;2;"Eleição Ordinária";297;"Eleições Gerais Estaduais 2018";"07/10/2018";"AM";"AM";"AMAZONAS";40000623456;2;21;"Veículo automotor terrestre: caminhão, automóvel, moto, etc.";"PEUGEOT 207";"35000,00";"19/04/2021";"20:13:15"
"13/11/2024";"10:55:11";2018;2;"Eleição Ordinária";297;"Eleições Gerais Estaduais 2018";"07/10/2018";"AM";"AM";"AMAZONAS";40000623456;3;21;"Veículo automotor terrestre: caminhão, automóvel, moto, etc.";"FIAT DOBLO";"55000,00";"19/04/2021";"20:13:15"
"13/11/2024";"10:55:11";2018;2;"Eleição Ordinária";297;"Eleições Gerais Estaduais 2018";"07/10/2018";"AM";"AM";"AMAZONAS";40000623457;1;21;"Veículo automotor terrestre: caminhão, automóvel, moto, etc.";"MICRO ONIBUS VOLARE W9 ADQ. DE A G VEICULOS 02/02/2012, POR R$220.000,00, ENTRADA DE R$50.000,00 E O RESTANTE EM 48 PARCELAS DE R$5.489,37.";"257617,37";"19/04/2021";"20:13:15"
"13/11/2024";"10:55:11";2018;2;"Eleição Ordinária";297;"Eleições Gerais Estaduais 2018";"07/10/2018";"AM";"AM";"AMAZONAS";40000623460;1;12;"Casa";"Casa, em alvenaria, situada à Rua Barreirinha, 255-A, bairro São José Operário, sem registro de imóveis";"250000,00";"19/04/2021";"20:13:15"
"13/11/2024";"10:55:11";2018;2;"Eleição Ordinária";297;"Eleições Gerais Estaduais 2018";"07/10/2018";"AM";"AM";"AMAZONAS";40000623465;1;21;"Veículo automotor terrestre: caminhão, automóvel, moto, etc.";"FORD ECOESPORT 2009/2010, vermelho, placa NOW-6780";"24000,00";"19/04/2021";"20:13:15"
"13/11/2024";"10:55:11";2018;2;"Eleição Ordinária";297;"Eleições Gerais Estaduais 2018";"07/10/2018";"AM";"AM";"AMAZONAS";40000623465;2;21;"Veículo automotor terrestre: caminhão, automóvel, moto, etc.";"GM CELTA 2012/2012, preto, placa NOR-0224";"20900,00";"19/04/2021";"20:13:15"
"13/11/2024";"10:55:11";2018;2;"Eleição Ordinária";297;"Eleições Gerais Estaduais 2018";"07/10/2018";"AM";"AM";"AMAZONAS";40000623468;1;21;"Veículo automotor terrestre: caminhão, automóvel, moto, etc.";"marca Ford Fiesta Ano 2009";"14000,00";"19/04/2021";"20:13:15"
"13/11/2024";"10:55:11";2018;2;"Eleição Ordinária";297;"Eleições Gerais Estaduais 2018";"07/10/2018";"AM";"AM";"AMAZONAS";40000623469;1;12;"Casa";" 2 andares, sendo o térreo com 96 m2 de área construída e o primeiro andar com 64 m2, construído em um terreno de 106 m2 de área,  Rua Monte Sião, 05, Santo Agostinho, Manaus- Amazonas";"150000,00";"19/04/2021";"20:13:15"
"13/11/2024";"10:55:11";2018;2;"Eleição Ordinária";297;"Eleições Gerais Estaduais 2018";"07/10/2018";"AM";"AM";"AMAZONAS";40000624381;1;12;"Casa";"#NULO#";"300200,00";"19/11/2021";"06:43:58"
"13/11/2024";"10:55:11";2018;2;"Eleição Ordinária";297;"Eleições Gerais Estaduais 2018";"07/10/2018";"AM";"AM";"AMAZONAS";40000624381;2;21;"Veículo automotor terrestre: caminhão, automóvel, moto, etc.";"#NULO#";"120676,00";"19/11/2021";"06:43:58"
"13/11/2024";"10:55:11";2018;2;"Eleição Ordinária";297;"Eleições Gerais Estaduais 2018";"07/10/2018";"AM";"AM";"AMAZONAS";40000625748;1;12;"Casa";"#NULO#";"46000,00";"19/04/2021";"20:13:19"
"13/11/2024";"10:55:11";2018;2;"Eleição Ordinária";297;"Eleições Gerais Estaduais 2018";"07/10/2018";"AM";"AM";"AMAZONAS";40000625748;2;12;"Casa";"#NULO#";"180000,00";"19/04/2021";"20:13:19"
"13/11/2024";"10:55:11";2018;2;"Eleição Ordinária";297;"Eleições Gerais Estaduais 2018";"07/10/2018";"AM";"AM";"AMAZONAS";40000625748;5;21;"Veículo automotor terrestre: caminhão, automóvel, moto, etc.";"#NULO#";"96000,00";"19/04/2021";"20:13:19"
"13/11/2024";"10:55:11";2018;2;"Eleição Ordinária";297;"Eleições Gerais Estaduais 2018";"07/10/2018";"AM";"AM";"AMAZONAS";40000626326;1;21;"Veículo automotor terrestre: caminhão, automóvel, moto, etc.";"#NULO#";"17000,00";"18/09/2018";"11:25:55"
"13/11/2024";"10:55:11";2018;2;"Eleição Ordinária";297;"Eleições Gerais Estaduais 2018";"07/10/2018";"AM";"AM";"AMAZONAS";40000627703;7;21;"Veículo automotor terrestre: caminhão, automóvel, moto, etc.";"#NULO#";"5000,00";"19/04/2021";"20:13:04"
"13/11/2024";"10:55:11";2018;2;"Eleição Ordinária";297;"Eleições Gerais Estaduais 2018";"07/10/2018";"AM";"AM";"AMAZONAS";40000627703;8;21;"Veículo automotor terrestre: caminhão, automóvel, moto, etc.";"#NULO#";"47235,71";"19/04/2021";"20:13:04"
"13/11/2024";"10:55:11";2018;2;"Eleição Ordinária";297;"Eleições Gerais Estaduais 2018";"07/10/2018";"AM";"AM";"AMAZONAS";40000627705;1;12;"Casa";"#NULO#";"30000,00";"19/04/2021";"20:13:04"
"13/11/2024";"10:55:11";2018;2;"Eleição Ordinária";297;"Eleições Gerais Estaduais 2018";"07/10/2018";"AM";"AM";"AMAZONAS";40000627707;1;12;"Casa";"#NULO#";"170000,00";"19/04/2021";"20:13:04"
"13/11/2024";"10:55:11";2018;2;"Eleição Ordinária";297;"Eleições Gerais Estaduais 2018";"07/10/2018";"AM";"AM";"AMAZONAS";40000627710;1;21;"Veículo automotor terrestre: caminhão, automóvel, moto, etc.";"#NULO#";"30000,00";"19/04/2021";"20:13:23"
"13/11/2024";"10:55:11";2018;2;"Eleição Ordinária";297;"Eleições Gerais Estaduais 2018";"07/10/2018";"AM";"AM";"AMAZONAS";40000627710;2;21;"Veículo automotor terrestre: caminhão, automóvel, moto, etc.";"#NULO#";"4000,00";"19/04/2021";"20:13:23"
"13/11/2024";"10:55:11";2018;2;"Eleição Ordinária";297;"Eleições Gerais Estaduais 2018";"07/10/2018";"AM";"AM";"AMAZONAS";40000627711;1;12;"Casa";"#NULO#";"200000,00";"18/09/2018";"11:25:55"
"13/11/2024";"10:55:11";2018;2;"Eleição Ordinária";297;"Eleições Gerais Estaduais 2018";"07/10/2018";"AM";"AM";"AMAZONAS";40000627711;2;21;"Veículo automotor terrestre: caminhão, automóvel, moto, etc.";"#NULO#";"10000,00";"18/09/2018";"11:25:55"
"13/11/2024";"10:55:11";2018;2;"Eleição Ordinária";297;"Eleições Gerais Estaduais 2018";"07/10/2018";"AM";"AM";"AMAZONAS";40000627715;1;12;"Casa";"#NULO#";"80000,00";"19/04/2021";"20:13:04"
"13/11/2024";"10:55:11";2018;2;"Eleição Ordinária";297;"Eleições Gerais Estaduais 2018";"07/10/2018";"AM";"AM";"AMAZONAS";40000627716;1;21;"Veículo automotor terrestre: caminhão, automóvel, moto, etc.";"#NULO#";"35000,00";"19/04/2021";"20:13:04"
"13/11/2024";"10:55:11";2018;2;"Eleição Ordinária";297;"Eleições Gerais Estaduais 2018";"07/10/2018";"AM";"AM";"AMAZONAS";40000627716;2;12;"Casa";"#NULO#";"50000,00";"19/04/2021";"20:13:04"
"13/11/2024";"10:55:11";2018;2;"Eleição Ordinária";297;"Eleições Gerais Estaduais 2018";"07/10/2018";"AM";"AM";"AMAZONAS";40000627720;1;12;"Casa";"#NULO#";"450000,00";"19/04/2021";"20:13:04"
"13/11/2024";"10:55:11";2018;2;"Eleição Ordinária";297;"Eleições Gerais Estaduais 2018";"07/10/2018";"AM";"AM";"AMAZONAS";40000627720;3;21;"Veículo automotor terrestre: caminhão, automóvel, moto, etc.";"#NULO#";"5000,00";"19/04/2021";"20:13:04"
"13/11/2024";"10:55:11";2018;2;"Eleição Ordinária";297;"Eleições Gerais Estaduais 2018";"07/10/2018";"AM";"AM";"AMAZONAS";40000627720;4;21;"Veículo automotor terrestre: caminhão, automóvel, moto, etc.";"#NULO#";"5000,00";"19/04/2021";"20:13:04"
"13/11/2024";"10:55:11";2018;2;"Eleição Ordinária";297;"Eleições Gerais Estaduais 2018";"07/10/2018";"AM";"AM";"AMAZONAS";40000627720;5;21;"Veículo automotor terrestre: caminhão, automóvel, moto, etc.";"#NULO#";"5000,00";"19/04/2021";"20:13:04"
"13/11/2024";"10:55:11";2018;2;"Eleição Ordinária";297;"Eleições Gerais Estaduais 2018";"07/10/2018";"AM";"AM";"AMAZONAS";40000627721;1;12;"Casa";"#NULO#";"50000,00";"19/04/2021";"20:13:04"
"13/11/2024";"10:55:11";2018;2;"Eleição Ordinária";297;"Eleições Gerais Estaduais 2018";"07/10/2018";"AM";"AM";"AMAZONAS";40000627722;1;12;"Casa";"#NULO#";"170000,00";"19/04/2021";"20:13:04"
"13/11/2024";"10:55:11";2018;2;"Eleição Ordinária";297;"Eleições Gerais Estaduais 2018";"07/10/2018";"AM";"AM";"AMAZONAS";40000627724;1;21;"Veículo automotor terrestre: caminhão, automóvel, moto, etc.";"#NULO#";"3000,00";"19/04/2021";"20:13:21"
"13/11/2024";"10:55:11";2018;2;"Eleição Ordinária";297;"Eleições Gerais Estaduais 2018";"07/10/2018";"AM";"AM";"AMAZONAS";40000627726;1;21;"Veículo automotor terrestre: caminhão, automóvel, moto, etc.";"#NULO#";"10000,00";"19/04/2021";"20:13:26"
"13/11/2024";"10:55:11";2018;2;"Eleição Ordinária";297;"Eleições Gerais Estaduais 2018";"07/10/2018";"AM";"AM";"AMAZONAS";40000627726;2;21;"Veículo automotor terrestre: caminhão, automóvel, moto, etc.";"#NULO#";"3000,00";"19/04/2021";"20:13:26"
"13/11/2024";"10:55:11";2018;2;"Eleição Ordinária";297;"Eleições Gerais Estaduais 2018";"07/10/2018";"AM";"AM";"AMAZONAS";40000627726;3;21;"Veículo automotor terrestre: caminhão, automóvel, moto, etc.";"#NULO#";"1000,00";"19/04/2021";"20:13:26"
"13/11/2024";"10:55:11";2018;2;"Eleição Ordinária";297;"Eleições Gerais Estaduais 2018";"07/10/2018";"AM";"AM";"AMAZONAS";40000627727;1;21;"Veículo automotor terrestre: caminhão, automóvel, moto, etc.";"#NULO#";"41900,00";"19/04/2021";"20:13:25"
"13/11/2024";"10:55:11";2018;2;"Eleição Ordinária";297;"Eleições Gerais Estaduais 2018";"07/10/2018";"AM";"AM";"AMAZONAS";40000627729;1;21;"Veículo automotor terrestre: caminhão, automóvel, moto, etc.";"#NULO#";"14000,00";"19/04/2021";"20:13:04"
"13/11/2024";"10:55:11";2018;2;"Eleição Ordinária";297;"Eleições Gerais Estaduais 2018";"07/10/2018";"AM";"AM";"AMAZONAS";40000627734;2;21;"Veículo automotor terrestre: caminhão, automóvel, moto, etc.";"#NULO#";"59000,00";"18/09/2018";"11:25:55"
"13/11/2024";"10:55:11";2018;2;"Eleição Ordinária";297;"Eleições Gerais Estaduais 2018";"07/10/2018";"AM";"AM";"AMAZONAS";40000627738;1;21;"Veículo automotor terrestre: caminhão, automóvel, moto, etc.";"#NULO#";"18000,00";"19/04/2021";"20:13:09"
"13/11/2024";"10:55:11";2018;2;"Eleição Ordinária";297;"Eleições Gerais Estaduais 2018";"07/10/2018";"AM";"AM";"AMAZONAS";40000627744;1;21;"Veículo automotor terrestre: caminhão, automóvel, moto, etc.";"1 automóvel Fiat Idea, ano 2009, de valor estimado de 20.000,00.";"20000,00";"19/04/2021";"20:13:20"
"13/11/2024";"10:55:11";2018;2;"Eleição Ordinária";297;"Eleições Gerais Estaduais 2018";"07/10/2018";"AM";"AM";"AMAZONAS";40000627746;1;12;"Casa";"1 casa de 8x16m, situada na Rua San Lorenzo, n. 28, quadra 448, Conjunto Cidadão VII, bairro Nova Cidade, Manaus/AM, de valor estimado de 70.000,00";"70000,00";"19/04/2021";"20:13:20"
"13/11/2024";"10:55:11";2018;2;"Eleição Ordinária";297;"Eleições Gerais Estaduais 2018";"07/10/2018";"AM";"AM";"AMAZONAS";40000628091;1;12;"Casa";"UMA CASA LOCALIZADA NA AVENIDA  IGARAPÉ DE MANAUS, PARQUE MANAUS, Q 03, BLOCO 13, APTO 05. ";"120000,00";"19/04/2021";"20:13:23"
"13/11/2024";"10:55:11";2018;2;"Eleição Ordinária";297;"Eleições Gerais Estaduais 2018";"07/10/2018";"AM";"AM";"AMAZONAS";40000628198;1;12;"Casa";"#NULO#";"80000,00";"19/04/2021";"20:13:06"
"13/11/2024";"10:55:11";2018;2;"Eleição Ordinária";297;"Eleições Gerais Estaduais 2018";"07/10/2018";"AM";"AM";"AMAZONAS";40000628265;1;12;"Casa";"#NULO#";"250000,00";"19/04/2021";"20:13:24"
"13/11/2024";"10:55:11";2018;2;"Eleição Ordinária";297;"Eleições Gerais Estaduais 2018";"07/10/2018";"AM";"AM";"AMAZONAS";40000627748;1;21;"Veículo automotor terrestre: caminhão, automóvel, moto, etc.";"#NULO#";"25000,00";"19/04/2021";"20:13:22"
"13/11/2024";"10:55:11";2018;2;"Eleição Ordinária";297;"Eleições Gerais Estaduais 2018";"07/10/2018";"AM";"AM";"AMAZONAS";40000627748;2;21;"Veículo automotor terrestre: caminhão, automóvel, moto, etc.";"#NULO#";"20000,00";"19/04/2021";"20:13:22"
"13/11/2024";"10:55:11";2018;2;"Eleição Ordinária";297;"Eleições Gerais Estaduais 2018";"07/10/2018";"AM";"AM";"AMAZONAS";40000627844;1;21;"Veículo automotor terrestre: caminhão, automóvel, moto, etc.";"#NULO#";"9000,00";"19/04/2021";"20:13:05"
"13/11/2024";"10:55:11";2018;2;"Eleição Ordinária";297;"Eleições Gerais Estaduais 2018";"07/10/2018";"AM";"AM";"AMAZONAS";40000628372;1;12;"Casa";"LOTE MEDINDO 500M², COM UMA CASA DE 70 M², RUA CAETANO FARIAS, BAIRRO AREIAL, MUNICIPIO DE MANAQUIRI";"70000,00";"18/09/2018";"17:42:34"
"13/11/2024";"10:55:11";2018;2;"Eleição Ordinária";297;"Eleições Gerais Estaduais 2018";"07/10/2018";"AM";"AM";"AMAZONAS";40000629602;3;21;"Veículo automotor terrestre: caminhão, automóvel, moto, etc.";"#NULO#";"58900,00";"19/11/2021";"06:43:58"
"13/11/2024";"10:55:11";2018;2;"Eleição Ordinária";297;"Eleições Gerais Estaduais 2018";"07/10/2018";"AM";"AM";"AMAZONAS";40000629602;6;12;"Casa";"#NULO#";"167520,79";"19/11/2021";"06:43:58"
"13/11/2024";"10:55:11";2018;2;"Eleição Ordinária";297;"Eleições Gerais Estaduais 2018";"07/10/2018";"AM";"AM";"AMAZONAS";40000608146;7;49;"Outras aplicações e Investimentos";"#NULO#";"21521,83";"19/04/2021";"20:13:19"
"13/11/2024";"10:55:11";2018;2;"Eleição Ordinária";297;"Eleições Gerais Estaduais 2018";"07/10/2018";"AM";"AM";"AMAZONAS";40000608146;8;49;"Outras aplicações e Investimentos";"#NULO#";"7000,00";"19/04/2021";"20:13:19"
"13/11/2024";"10:55:11";2018;2;"Eleição Ordinária";297;"Eleições Gerais Estaduais 2018";"07/10/2018";"AM";"AM";"AMAZONAS";40000608223;2;49;"Outras aplicações e Investimentos";"Poupança e Aplicações";"9132,90";"19/04/2021";"20:13:16"
"13/11/2024";"10:55:11";2018;2;"Eleição Ordinária";297;"Eleições Gerais Estaduais 2018";"07/10/2018";"AM";"AM";"AMAZONAS";40000608233;10;49;"Outras aplicações e Investimentos";"previdencia privada no itau s/a vgbl no valor de r$ 3.063,46 aplicacao financeira no itau s/a ¿ operacao compromissada . valor r$ 2.773,20";"2773,20";"19/04/2021";"20:13:14"
"13/11/2024";"10:55:11";2018;2;"Eleição Ordinária";297;"Eleições Gerais Estaduais 2018";"07/10/2018";"AM";"AM";"AMAZONAS";40000608895;1;49;"Outras aplicações e Investimentos";"#NULO#";"44843,69";"19/04/2021";"20:13:23"
"13/11/2024";"10:55:11";2018;2;"Eleição Ordinária";297;"Eleições Gerais Estaduais 2018";"07/10/2018";"AM";"AM";"AMAZONAS";40000608895;5;49;"Outras aplicações e Investimentos";"#NULO#";"278000,00";"19/04/2021";"20:13:23"
"13/11/2024";"10:55:11";2018;2;"Eleição Ordinária";297;"Eleições Gerais Estaduais 2018";"07/10/2018";"AM";"AM";"AMAZONAS";40000608896;3;49;"Outras aplicações e Investimentos";"#NULO#";"1114,00";"19/04/2021";"20:13:23"
"13/11/2024";"10:55:11";2018;2;"Eleição Ordinária";297;"Eleições Gerais Estaduais 2018";"07/10/2018";"AM";"AM";"AMAZONAS";40000618999;2;13;"Terreno";"#NULO#";"30000,00";"19/04/2021";"20:13:17"
"13/11/2024";"10:55:11";2018;2;"Eleição Ordinária";297;"Eleições Gerais Estaduais 2018";"07/10/2018";"AM";"AM";"AMAZONAS";40000619009;1;13;"Terreno";"#NULO#";"100000,00";"19/04/2021";"20:13:05"
"13/11/2024";"10:55:11";2018;2;"Eleição Ordinária";297;"Eleições Gerais Estaduais 2018";"07/10/2018";"AM";"AM";"AMAZONAS";40000619015;3;13;"Terreno";"#NULO#";"30000,00";"19/04/2021";"20:13:05"
"13/11/2024";"10:55:11";2018;2;"Eleição Ordinária";297;"Eleições Gerais Estaduais 2018";"07/10/2018";"AM";"AM";"AMAZONAS";40000619020;1;13;"Terreno";"#NULO#";"5000,00";"19/04/2021";"20:13:05"
"13/11/2024";"10:55:11";2018;2;"Eleição Ordinária";297;"Eleições Gerais Estaduais 2018";"07/10/2018";"AM";"AM";"AMAZONAS";40000623402;1;13;"Terreno";"#NULO#";"250000,00";"19/04/2021";"20:13:22"
"13/11/2024";"10:55:11";2018;2;"Eleição Ordinária";297;"Eleições Gerais Estaduais 2018";"07/10/2018";"AM";"AM";"AMAZONAS";40000623415;4;13;"Terreno";"TERRENO, 36 HECTARES, ÁREA RURAL DO MUNICÍPIO DE URUCARÁ";"15000,00";"19/04/2021";"20:13:25"
"13/11/2024";"10:55:11";2018;2;"Eleição Ordinária";297;"Eleições Gerais Estaduais 2018";"07/10/2018";"AM";"AM";"AMAZONAS";40000623424;1;13;"Terreno";"#NULO#";"40000,00";"19/04/2021";"20:13:18"
"13/11/2024";"10:55:11";2018;2;"Eleição Ordinária";297;"Eleições Gerais Estaduais 2018";"07/10/2018";"AM";"AM";"AMAZONAS";40000623432;2;23;"Embarcação";"#NULO#";"50000,00";"19/04/2021";"20:13:04"
"13/11/2024";"10:55:11";2018;2;"Eleição Ordinária";297;"Eleições Gerais Estaduais 2018";"07/10/2018";"AM";"AM";"AMAZONAS";40000623452;11;13;"Terreno";"TERRENO SITUADO NA RUA F CONDOMINIO RESIDENCIAL PONTA NEGRA II, BAIRRO PONTA NEGRA EM MANAUS AMAZONAS.";"10000,00";"19/04/2021";"20:13:15"
"13/11/2024";"10:55:11";2018;2;"Eleição Ordinária";297;"Eleições Gerais Estaduais 2018";"07/10/2018";"AM";"AM";"AMAZONAS";40000623455;1;13;"Terreno";"BAIRRO AGUAS CLARAS, COM ÁREA DE  600M², IPTU N. 302133. ";"180000,00";"19/04/2021";"20:13:15"
"13/11/2024";"10:55:11";2018;2;"Eleição Ordinária";297;"Eleições Gerais Estaduais 2018";"07/10/2018";"AM";"AM";"AMAZONAS";40000623465;3;13;"Terreno";"175m2 com uma edificação residencial de 130m2 localizado na Rua O, QD51 N° 05-Armando Mendes.";"75000,00";"19/04/2021";"20:13:15"
"13/11/2024";"10:55:11";2018;2;"Eleição Ordinária";297;"Eleições Gerais Estaduais 2018";"07/10/2018";"AM";"AM";"AMAZONAS";40000625748;3;23;"Embarcação";"#NULO#";"30000,00";"19/04/2021";"20:13:19"
"13/11/2024";"10:55:11";2018;2;"Eleição Ordinária";297;"Eleições Gerais Estaduais 2018";"07/10/2018";"AM";"AM";"AMAZONAS";40000625748;4;23;"Embarcação";"#NULO#";"42000,00";"19/04/2021";"20:13:19"
"13/11/2024";"10:55:11";2018;2;"Eleição Ordinária";297;"Eleições Gerais Estaduais 2018";"07/10/2018";"AM";"AM";"AMAZONAS";40000627681;1;13;"Terreno";"#NULO#";"110000,00";"19/04/2021";"20:13:18"
"13/11/2024";"10:55:11";2018;2;"Eleição Ordinária";297;"Eleições Gerais Estaduais 2018";"07/10/2018";"AM";"AM";"AMAZONAS";40000627681;2;13;"Terreno";"#NULO#";"230000,00";"19/04/2021";"20:13:18"
"13/11/2024";"10:55:11";2018;2;"Eleição Ordinária";297;"Eleições Gerais Estaduais 2018";"07/10/2018";"AM";"AM";"AMAZONAS";40000627703;12;63;"Dinheiro em espécie - moeda nacional";"#NULO#";"10000,00";"19/04/2021";"20:13:04"
"13/11/2024";"10:55:11";2018;2;"Eleição Ordinária";297;"Eleições Gerais Estaduais 2018";"07/10/2018";"AM";"AM";"AMAZONAS";40000627712;1;13;"Terreno";"#NULO#";"25000,00";"19/04/2021";"20:13:04"
"13/11/2024";"10:55:11";2018;2;"Eleição Ordinária";297;"Eleições Gerais Estaduais 2018";"07/10/2018";"AM";"AM";"AMAZONAS";40000627715;2;13;"Terreno";"#NULO#";"40000,00";"19/04/2021";"20:13:04"
"13/11/2024";"10:55:11";2018;2;"Eleição Ordinária";297;"Eleições Gerais Estaduais 2018";"07/10/2018";"AM";"AM";"AMAZONAS";40000627720;6;13;"Terreno";"#NULO#";"15000,00";"19/04/2021";"20:13:04"
"13/11/2024";"10:55:11";2018;2;"Eleição Ordinária";297;"Eleições Gerais Estaduais 2018";"07/10/2018";"AM";"AM";"AMAZONAS";40000627720;7;13;"Terreno";"#NULO#";"15000,00";"19/04/2021";"20:13:04"
"13/11/2024";"10:55:11";2018;2;"Eleição Ordinária";297;"Eleições Gerais Estaduais 2018";"07/10/2018";"AM";"AM";"AMAZONAS";40000627720;8;13;"Terreno";"#NULO#";"15000,00";"19/04/2021";"20:13:04"
"13/11/2024";"10:55:11";2018;2;"Eleição Ordinária";297;"Eleições Gerais Estaduais 2018";"07/10/2018";"AM";"AM";"AMAZONAS";40000627720;9;13;"Terreno";"#NULO#";"15000,00";"19/04/2021";"20:13:04"
"13/11/2024";"10:55:11";2018;2;"Eleição Ordinária";297;"Eleições Gerais Estaduais 2018";"07/10/2018";"AM";"AM";"AMAZONAS";40000627725;6;63;"Dinheiro em espécie - moeda nacional";"#NULO#";"10000,00";"19/04/2021";"20:13:26"
"13/11/2024";"10:55:11";2018;2;"Eleição Ordinária";297;"Eleições Gerais Estaduais 2018";"07/10/2018";"AM";"AM";"AMAZONAS";40000627737;1;63;"Dinheiro em espécie - moeda nacional";"#NULO#";"500,00";"19/04/2021";"20:13:12"
"13/11/2024";"10:55:11";2018;2;"Eleição Ordinária";297;"Eleições Gerais Estaduais 2018";"07/10/2018";"AM";"AM";"AMAZONAS";40000627738;2;63;"Dinheiro em espécie - moeda nacional";"#NULO#";"60000,00";"19/04/2021";"20:13:09"
"13/11/2024";"10:55:11";2018;2;"Eleição Ordinária";297;"Eleições Gerais Estaduais 2018";"07/10/2018";"AM";"AM";"AMAZONAS";40000628264;1;63;"Dinheiro em espécie - moeda nacional";"#NULO#";"500,00";"18/09/2018";"11:25:55"
"13/11/2024";"10:55:11";2018;2;"Eleição Ordinária";297;"Eleições Gerais Estaduais 2018";"07/10/2018";"AM";"AM";"AMAZONAS";40000628520;1;63;"Dinheiro em espécie - moeda nacional";"#NULO#";"1,00";"18/09/2018";"11:25:55"
"13/11/2024";"10:55:11";2018;2;"Eleição Ordinária";297;"Eleições Gerais Estaduais 2018";"07/10/2018";"AM";"AM";"AMAZONAS";40000629602;5;13;"Terreno";"#NULO#";"275087,70";"19/11/2021";"06:43:58"
"13/11/2024";"10:55:11";2018;2;"Eleição Ordinária";297;"Eleições Gerais Estaduais 2018";"07/10/2018";"AM";"AM";"AMAZONAS";40000629896;1;13;"Terreno";"#NULO#";"120000,00";"19/11/2021";"06:43:58"
"13/11/2024";"10:55:11";2018;2;"Eleição Ordinária";297;"Eleições Gerais Estaduais 2018";"07/10/2018";"AM";"AM";"AMAZONAS";40000618263;20;62;"Depósito bancário em conta corrente no exterior";"CONTA BANCARIA NO BANCO BANK OF AMERICA NOS ESTADOS UNIDOS COM SALDO NO DIA 31 DE DEZEMBRO DE 2017: US$255,366.09 (DUZENTOS E CINQUENTA E CINCO MIL TREZENTOS E SESSENTA E SEIS DOLARES DOS ESTADOS UNID";"844597,81";"19/04/2021";"20:13:26"
"13/11/2024";"10:55:11";2018;2;"Eleição Ordinária";297;"Eleições Gerais Estaduais 2018";"07/10/2018";"AM";"AM";"AMAZONAS";40000623452;4;15;"Sala ou conjunto";"SALA COMERCIAL AVENIDA EDUARDO RIBEIRO 639, SALAS 1210 EDIFICIO PALACIO Do COMERCIO CENTRO MANAUS AMAZONAS";"6359,58";"19/04/2021";"20:13:15"
"13/11/2024";"10:55:11";2018;2;"Eleição Ordinária";297;"Eleições Gerais Estaduais 2018";"07/10/2018";"AM";"AM";"AMAZONAS";40000627734;7;54;"Poupança para construção ou aquisição de bem imóvel";"#NULO#";"114000,00";"18/09/2018";"11:25:55"
"13/11/2024";"10:55:11";2018;2;"Eleição Ordinária";297;"Eleições Gerais Estaduais 2018";"07/10/2018";"AM";"AM";"AMAZONAS";40000619002;5;2;"Prédio comercial";"#NULO#";"800000,00";"19/04/2021";"20:13:17"
"13/11/2024";"10:55:11";2018;2;"Eleição Ordinária";297;"Eleições Gerais Estaduais 2018";"07/10/2018";"AM";"AM";"AMAZONAS";40000619015;2;2;"Prédio comercial";"#NULO#";"80000,00";"19/04/2021";"20:13:05"
"13/11/2024";"10:55:11";2018;2;"Eleição Ordinária";297;"Eleições Gerais Estaduais 2018";"07/10/2018";"AM";"AM";"AMAZONAS";40000627720;2;2;"Prédio comercial";"#NULO#";"860000,00";"19/04/2021";"20:13:04"
"13/11/2024";"10:55:11";2018;2;"Eleição Ordinária";297;"Eleições Gerais Estaduais 2018";"07/10/2018";"AM";"AM";"AMAZONAS";40000627725;7;72;"Fundo de Longo Prazo e Fundo de Investimentos em Direitos Creditórios (FIDC)";"#NULO#";"33570,77";"19/04/2021";"20:13:26"
"13/11/2024";"10:55:11";2018;2;"Eleição Ordinária";297;"Eleições Gerais Estaduais 2018";"07/10/2018";"AM";"AM";"AMAZONAS";40000609272;1;2;"Prédio comercial";"#NULO#";"2000000,00";"19/04/2021";"20:13:18"
"13/11/2024";"10:55:11";2018;2;"Eleição Ordinária";297;"Eleições Gerais Estaduais 2018";"07/10/2018";"AM";"AM";"AMAZONAS";40000610325;3;2;"Prédio comercial";"#NULO#";"50000,00";"19/04/2021";"20:13:06"
"13/11/2024";"10:55:11";2018;2;"Eleição Ordinária";297;"Eleições Gerais Estaduais 2018";"07/10/2018";"AM";"AM";"AMAZONAS";40000617514;1;2;"Prédio comercial";"Prédio Comercial, Rua Azaléia Coreana, 64, Bairro Alfredo Nascimento, Manaus -AM";"500000,00";"19/04/2021";"20:13:13"
"13/11/2024";"10:55:11";2018;2;"Eleição Ordinária";297;"Eleições Gerais Estaduais 2018";"07/10/2018";"AM";"AM";"AMAZONAS";40000608207;5;2;"Prédio comercial";"1 PRÉDIO COMERCIAL DE 1 PAVIMENTO NA RUA ROSARINHO, 350 SÃO JOSÉ";"350000,00";"19/04/2021";"20:13:15"
"13/11/2024";"10:55:11";2018;2;"Eleição Ordinária";297;"Eleições Gerais Estaduais 2018";"07/10/2018";"AM";"AM";"AMAZONAS";40000608212;1;2;"Prédio comercial";"1 casa comercial/Hotel, situada na Av. Tefé, 33 - Raiz, Manaus/AM";"500000,00";"19/04/2021";"20:13:16"
"13/11/2024";"10:55:11";2018;2;"Eleição Ordinária";297;"Eleições Gerais Estaduais 2018";"07/10/2018";"AM";"AM";"AMAZONAS";40000608228;3;2;"Prédio comercial";"dois imoveis predio residencial situado a rua Leonardo Malcher n 1168 Centro com sua escritura lavrada em 26/06/2009 2. Oficio de notas desta capital livro n. 1629 as fls n.. 080/081, adquirido da Sra";"120000,00";"19/04/2021";"20:13:14"
"13/11/2024";"10:55:11";2018;2;"Eleição Ordinária";297;"Eleições Gerais Estaduais 2018";"07/10/2018";"AM";"AM";"AMAZONAS";40000608233;9;2;"Prédio comercial";"predio comercial na travessa pedro tinoco 739 auxiliadora manicore , construido pelo valor de valor de 58000,00, num terreno adquirido em 16/03/2017 pelo valor de r$ 12000,00.";"70000,00";"19/04/2021";"20:13:14"
"13/11/2024";"10:55:11";2018;2;"Eleição Ordinária";297;"Eleições Gerais Estaduais 2018";"07/10/2018";"AM";"AM";"AMAZONAS";40000608882;4;2;"Prédio comercial";"#NULO#";"300000,00";"19/04/2021";"20:13:08"
"13/11/2024";"10:55:11";2018;2;"Eleição Ordinária";297;"Eleições Gerais Estaduais 2018";"07/10/2018";"AM";"AM";"AMAZONAS";40000608882;11;2;"Prédio comercial";"#NULO#";"300000,00";"19/04/2021";"20:13:08"
"13/11/2024";"10:55:11";2018;2;"Eleição Ordinária";297;"Eleições Gerais Estaduais 2018";"07/10/2018";"AM";"AM";"AMAZONAS";40000608905;1;2;"Prédio comercial";"#NULO#";"100000,00";"19/04/2021";"20:13:23"
"13/11/2024";"10:55:11";2018;2;"Eleição Ordinária";297;"Eleições Gerais Estaduais 2018";"07/10/2018";"AM";"AM";"AMAZONAS";40000609251;1;2;"Prédio comercial";"#NULO#";"300000,00";"19/04/2021";"20:13:17"
"13/11/2024";"10:55:11";2018;2;"Eleição Ordinária";297;"Eleições Gerais Estaduais 2018";"07/10/2018";"AM";"AM";"AMAZONAS";40000627725;9;45;"Aplicação de renda fixa (CDB, RDB e outros)";"#NULO#";"203224,97";"19/04/2021";"20:13:26"
"13/11/2024";"10:55:11";2018;2;"Eleição Ordinária";297;"Eleições Gerais Estaduais 2018";"07/10/2018";"AM";"AM";"AMAZONAS";40000627734;5;45;"Aplicação de renda fixa (CDB, RDB e outros)";"#NULO#";"74095,94";"18/09/2018";"11:25:55"
"13/11/2024";"10:55:11";2018;2;"Eleição Ordinária";297;"Eleições Gerais Estaduais 2018";"07/10/2018";"AM";"AM";"AMAZONAS";40000627734;6;45;"Aplicação de renda fixa (CDB, RDB e outros)";"#NULO#";"8807,00";"18/09/2018";"11:25:55"
"13/11/2024";"10:55:11";2018;2;"Eleição Ordinária";297;"Eleições Gerais Estaduais 2018";"07/10/2018";"AM";"AM";"AMAZONAS";40000629602;1;45;"Aplicação de renda fixa (CDB, RDB e outros)";"#NULO#";"44987,03";"19/11/2021";"06:43:58"
"13/11/2024";"10:55:11";2018;2;"Eleição Ordinária";297;"Eleições Gerais Estaduais 2018";"07/10/2018";"AM";"AM";"AMAZONAS";40000609273;3;74;"Fundos: Ações, Mútuos de Privatização, Invest. Empresas Emergentes, Invest.Participação e Invest. Índice Mercado";"#NULO#";"10000,00";"18/09/2018";"11:25:55"
"13/11/2024";"10:55:11";2018;2;"Eleição Ordinária";297;"Eleições Gerais Estaduais 2018";"07/10/2018";"AM";"AM";"AMAZONAS";40000610062;13;15;"Sala ou conjunto";"SALA COMERCIAL EM CONSTRUCAO ADQUIRIDO ATRAVES DA CRISTAL ENGENHARIA LTDA SL 315/2 EM 18/02/2013 CNPJ: 02.402.223/0001-00";"45886,94";"19/04/2021";"20:13:26"
"13/11/2024";"10:55:11";2018;2;"Eleição Ordinária";297;"Eleições Gerais Estaduais 2018";"07/10/2018";"AM";"AM";"AMAZONAS";40000610065;2;15;"Sala ou conjunto";"#NULO#";"58700,00";"19/04/2021";"20:13:25"
"13/11/2024";"10:55:11";2018;2;"Eleição Ordinária";297;"Eleições Gerais Estaduais 2018";"07/10/2018";"AM";"AM";"AMAZONAS";40000610435;9;74;"Fundos: Ações, Mútuos de Privatização, Invest. Empresas Emergentes, Invest.Participação e Invest. Índice Mercado";"#NULO#";"137588,67";"19/04/2021";"20:13:21"
"13/11/2024";"10:55:11";2018;2;"Eleição Ordinária";297;"Eleições Gerais Estaduais 2018";"07/10/2018";"AM";"AM";"AMAZONAS";40000610435;14;73;"Fundo de Investimento Imobiliário";"#NULO#";"7307,69";"19/04/2021";"20:13:21"
"13/11/2024";"10:55:11";2018;2;"Eleição Ordinária";297;"Eleições Gerais Estaduais 2018";"07/10/2018";"AM";"AM";"AMAZONAS";40000611542;2;15;"Sala ou conjunto";"SALA, EDF. PALÁCIO DO COMÉRCIO, N. 1401, CENTRO";"100000,00";"19/04/2021";"20:13:07"
"13/11/2024";"10:55:11";2018;2;"Eleição Ordinária";297;"Eleições Gerais Estaduais 2018";"07/10/2018";"AM";"AM";"AMAZONAS";40000611542;3;15;"Sala ou conjunto";"SALA, EDF. RIO NEGRO CENTER, N. 419, RUA 24 DE MAIO, CENTRO";"150000,00";"19/04/2021";"20:13:07"
"13/11/2024";"10:55:11";2018;2;"Eleição Ordinária";297;"Eleições Gerais Estaduais 2018";"07/10/2018";"AM";"AM";"AMAZONAS";40000612669;9;15;"Sala ou conjunto";"#NULO#";"125750,00";"19/04/2021";"20:13:05"
"13/11/2024";"10:55:11";2018;2;"Eleição Ordinária";297;"Eleições Gerais Estaduais 2018";"07/10/2018";"AM";"AM";"AMAZONAS";40000617491;4;73;"Fundo de Investimento Imobiliário";"LETRA DE CRÉDITO IMOBILIÁRIO - CAIXA ECONÔMICA FEDERAL";"364000,00";"19/04/2021";"20:13:10"
"13/11/2024";"10:55:11";2018;2;"Eleição Ordinária";297;"Eleições Gerais Estaduais 2018";"07/10/2018";"AM";"AM";"AMAZONAS";40000617491;5;73;"Fundo de Investimento Imobiliário";"FUNDO DE INVESTIMENTO - CAIXA ECONÔMICA FEDERAL";"1633910,95";"19/04/2021";"20:13:10"
"13/11/2024";"10:55:11";2018;2;"Eleição Ordinária";297;"Eleições Gerais Estaduais 2018";"07/10/2018";"AM";"AM";"AMAZONAS";40000617491;9;15;"Sala ou conjunto";"SALA COMERCIAL LOCALIZADA NO COND. ATLANTIC TOWER, CONTENDO 39M2";"194400,00";"19/04/2021";"20:13:10"
"13/11/2024";"10:55:11";2018;2;"Eleição Ordinária";297;"Eleições Gerais Estaduais 2018";"07/10/2018";"AM";"AM";"AMAZONAS";40000618261;29;73;"Fundo de Investimento Imobiliário";"SALDO DE RENDIMENTOS A RECEBER DO BB PROGRESSIVO II FUNDO DE INVESTIMENTO IMOBILIARIO CNPJ 14.410.722/0001-29.";"1250,92";"19/04/2021";"20:13:26"
"13/11/2024";"10:55:11";2018;2;"Eleição Ordinária";297;"Eleições Gerais Estaduais 2018";"07/10/2018";"AM";"AM";"AMAZONAS";40000618261;30;73;"Fundo de Investimento Imobiliário";"APLICACAO DE RENDA FIXA CERTIFICADOS DE RECEBIVEIS IMOBILIARIOS - BANCO BRADESCO S.A. - 60.746.948/0001-12";"3059166,23";"19/04/2021";"20:13:26"
"13/11/2024";"10:55:11";2018;2;"Eleição Ordinária";297;"Eleições Gerais Estaduais 2018";"07/10/2018";"AM";"AM";"AMAZONAS";40000618261;33;73;"Fundo de Investimento Imobiliário";"INVESTIMENTO TRX FUNDO DE INV EM COTAS DE FIM DESENVOLVIMENTO IMOBILIARIO - BEM DIST TIT E VALORES MOBILIARIOS LTDA - CNPJ:00.066.670/0001-00";"600000,00";"19/04/2021";"20:13:26"
"13/11/2024";"10:55:11";2018;2;"Eleição Ordinária";297;"Eleições Gerais Estaduais 2018";"07/10/2018";"AM";"AM";"AMAZONAS";40000618261;42;73;"Fundo de Investimento Imobiliário";"LETRA DE CREDITO IMOBILIARIO, BANCO BRADESCO S/A, CNPJ 60.746.948/0001-12";"555055,37";"19/04/2021";"20:13:26"
"13/11/2024";"10:55:11";2018;2;"Eleição Ordinária";297;"Eleições Gerais Estaduais 2018";"07/10/2018";"AM";"AM";"AMAZONAS";40000618263;2;15;"Sala ou conjunto";"SALA COMERCIAL com Garagem SITUADA A RUA 24 DE MAIO, 220/715 - CENTRO - MANAUS - AM";"46812,81";"19/04/2021";"20:13:26"
"13/11/2024";"10:55:11";2018;2;"Eleição Ordinária";297;"Eleições Gerais Estaduais 2018";"07/10/2018";"AM";"AM";"AMAZONAS";40000618263;3;15;"Sala ou conjunto";"SALA COMERCIAL com Garagem SITUADA NA RUA 24 DE MAIO, 220/714 CENTRO - MANAUS - AM 105 - Brasil";"49031,29";"19/04/2021";"20:13:26"
"13/11/2024";"10:55:11";2018;2;"Eleição Ordinária";297;"Eleições Gerais Estaduais 2018";"07/10/2018";"AM";"AM";"AMAZONAS";40000608148;5;15;"Sala ou conjunto";"#NULO#";"162992,20";"19/04/2021";"20:13:19"
"13/11/2024";"10:55:11";2018;2;"Eleição Ordinária";297;"Eleições Gerais Estaduais 2018";"07/10/2018";"AM";"AM";"AMAZONAS";40000608157;9;15;"Sala ou conjunto";"#NULO#";"35000,00";"19/04/2021";"20:13:19"
"13/11/2024";"10:55:11";2018;2;"Eleição Ordinária";297;"Eleições Gerais Estaduais 2018";"07/10/2018";"AM";"AM";"AMAZONAS";40000608880;3;15;"Sala ou conjunto";"#NULO#";"35305,40";"19/04/2021";"20:13:08"
"13/11/2024";"10:55:11";2018;2;"Eleição Ordinária";297;"Eleições Gerais Estaduais 2018";"07/10/2018";"AM";"AM";"AMAZONAS";40000627727;4;97;"VGBL - Vida Gerador de Benefício Livre";"#NULO#";"165000,00";"19/04/2021";"20:13:25"
"13/11/2024";"10:55:11";2018;2;"Eleição Ordinária";297;"Eleições Gerais Estaduais 2018";"07/10/2018";"AM";"AM";"AMAZONAS";40000610063;4;45;"Aplicação de renda fixa (CDB, RDB e outros)";"Bradesco saldo em aplicação renda fixa CNPJ 60.746.948/0001-12";"45201,69";"19/04/2021";"20:13:26"
"13/11/2024";"10:55:11";2018;2;"Eleição Ordinária";297;"Eleições Gerais Estaduais 2018";"07/10/2018";"AM";"AM";"AMAZONAS";40000610065;15;45;"Aplicação de renda fixa (CDB, RDB e outros)";"#NULO#";"250000,00";"19/04/2021";"20:13:25"
"13/11/2024";"10:55:11";2018;2;"Eleição Ordinária";297;"Eleições Gerais Estaduais 2018";"07/10/2018";"AM";"AM";"AMAZONAS";40000610065;16;45;"Aplicação de renda fixa (CDB, RDB e outros)";"#NULO#";"200000,00";"19/04/2021";"20:13:25"
"13/11/2024";"10:55:11";2018;2;"Eleição Ordinária";297;"Eleições Gerais Estaduais 2018";"07/10/2018";"AM";"AM";"AMAZONAS";40000610067;18;45;"Aplicação de renda fixa (CDB, RDB e outros)";"APLICAÇÃO BB CP ADMIN SUPREMO BANCO DO BRASIL S/A  AGÊNCIA 1870-8, CONTA CORRENTE 5255-8 105 BRASIL CNPJ 04.288.966/0001-27";"7013,83";"19/04/2021";"20:13:25"
"13/11/2024";"10:55:11";2018;2;"Eleição Ordinária";297;"Eleições Gerais Estaduais 2018";"07/10/2018";"AM";"AM";"AMAZONAS";40000610067;22;45;"Aplicação de renda fixa (CDB, RDB e outros)";"QUOTAS DA EMPRESA MENDES E MENDES CONSULTORIA EM GESTÃO EMPRESARIAL LTDA CF. CONTRATO SOCIAL DATADO DE 05.11.2015, REGISTRADO EM 14.12.2015 SOB O NÚMERO 13200678214 NA JUCEA";"11000,00";"19/04/2021";"20:13:25"
"13/11/2024";"10:55:11";2018;2;"Eleição Ordinária";297;"Eleições Gerais Estaduais 2018";"07/10/2018";"AM";"AM";"AMAZONAS";40000610338;5;45;"Aplicação de renda fixa (CDB, RDB e outros)";"#NULO#";"656,31";"19/04/2021";"20:13:06"
"13/11/2024";"10:55:11";2018;2;"Eleição Ordinária";297;"Eleições Gerais Estaduais 2018";"07/10/2018";"AM";"AM";"AMAZONAS";40000610405;7;45;"Aplicação de renda fixa (CDB, RDB e outros)";"#NULO#";"119851,53";"19/04/2021";"20:13:21"
"13/11/2024";"10:55:11";2018;2;"Eleição Ordinária";297;"Eleições Gerais Estaduais 2018";"07/10/2018";"AM";"AM";"AMAZONAS";40000610435;11;45;"Aplicação de renda fixa (CDB, RDB e outros)";"#NULO#";"31650,36";"19/04/2021";"20:13:21"
"13/11/2024";"10:55:11";2018;2;"Eleição Ordinária";297;"Eleições Gerais Estaduais 2018";"07/10/2018";"AM";"AM";"AMAZONAS";40000610435;15;45;"Aplicação de renda fixa (CDB, RDB e outros)";"#NULO#";"111528,25";"19/04/2021";"20:13:21"
"13/11/2024";"10:55:11";2018;2;"Eleição Ordinária";297;"Eleições Gerais Estaduais 2018";"07/10/2018";"AM";"AM";"AMAZONAS";40000610435;17;45;"Aplicação de renda fixa (CDB, RDB e outros)";"#NULO#";"28050,00";"19/04/2021";"20:13:21"
"13/11/2024";"10:55:11";2018;2;"Eleição Ordinária";297;"Eleições Gerais Estaduais 2018";"07/10/2018";"AM";"AM";"AMAZONAS";40000610435;18;45;"Aplicação de renda fixa (CDB, RDB e outros)";"#NULO#";"8589,60";"19/04/2021";"20:13:21"
"13/11/2024";"10:55:11";2018;2;"Eleição Ordinária";297;"Eleições Gerais Estaduais 2018";"07/10/2018";"AM";"AM";"AMAZONAS";40000610435;19;45;"Aplicação de renda fixa (CDB, RDB e outros)";"#NULO#";"18318,12";"19/04/2021";"20:13:21"
"13/11/2024";"10:55:11";2018;2;"Eleição Ordinária";297;"Eleições Gerais Estaduais 2018";"07/10/2018";"AM";"AM";"AMAZONAS";40000612641;3;45;"Aplicação de renda fixa (CDB, RDB e outros)";"Aplicação renda fixa LP 100 no banco do brasil ";"6014,33";"19/04/2021";"20:13:14"
"13/11/2024";"10:55:11";2018;2;"Eleição Ordinária";297;"Eleições Gerais Estaduais 2018";"07/10/2018";"AM";"AM";"AMAZONAS";40000612656;5;45;"Aplicação de renda fixa (CDB, RDB e outros)";"#NULO#";"100000,00";"19/04/2021";"20:13:07"
"13/11/2024";"10:55:11";2018;2;"Eleição Ordinária";297;"Eleições Gerais Estaduais 2018";"07/10/2018";"AM";"AM";"AMAZONAS";40000617491;11;45;"Aplicação de renda fixa (CDB, RDB e outros)";"APLICAÇÃO EM RENDA FIXA BANCO SAFRA S.A";"100000,00";"19/04/2021";"20:13:10"
"13/11/2024";"10:55:11";2018;2;"Eleição Ordinária";297;"Eleições Gerais Estaduais 2018";"07/10/2018";"AM";"AM";"AMAZONAS";40000617492;4;45;"Aplicação de renda fixa (CDB, RDB e outros)";"APLICAÇÃO NO CDB NO BANCO SANTANDER 3273 - 000010010980";"13304,70";"19/04/2021";"20:13:10"
"13/11/2024";"10:55:11";2018;2;"Eleição Ordinária";297;"Eleições Gerais Estaduais 2018";"07/10/2018";"AM";"AM";"AMAZONAS";40000617492;5;45;"Aplicação de renda fixa (CDB, RDB e outros)";"POUPANÇA NO BANCO BRADESCO AGÊNCIA 3711 C/C 3612-9";"7,64";"19/04/2021";"20:13:10"
"13/11/2024";"10:55:11";2018;2;"Eleição Ordinária";297;"Eleições Gerais Estaduais 2018";"07/10/2018";"AM";"AM";"AMAZONAS";40000617492;6;45;"Aplicação de renda fixa (CDB, RDB e outros)";"SALDO EM CONTA CORRENTE NO BRADESCO AGÊNCIA 1364 C/C 3612-9";"91,04";"19/04/2021";"20:13:10"
"13/11/2024";"10:55:11";2018;2;"Eleição Ordinária";297;"Eleições Gerais Estaduais 2018";"07/10/2018";"AM";"AM";"AMAZONAS";40000617495;1;45;"Aplicação de renda fixa (CDB, RDB e outros)";"APLICAÇÃO DE RENDA  FIXA (CDB, RDB E OUTROS)";"19,31";"19/04/2021";"20:13:10"
"13/11/2024";"10:55:11";2018;2;"Eleição Ordinária";297;"Eleições Gerais Estaduais 2018";"07/10/2018";"AM";"AM";"AMAZONAS";40000617495;2;45;"Aplicação de renda fixa (CDB, RDB e outros)";"APLICAÇÃO DE RENDA FIXA (CDB, RDB E OUTROS)";"3835,28";"19/04/2021";"20:13:10"
"13/11/2024";"10:55:11";2018;2;"Eleição Ordinária";297;"Eleições Gerais Estaduais 2018";"07/10/2018";"AM";"AM";"AMAZONAS";40000617499;2;45;"Aplicação de renda fixa (CDB, RDB e outros)";"APLICAÇÃO DE RENDA FIXA (CDB) E INVESTIMENTO PLUS BRADESCO";"8017,79";"19/04/2021";"20:13:10"
"13/11/2024";"10:55:11";2018;2;"Eleição Ordinária";297;"Eleições Gerais Estaduais 2018";"07/10/2018";"AM";"AM";"AMAZONAS";40000617516;3;45;"Aplicação de renda fixa (CDB, RDB e outros)";"Investimento LCA";"60000,00";"19/04/2021";"20:13:13"
"13/11/2024";"10:55:11";2018;2;"Eleição Ordinária";297;"Eleições Gerais Estaduais 2018";"07/10/2018";"AM";"AM";"AMAZONAS";40000618261;9;45;"Aplicação de renda fixa (CDB, RDB e outros)";"BRADESCO VIDA E PREVIDENCIA S/A, SALDO EM VGBL, CNPJ 51.990.695/0001-37. - 105 ¿ Brasil";"7059377,19";"19/04/2021";"20:13:26"
"13/11/2024";"10:55:11";2018;2;"Eleição Ordinária";297;"Eleições Gerais Estaduais 2018";"07/10/2018";"AM";"AM";"AMAZONAS";40000618261;11;45;"Aplicação de renda fixa (CDB, RDB e outros)";"INVESTIMENTO EM LETRA DE CREDITO DO AGRONEGOCIO NO BANCO BRADESCO - CNPJ: 60.746.948/0001-12";"935000,00";"19/04/2021";"20:13:26"
"13/11/2024";"10:55:11";2018;2;"Eleição Ordinária";297;"Eleições Gerais Estaduais 2018";"07/10/2018";"AM";"AM";"AMAZONAS";40000618261;19;45;"Aplicação de renda fixa (CDB, RDB e outros)";"APLICACAO DE RENDA FIXA OUTROS - BANCO BRADESCO. CNPJ: 60.746.948/0001-12";"1339367,12";"19/04/2021";"20:13:26"
"13/11/2024";"10:55:11";2018;2;"Eleição Ordinária";297;"Eleições Gerais Estaduais 2018";"07/10/2018";"AM";"AM";"AMAZONAS";40000618261;22;45;"Aplicação de renda fixa (CDB, RDB e outros)";"APLICACAO EM LETRA FINANCEIRA NO BANCO BRADESCO S.A. ";"1657500,00";"19/04/2021";"20:13:26"
"13/11/2024";"10:55:11";2018;2;"Eleição Ordinária";297;"Eleições Gerais Estaduais 2018";"07/10/2018";"AM";"AM";"AMAZONAS";40000618261;27;45;"Aplicação de renda fixa (CDB, RDB e outros)";"INVESTIMENTO BRADESCO PRIVATE FIC DE FUNDOS DE INV. RF CREDITO PRIVADO LIQUIDEZ, BANCO BRADESCO.";"103864,39";"19/04/2021";"20:13:26"
"13/11/2024";"10:55:11";2018;2;"Eleição Ordinária";297;"Eleições Gerais Estaduais 2018";"07/10/2018";"AM";"AM";"AMAZONAS";40000618261;28;45;"Aplicação de renda fixa (CDB, RDB e outros)";"1.000 ACOES BBPO11 DO FII BB PROGRESSIVO II FUNDO DE INV.";"100000,00";"19/04/2021";"20:13:26"
"13/11/2024";"10:55:11";2018;2;"Eleição Ordinária";297;"Eleições Gerais Estaduais 2018";"07/10/2018";"AM";"AM";"AMAZONAS";40000618261;31;45;"Aplicação de renda fixa (CDB, RDB e outros)";"APLICACAO DE RENDA FIXA DEBENTURES INFRAESTRUTURA - BANCO BRADESCO S.A. ¿ CNPJ: 60.746.948/0001-12";"1986680,35";"19/04/2021";"20:13:26"
"13/11/2024";"10:55:11";2018;2;"Eleição Ordinária";297;"Eleições Gerais Estaduais 2018";"07/10/2018";"AM";"AM";"AMAZONAS";40000618261;32;45;"Aplicação de renda fixa (CDB, RDB e outros)";"INVESTIMENTO BRADESCO FIC DE FIM BRASIL PLURAL EQUITY HEDGE 30.- CNPJ: 00.066.670/0001-00";"1621922,44";"19/04/2021";"20:13:26"
"13/11/2024";"10:55:11";2018;2;"Eleição Ordinária";297;"Eleições Gerais Estaduais 2018";"07/10/2018";"AM";"AM";"AMAZONAS";40000618261;34;45;"Aplicação de renda fixa (CDB, RDB e outros)";"APLICACAO DE RENDA FIXA CERTIFICADO DE RECEBIVEIS AGRONEGOCIO, BANCO BRADESCO. - CNPJ: 60.746.948/0001-12";"1312467,45";"19/04/2021";"20:13:26"
"13/11/2024";"10:55:11";2018;2;"Eleição Ordinária";297;"Eleições Gerais Estaduais 2018";"07/10/2018";"AM";"AM";"AMAZONAS";40000618261;43;45;"Aplicação de renda fixa (CDB, RDB e outros)";"BRADESCO PRIVATE FIC FDO DE INV MULTIMERCADO MULTI ASSETS 30 - BEM DIST TIT E VALORES MOBILIARIOS LTDA CNPJ:00.066.670/0001-00";"1574041,63";"19/04/2021";"20:13:26"
"13/11/2024";"10:55:11";2018;2;"Eleição Ordinária";297;"Eleições Gerais Estaduais 2018";"07/10/2018";"AM";"AM";"AMAZONAS";40000618261;44;45;"Aplicação de renda fixa (CDB, RDB e outros)";"APLICACAO DE RENDA FIXA (CDB) - BANCO BRADESCO. AG. 20.030-1 - CNPJ: 60.746.948/0001-12";"100430,12";"19/04/2021";"20:13:26"
"13/11/2024";"10:55:11";2018;2;"Eleição Ordinária";297;"Eleições Gerais Estaduais 2018";"07/10/2018";"AM";"AM";"AMAZONAS";40000618261;45;45;"Aplicação de renda fixa (CDB, RDB e outros)";"BANCO SAFRA - SAFRA TOP PREMIUM RF L PRAZO- JS ADMINISTRACAO FIDUCIARIA LTDA, CNPJ 06.947.853/0001-11.";"1190876,51";"19/04/2021";"20:13:26"
"13/11/2024";"10:55:11";2018;2;"Eleição Ordinária";297;"Eleições Gerais Estaduais 2018";"07/10/2018";"AM";"AM";"AMAZONAS";40000618261;47;45;"Aplicação de renda fixa (CDB, RDB e outros)";"GAVEA PLUS BP FI EM COTAS DE FUNDOS DE INV MULTIMERCADO - BEM DIST. TIT E VALORES MOBILIARIOS LTDA. CNPJ: 00.066.670/0001-00";"408894,69";"19/04/2021";"20:13:26"
"13/11/2024";"10:55:11";2018;2;"Eleição Ordinária";297;"Eleições Gerais Estaduais 2018";"07/10/2018";"AM";"AM";"AMAZONAS";40000618261;48;45;"Aplicação de renda fixa (CDB, RDB e outros)";"APLICACAO NEO MULTIESTRATEGIA 30 BP FIC DE FUNDOS DE INVEST MULTI - BEM DIST. TIT. E VALORES MOBILIARIOS LTDA.";"151956,68";"19/04/2021";"20:13:26"
"13/11/2024";"10:55:11";2018;2;"Eleição Ordinária";297;"Eleições Gerais Estaduais 2018";"07/10/2018";"AM";"AM";"AMAZONAS";40000618261;50;45;"Aplicação de renda fixa (CDB, RDB e outros)";"BRADESCO FUNDOS DE INVESTIMENTO EM ACOES DIVIDENDOS - BEM DIST. TIT. E VALORES MOBILIARIOS LTDA. -CNPJ: 00.066.670/0001-00";"350000,00";"19/04/2021";"20:13:26"
"13/11/2024";"10:55:11";2018;2;"Eleição Ordinária";297;"Eleições Gerais Estaduais 2018";"07/10/2018";"AM";"AM";"AMAZONAS";40000618262;9;45;"Aplicação de renda fixa (CDB, RDB e outros)";"APLICACAO DE RENDA FIXA-CDB BANCO BRADESCO CNPJ:60.746.948/0001-12";"180113,09";"19/04/2021";"20:13:26"
"13/11/2024";"10:55:11";2018;2;"Eleição Ordinária";297;"Eleições Gerais Estaduais 2018";"07/10/2018";"AM";"AM";"AMAZONAS";40000618262;12;45;"Aplicação de renda fixa (CDB, RDB e outros)";"BRASIL PREV ESTILO VGBL - CNPJ: 00.000.000/5838-63";"120000,00";"19/04/2021";"20:13:26"
"13/11/2024";"10:55:11";2018;2;"Eleição Ordinária";297;"Eleições Gerais Estaduais 2018";"07/10/2018";"AM";"AM";"AMAZONAS";40000618262;13;45;"Aplicação de renda fixa (CDB, RDB e outros)";"APLICACAO DE RENDA FIXA CERTIFICADOS DE RECEBIVEIS IMOBILIARIOS - BANCO BRADESCO - CNPJ: 60.746.948/0001-12";"100000,00";"19/04/2021";"20:13:26"
"13/11/2024";"10:55:11";2018;2;"Eleição Ordinária";297;"Eleições Gerais Estaduais 2018";"07/10/2018";"AM";"AM";"AMAZONAS";40000618262;14;45;"Aplicação de renda fixa (CDB, RDB e outros)";"APLICACAO DE RENDA FIXA CRA BRADESCO S.A - CNPJ: 60.746.948/0001-12";"300000,00";"19/04/2021";"20:13:26"
"13/11/2024";"10:55:11";2018;2;"Eleição Ordinária";297;"Eleições Gerais Estaduais 2018";"07/10/2018";"AM";"AM";"AMAZONAS";40000618262;15;45;"Aplicação de renda fixa (CDB, RDB e outros)";"APLICACAO LETRA FINANCEIRA BANCO BRADESCO - CNPJ: 60.746.948/0001-12";"150000,00";"19/04/2021";"20:13:26"
"13/11/2024";"10:55:11";2018;2;"Eleição Ordinária";297;"Eleições Gerais Estaduais 2018";"07/10/2018";"AM";"AM";"AMAZONAS";40000618262;16;45;"Aplicação de renda fixa (CDB, RDB e outros)";"BRADESCO PRIVATE FIC DE FI RENDA FIXA REFERENCIADO DI PORTFOLIO - CNPJ: 60.746.948/0001-12";"405802,45";"19/04/2021";"20:13:26"
"13/11/2024";"10:55:11";2018;2;"Eleição Ordinária";297;"Eleições Gerais Estaduais 2018";"07/10/2018";"AM";"AM";"AMAZONAS";40000618262;17;45;"Aplicação de renda fixa (CDB, RDB e outros)";"APLICACAO BRADESCO PRIVATE FIC FDO DE INV MULTIMERCADO FUNDO OF FUNDS VALOR RELATIVO CNPJ: 60.746.948/0001-12";"100359,35";"19/04/2021";"20:13:26"
"13/11/2024";"10:55:11";2018;2;"Eleição Ordinária";297;"Eleições Gerais Estaduais 2018";"07/10/2018";"AM";"AM";"AMAZONAS";40000618262;18;45;"Aplicação de renda fixa (CDB, RDB e outros)";"MAUA ABSOLUTO BP FI EM COTAS DE FUNDOS DE INV MULTIMERCADO - BEM DIST. TIT E VALORES MOBILIARIOS LTDA. -CNPJ: 00.066.670/0001-00";"52620,76";"19/04/2021";"20:13:26"
"13/11/2024";"10:55:11";2018;2;"Eleição Ordinária";297;"Eleições Gerais Estaduais 2018";"07/10/2018";"AM";"AM";"AMAZONAS";40000618262;19;45;"Aplicação de renda fixa (CDB, RDB e outros)";"GAVEA PLUS BP FI EM COTAS DE FUNDOS DE INV MULTIMERCADO - BEM DIST. TIT E VALORES MOBILIARIOS LTDA. - CNPJ: 00.066.670/0001-00";"102335,95";"19/04/2021";"20:13:26"
"13/11/2024";"10:55:11";2018;2;"Eleição Ordinária";297;"Eleições Gerais Estaduais 2018";"07/10/2018";"AM";"AM";"AMAZONAS";40000618262;20;45;"Aplicação de renda fixa (CDB, RDB e outros)";"APLICACAO NEO MULTIESTRATEGIA 30 BP FIC DE FUNDOS DE INVEST MULTI - BEM DIST. TIT. E VALORES MOBILIARIOS LTDA. - CNPJ: 00.066.670/0001-00";"99492,53";"19/04/2021";"20:13:26"
"13/11/2024";"10:55:11";2018;2;"Eleição Ordinária";297;"Eleições Gerais Estaduais 2018";"07/10/2018";"AM";"AM";"AMAZONAS";40000618262;21;45;"Aplicação de renda fixa (CDB, RDB e outros)";"APLICACAO BRADESCO PRIVATE FI EM COTAS DE FIA MULTI ASSET EQUITIES - BEM DIST. TIT. E VALORES MOBILIARIOS LTDA. - CNPJ: 00.066.670/0001-00";"67500,00";"19/04/2021";"20:13:26"
"13/11/2024";"10:55:11";2018;2;"Eleição Ordinária";297;"Eleições Gerais Estaduais 2018";"07/10/2018";"AM";"AM";"AMAZONAS";40000618262;22;45;"Aplicação de renda fixa (CDB, RDB e outros)";"APLICACAO BRADESCO PRIVATE FIC FDO DE INV MULTIMERCADO MULTI ASSETS - BEM DIST. TIT. E VALORES MOBILIARIOS LTDA. CNPJ: 00.066.670/0001-00";"118937,25";"19/04/2021";"20:13:26"
"13/11/2024";"10:55:11";2018;2;"Eleição Ordinária";297;"Eleições Gerais Estaduais 2018";"07/10/2018";"AM";"AM";"AMAZONAS";40000618262;23;45;"Aplicação de renda fixa (CDB, RDB e outros)";"APLICACAO BRADESCO FUNDOS DE INVESTIMENTO EM ACOES DIVIDENDOS - BEM DIST. TIT. E VALORES MOBILIARIOS LTDA. CNPJ: 00.066.670/0001-00";"67500,00";"19/04/2021";"20:13:26"
"13/11/2024";"10:55:11";2018;2;"Eleição Ordinária";297;"Eleições Gerais Estaduais 2018";"07/10/2018";"AM";"AM";"AMAZONAS";40000618263;13;45;"Aplicação de renda fixa (CDB, RDB e outros)";"ITAU PREMIO DI MASTER RENDA FIXA FICFI E SUPER RENDA FIXA FICFI";"11165,84";"19/04/2021";"20:13:26"
"13/11/2024";"10:55:11";2018;2;"Eleição Ordinária";297;"Eleições Gerais Estaduais 2018";"07/10/2018";"AM";"AM";"AMAZONAS";40000618263;22;45;"Aplicação de renda fixa (CDB, RDB e outros)";"APLICACOES DE RENDA FIXA Invest Plus e CDB FONTE PAGADORA BANCO BRADESCO S.A";"4197,60";"19/04/2021";"20:13:26"
"13/11/2024";"10:55:11";2018;2;"Eleição Ordinária";297;"Eleições Gerais Estaduais 2018";"07/10/2018";"AM";"AM";"AMAZONAS";40000618263;23;45;"Aplicação de renda fixa (CDB, RDB e outros)";"Fundo PGBL do Itaú Vida e Previdencia - 105 - Brasil - CNPJ: 92.661.388/0001-90";"5494,32";"19/04/2021";"20:13:26"
"13/11/2024";"10:55:11";2018;2;"Eleição Ordinária";297;"Eleições Gerais Estaduais 2018";"07/10/2018";"AM";"AM";"AMAZONAS";40000618263;24;45;"Aplicação de renda fixa (CDB, RDB e outros)";"Fundo VGBL Bradesco Vida e Previdencia S.A. - 105 - Brasil - CNPJ: 51.990.695/0001-37";"7194,35";"19/04/2021";"20:13:26"
"13/11/2024";"10:55:11";2018;2;"Eleição Ordinária";297;"Eleições Gerais Estaduais 2018";"07/10/2018";"AM";"AM";"AMAZONAS";40000618273;7;45;"Aplicação de renda fixa (CDB, RDB e outros)";"#NULO#";"49500,00";"19/04/2021";"20:13:12"
"13/11/2024";"10:55:11";2018;2;"Eleição Ordinária";297;"Eleições Gerais Estaduais 2018";"07/10/2018";"AM";"AM";"AMAZONAS";40000604138;6;45;"Aplicação de renda fixa (CDB, RDB e outros)";"Aplicação de renda fixa - CDB, no Banco Bradesco";"44987,03";"18/09/2018";"11:25:55"
"13/11/2024";"10:55:11";2018;2;"Eleição Ordinária";297;"Eleições Gerais Estaduais 2018";"07/10/2018";"AM";"AM";"AMAZONAS";40000608146;6;45;"Aplicação de renda fixa (CDB, RDB e outros)";"#NULO#";"21521,83";"19/04/2021";"20:13:19"
"13/11/2024";"10:55:11";2018;2;"Eleição Ordinária";297;"Eleições Gerais Estaduais 2018";"07/10/2018";"AM";"AM";"AMAZONAS";40000608157;6;45;"Aplicação de renda fixa (CDB, RDB e outros)";"#NULO#";"20263,98";"19/04/2021";"20:13:19"
"13/11/2024";"10:55:11";2018;2;"Eleição Ordinária";297;"Eleições Gerais Estaduais 2018";"07/10/2018";"AM";"AM";"AMAZONAS";40000608871;9;45;"Aplicação de renda fixa (CDB, RDB e outros)";"#NULO#";"34185,43";"19/04/2021";"20:13:04"
"13/11/2024";"10:55:11";2018;2;"Eleição Ordinária";297;"Eleições Gerais Estaduais 2018";"07/10/2018";"AM";"AM";"AMAZONAS";40000608871;10;45;"Aplicação de renda fixa (CDB, RDB e outros)";"#NULO#";"1733174,88";"19/04/2021";"20:13:04"
"13/11/2024";"10:55:11";2018;2;"Eleição Ordinária";297;"Eleições Gerais Estaduais 2018";"07/10/2018";"AM";"AM";"AMAZONAS";40000608871;15;45;"Aplicação de renda fixa (CDB, RDB e outros)";"#NULO#";"57554,47";"19/04/2021";"20:13:04"
"13/11/2024";"10:55:11";2018;2;"Eleição Ordinária";297;"Eleições Gerais Estaduais 2018";"07/10/2018";"AM";"AM";"AMAZONAS";40000608871;16;45;"Aplicação de renda fixa (CDB, RDB e outros)";"#NULO#";"37602,12";"19/04/2021";"20:13:04"
"13/11/2024";"10:55:11";2018;2;"Eleição Ordinária";297;"Eleições Gerais Estaduais 2018";"07/10/2018";"AM";"AM";"AMAZONAS";40000608871;17;45;"Aplicação de renda fixa (CDB, RDB e outros)";"#NULO#";"21234,95";"19/04/2021";"20:13:04"
"13/11/2024";"10:55:11";2018;2;"Eleição Ordinária";297;"Eleições Gerais Estaduais 2018";"07/10/2018";"AM";"AM";"AMAZONAS";40000608871;18;45;"Aplicação de renda fixa (CDB, RDB e outros)";"#NULO#";"28428,23";"19/04/2021";"20:13:04"
"13/11/2024";"10:55:11";2018;2;"Eleição Ordinária";297;"Eleições Gerais Estaduais 2018";"07/10/2018";"AM";"AM";"AMAZONAS";40000608882;15;45;"Aplicação de renda fixa (CDB, RDB e outros)";"#NULO#";"11557,63";"19/04/2021";"20:13:08"
"13/11/2024";"10:55:11";2018;2;"Eleição Ordinária";297;"Eleições Gerais Estaduais 2018";"07/10/2018";"AM";"AM";"AMAZONAS";40000608887;9;45;"Aplicação de renda fixa (CDB, RDB e outros)";"#NULO#";"2174,41";"19/04/2021";"20:13:08"
"13/11/2024";"10:55:11";2018;2;"Eleição Ordinária";297;"Eleições Gerais Estaduais 2018";"07/10/2018";"AM";"AM";"AMAZONAS";40000610062;1;39;"Outras participações societárias";"100% CAPITAL DA EMPRESA H.N. ABRAHAO FILHO - CNPJ: 08.471.602/0001-39";"40000,00";"19/04/2021";"20:13:26"
"13/11/2024";"10:55:11";2018;2;"Eleição Ordinária";297;"Eleições Gerais Estaduais 2018";"07/10/2018";"AM";"AM";"AMAZONAS";40000610062;9;39;"Outras participações societárias";"DIREITO A RECEBER DA EMPRESA KANMEL CONST E EMPREENDIMENTOS LTDA CNPJ: 07.981.626/0001-75";"260000,00";"19/04/2021";"20:13:26"
"13/11/2024";"10:55:11";2018;2;"Eleição Ordinária";297;"Eleições Gerais Estaduais 2018";"07/10/2018";"AM";"AM";"AMAZONAS";40000610063;9;39;"Outras participações societárias";"Participação societaria Havida 21/09/17 por doação de seu pai Francisco Garcia rodrigues ";"1217868,00";"19/04/2021";"20:13:26"
"13/11/2024";"10:55:11";2018;2;"Eleição Ordinária";297;"Eleições Gerais Estaduais 2018";"07/10/2018";"AM";"AM";"AMAZONAS";40000610063;10;39;"Outras participações societárias";"Participação societaria havida 21/09/17 por doação do seu pai Francisco Garcia Rodrigues ";"875000,00";"19/04/2021";"20:13:26"
"13/11/2024";"10:55:11";2018;2;"Eleição Ordinária";297;"Eleições Gerais Estaduais 2018";"07/10/2018";"AM";"AM";"AMAZONAS";40000610063;11;39;"Outras participações societárias";"Participação Societaria Havida 21/09/17 por doação de seu pai Francisco Garcia Rodrigues na empresa SHENZHEN VEICULOS LTDA ";"100000,00";"19/04/2021";"20:13:26"
"13/11/2024";"10:55:11";2018;2;"Eleição Ordinária";297;"Eleições Gerais Estaduais 2018";"07/10/2018";"AM";"AM";"AMAZONAS";40000610063;12;39;"Outras participações societárias";"Participação societaria Havida em 21/09/17 por doação de seu Pai Franscisco Garcia Rodrigues na empresa GARCIA INDUSTRIAL LTDA ";"100000,00";"19/04/2021";"20:13:26"
"13/11/2024";"10:55:11";2018;2;"Eleição Ordinária";297;"Eleições Gerais Estaduais 2018";"07/10/2018";"AM";"AM";"AMAZONAS";40000610064;1;29;"Outros bens móveis";"#NULO#";"60000,00";"19/04/2021";"20:13:26"
"13/11/2024";"10:55:11";2018;2;"Eleição Ordinária";297;"Eleições Gerais Estaduais 2018";"07/10/2018";"AM";"AM";"AMAZONAS";40000610064;6;97;"VGBL - Vida Gerador de Benefício Livre";"#NULO#";"1049376,89";"19/04/2021";"20:13:26"
"13/11/2024";"10:55:11";2018;2;"Eleição Ordinária";297;"Eleições Gerais Estaduais 2018";"07/10/2018";"AM";"AM";"AMAZONAS";40000610065;8;97;"VGBL - Vida Gerador de Benefício Livre";"#NULO#";"250000,00";"19/04/2021";"20:13:25"
"13/11/2024";"10:55:11";2018;2;"Eleição Ordinária";297;"Eleições Gerais Estaduais 2018";"07/10/2018";"AM";"AM";"AMAZONAS";40000610065;14;39;"Outras participações societárias";"#NULO#";"5846,04";"19/04/2021";"20:13:25"
"13/11/2024";"10:55:11";2018;2;"Eleição Ordinária";297;"Eleições Gerais Estaduais 2018";"07/10/2018";"AM";"AM";"AMAZONAS";40000610066;7;97;"VGBL - Vida Gerador de Benefício Livre";"#NULO#";"190248,73";"19/04/2021";"20:13:26"
"13/11/2024";"10:55:11";2018;2;"Eleição Ordinária";297;"Eleições Gerais Estaduais 2018";"07/10/2018";"AM";"AM";"AMAZONAS";40000610067;19;29;"Outros bens móveis";"LANCHA DENOMINADA NEGÃO I, REGISTRADA NA CAPITANIA SOB N. 0011441569, M DATA DE 28.04.2014";"210000,00";"19/04/2021";"20:13:25"
"13/11/2024";"10:55:11";2018;2;"Eleição Ordinária";297;"Eleições Gerais Estaduais 2018";"07/10/2018";"AM";"AM";"AMAZONAS";40000610298;3;39;"Outras participações societárias";"ALICE AS SOBRAL LTDA, SEDE RUA BELO HORIZONTE, 1115 ADRIANOPOLIS 69057060. ATIVIDADE PRINCIPAL: FONOAUDIOLOGIA.";"60000,00";"19/04/2021";"20:13:13"
"13/11/2024";"10:55:11";2018;2;"Eleição Ordinária";297;"Eleições Gerais Estaduais 2018";"07/10/2018";"AM";"AM";"AMAZONAS";40000610320;6;3;"Galpão";"GALPAO LOCALIZADO NA RUA SANTA MARIA DA PAZ,N64 BAIRRO CIDADE DE DEUS";"550000,00";"19/04/2021";"20:13:09"
"13/11/2024";"10:55:11";2018;2;"Eleição Ordinária";297;"Eleições Gerais Estaduais 2018";"07/10/2018";"AM";"AM";"AMAZONAS";40000610320;7;3;"Galpão";"GALPAO LOCALIZADO NA RUA SANTA MARIA DA PAZ NR 455 BAIRRO CIDADE DE DEUS";"450000,00";"19/04/2021";"20:13:09"
"13/11/2024";"10:55:11";2018;2;"Eleição Ordinária";297;"Eleições Gerais Estaduais 2018";"07/10/2018";"AM";"AM";"AMAZONAS";40000610320;8;3;"Galpão";"GALPAO LOCALIZADO NA RUA SANTA MARIA DA PAZ NR 121 BAIRRO CIDADE DE DEUS";"550000,00";"19/04/2021";"20:13:09"
"13/11/2024";"10:55:11";2018;2;"Eleição Ordinária";297;"Eleições Gerais Estaduais 2018";"07/10/2018";"AM";"AM";"AMAZONAS";40000610333;2;39;"Outras participações societárias";"#NULO#";"750000,00";"19/04/2021";"20:13:06"
"13/11/2024";"10:55:11";2018;2;"Eleição Ordinária";297;"Eleições Gerais Estaduais 2018";"07/10/2018";"AM";"AM";"AMAZONAS";40000610338;2;97;"VGBL - Vida Gerador de Benefício Livre";"#NULO#";"8898,88";"19/04/2021";"20:13:06"
"13/11/2024";"10:55:11";2018;2;"Eleição Ordinária";297;"Eleições Gerais Estaduais 2018";"07/10/2018";"AM";"AM";"AMAZONAS";40000610391;3;39;"Outras participações societárias";"Valor de capital 50% da sociedade na Empresa Lima Publicidade, CNPJ: 11.787.867/0001-55";"100000,00";"19/04/2021";"20:13:25"
"13/11/2024";"10:55:11";2018;2;"Eleição Ordinária";297;"Eleições Gerais Estaduais 2018";"07/10/2018";"AM";"AM";"AMAZONAS";40000610412;4;97;"VGBL - Vida Gerador de Benefício Livre";"BRASILPREV APOLICE BENEFICIARIO MARCELO RAMOS RODRIGUES";"91245,34";"19/04/2021";"20:13:24"
"13/11/2024";"10:55:11";2018;2;"Eleição Ordinária";297;"Eleições Gerais Estaduais 2018";"07/10/2018";"AM";"AM";"AMAZONAS";40000610416;4;95;"Consórcio não contemplado";"#NULO#";"81673,19";"19/04/2021";"20:13:25"
"13/11/2024";"10:55:11";2018;2;"Eleição Ordinária";297;"Eleições Gerais Estaduais 2018";"07/10/2018";"AM";"AM";"AMAZONAS";40000610416;7;95;"Consórcio não contemplado";"#NULO#";"8454,85";"19/04/2021";"20:13:25"
"13/11/2024";"10:55:11";2018;2;"Eleição Ordinária";297;"Eleições Gerais Estaduais 2018";"07/10/2018";"AM";"AM";"AMAZONAS";40000610416;9;95;"Consórcio não contemplado";"#NULO#";"11916,05";"19/04/2021";"20:13:25"
"13/11/2024";"10:55:11";2018;2;"Eleição Ordinária";297;"Eleições Gerais Estaduais 2018";"07/10/2018";"AM";"AM";"AMAZONAS";40000610416;10;95;"Consórcio não contemplado";"#NULO#";"7450,11";"19/04/2021";"20:13:25"
"13/11/2024";"10:55:11";2018;2;"Eleição Ordinária";297;"Eleições Gerais Estaduais 2018";"07/10/2018";"AM";"AM";"AMAZONAS";40000610429;9;97;"VGBL - Vida Gerador de Benefício Livre";"VIDA GERADOR DE BENEFÍCIO LIVRE-VGBL";"62875,00";"19/04/2021";"20:13:24"
"13/11/2024";"10:55:11";2018;2;"Eleição Ordinária";297;"Eleições Gerais Estaduais 2018";"07/10/2018";"AM";"AM";"AMAZONAS";40000610435;8;39;"Outras participações societárias";"#NULO#";"150000,00";"19/04/2021";"20:13:21"
"13/11/2024";"10:55:11";2018;2;"Eleição Ordinária";297;"Eleições Gerais Estaduais 2018";"07/10/2018";"AM";"AM";"AMAZONAS";40000610435;12;97;"VGBL - Vida Gerador de Benefício Livre";"#NULO#";"204878,35";"19/04/2021";"20:13:21"
"13/11/2024";"10:55:11";2018;2;"Eleição Ordinária";297;"Eleições Gerais Estaduais 2018";"07/10/2018";"AM";"AM";"AMAZONAS";40000610435;13;95;"Consórcio não contemplado";"#NULO#";"82881,32";"19/04/2021";"20:13:21"
"13/11/2024";"10:55:11";2018;2;"Eleição Ordinária";297;"Eleições Gerais Estaduais 2018";"07/10/2018";"AM";"AM";"AMAZONAS";40000610435;16;97;"VGBL - Vida Gerador de Benefício Livre";"#NULO#";"179500,00";"19/04/2021";"20:13:21"
"13/11/2024";"10:55:11";2018;2;"Eleição Ordinária";297;"Eleições Gerais Estaduais 2018";"07/10/2018";"AM";"AM";"AMAZONAS";40000610435;20;95;"Consórcio não contemplado";"#NULO#";"5611,93";"19/04/2021";"20:13:21"
"13/11/2024";"10:55:11";2018;2;"Eleição Ordinária";297;"Eleições Gerais Estaduais 2018";"07/10/2018";"AM";"AM";"AMAZONAS";40000612654;4;29;"Outros bens móveis";"Veiculo marca Nissan modelo Frontier SL x 4, cor preto, diesel, ano 2016";"100197,36";"19/04/2021";"20:13:06"
"13/11/2024";"10:55:11";2018;2;"Eleição Ordinária";297;"Eleições Gerais Estaduais 2018";"07/10/2018";"AM";"AM";"AMAZONAS";40000612654;5;29;"Outros bens móveis";"veiculo marca Nissan, modelo Mach 1.0 S MT, branco, ano 2016";"30000,00";"19/04/2021";"20:13:06"
"13/11/2024";"10:55:11";2018;2;"Eleição Ordinária";297;"Eleições Gerais Estaduais 2018";"07/10/2018";"AM";"AM";"AMAZONAS";40000612655;1;29;"Outros bens móveis";"#NULO#";"34000,00";"19/04/2021";"20:13:07"
"13/11/2024";"10:55:11";2018;2;"Eleição Ordinária";297;"Eleições Gerais Estaduais 2018";"07/10/2018";"AM";"AM";"AMAZONAS";40000612656;1;29;"Outros bens móveis";"#NULO#";"120000,00";"19/04/2021";"20:13:07"
"13/11/2024";"10:55:11";2018;2;"Eleição Ordinária";297;"Eleições Gerais Estaduais 2018";"07/10/2018";"AM";"AM";"AMAZONAS";40000612656;2;29;"Outros bens móveis";"#NULO#";"80000,00";"19/04/2021";"20:13:07"
"13/11/2024";"10:55:11";2018;2;"Eleição Ordinária";297;"Eleições Gerais Estaduais 2018";"07/10/2018";"AM";"AM";"AMAZONAS";40000612656;3;29;"Outros bens móveis";"#NULO#";"20000,00";"19/04/2021";"20:13:07"
"13/11/2024";"10:55:11";2018;2;"Eleição Ordinária";297;"Eleições Gerais Estaduais 2018";"07/10/2018";"AM";"AM";"AMAZONAS";40000612658;1;29;"Outros bens móveis";"Celta Vermelho";"10000,00";"19/04/2021";"20:13:07"
"13/11/2024";"10:55:11";2018;2;"Eleição Ordinária";297;"Eleições Gerais Estaduais 2018";"07/10/2018";"AM";"AM";"AMAZONAS";40000612661;1;29;"Outros bens móveis";"Chevrolet Prisma 2014/2015 - Prata - Placa OAH-3371";"43000,00";"19/04/2021";"20:13:07"
"13/11/2024";"10:55:11";2018;2;"Eleição Ordinária";297;"Eleições Gerais Estaduais 2018";"07/10/2018";"AM";"AM";"AMAZONAS";40000612662;2;29;"Outros bens móveis";"#NULO#";"25000,00";"19/04/2021";"20:13:07"
"13/11/2024";"10:55:11";2018;2;"Eleição Ordinária";297;"Eleições Gerais Estaduais 2018";"07/10/2018";"AM";"AM";"AMAZONAS";40000612663;2;29;"Outros bens móveis";"LANCHA EM ALUMINIO COM MOTOR 300HP MERCURE";"70000,00";"19/04/2021";"20:13:14"
"13/11/2024";"10:55:11";2018;2;"Eleição Ordinária";297;"Eleições Gerais Estaduais 2018";"07/10/2018";"AM";"AM";"AMAZONAS";40000617482;3;39;"Outras participações societárias";"49% DE QUOTAS NO CAPITAL SOCIAL DA EMPRESA RODRIGUES EMPREENDIMENTOS IMOBILIÁRIOS LTDA - CNPJ N. 24.166.107/0001-72";"2340013,13";"19/04/2021";"20:13:10"
"13/11/2024";"10:55:11";2018;2;"Eleição Ordinária";297;"Eleições Gerais Estaduais 2018";"07/10/2018";"AM";"AM";"AMAZONAS";40000617484;6;97;"VGBL - Vida Gerador de Benefício Livre";"CAIXA ECONÔMICA FEDERAL";"22875,38";"19/04/2021";"20:13:09"
"13/11/2024";"10:55:11";2018;2;"Eleição Ordinária";297;"Eleições Gerais Estaduais 2018";"07/10/2018";"AM";"AM";"AMAZONAS";40000617486;3;97;"VGBL - Vida Gerador de Benefício Livre";"CONTA CORRENTE E VGLB COTA CAPITAL DA UNICRED MANAUS - COOPERATIVA DE CREDITO DE LIRE ADMISSÃO DE ASSOCIADOS DE MANAUS - CNPJ 01.566.038/0001-99 COTA CAPITAL SOCIAL";"15460,37";"19/04/2021";"20:13:09"
"13/11/2024";"10:55:11";2018;2;"Eleição Ordinária";297;"Eleições Gerais Estaduais 2018";"07/10/2018";"AM";"AM";"AMAZONAS";40000617486;4;39;"Outras participações societárias";"PARTICIPAÇÃO SOCIETÁRIA DA FIRMA CLINICA DR. DEODATO DE MIRANDA LEÃO LTDA - 50. - CGC 84.649.549/0001-82";"1000,00";"19/04/2021";"20:13:09"
"13/11/2024";"10:55:11";2018;2;"Eleição Ordinária";297;"Eleições Gerais Estaduais 2018";"07/10/2018";"AM";"AM";"AMAZONAS";40000617492;2;39;"Outras participações societárias";"SÓCIO NA EMPRESA MOVELLI MOVEIS LTDA - CNPJ 10.901.625/0001-88 COM 50% DAS COTAS";"69000,00";"19/04/2021";"20:13:10"
"13/11/2024";"10:55:11";2018;2;"Eleição Ordinária";297;"Eleições Gerais Estaduais 2018";"07/10/2018";"AM";"AM";"AMAZONAS";40000617492;7;3;"Galpão";"GALPÃO NOS LOTES DE TERRA NÚMERO 06 E 07 NO CONJUNTO ÁGUAS CLARAS";"80000,00";"19/04/2021";"20:13:10"
"13/11/2024";"10:55:11";2018;2;"Eleição Ordinária";297;"Eleições Gerais Estaduais 2018";"07/10/2018";"AM";"AM";"AMAZONAS";40000617494;3;97;"VGBL - Vida Gerador de Benefício Livre";"ACUMULADOS NO BANCO BRADESCO VIDA E PREVIDÊNCIA";"56565,95";"19/04/2021";"20:13:10"
"13/11/2024";"10:55:11";2018;2;"Eleição Ordinária";297;"Eleições Gerais Estaduais 2018";"07/10/2018";"AM";"AM";"AMAZONAS";40000617505;3;39;"Outras participações societárias";"Capital Social, Baldoino Serviços Contábeis Eireli, CNPJ:13.475.099/0001-20";"150000,00";"19/04/2021";"20:13:13"
"13/11/2024";"10:55:11";2018;2;"Eleição Ordinária";297;"Eleições Gerais Estaduais 2018";"07/10/2018";"AM";"AM";"AMAZONAS";40000617524;2;29;"Outros bens móveis";"Guitarra Yamaha, RGX, preta";"1500,00";"19/04/2021";"20:13:13"
"13/11/2024";"10:55:11";2018;2;"Eleição Ordinária";297;"Eleições Gerais Estaduais 2018";"07/10/2018";"AM";"AM";"AMAZONAS";40000617524;3;29;"Outros bens móveis";"Pedaleira de efeito, KORG";"1000,00";"19/04/2021";"20:13:13"
"13/11/2024";"10:55:11";2018;2;"Eleição Ordinária";297;"Eleições Gerais Estaduais 2018";"07/10/2018";"AM";"AM";"AMAZONAS";40000617524;4;29;"Outros bens móveis";"Caixa Amplificada, Meteoro, Nitrous 100W";"700,00";"19/04/2021";"20:13:13"
"13/11/2024";"10:55:11";2018;2;"Eleição Ordinária";297;"Eleições Gerais Estaduais 2018";"07/10/2018";"AM";"AM";"AMAZONAS";40000617524;5;29;"Outros bens móveis";"cota capital, Inovações Parmas, CNPJ: 31.006.082/0001-05 ";"500,00";"19/04/2021";"20:13:13"
"13/11/2024";"10:55:11";2018;2;"Eleição Ordinária";297;"Eleições Gerais Estaduais 2018";"07/10/2018";"AM";"AM";"AMAZONAS";40000618264;7;95;"Consórcio não contemplado";"#NULO#";"5530,62";"19/04/2021";"20:13:16"
"13/11/2024";"10:55:11";2018;2;"Eleição Ordinária";297;"Eleições Gerais Estaduais 2018";"07/10/2018";"AM";"AM";"AMAZONAS";40000618267;2;95;"Consórcio não contemplado";"#NULO#";"91000,00";"19/04/2021";"20:13:16"
"13/11/2024";"10:55:11";2018;2;"Eleição Ordinária";297;"Eleições Gerais Estaduais 2018";"07/10/2018";"AM";"AM";"AMAZONAS";40000618273;6;95;"Consórcio não contemplado";"#NULO#";"18272,58";"19/04/2021";"20:13:12"
"13/11/2024";"10:55:11";2018;2;"Eleição Ordinária";297;"Eleições Gerais Estaduais 2018";"07/10/2018";"AM";"AM";"AMAZONAS";40000618285;1;93;"Direito de autor, de inventor e patente";"#NULO#";"2000,00";"19/04/2021";"20:13:08"
"13/11/2024";"10:55:11";2018;2;"Eleição Ordinária";297;"Eleições Gerais Estaduais 2018";"07/10/2018";"AM";"AM";"AMAZONAS";40000609252;1;1;"Prédio residencial";"#NULO#";"590000,00";"19/04/2021";"20:13:18"
"13/11/2024";"10:55:11";2018;2;"Eleição Ordinária";297;"Eleições Gerais Estaduais 2018";"07/10/2018";"AM";"AM";"AMAZONAS";40000609253;1;1;"Prédio residencial";"#NULO#";"40000,00";"18/09/2018";"11:25:55"
"13/11/2024";"10:55:11";2018;2;"Eleição Ordinária";297;"Eleições Gerais Estaduais 2018";"07/10/2018";"AM";"AM";"AMAZONAS";40000612669;4;1;"Prédio residencial";"#NULO#";"50000,00";"19/04/2021";"20:13:05"
"13/11/2024";"10:55:11";2018;2;"Eleição Ordinária";297;"Eleições Gerais Estaduais 2018";"07/10/2018";"AM";"AM";"AMAZONAS";40000608882;3;1;"Prédio residencial";"#NULO#";"200000,00";"19/04/2021";"20:13:08"
"13/11/2024";"10:55:11";2018;2;"Eleição Ordinária";297;"Eleições Gerais Estaduais 2018";"07/10/2018";"AM";"AM";"AMAZONAS";40000608146;4;97;"VGBL - Vida Gerador de Benefício Livre";"#NULO#";"33144,94";"19/04/2021";"20:13:19"
"13/11/2024";"10:55:11";2018;2;"Eleição Ordinária";297;"Eleições Gerais Estaduais 2018";"07/10/2018";"AM";"AM";"AMAZONAS";40000608148;8;95;"Consórcio não contemplado";"#NULO#";"4495,05";"19/04/2021";"20:13:19"
"13/11/2024";"10:55:11";2018;2;"Eleição Ordinária";297;"Eleições Gerais Estaduais 2018";"07/10/2018";"AM";"AM";"AMAZONAS";40000608148;9;95;"Consórcio não contemplado";"#NULO#";"2299,44";"19/04/2021";"20:13:19"
"13/11/2024";"10:55:11";2018;2;"Eleição Ordinária";297;"Eleições Gerais Estaduais 2018";"07/10/2018";"AM";"AM";"AMAZONAS";40000608233;7;95;"Consórcio não contemplado";"consorcio automovel valor da cota r$ 55.000,00 caixa consorcios sa cnpj 05349595/0001-09 valor integralizado r$ 16.614,82";"16614,82";"19/04/2021";"20:13:14"
"13/11/2024";"10:55:11";2018;2;"Eleição Ordinária";297;"Eleições Gerais Estaduais 2018";"07/10/2018";"AM";"AM";"AMAZONAS";40000608233;8;95;"Consórcio não contemplado";"#NULO#";"70000,00";"19/04/2021";"20:13:14"
"13/11/2024";"10:55:11";2018;2;"Eleição Ordinária";297;"Eleições Gerais Estaduais 2018";"07/10/2018";"AM";"AM";"AMAZONAS";40000608243;2;39;"Outras participações societárias";"Participacao Capital Social da Empresa: R O FURTADO NETO ME CNPJ. 23.775.583/0001-28";"5000,00";"19/04/2021";"20:13:05"
"13/11/2024";"10:55:11";2018;2;"Eleição Ordinária";297;"Eleições Gerais Estaduais 2018";"07/10/2018";"AM";"AM";"AMAZONAS";40000608223;1;97;"VGBL - Vida Gerador de Benefício Livre";"VIDA GERADOR DE BENEFÍCIO LIVRE ";"296839,00";"19/04/2021";"20:13:16"
"13/11/2024";"10:55:11";2018;2;"Eleição Ordinária";297;"Eleições Gerais Estaduais 2018";"07/10/2018";"AM";"AM";"AMAZONAS";40000608870;4;95;"Consórcio não contemplado";"#NULO#";"30000,00";"19/04/2021";"20:13:04"
"13/11/2024";"10:55:11";2018;2;"Eleição Ordinária";297;"Eleições Gerais Estaduais 2018";"07/10/2018";"AM";"AM";"AMAZONAS";40000608871;1;39;"Outras participações societárias";"#NULO#";"532860,00";"19/04/2021";"20:13:04"
"13/11/2024";"10:55:11";2018;2;"Eleição Ordinária";297;"Eleições Gerais Estaduais 2018";"07/10/2018";"AM";"AM";"AMAZONAS";40000608871;2;39;"Outras participações societárias";"#NULO#";"399645,00";"19/04/2021";"20:13:04"
"13/11/2024";"10:55:11";2018;2;"Eleição Ordinária";297;"Eleições Gerais Estaduais 2018";"07/10/2018";"AM";"AM";"AMAZONAS";40000608871;3;39;"Outras participações societárias";"#NULO#";"399645,00";"19/04/2021";"20:13:04"
"13/11/2024";"10:55:11";2018;2;"Eleição Ordinária";297;"Eleições Gerais Estaduais 2018";"07/10/2018";"AM";"AM";"AMAZONAS";40000608871;4;39;"Outras participações societárias";"#NULO#";"10000,00";"19/04/2021";"20:13:04"
"13/11/2024";"10:55:11";2018;2;"Eleição Ordinária";297;"Eleições Gerais Estaduais 2018";"07/10/2018";"AM";"AM";"AMAZONAS";40000608871;8;97;"VGBL - Vida Gerador de Benefício Livre";"#NULO#";"15000000,00";"19/04/2021";"20:13:04"
"13/11/2024";"10:55:11";2018;2;"Eleição Ordinária";297;"Eleições Gerais Estaduais 2018";"07/10/2018";"AM";"AM";"AMAZONAS";40000608871;19;97;"VGBL - Vida Gerador de Benefício Livre";"#NULO#";"4995,00";"19/04/2021";"20:13:04"
"13/11/2024";"10:55:11";2018;2;"Eleição Ordinária";297;"Eleições Gerais Estaduais 2018";"07/10/2018";"AM";"AM";"AMAZONAS";40000608878;2;97;"VGBL - Vida Gerador de Benefício Livre";"#NULO#";"314817,23";"19/04/2021";"20:13:08"
"13/11/2024";"10:55:11";2018;2;"Eleição Ordinária";297;"Eleições Gerais Estaduais 2018";"07/10/2018";"AM";"AM";"AMAZONAS";40000608882;2;97;"VGBL - Vida Gerador de Benefício Livre";"#NULO#";"2026759,90";"19/04/2021";"20:13:08"
"13/11/2024";"10:55:11";2018;2;"Eleição Ordinária";297;"Eleições Gerais Estaduais 2018";"07/10/2018";"AM";"AM";"AMAZONAS";40000608882;8;95;"Consórcio não contemplado";"#NULO#";"290600,54";"19/04/2021";"20:13:08"
"13/11/2024";"10:55:11";2018;2;"Eleição Ordinária";297;"Eleições Gerais Estaduais 2018";"07/10/2018";"AM";"AM";"AMAZONAS";40000608893;1;39;"Outras participações societárias";"#NULO#";"5000000,00";"19/04/2021";"20:13:23"
"13/11/2024";"10:55:11";2018;2;"Eleição Ordinária";297;"Eleições Gerais Estaduais 2018";"07/10/2018";"AM";"AM";"AMAZONAS";40000608893;4;39;"Outras participações societárias";"#NULO#";"2000000,00";"19/04/2021";"20:13:23"
"13/11/2024";"10:55:11";2018;2;"Eleição Ordinária";297;"Eleições Gerais Estaduais 2018";"07/10/2018";"AM";"AM";"AMAZONAS";40000608893;5;39;"Outras participações societárias";"#NULO#";"1000000,00";"19/04/2021";"20:13:23"
"13/11/2024";"10:55:11";2018;2;"Eleição Ordinária";297;"Eleições Gerais Estaduais 2018";"07/10/2018";"AM";"AM";"AMAZONAS";40000608895;2;95;"Consórcio não contemplado";"#NULO#";"321900,00";"19/04/2021";"20:13:23"
"13/11/2024";"10:55:11";2018;2;"Eleição Ordinária";297;"Eleições Gerais Estaduais 2018";"07/10/2018";"AM";"AM";"AMAZONAS";40000608905;4;39;"Outras participações societárias";"#NULO#";"1650000,00";"19/04/2021";"20:13:23"
"13/11/2024";"10:55:11";2018;2;"Eleição Ordinária";297;"Eleições Gerais Estaduais 2018";"07/10/2018";"AM";"AM";"AMAZONAS";40000609253;2;13;"Terreno";"#NULO#";"100000,00";"18/09/2018";"11:25:55"
"13/11/2024";"10:55:11";2018;2;"Eleição Ordinária";297;"Eleições Gerais Estaduais 2018";"07/10/2018";"AM";"AM";"AMAZONAS";40000609253;3;23;"Embarcação";"#NULO#";"25000,00";"18/09/2018";"11:25:55"
"13/11/2024";"10:55:11";2018;2;"Eleição Ordinária";297;"Eleições Gerais Estaduais 2018";"07/10/2018";"AM";"AM";"AMAZONAS";40000609256;2;13;"Terreno";"#NULO#";"100000,00";"19/04/2021";"20:13:18"
"13/11/2024";"10:55:11";2018;2;"Eleição Ordinária";297;"Eleições Gerais Estaduais 2018";"07/10/2018";"AM";"AM";"AMAZONAS";40000609257;2;13;"Terreno";"#NULO#";"59123,01";"19/04/2021";"20:13:18"
"13/11/2024";"10:55:11";2018;2;"Eleição Ordinária";297;"Eleições Gerais Estaduais 2018";"07/10/2018";"AM";"AM";"AMAZONAS";40000609257;6;13;"Terreno";"#NULO#";"32266,00";"19/04/2021";"20:13:18"
"13/11/2024";"10:55:11";2018;2;"Eleição Ordinária";297;"Eleições Gerais Estaduais 2018";"07/10/2018";"AM";"AM";"AMAZONAS";40000609258;1;18;"Loja";"#NULO#";"20000,00";"19/04/2021";"20:13:18"
"13/11/2024";"10:55:11";2018;2;"Eleição Ordinária";297;"Eleições Gerais Estaduais 2018";"07/10/2018";"AM";"AM";"AMAZONAS";40000609260;2;13;"Terreno";"#NULO#";"30000,00";"19/04/2021";"20:13:18"
"13/11/2024";"10:55:11";2018;2;"Eleição Ordinária";297;"Eleições Gerais Estaduais 2018";"07/10/2018";"AM";"AM";"AMAZONAS";40000609262;1;13;"Terreno";"#NULO#";"30000,00";"19/04/2021";"20:13:18"
"13/11/2024";"10:55:11";2018;2;"Eleição Ordinária";297;"Eleições Gerais Estaduais 2018";"07/10/2018";"AM";"AM";"AMAZONAS";40000609263;2;13;"Terreno";"#NULO#";"300000,00";"19/04/2021";"20:13:18"
"13/11/2024";"10:55:11";2018;2;"Eleição Ordinária";297;"Eleições Gerais Estaduais 2018";"07/10/2018";"AM";"AM";"AMAZONAS";40000609265;1;13;"Terreno";"#NULO#";"63000,00";"18/09/2018";"11:25:55"
"13/11/2024";"10:55:11";2018;2;"Eleição Ordinária";297;"Eleições Gerais Estaduais 2018";"07/10/2018";"AM";"AM";"AMAZONAS";40000609272;2;13;"Terreno";"#NULO#";"100000,00";"19/04/2021";"20:13:18"
"13/11/2024";"10:55:11";2018;2;"Eleição Ordinária";297;"Eleições Gerais Estaduais 2018";"07/10/2018";"AM";"AM";"AMAZONAS";40000609272;3;13;"Terreno";"#NULO#";"110000,00";"19/04/2021";"20:13:18"
"13/11/2024";"10:55:11";2018;2;"Eleição Ordinária";297;"Eleições Gerais Estaduais 2018";"07/10/2018";"AM";"AM";"AMAZONAS";40000609277;2;13;"Terreno";"#NULO#";"120000,00";"19/04/2021";"20:13:18"
"13/11/2024";"10:55:11";2018;2;"Eleição Ordinária";297;"Eleições Gerais Estaduais 2018";"07/10/2018";"AM";"AM";"AMAZONAS";40000609295;1;13;"Terreno";"Terreno  10 x 20 - Loteamento Canaã, Rodovia Manuel Urbano, km 78";"15000,00";"19/04/2021";"20:13:10"
"13/11/2024";"10:55:11";2018;2;"Eleição Ordinária";297;"Eleições Gerais Estaduais 2018";"07/10/2018";"AM";"AM";"AMAZONAS";40000609303;2;13;"Terreno";"UM LOTE DE TERRA LOCALIZADO AV SARGENTO NONATO BRITO, 1000, CAREIRO, MEDINDO 60 X 50, EQUIVALENTE A 3.000 METROS QUADRADOS, .ADQURIDO EM 01/06/ 2009, ORA DECLARADO";"8000,00";"19/04/2021";"20:13:10"
"13/11/2024";"10:55:11";2018;2;"Eleição Ordinária";297;"Eleições Gerais Estaduais 2018";"07/10/2018";"AM";"AM";"AMAZONAS";40000609303;3;13;"Terreno";"UM LOTE DE TERRA LOCALIZADO NA AV MARIO GUEDES DA SILVA, CAREIRO, MEDINDO 19X28, EQUIVALENTE A 532 METROS QUADRADOS, ADQURIDOS DE FAUSTINA PEREIRA MAGALHAES, EM 04/11/2008";"10000,00";"19/04/2021";"20:13:10"
"13/11/2024";"10:55:11";2018;2;"Eleição Ordinária";297;"Eleições Gerais Estaduais 2018";"07/10/2018";"AM";"AM";"AMAZONAS";40000609303;4;13;"Terreno";"UM LOTE DE TERRA SITUADO NA AV. COSME CARNEIRO. CAREIRO, MEDINDO 40X70, EQUIVALENTE A 2.800 METROS QUADRADOS, ADQUIRIDO DE PREFEITURA MUNICIPAL DO CAREIRO, ADQUIRIDO EM MAIO DE 2011, ORA REGULARIZADO.";"2004,05";"19/04/2021";"20:13:10"
"13/11/2024";"10:55:11";2018;2;"Eleição Ordinária";297;"Eleições Gerais Estaduais 2018";"07/10/2018";"AM";"AM";"AMAZONAS";40000609303;5;13;"Terreno";"UM LOTE DE TERRAS LOCALIZADO RUA COSME CARNEIRO, CAREIRO, MEDINDO 16 X 70, EQUIVALENTE A 1.120 METROS QUADRADOS, ADQUIRIDO DE MARISA ONOFRE DOS REIS, CPF: 474.675.682-15., ADQUIRIDO EM NOVEMBRO DE 201";"20000,00";"19/04/2021";"20:13:10"
"13/11/2024";"10:55:11";2018;2;"Eleição Ordinária";297;"Eleições Gerais Estaduais 2018";"07/10/2018";"AM";"AM";"AMAZONAS";40000609303;6;13;"Terreno";"UM LOTE DE TERRAS LOCALIZADO NA BR 319, KM 100, CAREIRO, MEDINDO 80X80, EQUIVALNETE A 6.400 METROS QUADRADOS ADQUIRIDO DE MATOSINHO LEAO GUIDO, CPF: 123.306.632-34, LOTE ADQUIRIDO EM 09/02/2011, DADO ";"100000,00";"19/04/2021";"20:13:10"
"13/11/2024";"10:55:11";2018;2;"Eleição Ordinária";297;"Eleições Gerais Estaduais 2018";"07/10/2018";"AM";"AM";"AMAZONAS";40000609315;1;63;"Dinheiro em espécie - moeda nacional";"VALOR EM MEU PODER";"135000,00";"18/09/2018";"11:25:55"
"13/11/2024";"10:55:11";2018;2;"Eleição Ordinária";297;"Eleições Gerais Estaduais 2018";"07/10/2018";"AM";"AM";"AMAZONAS";40000610062;4;13;"Terreno";"TERRENO - COND RESIDENCIAL MARIA RIO BELO - LOTE 154 Q/E BAIRRO TARUMA - MANAUS/AM.";"64348,90";"19/04/2021";"20:13:26"
"13/11/2024";"10:55:11";2018;2;"Eleição Ordinária";297;"Eleições Gerais Estaduais 2018";"07/10/2018";"AM";"AM";"AMAZONAS";40000610062;2;13;"Terreno";"TERRENO - COND RESIDENCIAL MARINA RIO BELO - LOTE 120 Q/E BAIRRO TARUMA - MANAUS/AM.";"137946,10";"19/04/2021";"20:13:26"
"13/11/2024";"10:55:11";2018;2;"Eleição Ordinária";297;"Eleições Gerais Estaduais 2018";"07/10/2018";"AM";"AM";"AMAZONAS";40000610062;5;13;"Terreno";"TERRENO COND RESIDENCIAL MARINA RIO BELO - LOTE 155 Q/E BAIRRO TARUMA - MANAUS/AM";"64348,90";"19/04/2021";"20:13:26"
"13/11/2024";"10:55:11";2018;2;"Eleição Ordinária";297;"Eleições Gerais Estaduais 2018";"07/10/2018";"AM";"AM";"AMAZONAS";40000610062;10;13;"Terreno";"TERRENO - COND RESIDENCIAL RESERVA DO PARQUE - LOTE 27 BAIRRO PONTA NEGRA - MANAUS/AM";"50000,00";"19/04/2021";"20:13:26"
"13/11/2024";"10:55:11";2018;2;"Eleição Ordinária";297;"Eleições Gerais Estaduais 2018";"07/10/2018";"AM";"AM";"AMAZONAS";40000610062;11;13;"Terreno";"TERRENO - COND RESIDENCIAL RESERVA DO PARQUE - LOTE 185 BAIRRO PONTA NEGRA - MANAUS/AM.";"50000,00";"19/04/2021";"20:13:26"
"13/11/2024";"10:55:11";2018;2;"Eleição Ordinária";297;"Eleições Gerais Estaduais 2018";"07/10/2018";"AM";"AM";"AMAZONAS";40000610062;12;13;"Terreno";"TRANSFERENCIA DA DECLARACAO DO BEM DE SRA AMANDA CAMPELO ABRHAO, LOTE DE TERRA URBANO MEDINDO 20X40 LOCALIZADO NO KM 107 BR 174 MUNICIPIO DE PRESIDENTE FIGUEIREDO";"44996,00";"19/04/2021";"20:13:26"
"13/11/2024";"10:55:11";2018;2;"Eleição Ordinária";297;"Eleições Gerais Estaduais 2018";"07/10/2018";"AM";"AM";"AMAZONAS";40000610063;3;13;"Terreno";"Terreno jardim das Americas n.172 quadra J situado A adquirido circular cuba do condominio jardim das americas  financiado ";"915000,00";"19/04/2021";"20:13:26"
"13/11/2024";"10:55:11";2018;2;"Eleição Ordinária";297;"Eleições Gerais Estaduais 2018";"07/10/2018";"AM";"AM";"AMAZONAS";40000610064;3;13;"Terreno";"#NULO#";"27740,31";"19/04/2021";"20:13:26"
"13/11/2024";"10:55:11";2018;2;"Eleição Ordinária";297;"Eleições Gerais Estaduais 2018";"07/10/2018";"AM";"AM";"AMAZONAS";40000610065;6;13;"Terreno";"#NULO#";"100000,00";"19/04/2021";"20:13:25"
"13/11/2024";"10:55:11";2018;2;"Eleição Ordinária";297;"Eleições Gerais Estaduais 2018";"07/10/2018";"AM";"AM";"AMAZONAS";40000610066;4;13;"Terreno";"#NULO#";"27299,26";"19/04/2021";"20:13:26"
"13/11/2024";"10:55:11";2018;2;"Eleição Ordinária";297;"Eleições Gerais Estaduais 2018";"07/10/2018";"AM";"AM";"AMAZONAS";40000610067;2;13;"Terreno";"INSCRIÇÃO MUNICIPAL (IPTU) 0152050065001 LOGRADOURO: RUA CINERARIA, S/N. , BAIRRO PRAIA ANCORA, RIO DAS OSTRAS-RJ. CEP 28899-386. AREA TOTAL 852,3 m²";"5666,94";"19/04/2021";"20:13:25"
"13/11/2024";"10:55:11";2018;2;"Eleição Ordinária";297;"Eleições Gerais Estaduais 2018";"07/10/2018";"AM";"AM";"AMAZONAS";40000610067;3;13;"Terreno";"INSCRIÇÃO MUNICIPAL (IPTU) 46293 LOGRADOURO: RUA BELO HORIZONTE, N. 11-A, BAIRRO ADRIANÓPOLIS, MANAUS-AM. CEP 69060-601. AREA TOTAL 676,27 m²";"6800,32";"19/04/2021";"20:13:25"
"13/11/2024";"10:55:11";2018;2;"Eleição Ordinária";297;"Eleições Gerais Estaduais 2018";"07/10/2018";"AM";"AM";"AMAZONAS";40000610067;4;13;"Terreno";"INSCRIÇÃO MUNICIPAL (IPTU) 0997767001 LOGRADOURO: RUA ANTONIA DE SOUZA TEIXEIRA, N. 14, COMPLEMENTO: CASA 03 CONDOMINIO COQUEIRAL, BAIRRO PRAIA GRANDE, ARRAIAL DO CABO-RJ. CEP 28930-000.";"5666,94";"19/04/2021";"20:13:25"
"13/11/2024";"10:55:11";2018;2;"Eleição Ordinária";297;"Eleições Gerais Estaduais 2018";"07/10/2018";"AM";"AM";"AMAZONAS";40000610067;8;63;"Dinheiro em espécie - moeda nacional";"VALORES EM ESPÉCIE -  MOEDAS NACIONAL";"120000,00";"19/04/2021";"20:13:25"
"13/11/2024";"10:55:11";2018;2;"Eleição Ordinária";297;"Eleições Gerais Estaduais 2018";"07/10/2018";"AM";"AM";"AMAZONAS";40000610067;11;23;"Embarcação";"LANCHA CONSTRUIDA EM ALUMINIO NAVAL COMPRIMENTO 27,60m, BOCA 5,35m, PONTAL 1,70m, COM A DENOMINAÇÃO DE RIO EYRU";"250000,00";"19/04/2021";"20:13:25"
"13/11/2024";"10:55:11";2018;2;"Eleição Ordinária";297;"Eleições Gerais Estaduais 2018";"07/10/2018";"AM";"AM";"AMAZONAS";40000610067;24;13;"Terreno";"INSCRIÇÃO MUNICIPAL IPTU 454989 LOTEAMENTO ITAPURANGA IV  BAIRRO PONTA NEGRA LOGRADOURO: AVENIDA THALES LOUREIRO, N. 767-A MUNICÍPIO MANAUS, UF AM, CEP 69037-255";"300000,00";"19/04/2021";"20:13:25"
"13/11/2024";"10:55:11";2018;2;"Eleição Ordinária";297;"Eleições Gerais Estaduais 2018";"07/10/2018";"AM";"AM";"AMAZONAS";40000610067;25;13;"Terreno";"LOTEAMENTO ITAPURANGA IV  BAIRRO PONTA NEGRA LOGRADOURO: AVENIDA THALES LOUREIRO, N. 767 MUNICÍPIO MANAUS, UF AM, CEP 69037-255";"150000,00";"19/04/2021";"20:13:25"
"13/11/2024";"10:55:11";2018;2;"Eleição Ordinária";297;"Eleições Gerais Estaduais 2018";"07/10/2018";"AM";"AM";"AMAZONAS";40000610067;26;13;"Terreno";"LOTEAMENTO ITAPURANGA IV ¿ USO COMUM BAIRRO PONTA NEGRA LOGRADOURO: AVENIDA THALES LOUREIRO, N. 767-A MUNICÍPIO MANAUS, UF AM, CEP 69037-255";"50000,00";"19/04/2021";"20:13:25"
"13/11/2024";"10:55:11";2018;2;"Eleição Ordinária";297;"Eleições Gerais Estaduais 2018";"07/10/2018";"AM";"AM";"AMAZONAS";40000610300;2;13;"Terreno";"LOTE DE TERRA ÁREA 448,80m PERÍMETRO DE 108,20m LINEARES, COM UM GALPÃO DENTRO MEDINDO 8x35, LOCALIXZADO À RUA ERNANDES PAIVA, BAIRRO CONJUNTO NOVO, MUNICÍPIO DE MANAQUIRI-AM";"350000,00";"19/04/2021";"20:13:13"
"13/11/2024";"10:55:11";2018;2;"Eleição Ordinária";297;"Eleições Gerais Estaduais 2018";"07/10/2018";"AM";"AM";"AMAZONAS";40000610299;2;13;"Terreno";"TERRENO PEQUENO,MEDINDO 200 METROS QUADRADOS, LOCALIZADO NA AV. ÁLVARO MAIA, 79 ¿ CENTRO ¿ SÃO GABRIEL DA CACHOEIRA-AM.";"5000,00";"18/09/2018";"11:25:55"
"13/11/2024";"10:55:11";2018;2;"Eleição Ordinária";297;"Eleições Gerais Estaduais 2018";"07/10/2018";"AM";"AM";"AMAZONAS";40000610347;9;13;"Terreno";"TERRENO COMPRADO DE VALMAR DE OLIVEIRA NUNES CPF: 572.769.782-49. INSC. MUN(IPTU). LOGRADOURO: RUA FRANCISCA MENDE, SN. COMUNIDADE VAL PARAISO. CIDADE NOVA. CEP: 69097-400";"7000,00";"19/04/2021";"20:13:24"
"13/11/2024";"10:55:11";2018;2;"Eleição Ordinária";297;"Eleições Gerais Estaduais 2018";"07/10/2018";"AM";"AM";"AMAZONAS";40000610347;10;13;"Terreno";"TERRENO COMPRADO DE VALMAR DE OLIVEIRA NUNES CPF: 572.769.782-49. INSC. MUN(IPTU). LOGRADOURO: RUA FRANCISCA MENDES, 9A. COMUNIDADE VAL PARAISO. CIDADE NOVA. CEP: 69097-400";"5500,00";"19/04/2021";"20:13:24"
"13/11/2024";"10:55:11";2018;2;"Eleição Ordinária";297;"Eleições Gerais Estaduais 2018";"07/10/2018";"AM";"AM";"AMAZONAS";40000610393;6;13;"Terreno";"LOTE 08, QUADRA GLEBA, RUA VICINAL 1, DE 40X50, NO PORTAL DO CARIBE, KM 14 DA BR 174, ADQUIRIDO DA CONSTRUTORA ATLANTA POR ANA LEONARDA TOMAZ CASTRO ANDRADE";"21000,00";"19/04/2021";"20:13:26"
"13/11/2024";"10:55:11";2018;2;"Eleição Ordinária";297;"Eleições Gerais Estaduais 2018";"07/10/2018";"AM";"AM";"AMAZONAS";40000610393;8;13;"Terreno";"UM TERRENO DENOMINADO LOTE 3, NA VIA DE ACESSO RUA 1, DO COND. BOSQUE DAS ÁGUAS, EM PRESIDENTE FIGUEIREDO, ADQUIRIDO JUNTO A ELETRO INCORPORAÇÕES E CONSTRUÇÃO LTDA, CNPJ 070964220001-51";"61014,00";"19/04/2021";"20:13:26"
"13/11/2024";"10:55:11";2018;2;"Eleição Ordinária";297;"Eleições Gerais Estaduais 2018";"07/10/2018";"AM";"AM";"AMAZONAS";40000610394;3;13;"Terreno";"TERRENO DE 22,12m DE FRENTE X 36,05 DE LATERAL DIREITA X 36,95 DE FUNDO X 35,70 DE LATERAL ESQUERDA, PERFAZENDO UMA AREA TOTAL  DE 1.069,62m2";"25000,00";"19/04/2021";"20:13:26"
"13/11/2024";"10:55:11";2018;2;"Eleição Ordinária";297;"Eleições Gerais Estaduais 2018";"07/10/2018";"AM";"AM";"AMAZONAS";40000610395;5;13;"Terreno";"#NULO#";"130000,00";"19/04/2021";"20:13:26"
"13/11/2024";"10:55:11";2018;2;"Eleição Ordinária";297;"Eleições Gerais Estaduais 2018";"07/10/2018";"AM";"AM";"AMAZONAS";40000610408;2;13;"Terreno";"Estrada Manuel Urbano km 4 Pic Bela Vista Zona Rural Municipio de Iranduba";"15000,00";"19/04/2021";"20:13:23"
"13/11/2024";"10:55:11";2018;2;"Eleição Ordinária";297;"Eleições Gerais Estaduais 2018";"07/10/2018";"AM";"AM";"AMAZONAS";40000610412;3;13;"Terreno";"LOTE URBANIZADO N 9 - QUADRA A, COM 317,05M2 - CONDOMÍNIO PASSEIO DAS AGUAS, KM 10 DA RODOVIA  AM 070 - COMUNIDADE DO CACAU PIRERA - IRANDUBA/AMAZONAS";"10300,00";"19/04/2021";"20:13:24"
"13/11/2024";"10:55:11";2018;2;"Eleição Ordinária";297;"Eleições Gerais Estaduais 2018";"07/10/2018";"AM";"AM";"AMAZONAS";40000610416;3;13;"Terreno";"#NULO#";"100000,00";"19/04/2021";"20:13:25"
"13/11/2024";"10:55:11";2018;2;"Eleição Ordinária";297;"Eleições Gerais Estaduais 2018";"07/10/2018";"AM";"AM";"AMAZONAS";40000610418;3;13;"Terreno";"#NULO#";"50000,00";"19/04/2021";"20:13:24"
"13/11/2024";"10:55:11";2018;2;"Eleição Ordinária";297;"Eleições Gerais Estaduais 2018";"07/10/2018";"AM";"AM";"AMAZONAS";40000610420;7;63;"Dinheiro em espécie - moeda nacional";"Decorrente da venda do apartamento na Rua Prof. Castelo Branco, n 96 - Condomínio Equilibrium.";"400000,00";"19/04/2021";"20:13:22"
"13/11/2024";"10:55:11";2018;2;"Eleição Ordinária";297;"Eleições Gerais Estaduais 2018";"07/10/2018";"AM";"AM";"AMAZONAS";40000610420;8;63;"Dinheiro em espécie - moeda nacional";"Recebimento de empréstimo ";"100000,00";"19/04/2021";"20:13:22"
"13/11/2024";"10:55:11";2018;2;"Eleição Ordinária";297;"Eleições Gerais Estaduais 2018";"07/10/2018";"AM";"AM";"AMAZONAS";40000610420;2;13;"Terreno";"TERRENO SITUADO NO RIO PRETO DO PANTALEAO - AUTAZES/AM - ADQUIRIDO EM 1980";"6899,51";"19/04/2021";"20:13:22"
"13/11/2024";"10:55:11";2018;2;"Eleição Ordinária";297;"Eleições Gerais Estaduais 2018";"07/10/2018";"AM";"AM";"AMAZONAS";40000610420;6;13;"Terreno";"SITUADO NA MARGEM ESQUERDA DO RIO MADEIRA - SN - 5.000,0ha - Adquirido em 1982";"50000,00";"19/04/2021";"20:13:22"
"13/11/2024";"10:55:11";2018;2;"Eleição Ordinária";297;"Eleições Gerais Estaduais 2018";"07/10/2018";"AM";"AM";"AMAZONAS";40000610421;2;13;"Terreno";"UM TERRENO LOCALIZADO NA AVENIDA CERINA SOUTO, CHACARA DAS ESTRELAS, LOTES 20, PONTA NEGRA.";"75000,00";"19/04/2021";"20:13:22"
"13/11/2024";"10:55:11";2018;2;"Eleição Ordinária";297;"Eleições Gerais Estaduais 2018";"07/10/2018";"AM";"AM";"AMAZONAS";40000610435;6;63;"Dinheiro em espécie - moeda nacional";"#NULO#";"10000,00";"19/04/2021";"20:13:21"
"13/11/2024";"10:55:11";2018;2;"Eleição Ordinária";297;"Eleições Gerais Estaduais 2018";"07/10/2018";"AM";"AM";"AMAZONAS";40000610435;21;13;"Terreno";"#NULO#";"30000,00";"19/04/2021";"20:13:21"
"13/11/2024";"10:55:11";2018;2;"Eleição Ordinária";297;"Eleições Gerais Estaduais 2018";"07/10/2018";"AM";"AM";"AMAZONAS";40000611536;1;23;"Embarcação";"LANCHA ESPORTIVA";"70000,00";"19/04/2021";"20:13:07"
"13/11/2024";"10:55:11";2018;2;"Eleição Ordinária";297;"Eleições Gerais Estaduais 2018";"07/10/2018";"AM";"AM";"AMAZONAS";40000611542;4;13;"Terreno";"SITIO 3 CORAÇÕES, KM 82, AM-010, PRÓXIMO A RUA";"1500000,00";"19/04/2021";"20:13:07"
"13/11/2024";"10:55:11";2018;2;"Eleição Ordinária";297;"Eleições Gerais Estaduais 2018";"07/10/2018";"AM";"AM";"AMAZONAS";40000611542;5;13;"Terreno";"LOTE, COND. BOSQUE DAS ÁGUAS, PRESIDENTE FIGUEIREDO, LOTE 8, ";"120000,00";"19/04/2021";"20:13:07"
"13/11/2024";"10:55:11";2018;2;"Eleição Ordinária";297;"Eleições Gerais Estaduais 2018";"07/10/2018";"AM";"AM";"AMAZONAS";40000611542;6;13;"Terreno";"LOTE, RODOVIA AM-70, KM 75, RIO MIRITI";"150000,00";"19/04/2021";"20:13:07"
"13/11/2024";"10:55:11";2018;2;"Eleição Ordinária";297;"Eleições Gerais Estaduais 2018";"07/10/2018";"AM";"AM";"AMAZONAS";40000611550;4;23;"Embarcação";"#NULO#";"80000,00";"19/04/2021";"20:13:08"
"13/11/2024";"10:55:11";2018;2;"Eleição Ordinária";297;"Eleições Gerais Estaduais 2018";"07/10/2018";"AM";"AM";"AMAZONAS";40000611550;3;13;"Terreno";"#NULO#";"200000,00";"19/04/2021";"20:13:08"
"13/11/2024";"10:55:11";2018;2;"Eleição Ordinária";297;"Eleições Gerais Estaduais 2018";"07/10/2018";"AM";"AM";"AMAZONAS";40000611553;2;13;"Terreno";"TERRENO SITUADO NA ÁREA RURAL DE IRANDUBA COM 1000M2 ";"22000,00";"19/04/2021";"20:13:08"
"13/11/2024";"10:55:11";2018;2;"Eleição Ordinária";297;"Eleições Gerais Estaduais 2018";"07/10/2018";"AM";"AM";"AMAZONAS";40000611553;3;13;"Terreno";"TERRENO SITUADO NA ÁREA RURAL DE IRANDUBA COM 1000M2 ";"22000,00";"19/04/2021";"20:13:08"
"13/11/2024";"10:55:11";2018;2;"Eleição Ordinária";297;"Eleições Gerais Estaduais 2018";"07/10/2018";"AM";"AM";"AMAZONAS";40000611556;1;13;"Terreno";"TERRENO MURADO MEDINDO 12X27 METROS, LOCALIZADO NA RUA TOMODA, N. 06,  QUADRA 09, PORTAL DO JAPÃO -  PARQUE 10";"180000,00";"19/04/2021";"20:13:08"
"13/11/2024";"10:55:11";2018;2;"Eleição Ordinária";297;"Eleições Gerais Estaduais 2018";"07/10/2018";"AM";"AM";"AMAZONAS";40000611559;2;63;"Dinheiro em espécie - moeda nacional";"DINHEIRO EM ESPÉCIE GUARDADO EM CASA";"20000,00";"19/04/2021";"20:13:08"
"13/11/2024";"10:55:11";2018;2;"Eleição Ordinária";297;"Eleições Gerais Estaduais 2018";"07/10/2018";"AM";"AM";"AMAZONAS";40000612643;4;63;"Dinheiro em espécie - moeda nacional";"VALOR EM ESPECIE ";"200000,00";"19/04/2021";"20:13:14"
"13/11/2024";"10:55:11";2018;2;"Eleição Ordinária";297;"Eleições Gerais Estaduais 2018";"07/10/2018";"AM";"AM";"AMAZONAS";40000612656;4;13;"Terreno";"#NULO#";"200000,00";"19/04/2021";"20:13:07"
"13/11/2024";"10:55:11";2018;2;"Eleição Ordinária";297;"Eleições Gerais Estaduais 2018";"07/10/2018";"AM";"AM";"AMAZONAS";40000612661;2;13;"Terreno";"Terreno na Rua Jeronimo Ribeiro, 370 - São Raimundo - Manaus/Amazonas";"40000,00";"19/04/2021";"20:13:07"
"13/11/2024";"10:55:11";2018;2;"Eleição Ordinária";297;"Eleições Gerais Estaduais 2018";"07/10/2018";"AM";"AM";"AMAZONAS";40000612661;3;13;"Terreno";"Terreno 600m2 - localizado na Rua Raimundo s/n - Nossa Senhora de Nazaré - Novo Airão";"10000,00";"19/04/2021";"20:13:07"
"13/11/2024";"10:55:11";2018;2;"Eleição Ordinária";297;"Eleições Gerais Estaduais 2018";"07/10/2018";"AM";"AM";"AMAZONAS";40000612664;2;13;"Terreno";"#NULO#";"4987,22";"19/04/2021";"20:13:05"
"13/11/2024";"10:55:11";2018;2;"Eleição Ordinária";297;"Eleições Gerais Estaduais 2018";"07/10/2018";"AM";"AM";"AMAZONAS";40000612664;4;13;"Terreno";"#NULO#";"4189,26";"19/04/2021";"20:13:05"
"13/11/2024";"10:55:11";2018;2;"Eleição Ordinária";297;"Eleições Gerais Estaduais 2018";"07/10/2018";"AM";"AM";"AMAZONAS";40000612665;4;23;"Embarcação";"EMBARCAÇÃO TIPO RECREIO/PASSEIO ";"300000,00";"19/04/2021";"20:13:14"
"13/11/2024";"10:55:11";2018;2;"Eleição Ordinária";297;"Eleições Gerais Estaduais 2018";"07/10/2018";"AM";"AM";"AMAZONAS";40000612665;7;13;"Terreno";"LOTES DE TERRA 15, SITIO RUA NAIDE LINS  COM ACESSO NILTON LINS, DOADO PARTE AOS FILHOS.";"28517,43";"19/04/2021";"20:13:14"
"13/11/2024";"10:55:11";2018;2;"Eleição Ordinária";297;"Eleições Gerais Estaduais 2018";"07/10/2018";"AM";"AM";"AMAZONAS";40000612669;2;13;"Terreno";"#NULO#";"37000,00";"19/04/2021";"20:13:05"
"13/11/2024";"10:55:11";2018;2;"Eleição Ordinária";297;"Eleições Gerais Estaduais 2018";"07/10/2018";"AM";"AM";"AMAZONAS";40000612669;3;13;"Terreno";"#NULO#";"40000,00";"19/04/2021";"20:13:05"
"13/11/2024";"10:55:11";2018;2;"Eleição Ordinária";297;"Eleições Gerais Estaduais 2018";"07/10/2018";"AM";"AM";"AMAZONAS";40000612669;5;13;"Terreno";"#NULO#";"280682,00";"19/04/2021";"20:13:05"
"13/11/2024";"10:55:11";2018;2;"Eleição Ordinária";297;"Eleições Gerais Estaduais 2018";"07/10/2018";"AM";"AM";"AMAZONAS";40000612669;6;13;"Terreno";"#NULO#";"30000,00";"19/04/2021";"20:13:05"
"13/11/2024";"10:55:11";2018;2;"Eleição Ordinária";297;"Eleições Gerais Estaduais 2018";"07/10/2018";"AM";"AM";"AMAZONAS";40000612669;7;13;"Terreno";"#NULO#";"30000,00";"19/04/2021";"20:13:05"
"13/11/2024";"10:55:11";2018;2;"Eleição Ordinária";297;"Eleições Gerais Estaduais 2018";"07/10/2018";"AM";"AM";"AMAZONAS";40000612669;8;63;"Dinheiro em espécie - moeda nacional";"#NULO#";"50000,00";"19/04/2021";"20:13:05"
"13/11/2024";"10:55:11";2018;2;"Eleição Ordinária";297;"Eleições Gerais Estaduais 2018";"07/10/2018";"AM";"AM";"AMAZONAS";40000612673;1;13;"Terreno";"#NULO#";"450000,00";"19/04/2021";"20:13:06"
"13/11/2024";"10:55:11";2018;2;"Eleição Ordinária";297;"Eleições Gerais Estaduais 2018";"07/10/2018";"AM";"AM";"AMAZONAS";40000612673;2;63;"Dinheiro em espécie - moeda nacional";"#NULO#";"20000,00";"19/04/2021";"20:13:06"
"13/11/2024";"10:55:11";2018;2;"Eleição Ordinária";297;"Eleições Gerais Estaduais 2018";"07/10/2018";"AM";"AM";"AMAZONAS";40000617478;4;13;"Terreno";"COMPRA DE UM TERRENO DENOMINADO RECANTO CANTHUS SITUADO NA VIA UNDENCIM, BAIRRO TARUMÃ";"40000,00";"19/04/2021";"20:13:10"
"13/11/2024";"10:55:11";2018;2;"Eleição Ordinária";297;"Eleições Gerais Estaduais 2018";"07/10/2018";"AM";"AM";"AMAZONAS";40000617484;2;13;"Terreno";"SITUADO NO MUNICÍPIO DE PARINTINS, CABECEIRA DO MACURANY, CONFORME DECLARAÇÃO DE IR";"12000,00";"19/04/2021";"20:13:09"
"13/11/2024";"10:55:11";2018;2;"Eleição Ordinária";297;"Eleições Gerais Estaduais 2018";"07/10/2018";"AM";"AM";"AMAZONAS";40000617484;5;13;"Terreno";"SITUADO NO MUNICÍPIO DE SALINÓPOLIS/PA, 444 - ESTRADA DO ATALAIA";"24000,00";"19/04/2021";"20:13:09"
"13/11/2024";"10:55:11";2018;2;"Eleição Ordinária";297;"Eleições Gerais Estaduais 2018";"07/10/2018";"AM";"AM";"AMAZONAS";40000617486;7;23;"Embarcação";"LANCHA EM FIBRA DE VIDRO, MODELO 3060, MARCA REGAL NO DE SERIE RGMJD215S607, ANO DE FABRICAÇÃO 2007";"190000,00";"19/04/2021";"20:13:09"
"13/11/2024";"10:55:11";2018;2;"Eleição Ordinária";297;"Eleições Gerais Estaduais 2018";"07/10/2018";"AM";"AM";"AMAZONAS";40000617486;9;23;"Embarcação";"BOTE DE ALUMÍNIO MED. 5,5M C X 2.0 L COM ACESSÓRIOS INSTALADOS MARCA ALEGRA ANO 2011  ";"6000,00";"19/04/2021";"20:13:09"
"13/11/2024";"10:55:11";2018;2;"Eleição Ordinária";297;"Eleições Gerais Estaduais 2018";"07/10/2018";"AM";"AM";"AMAZONAS";40000617486;10;23;"Embarcação";"AQUISIÇÃO MOTOR DE POPA MARCA YAMAHA F 90HP 4T BEL N.S. 61P1049741";"22800,00";"19/04/2021";"20:13:09"
"13/11/2024";"10:55:11";2018;2;"Eleição Ordinária";297;"Eleições Gerais Estaduais 2018";"07/10/2018";"AM";"AM";"AMAZONAS";40000617488;1;13;"Terreno";"UM TERRENO QUITADO NO BAIRRO PLANEJADO, NOVA AMAZONAS 2, IRANDUBA - AM, MEDINDO 200M2";"70000,00";"19/04/2021";"20:13:10"
"13/11/2024";"10:55:11";2018;2;"Eleição Ordinária";297;"Eleições Gerais Estaduais 2018";"07/10/2018";"AM";"AM";"AMAZONAS";40000617489;2;13;"Terreno";"TERRENO 398,75 M2 LOCALIZADO À RUA DÁRIA BARROSO DAS NEVES, S/N, BAIRRO SANTO ANTÔNIO, CONFORME MATRÍCULA N. 60.675, LIVRO N. 2, FOLHA 01, NO CARTÓRIO DE 3. OFÍCIO DO REGISTRO DE IMÓVEIS";"200000,00";"19/04/2021";"20:13:10"
"13/11/2024";"10:55:11";2018;2;"Eleição Ordinária";297;"Eleições Gerais Estaduais 2018";"07/10/2018";"AM";"AM";"AMAZONAS";40000617489;4;13;"Terreno";"UM TERRENO COM 206M2 LOCALIZADO À AVENIDA CONEGO BENTO";"25000,00";"19/04/2021";"20:13:10"
"13/11/2024";"10:55:11";2018;2;"Eleição Ordinária";297;"Eleições Gerais Estaduais 2018";"07/10/2018";"AM";"AM";"AMAZONAS";40000617492;8;13;"Terreno";"LOTE DE TERRA NÚMERO 08 NO CONJUNTO ÁGUAS CLARAS";"85000,00";"19/04/2021";"20:13:10"
"13/11/2024";"10:55:11";2018;2;"Eleição Ordinária";297;"Eleições Gerais Estaduais 2018";"07/10/2018";"AM";"AM";"AMAZONAS";40000617492;11;13;"Terreno";"ESPÓLIO TERRENO NO MUNICÍPIO RIO PRETO DA EVA - RESIDENCIAL PARAÍSO SILVESTRE - LOTE 01 E 02";"25000,00";"19/04/2021";"20:13:10"
"13/11/2024";"10:55:11";2018;2;"Eleição Ordinária";297;"Eleições Gerais Estaduais 2018";"07/10/2018";"AM";"AM";"AMAZONAS";40000617492;12;63;"Dinheiro em espécie - moeda nacional";"REFERENTE A VENDA DO VEÍCULO S10 ANO 2014/2014 E VENDA DO VEÍCULO GRAN VITARA ANO 2013/2013 PLCA - OAO-9185";"71000,00";"19/04/2021";"20:13:10"
"13/11/2024";"10:55:11";2018;2;"Eleição Ordinária";297;"Eleições Gerais Estaduais 2018";"07/10/2018";"AM";"AM";"AMAZONAS";40000617494;1;23;"Embarcação";"BARCO TIPO LANCHA REGIONAL -RTME2J INSCRITA NA CAPITANIA DOS PORTOS SOB O NO 009-000429-9";"90250,00";"19/04/2021";"20:13:10"
"13/11/2024";"10:55:11";2018;2;"Eleição Ordinária";297;"Eleições Gerais Estaduais 2018";"07/10/2018";"AM";"AM";"AMAZONAS";40000617494;6;13;"Terreno";"LOTE DE TERRA SOB NO 03, QUADRA 01, CONDOMÍNIO VIVENDA VERDE, LOCALIZADO NO TARUMÃ AMANUS/AM. ";"60000,00";"19/04/2021";"20:13:10"
"13/11/2024";"10:55:11";2018;2;"Eleição Ordinária";297;"Eleições Gerais Estaduais 2018";"07/10/2018";"AM";"AM";"AMAZONAS";40000617501;4;13;"Terreno";"Lote 03, Gleba 04, denominado Ephigenio Sales, Km 47, AM 010";"230000,00";"19/04/2021";"20:13:16"
"13/11/2024";"10:55:11";2018;2;"Eleição Ordinária";297;"Eleições Gerais Estaduais 2018";"07/10/2018";"AM";"AM";"AMAZONAS";40000617504;1;13;"Terreno";"Rua São Clemente 10, Bairro Cidade de Deus, Manaus-AM";"100000,00";"19/04/2021";"20:13:13"
"13/11/2024";"10:55:11";2018;2;"Eleição Ordinária";297;"Eleições Gerais Estaduais 2018";"07/10/2018";"AM";"AM";"AMAZONAS";40000617515;1;13;"Terreno";"Imóvel Rural Lindo Amanhecer, AM 070, KM 13, Ramal Monte Castelo, Lote 127-J, Bairro Caldeirão , Iranduba -AM ";"151,61";"19/04/2021";"20:13:13"
"13/11/2024";"10:55:11";2018;2;"Eleição Ordinária";297;"Eleições Gerais Estaduais 2018";"07/10/2018";"AM";"AM";"AMAZONAS";40000618261;3;13;"Terreno";"50% TERRENO DENOMINADO RECANTO DOS CARDEAIS, SITUADO A MARGEM ESQUERDA DO RIO TARUMA EM CONJUNTO COM SEU IRMAO CARLOS DOS SANTOS BRAGA FILHO - 105 ¿ Brasil - RUA MAGUARI, n.  0 - TARUMA-ACU";"6909,42";"19/04/2021";"20:13:26"
"13/11/2024";"10:55:11";2018;2;"Eleição Ordinária";297;"Eleições Gerais Estaduais 2018";"07/10/2018";"AM";"AM";"AMAZONAS";40000618261;4;13;"Terreno";"LOTE DE TERRAS, NO 109-A, SITUADO NA AV. PROJETADA NO LOTEAMENTO PONTA NEGRA, GLEBA 1, CONDOMINIO JARDIM EUROPA.  - 105 ¿ Brasil - ALAMEDA PORTUGAL, 0 - PONTA NEGRA";"10000,00";"19/04/2021";"20:13:26"
"13/11/2024";"10:55:11";2018;2;"Eleição Ordinária";297;"Eleições Gerais Estaduais 2018";"07/10/2018";"AM";"AM";"AMAZONAS";40000618261;8;13;"Terreno";"LOTE DE TERRAS SOB O NO 105-B, DO LOTEAMENTO PONTA NEGRA, GLEBA-I. - 105 ¿ Brasil - 105 - Brasil  ¿ Localizado  - ALA PORTUGAL, S/N - PONTA NEGRA";"100000,00";"19/04/2021";"20:13:26"
"13/11/2024";"10:55:11";2018;2;"Eleição Ordinária";297;"Eleições Gerais Estaduais 2018";"07/10/2018";"AM";"AM";"AMAZONAS";40000618261;10;63;"Dinheiro em espécie - moeda nacional";"DINHEIRO EM ESPECIE (MOEDA NACIONAL).";"100000,00";"19/04/2021";"20:13:26"
"13/11/2024";"10:55:11";2018;2;"Eleição Ordinária";297;"Eleições Gerais Estaduais 2018";"07/10/2018";"AM";"AM";"AMAZONAS";40000618261;13;13;"Terreno";"SITIO DENOMINADO NOVA VIDA , SITUADO A MARGEM ESQUERDA DO RIO PRETO DA EVA, NO MUNICIPIO DE ITACOATIARA. - 105 ¿ Brasil - MARGEM ESQUERDA DO RIO PRETO DA EVA";"30000,00";"19/04/2021";"20:13:26"
"13/11/2024";"10:55:11";2018;2;"Eleição Ordinária";297;"Eleições Gerais Estaduais 2018";"07/10/2018";"AM";"AM";"AMAZONAS";40000618261;14;23;"Embarcação";"UMA EMBARCACAO, TIPO LANCHA ANO 2.000, MODELO 480, EM FIBRA DE VIDRO COM 660 HP DE POTENCIA. - 105 ¿ Brasil";"200000,00";"19/04/2021";"20:13:26"
"13/11/2024";"10:55:11";2018;2;"Eleição Ordinária";297;"Eleições Gerais Estaduais 2018";"07/10/2018";"AM";"AM";"AMAZONAS";40000618261;15;23;"Embarcação";"UM JET SKI, COR VERMELHO, MARCA YAMAHA ANO 2009, MODELO SHD CRUISER - 105 - Brasil";"40000,00";"19/04/2021";"20:13:26"
"13/11/2024";"10:55:11";2018;2;"Eleição Ordinária";297;"Eleições Gerais Estaduais 2018";"07/10/2018";"AM";"AM";"AMAZONAS";40000618261;41;13;"Terreno";"UM LOTE DE TERRAS SOB O NO 58-A, DO LOTEAMENTO PONTA NEGRA, GLEBA-01, ADQUIRIDO DE FRANCISCO BEZERRA DAS CHAGAS CPF:00.415.592-49, E SUA ESPOSA SRA. DARCY PONTES DAS CHAGAS CPF:152.612.042-91.";"400000,00";"19/04/2021";"20:13:26"
"13/11/2024";"10:55:11";2018;2;"Eleição Ordinária";297;"Eleições Gerais Estaduais 2018";"07/10/2018";"AM";"AM";"AMAZONAS";40000618262;4;63;"Dinheiro em espécie - moeda nacional";"DINHEIRO EM ESPECIE (MOEDA NACIONAL).";"100000,00";"19/04/2021";"20:13:26"
"13/11/2024";"10:55:11";2018;2;"Eleição Ordinária";297;"Eleições Gerais Estaduais 2018";"07/10/2018";"AM";"AM";"AMAZONAS";40000618263;8;63;"Dinheiro em espécie - moeda nacional";"DINHEIRO EM ESPECIE";"30000,00";"19/04/2021";"20:13:26"
"13/11/2024";"10:55:11";2018;2;"Eleição Ordinária";297;"Eleições Gerais Estaduais 2018";"07/10/2018";"AM";"AM";"AMAZONAS";40000618263;9;13;"Terreno";"TERRENO SITUADO NO BAIRRO DO COROADO A ALAMEDA COSME FERREIRA, 5.610 - com 3.179,05M2. Com Benfeitorias realizadas por Cessionário do Imóvel NO VALOR DE R$ 10.250,00";"68750,00";"19/04/2021";"20:13:26"
"13/11/2024";"10:55:11";2018;2;"Eleição Ordinária";297;"Eleições Gerais Estaduais 2018";"07/10/2018";"AM";"AM";"AMAZONAS";40000618263;12;13;"Terreno";"TERRENO COMERCIAL SITUADO NO CONJUNTO GALILEIA, ADQUIRIDO EM JANEIRO DE 2004 DA SUHAB-AM COM 800,00 M2. Ainda sem Registro de Imóveis. Aguardando liberação da Caixa Economica.";"11100,00";"19/04/2021";"20:13:26"
"13/11/2024";"10:55:11";2018;2;"Eleição Ordinária";297;"Eleições Gerais Estaduais 2018";"07/10/2018";"AM";"AM";"AMAZONAS";40000618265;1;63;"Dinheiro em espécie - moeda nacional";"#NULO#";"500,00";"19/04/2021";"20:13:16"
"13/11/2024";"10:55:11";2018;2;"Eleição Ordinária";297;"Eleições Gerais Estaduais 2018";"07/10/2018";"AM";"AM";"AMAZONAS";40000618266;2;63;"Dinheiro em espécie - moeda nacional";"#NULO#";"30000,00";"19/04/2021";"20:13:16"
"13/11/2024";"10:55:11";2018;2;"Eleição Ordinária";297;"Eleições Gerais Estaduais 2018";"07/10/2018";"AM";"AM";"AMAZONAS";40000618267;3;13;"Terreno";"#NULO#";"100000,00";"19/04/2021";"20:13:16"
"13/11/2024";"10:55:11";2018;2;"Eleição Ordinária";297;"Eleições Gerais Estaduais 2018";"07/10/2018";"AM";"AM";"AMAZONAS";40000618268;1;63;"Dinheiro em espécie - moeda nacional";"#NULO#";"1000,00";"19/04/2021";"20:13:16"
"13/11/2024";"10:55:11";2018;2;"Eleição Ordinária";297;"Eleições Gerais Estaduais 2018";"07/10/2018";"AM";"AM";"AMAZONAS";40000618269;1;63;"Dinheiro em espécie - moeda nacional";"#NULO#";"2000,00";"19/04/2021";"20:13:16"
"13/11/2024";"10:55:11";2018;2;"Eleição Ordinária";297;"Eleições Gerais Estaduais 2018";"07/10/2018";"AM";"AM";"AMAZONAS";40000618270;1;63;"Dinheiro em espécie - moeda nacional";"#NULO#";"2000,00";"19/04/2021";"20:13:16"
"13/11/2024";"10:55:11";2018;2;"Eleição Ordinária";297;"Eleições Gerais Estaduais 2018";"07/10/2018";"AM";"AM";"AMAZONAS";40000618272;1;63;"Dinheiro em espécie - moeda nacional";"#NULO#";"2400,00";"19/04/2021";"20:13:16"
"13/11/2024";"10:55:11";2018;2;"Eleição Ordinária";297;"Eleições Gerais Estaduais 2018";"07/10/2018";"AM";"AM";"AMAZONAS";40000618275;1;63;"Dinheiro em espécie - moeda nacional";"#NULO#";"500,00";"19/04/2021";"20:13:12"
"13/11/2024";"10:55:11";2018;2;"Eleição Ordinária";297;"Eleições Gerais Estaduais 2018";"07/10/2018";"AM";"AM";"AMAZONAS";40000618276;1;63;"Dinheiro em espécie - moeda nacional";"#NULO#";"2000,00";"19/04/2021";"20:13:12"
"13/11/2024";"10:55:11";2018;2;"Eleição Ordinária";297;"Eleições Gerais Estaduais 2018";"07/10/2018";"AM";"AM";"AMAZONAS";40000618277;1;13;"Terreno";"#NULO#";"30000,00";"19/04/2021";"20:13:12"
"13/11/2024";"10:55:11";2018;2;"Eleição Ordinária";297;"Eleições Gerais Estaduais 2018";"07/10/2018";"AM";"AM";"AMAZONAS";40000618279;1;63;"Dinheiro em espécie - moeda nacional";"#NULO#";"800,00";"19/04/2021";"20:13:16"
"13/11/2024";"10:55:11";2018;2;"Eleição Ordinária";297;"Eleições Gerais Estaduais 2018";"07/10/2018";"AM";"AM";"AMAZONAS";40000618278;1;63;"Dinheiro em espécie - moeda nacional";"#NULO#";"2000,00";"19/04/2021";"20:13:12"
"13/11/2024";"10:55:11";2018;2;"Eleição Ordinária";297;"Eleições Gerais Estaduais 2018";"07/10/2018";"AM";"AM";"AMAZONAS";40000618281;1;63;"Dinheiro em espécie - moeda nacional";"#NULO#";"1000,00";"19/04/2021";"20:13:16"
"13/11/2024";"10:55:11";2018;2;"Eleição Ordinária";297;"Eleições Gerais Estaduais 2018";"07/10/2018";"AM";"AM";"AMAZONAS";40000618283;1;63;"Dinheiro em espécie - moeda nacional";"#NULO#";"1500,00";"19/04/2021";"20:13:08"
"13/11/2024";"10:55:11";2018;2;"Eleição Ordinária";297;"Eleições Gerais Estaduais 2018";"07/10/2018";"AM";"AM";"AMAZONAS";40000618284;1;63;"Dinheiro em espécie - moeda nacional";"#NULO#";"2500,00";"19/04/2021";"20:13:08"
"13/11/2024";"10:55:11";2018;2;"Eleição Ordinária";297;"Eleições Gerais Estaduais 2018";"07/10/2018";"AM";"AM";"AMAZONAS";40000618286;1;63;"Dinheiro em espécie - moeda nacional";"#NULO#";"1000,00";"19/04/2021";"20:13:09"
"13/11/2024";"10:55:11";2018;2;"Eleição Ordinária";297;"Eleições Gerais Estaduais 2018";"07/10/2018";"AM";"AM";"AMAZONAS";40000618289;3;63;"Dinheiro em espécie - moeda nacional";"#NULO#";"1000,00";"19/04/2021";"20:13:09"
"13/11/2024";"10:55:11";2018;2;"Eleição Ordinária";297;"Eleições Gerais Estaduais 2018";"07/10/2018";"AM";"AM";"AMAZONAS";40000618291;1;63;"Dinheiro em espécie - moeda nacional";"#NULO#";"3000,00";"19/04/2021";"20:13:09"
"13/11/2024";"10:55:11";2018;2;"Eleição Ordinária";297;"Eleições Gerais Estaduais 2018";"07/10/2018";"AM";"AM";"AMAZONAS";40000618296;2;13;"Terreno";"#NULO#";"950000,00";"19/04/2021";"20:13:09"
"13/11/2024";"10:55:11";2018;2;"Eleição Ordinária";297;"Eleições Gerais Estaduais 2018";"07/10/2018";"AM";"AM";"AMAZONAS";40000618298;1;13;"Terreno";"#NULO#";"50000,00";"19/04/2021";"20:13:09"
"13/11/2024";"10:55:11";2018;2;"Eleição Ordinária";297;"Eleições Gerais Estaduais 2018";"07/10/2018";"AM";"AM";"AMAZONAS";40000618298;2;63;"Dinheiro em espécie - moeda nacional";"#NULO#";"600,00";"19/04/2021";"20:13:09"
"13/11/2024";"10:55:11";2018;2;"Eleição Ordinária";297;"Eleições Gerais Estaduais 2018";"07/10/2018";"AM";"AM";"AMAZONAS";40000618301;2;63;"Dinheiro em espécie - moeda nacional";"#NULO#";"2000,00";"19/04/2021";"20:13:09"
"13/11/2024";"10:55:11";2018;2;"Eleição Ordinária";297;"Eleições Gerais Estaduais 2018";"07/10/2018";"AM";"AM";"AMAZONAS";40000618302;3;63;"Dinheiro em espécie - moeda nacional";"#NULO#";"500,00";"19/04/2021";"20:13:09"
"13/11/2024";"10:55:11";2018;2;"Eleição Ordinária";297;"Eleições Gerais Estaduais 2018";"07/10/2018";"AM";"AM";"AMAZONAS";40000618305;1;63;"Dinheiro em espécie - moeda nacional";"#NULO#";"2000,00";"19/04/2021";"20:13:09"
"13/11/2024";"10:55:11";2018;2;"Eleição Ordinária";297;"Eleições Gerais Estaduais 2018";"07/10/2018";"AM";"AM";"AMAZONAS";40000618311;1;63;"Dinheiro em espécie - moeda nacional";"#NULO#";"1000,00";"19/04/2021";"20:13:24"
"13/11/2024";"10:55:11";2018;2;"Eleição Ordinária";297;"Eleições Gerais Estaduais 2018";"07/10/2018";"AM";"AM";"AMAZONAS";40000618312;3;63;"Dinheiro em espécie - moeda nacional";"#NULO#";"500,00";"19/04/2021";"20:13:24"
"13/11/2024";"10:55:11";2018;2;"Eleição Ordinária";297;"Eleições Gerais Estaduais 2018";"07/10/2018";"AM";"AM";"AMAZONAS";40000618314;1;63;"Dinheiro em espécie - moeda nacional";"#NULO#";"500,00";"19/04/2021";"20:13:24"
"13/11/2024";"10:55:11";2018;2;"Eleição Ordinária";297;"Eleições Gerais Estaduais 2018";"07/10/2018";"AM";"AM";"AMAZONAS";40000618318;2;13;"Terreno";"#NULO#";"300000,00";"19/04/2021";"20:13:25"
"13/11/2024";"10:55:11";2018;2;"Eleição Ordinária";297;"Eleições Gerais Estaduais 2018";"07/10/2018";"AM";"AM";"AMAZONAS";40000618318;3;13;"Terreno";"#NULO#";"60000,00";"19/04/2021";"20:13:25"
"13/11/2024";"10:55:11";2018;2;"Eleição Ordinária";297;"Eleições Gerais Estaduais 2018";"07/10/2018";"AM";"AM";"AMAZONAS";40000618319;1;13;"Terreno";"#NULO#";"30000,00";"19/04/2021";"20:13:25"
"13/11/2024";"10:55:11";2018;2;"Eleição Ordinária";297;"Eleições Gerais Estaduais 2018";"07/10/2018";"AM";"AM";"AMAZONAS";40000618319;2;63;"Dinheiro em espécie - moeda nacional";"#NULO#";"4000,00";"19/04/2021";"20:13:25"
"13/11/2024";"10:55:11";2018;2;"Eleição Ordinária";297;"Eleições Gerais Estaduais 2018";"07/10/2018";"AM";"AM";"AMAZONAS";40000618320;1;13;"Terreno";"#NULO#";"450000,00";"19/04/2021";"20:13:25"
"13/11/2024";"10:55:11";2018;2;"Eleição Ordinária";297;"Eleições Gerais Estaduais 2018";"07/10/2018";"AM";"AM";"AMAZONAS";40000618321;1;63;"Dinheiro em espécie - moeda nacional";"#NULO#";"1500,00";"19/04/2021";"20:13:25"
"13/11/2024";"10:55:11";2018;2;"Eleição Ordinária";297;"Eleições Gerais Estaduais 2018";"07/10/2018";"AM";"AM";"AMAZONAS";40000618994;1;13;"Terreno";"um sitio medindo 200 metros de frente por 100 metros de fundos, situado no km 15 da estrada codajás-anori";"60000,00";"19/04/2021";"20:13:12"
"13/11/2024";"10:55:11";2018;2;"Eleição Ordinária";297;"Eleições Gerais Estaduais 2018";"07/10/2018";"AM";"AM";"AMAZONAS";40000627703;6;31;"Ações (inclusive as provenientes de linha telefônica)";"#NULO#";"67,22";"19/04/2021";"20:13:04"
"13/11/2024";"10:55:11";2018;2;"Eleição Ordinária";297;"Eleições Gerais Estaduais 2018";"07/10/2018";"AM";"AM";"AMAZONAS";40000627703;13;31;"Ações (inclusive as provenientes de linha telefônica)";"#NULO#";"500,00";"19/04/2021";"20:13:04"
"13/11/2024";"10:55:11";2018;2;"Eleição Ordinária";297;"Eleições Gerais Estaduais 2018";"07/10/2018";"AM";"AM";"AMAZONAS";40000627703;14;31;"Ações (inclusive as provenientes de linha telefônica)";"#NULO#";"2500,00";"19/04/2021";"20:13:04"
"13/11/2024";"10:55:11";2018;2;"Eleição Ordinária";297;"Eleições Gerais Estaduais 2018";"07/10/2018";"AM";"AM";"AMAZONAS";40000617491;3;31;"Ações (inclusive as provenientes de linha telefônica)";"AÇÕES ORDINÁRIAS NORMATIVAS JUNTO A UNIMED MANAUS";"30000,00";"19/04/2021";"20:13:10"
"13/11/2024";"10:55:11";2018;2;"Eleição Ordinária";297;"Eleições Gerais Estaduais 2018";"07/10/2018";"AM";"AM";"AMAZONAS";40000618261;17;31;"Ações (inclusive as provenientes de linha telefônica)";"21.302 ACOES PETR4 PETROBRAS PN, JUNTO AO BANCO BRADESCO. - 105 - Brasil";"427087,82";"19/04/2021";"20:13:26"
"13/11/2024";"10:55:11";2018;2;"Eleição Ordinária";297;"Eleições Gerais Estaduais 2018";"07/10/2018";"AM";"AM";"AMAZONAS";40000618261;18;31;"Ações (inclusive as provenientes de linha telefônica)";"8.040 ACOES VALE RIO DOCE PNA N1, JUNTO AO BANCO BRADESCO FORAM TRANSFORMADAS EM 7.510 ACOES ON NA PROPORCAO DE 0,9342 PARA CADA ACAO. - CNPJ: 33.592.510/0001-54";"313166,85";"19/04/2021";"20:13:26"
"13/11/2024";"10:55:11";2018;2;"Eleição Ordinária";297;"Eleições Gerais Estaduais 2018";"07/10/2018";"AM";"AM";"AMAZONAS";40000618261;35;31;"Ações (inclusive as provenientes de linha telefônica)";"CREDITOS EM TRANSITO - JUROS S/CAPITAL PROPRIO A RECEBER DE TELEFONICA BRASIL S.A., CNPJ 02.558.157/0001-62.";"90,82";"19/04/2021";"20:13:26"
"13/11/2024";"10:55:11";2018;2;"Eleição Ordinária";297;"Eleições Gerais Estaduais 2018";"07/10/2018";"AM";"AM";"AMAZONAS";40000618261;46;31;"Ações (inclusive as provenientes de linha telefônica)";"BRADESCO PRIVITE FIC FI MULTIMERCADO FUNDO OFF FUNDS VALOR RELATIVO";"150772,75";"19/04/2021";"20:13:26"
"13/11/2024";"10:55:11";2018;2;"Eleição Ordinária";297;"Eleições Gerais Estaduais 2018";"07/10/2018";"AM";"AM";"AMAZONAS";40000618263;4;31;"Ações (inclusive as provenientes de linha telefônica)";"8666 ACOES ORDINARIAS NOMINATIVAS TELENORTE LESTE PARTICIPACOES SA";"276,67";"19/04/2021";"20:13:26"
"13/11/2024";"10:55:11";2018;2;"Eleição Ordinária";297;"Eleições Gerais Estaduais 2018";"07/10/2018";"AM";"AM";"AMAZONAS";40000618263;5;31;"Ações (inclusive as provenientes de linha telefônica)";"10692 ACOES PREFERENCIAIS NOMINATIVAS TELENORTE LESTE PARTICIPACOES SA";"550,00";"19/04/2021";"20:13:26"
"13/11/2024";"10:55:11";2018;2;"Eleição Ordinária";297;"Eleições Gerais Estaduais 2018";"07/10/2018";"AM";"AM";"AMAZONAS";40000608857;7;52;"Crédito decorrente de alienação";"#NULO#";"220000,00";"19/04/2021";"20:13:03"
"13/11/2024";"10:55:11";2018;2;"Eleição Ordinária";297;"Eleições Gerais Estaduais 2018";"07/10/2018";"AM";"AM";"AMAZONAS";40000608857;8;52;"Crédito decorrente de alienação";"#NULO#";"150000,00";"19/04/2021";"20:13:03"
"13/11/2024";"10:55:11";2018;2;"Eleição Ordinária";297;"Eleições Gerais Estaduais 2018";"07/10/2018";"AM";"AM";"AMAZONAS";40000608883;2;31;"Ações (inclusive as provenientes de linha telefônica)";"#NULO#";"30000,60";"19/04/2021";"20:13:08"
"13/11/2024";"10:55:11";2018;2;"Eleição Ordinária";297;"Eleições Gerais Estaduais 2018";"07/10/2018";"AM";"AM";"AMAZONAS";40000619016;1;32;"Quotas ou quinhões de capital";"#NULO#";"30000,00";"19/04/2021";"20:13:05"
"13/11/2024";"10:55:11";2018;2;"Eleição Ordinária";297;"Eleições Gerais Estaduais 2018";"07/10/2018";"AM";"AM";"AMAZONAS";40000619018;1;32;"Quotas ou quinhões de capital";"#NULO#";"100000,00";"19/04/2021";"20:13:05"
"13/11/2024";"10:55:11";2018;2;"Eleição Ordinária";297;"Eleições Gerais Estaduais 2018";"07/10/2018";"AM";"AM";"AMAZONAS";40000619019;4;32;"Quotas ou quinhões de capital";"EMPRESA EDUCACIONAL FATENORTE, CNPJ 22.367.769-85";"100000,00";"19/04/2021";"20:13:11"
"13/11/2024";"10:55:11";2018;2;"Eleição Ordinária";297;"Eleições Gerais Estaduais 2018";"07/10/2018";"AM";"AM";"AMAZONAS";40000623411;1;32;"Quotas ou quinhões de capital";"QUOTA EMPRESARIAL DE G A PEREIRA GARCIA ME (CNPJ 21.309.557/0001-89)";"200000,00";"19/04/2021";"20:13:21"
"13/11/2024";"10:55:11";2018;2;"Eleição Ordinária";297;"Eleições Gerais Estaduais 2018";"07/10/2018";"AM";"AM";"AMAZONAS";40000623402;2;32;"Quotas ou quinhões de capital";"#NULO#";"450000,00";"19/04/2021";"20:13:22"
"13/11/2024";"10:55:11";2018;2;"Eleição Ordinária";297;"Eleições Gerais Estaduais 2018";"07/10/2018";"AM";"AM";"AMAZONAS";40000623425;2;32;"Quotas ou quinhões de capital";"#NULO#";"9000,00";"19/04/2021";"20:13:18"
"13/11/2024";"10:55:11";2018;2;"Eleição Ordinária";297;"Eleições Gerais Estaduais 2018";"07/10/2018";"AM";"AM";"AMAZONAS";40000623436;2;32;"Quotas ou quinhões de capital";"#NULO#";"100000,00";"19/04/2021";"20:13:04"
"13/11/2024";"10:55:11";2018;2;"Eleição Ordinária";297;"Eleições Gerais Estaduais 2018";"07/10/2018";"AM";"AM";"AMAZONAS";40000623441;1;32;"Quotas ou quinhões de capital";"#NULO#";"30000,00";"19/04/2021";"20:13:04"
"13/11/2024";"10:55:11";2018;2;"Eleição Ordinária";297;"Eleições Gerais Estaduais 2018";"07/10/2018";"AM";"AM";"AMAZONAS";40000623452;7;32;"Quotas ou quinhões de capital";"CAPITAL SOCIAL DA EMPRESA TREVO DA AMAZÖNIA LTDA CNPJ 04.559.472/0001-30. ";"3000000,00";"19/04/2021";"20:13:15"
"13/11/2024";"10:55:11";2018;2;"Eleição Ordinária";297;"Eleições Gerais Estaduais 2018";"07/10/2018";"AM";"AM";"AMAZONAS";40000623466;1;32;"Quotas ou quinhões de capital";"50% DE CAPITAL SOCIAL DA EMPRESA DAN TECH DA AMAZONIA INDUSTRI A E COMERCIO LTDA, CNPJ 00.569.451/0001-44.";"300000,00";"19/04/2021";"20:13:15"
"13/11/2024";"10:55:11";2018;2;"Eleição Ordinária";297;"Eleições Gerais Estaduais 2018";"07/10/2018";"AM";"AM";"AMAZONAS";40000628102;1;32;"Quotas ou quinhões de capital";"50% DAS QUOTAS QUE COMPÕEM O CAPITAL SOCIAL DA ACCEX HOLDING LTDA - CNPJ/MF 17.830.482/0001-00";"250000,00";"19/04/2021";"20:13:23"
"13/11/2024";"10:55:11";2018;2;"Eleição Ordinária";297;"Eleições Gerais Estaduais 2018";"07/10/2018";"AM";"AM";"AMAZONAS";40000628456;2;32;"Quotas ou quinhões de capital";"#NULO#";"70000,00";"18/09/2018";"11:25:55"
"13/11/2024";"10:55:11";2018;2;"Eleição Ordinária";297;"Eleições Gerais Estaduais 2018";"07/10/2018";"AM";"AM";"AMAZONAS";40000629573;1;32;"Quotas ou quinhões de capital";"#NULO#";"300000,00";"19/04/2021";"20:13:06"
"13/11/2024";"10:55:11";2018;2;"Eleição Ordinária";297;"Eleições Gerais Estaduais 2018";"07/10/2018";"AM";"AM";"AMAZONAS";40000629602;4;32;"Quotas ou quinhões de capital";"#NULO#";"10000,00";"19/11/2021";"06:43:58"
"13/11/2024";"10:55:11";2018;2;"Eleição Ordinária";297;"Eleições Gerais Estaduais 2018";"07/10/2018";"AM";"AM";"AMAZONAS";40000629896;2;32;"Quotas ou quinhões de capital";"#NULO#";"2000,00";"19/11/2021";"06:43:58"
"13/11/2024";"10:55:11";2018;2;"Eleição Ordinária";297;"Eleições Gerais Estaduais 2018";"07/10/2018";"AM";"AM";"AMAZONAS";40000600837;1;13;"Terreno";"#NULO#";"25000,00";"19/04/2021";"20:13:24"
"13/11/2024";"10:55:11";2018;2;"Eleição Ordinária";297;"Eleições Gerais Estaduais 2018";"07/10/2018";"AM";"AM";"AMAZONAS";40000602422;2;13;"Terreno";"1 terreno de 12x73m, situado em São Paulo de Olivença/AM, de valor estimado de 50.000,00";"50000,00";"19/04/2021";"20:13:19"
"13/11/2024";"10:55:11";2018;2;"Eleição Ordinária";297;"Eleições Gerais Estaduais 2018";"07/10/2018";"AM";"AM";"AMAZONAS";40000602424;2;13;"Terreno";"1 terreno de 20x20m, situado na Rua Deputado Risonildo Almeida, s/n, Iranduba/AM, de valor estimado de 60.000,00.";"60000,00";"19/04/2021";"20:13:19"
"13/11/2024";"10:55:11";2018;2;"Eleição Ordinária";297;"Eleições Gerais Estaduais 2018";"07/10/2018";"AM";"AM";"AMAZONAS";40000602439;3;13;"Terreno";"1 terreno com área de 200.000m², no valor estimado de 25.000.";"25000,00";"19/04/2021";"20:13:20"
"13/11/2024";"10:55:11";2018;2;"Eleição Ordinária";297;"Eleições Gerais Estaduais 2018";"07/10/2018";"AM";"AM";"AMAZONAS";40000602449;1;13;"Terreno";"1 terreno urbano medindo 15x30m contendo 01 (uma) casa edificada parte em madeira e em alvenaria medindo 06x09 metros, localizada a rua Rio Queixada s/n. - Bairro Vila Nova, Apuí - AM";"60000,00";"19/04/2021";"20:13:20"
"13/11/2024";"10:55:11";2018;2;"Eleição Ordinária";297;"Eleições Gerais Estaduais 2018";"07/10/2018";"AM";"AM";"AMAZONAS";40000603706;4;13;"Terreno";"#NULO#";"55000,00";"19/04/2021";"20:13:26"
"13/11/2024";"10:55:11";2018;2;"Eleição Ordinária";297;"Eleições Gerais Estaduais 2018";"07/10/2018";"AM";"AM";"AMAZONAS";40000603706;2;13;"Terreno";"#NULO#";"295000,00";"19/04/2021";"20:13:26"
"13/11/2024";"10:55:11";2018;2;"Eleição Ordinária";297;"Eleições Gerais Estaduais 2018";"07/10/2018";"AM";"AM";"AMAZONAS";40000603706;9;23;"Embarcação";"#NULO#";"10000,00";"19/04/2021";"20:13:26"
"13/11/2024";"10:55:11";2018;2;"Eleição Ordinária";297;"Eleições Gerais Estaduais 2018";"07/10/2018";"AM";"AM";"AMAZONAS";40000603706;10;63;"Dinheiro em espécie - moeda nacional";"#NULO#";"49850,00";"19/04/2021";"20:13:26"
"13/11/2024";"10:55:11";2018;2;"Eleição Ordinária";297;"Eleições Gerais Estaduais 2018";"07/10/2018";"AM";"AM";"AMAZONAS";40000603706;16;13;"Terreno";"#NULO#";"124080,00";"19/04/2021";"20:13:26"
"13/11/2024";"10:55:11";2018;2;"Eleição Ordinária";297;"Eleições Gerais Estaduais 2018";"07/10/2018";"AM";"AM";"AMAZONAS";40000603706;19;13;"Terreno";"#NULO#";"30000,00";"19/04/2021";"20:13:26"
"13/11/2024";"10:55:11";2018;2;"Eleição Ordinária";297;"Eleições Gerais Estaduais 2018";"07/10/2018";"AM";"AM";"AMAZONAS";40000603707;3;23;"Embarcação";"#NULO#";"30000,00";"18/09/2018";"11:25:55"
"13/11/2024";"10:55:11";2018;2;"Eleição Ordinária";297;"Eleições Gerais Estaduais 2018";"07/10/2018";"AM";"AM";"AMAZONAS";40000603707;4;23;"Embarcação";"#NULO#";"42000,00";"18/09/2018";"11:25:55"
"13/11/2024";"10:55:11";2018;2;"Eleição Ordinária";297;"Eleições Gerais Estaduais 2018";"07/10/2018";"AM";"AM";"AMAZONAS";40000603709;1;13;"Terreno";"#NULO#";"670133,39";"19/04/2021";"20:13:25"
"13/11/2024";"10:55:11";2018;2;"Eleição Ordinária";297;"Eleições Gerais Estaduais 2018";"07/10/2018";"AM";"AM";"AMAZONAS";40000603709;2;13;"Terreno";"#NULO#";"320000,00";"19/04/2021";"20:13:25"
"13/11/2024";"10:55:11";2018;2;"Eleição Ordinária";297;"Eleições Gerais Estaduais 2018";"07/10/2018";"AM";"AM";"AMAZONAS";40000603710;1;13;"Terreno";"#NULO#";"488505,35";"19/04/2021";"20:13:26"
"13/11/2024";"10:55:11";2018;2;"Eleição Ordinária";297;"Eleições Gerais Estaduais 2018";"07/10/2018";"AM";"AM";"AMAZONAS";40000604138;2;13;"Terreno";"Terreno adquirido no Alphaville Manaus Empreendimentos Imobiliários LTDA,";"275087,70";"18/09/2018";"11:25:55"
"13/11/2024";"10:55:11";2018;2;"Eleição Ordinária";297;"Eleições Gerais Estaduais 2018";"07/10/2018";"AM";"AM";"AMAZONAS";40000608148;6;13;"Terreno";"#NULO#";"60828,22";"19/04/2021";"20:13:19"
"13/11/2024";"10:55:11";2018;2;"Eleição Ordinária";297;"Eleições Gerais Estaduais 2018";"07/10/2018";"AM";"AM";"AMAZONAS";40000608152;1;13;"Terreno";"#NULO#";"40000,00";"18/09/2018";"11:25:55"
"13/11/2024";"10:55:11";2018;2;"Eleição Ordinária";297;"Eleições Gerais Estaduais 2018";"07/10/2018";"AM";"AM";"AMAZONAS";40000608152;2;13;"Terreno";"#NULO#";"50000,00";"18/09/2018";"11:25:55"
"13/11/2024";"10:55:11";2018;2;"Eleição Ordinária";297;"Eleições Gerais Estaduais 2018";"07/10/2018";"AM";"AM";"AMAZONAS";40000608169;1;13;"Terreno";"#NULO#";"35000,00";"19/04/2021";"20:13:11"
"13/11/2024";"10:55:11";2018;2;"Eleição Ordinária";297;"Eleições Gerais Estaduais 2018";"07/10/2018";"AM";"AM";"AMAZONAS";40000608207;2;13;"Terreno";"1 TERRENO NA RUA SANTA INÊS S/N SÃO JOSÉ ";"50000,00";"19/04/2021";"20:13:15"
"13/11/2024";"10:55:11";2018;2;"Eleição Ordinária";297;"Eleições Gerais Estaduais 2018";"07/10/2018";"AM";"AM";"AMAZONAS";40000608207;3;13;"Terreno";"1 TERRENO NA RUA SANTA INÊS S/N SÃO JOSÉ";"50000,00";"19/04/2021";"20:13:15"
"13/11/2024";"10:55:11";2018;2;"Eleição Ordinária";297;"Eleições Gerais Estaduais 2018";"07/10/2018";"AM";"AM";"AMAZONAS";40000608209;1;13;"Terreno";"01 terreno 12x35 sem construção situado na Rua Santa Rita, 106 Bairro Rio Prioni";"50000,00";"19/04/2021";"20:13:15"
"13/11/2024";"10:55:11";2018;2;"Eleição Ordinária";297;"Eleições Gerais Estaduais 2018";"07/10/2018";"AM";"AM";"AMAZONAS";40000608226;1;13;"Terreno";"2 lotes de terras com 43 e 44, fazendo parte de um todo maior lote sob o numero 363, gleba 10, situado na Colonia Ephigenio Ferreira Salles, na cidade Manaus/AM";"60000,00";"19/04/2021";"20:13:14"
"13/11/2024";"10:55:11";2018;2;"Eleição Ordinária";297;"Eleições Gerais Estaduais 2018";"07/10/2018";"AM";"AM";"AMAZONAS";40000608226;2;13;"Terreno";"um lote de terra de n.2, situado na Rua Aruanã, Quadra 21, Comunidade Acará, medido 140m2 Bairro Santa Etelvina, Manaus/AM.";"30000,00";"19/04/2021";"20:13:14"
"13/11/2024";"10:55:11";2018;2;"Eleição Ordinária";297;"Eleições Gerais Estaduais 2018";"07/10/2018";"AM";"AM";"AMAZONAS";40000608226;3;13;"Terreno";"um lote rural medindo 200m de frente por 200 m de fundo, localizado na AM240 km 09 Ramal Coracao de Jesus, Km 06 margem esquerda Uatumã, Municipio Presidente Figueiredo/AM";"50000,00";"19/04/2021";"20:13:14"
"13/11/2024";"10:55:11";2018;2;"Eleição Ordinária";297;"Eleições Gerais Estaduais 2018";"07/10/2018";"AM";"AM";"AMAZONAS";40000608229;1;13;"Terreno";"terreno comunidade Sao Sebastiao Ramal do Punpunal n. 4";"30000,00";"18/09/2018";"11:25:55"
"13/11/2024";"10:55:11";2018;2;"Eleição Ordinária";297;"Eleições Gerais Estaduais 2018";"07/10/2018";"AM";"AM";"AMAZONAS";40000608233;3;13;"Terreno";"terreno localizado a rua amazonas, bairro sao joao, tefe/am adquirido pelo valor de r$ 50.000,00, em 28/03/2014";"50000,00";"19/04/2021";"20:13:14"
"13/11/2024";"10:55:11";2018;2;"Eleição Ordinária";297;"Eleições Gerais Estaduais 2018";"07/10/2018";"AM";"AM";"AMAZONAS";40000608233;6;13;"Terreno";"terreno localizado a rua projetada, bairro andarai central, municipio de manicore , am, adquirido em 05/02/2016 titulo definitivo 051/2014 pm manicore valor r$ 9.000,00";"9000,00";"19/04/2021";"20:13:14"
"13/11/2024";"10:55:11";2018;2;"Eleição Ordinária";297;"Eleições Gerais Estaduais 2018";"07/10/2018";"AM";"AM";"AMAZONAS";40000608233;12;63;"Dinheiro em espécie - moeda nacional";"valor em especie - moeda nacional valor r$ 76.355,00";"76355,00";"19/04/2021";"20:13:14"
"13/11/2024";"10:55:11";2018;2;"Eleição Ordinária";297;"Eleições Gerais Estaduais 2018";"07/10/2018";"AM";"AM";"AMAZONAS";40000608857;6;23;"Embarcação";"#NULO#";"28000,00";"19/04/2021";"20:13:03"
"13/11/2024";"10:55:11";2018;2;"Eleição Ordinária";297;"Eleições Gerais Estaduais 2018";"07/10/2018";"AM";"AM";"AMAZONAS";40000608864;1;13;"Terreno";"#NULO#";"350000,00";"19/04/2021";"20:13:03"
"13/11/2024";"10:55:11";2018;2;"Eleição Ordinária";297;"Eleições Gerais Estaduais 2018";"07/10/2018";"AM";"AM";"AMAZONAS";40000608864;2;13;"Terreno";"#NULO#";"450000,00";"19/04/2021";"20:13:03"
"13/11/2024";"10:55:11";2018;2;"Eleição Ordinária";297;"Eleições Gerais Estaduais 2018";"07/10/2018";"AM";"AM";"AMAZONAS";40000608864;5;13;"Terreno";"#NULO#";"450000,00";"19/04/2021";"20:13:03"
"13/11/2024";"10:55:11";2018;2;"Eleição Ordinária";297;"Eleições Gerais Estaduais 2018";"07/10/2018";"AM";"AM";"AMAZONAS";40000608866;2;13;"Terreno";"#NULO#";"150000,00";"19/04/2021";"20:13:03"
"13/11/2024";"10:55:11";2018;2;"Eleição Ordinária";297;"Eleições Gerais Estaduais 2018";"07/10/2018";"AM";"AM";"AMAZONAS";40000608870;3;23;"Embarcação";"#NULO#";"150000,00";"19/04/2021";"20:13:04"
"13/11/2024";"10:55:11";2018;2;"Eleição Ordinária";297;"Eleições Gerais Estaduais 2018";"07/10/2018";"AM";"AM";"AMAZONAS";40000608871;12;63;"Dinheiro em espécie - moeda nacional";"#NULO#";"10000,00";"19/04/2021";"20:13:04"
"13/11/2024";"10:55:11";2018;2;"Eleição Ordinária";297;"Eleições Gerais Estaduais 2018";"07/10/2018";"AM";"AM";"AMAZONAS";40000608882;7;63;"Dinheiro em espécie - moeda nacional";"#NULO#";"900000,00";"19/04/2021";"20:13:08"
"13/11/2024";"10:55:11";2018;2;"Eleição Ordinária";297;"Eleições Gerais Estaduais 2018";"07/10/2018";"AM";"AM";"AMAZONAS";40000608889;4;23;"Embarcação";"#NULO#";"200000,00";"19/04/2021";"20:13:14"
"13/11/2024";"10:55:11";2018;2;"Eleição Ordinária";297;"Eleições Gerais Estaduais 2018";"07/10/2018";"AM";"AM";"AMAZONAS";40000608889;5;13;"Terreno";"#NULO#";"430000,00";"19/04/2021";"20:13:14"
"13/11/2024";"10:55:11";2018;2;"Eleição Ordinária";297;"Eleições Gerais Estaduais 2018";"07/10/2018";"AM";"AM";"AMAZONAS";40000608893;6;13;"Terreno";"#NULO#";"151871,90";"19/04/2021";"20:13:23"
"13/11/2024";"10:55:11";2018;2;"Eleição Ordinária";297;"Eleições Gerais Estaduais 2018";"07/10/2018";"AM";"AM";"AMAZONAS";40000608896;4;63;"Dinheiro em espécie - moeda nacional";"#NULO#";"40000,00";"19/04/2021";"20:13:23"
"13/11/2024";"10:55:11";2018;2;"Eleição Ordinária";297;"Eleições Gerais Estaduais 2018";"07/10/2018";"AM";"AM";"AMAZONAS";40000608899;1;13;"Terreno";"#NULO#";"10000,00";"19/04/2021";"20:13:21"
"13/11/2024";"10:55:11";2018;2;"Eleição Ordinária";297;"Eleições Gerais Estaduais 2018";"07/10/2018";"AM";"AM";"AMAZONAS";40000608901;2;13;"Terreno";"#NULO#";"2375437,61";"19/04/2021";"20:13:22"
"13/11/2024";"10:55:11";2018;2;"Eleição Ordinária";297;"Eleições Gerais Estaduais 2018";"07/10/2018";"AM";"AM";"AMAZONAS";40000608885;1;63;"Dinheiro em espécie - moeda nacional";"#NULO#";"0,10";"19/04/2021";"20:13:08"
"13/11/2024";"10:55:11";2018;2;"Eleição Ordinária";297;"Eleições Gerais Estaduais 2018";"07/10/2018";"AM";"AM";"AMAZONAS";40000609240;8;63;"Dinheiro em espécie - moeda nacional";"#NULO#";"300000,00";"19/04/2021";"20:13:17"
"13/11/2024";"10:55:11";2018;2;"Eleição Ordinária";297;"Eleições Gerais Estaduais 2018";"07/10/2018";"AM";"AM";"AMAZONAS";40000609240;9;63;"Dinheiro em espécie - moeda nacional";"#NULO#";"9,21";"19/04/2021";"20:13:17"
"13/11/2024";"10:55:11";2018;2;"Eleição Ordinária";297;"Eleições Gerais Estaduais 2018";"07/10/2018";"AM";"AM";"AMAZONAS";40000609245;2;23;"Embarcação";"#NULO#";"6200,00";"19/04/2021";"20:13:17"
"13/11/2024";"10:55:11";2018;2;"Eleição Ordinária";297;"Eleições Gerais Estaduais 2018";"07/10/2018";"AM";"AM";"AMAZONAS";40000609247;1;63;"Dinheiro em espécie - moeda nacional";"#NULO#";"80000,00";"19/04/2021";"20:13:17"
"13/11/2024";"10:55:11";2018;2;"Eleição Ordinária";297;"Eleições Gerais Estaduais 2018";"07/10/2018";"AM";"AM";"AMAZONAS";40000609263;6;32;"Quotas ou quinhões de capital";"#NULO#";"2970000,00";"19/04/2021";"20:13:18"
"13/11/2024";"10:55:11";2018;2;"Eleição Ordinária";297;"Eleições Gerais Estaduais 2018";"07/10/2018";"AM";"AM";"AMAZONAS";40000609284;2;32;"Quotas ou quinhões de capital";"Empresa Celso Corsino da Silva - ME -CNPJ 03.960.068/0001-00";"50000,00";"19/04/2021";"20:13:10"
"13/11/2024";"10:55:11";2018;2;"Eleição Ordinária";297;"Eleições Gerais Estaduais 2018";"07/10/2018";"AM";"AM";"AMAZONAS";40000609303;1;32;"Quotas ou quinhões de capital";"CAPITAL DA FIRMA INDIVIDUAL D P JUNGLKAUS - ME, CNPJ: 07.943.549/0001-69";"1000000,00";"19/04/2021";"20:13:10"
"13/11/2024";"10:55:11";2018;2;"Eleição Ordinária";297;"Eleições Gerais Estaduais 2018";"07/10/2018";"AM";"AM";"AMAZONAS";40000609313;1;32;"Quotas ou quinhões de capital";"TITULARIDADE DA EMPRESA INDIVIDUAL DENOMINADA ANTONIO CESAR DANTAS AMARAL, ADQUIRIDA EM 23/12/2002";"10000,00";"19/04/2021";"20:13:11"
"13/11/2024";"10:55:11";2018;2;"Eleição Ordinária";297;"Eleições Gerais Estaduais 2018";"07/10/2018";"AM";"AM";"AMAZONAS";40000609313;2;32;"Quotas ou quinhões de capital";"PARTICIPAÇÃO (80%) NA SOCIEDADE POR QUOTAS DE RESPONSABILIDADE LIMITADA DENOMINADA DRA ENGENHARIA E CONSTRUÇÃO LTDA, REGISTRADA NA JUCEA SOB O NIRE 132004487273, ALTERAÇÃO CONTRATUAL SOB O NO. 344687 ";"240000,00";"19/04/2021";"20:13:11"
"13/11/2024";"10:55:11";2018;2;"Eleição Ordinária";297;"Eleições Gerais Estaduais 2018";"07/10/2018";"AM";"AM";"AMAZONAS";40000610062;8;32;"Quotas ou quinhões de capital";"SOCIO DA EMPRESA KANMEL CONSTRUCOES E EMPREED LTDA CNPJ:07.981.626/0001-75 - 65% DO CAPITAL SOCIAL NO VALOR DE R$ 200.000,00 , TOTALIZANDO UM VALOR DE R$ 130.000,00";"130000,00";"19/04/2021";"20:13:26"
"13/11/2024";"10:55:11";2018;2;"Eleição Ordinária";297;"Eleições Gerais Estaduais 2018";"07/10/2018";"AM";"AM";"AMAZONAS";40000610065;3;32;"Quotas ou quinhões de capital";"#NULO#";"85000,00";"19/04/2021";"20:13:25"
"13/11/2024";"10:55:11";2018;2;"Eleição Ordinária";297;"Eleições Gerais Estaduais 2018";"07/10/2018";"AM";"AM";"AMAZONAS";40000610065;11;32;"Quotas ou quinhões de capital";"#NULO#";"75000,00";"19/04/2021";"20:13:25"
"13/11/2024";"10:55:11";2018;2;"Eleição Ordinária";297;"Eleições Gerais Estaduais 2018";"07/10/2018";"AM";"AM";"AMAZONAS";40000610066;6;32;"Quotas ou quinhões de capital";"#NULO#";"68000,00";"19/04/2021";"20:13:26"
"13/11/2024";"10:55:11";2018;2;"Eleição Ordinária";297;"Eleições Gerais Estaduais 2018";"07/10/2018";"AM";"AM";"AMAZONAS";40000610067;17;32;"Quotas ou quinhões de capital";"QUOTAS DA CAPITAL INTEGRALIZADO NA EMPRESA ARTE LOGISTICA E OPERAÇÕES PORTUÁRIAS LTDA ME, CNPJ N 03.789.563/0001-07";"190000,00";"19/04/2021";"20:13:25"
"13/11/2024";"10:55:11";2018;2;"Eleição Ordinária";297;"Eleições Gerais Estaduais 2018";"07/10/2018";"AM";"AM";"AMAZONAS";40000610067;21;32;"Quotas ou quinhões de capital";"QUOTAS DE CAPITAL NO VALOR DE R$ 1,00 CADA UMA, SUBSCRITAS E INTEGRALIZADAS NA EMPRESA SMD RECURSOS NATURAIS LTDA, CNPJ 15.497.849/0001-90";"200000,00";"19/04/2021";"20:13:25"
"13/11/2024";"10:55:11";2018;2;"Eleição Ordinária";297;"Eleições Gerais Estaduais 2018";"07/10/2018";"AM";"AM";"AMAZONAS";40000610067;23;32;"Quotas ou quinhões de capital";"QUOTAS DA EMPRESA MENDES E MENDES CONSULTORIA EM GESTÃO EMPRESARIAL LTDA CF. CONTRATO SOCIAL DATADO DE 05.11.2015, REGISTRADO EM 14.12.2015 SOB O NÚMERO 13200678214 NA JUCEA";"9999,00";"19/04/2021";"20:13:25"
"13/11/2024";"10:55:11";2018;2;"Eleição Ordinária";297;"Eleições Gerais Estaduais 2018";"07/10/2018";"AM";"AM";"AMAZONAS";40000610067;27;32;"Quotas ou quinhões de capital";"QUOTAS DE CAPITAL DA EMPRESA AMCL HOLDINGS LTDA CNPJ 24.533.296/0001-74 CF, CONTRATO DATADO DE 09/11/2015 REGISTRADO EM 06/04/2016 NA JUCEA SOB O N. 13200683382";"5002,00";"19/04/2021";"20:13:25"
"13/11/2024";"10:55:11";2018;2;"Eleição Ordinária";297;"Eleições Gerais Estaduais 2018";"07/10/2018";"AM";"AM";"AMAZONAS";40000610333;1;32;"Quotas ou quinhões de capital";"#NULO#";"2000,00";"19/04/2021";"20:13:06"
"13/11/2024";"10:55:11";2018;2;"Eleição Ordinária";297;"Eleições Gerais Estaduais 2018";"07/10/2018";"AM";"AM";"AMAZONAS";40000610338;1;32;"Quotas ou quinhões de capital";"#NULO#";"54000,00";"19/04/2021";"20:13:06"
"13/11/2024";"10:55:11";2018;2;"Eleição Ordinária";297;"Eleições Gerais Estaduais 2018";"07/10/2018";"AM";"AM";"AMAZONAS";40000610338;3;32;"Quotas ou quinhões de capital";"#NULO#";"40000,00";"19/04/2021";"20:13:06"
"13/11/2024";"10:55:11";2018;2;"Eleição Ordinária";297;"Eleições Gerais Estaduais 2018";"07/10/2018";"AM";"AM";"AMAZONAS";40000610405;3;32;"Quotas ou quinhões de capital";"#NULO#";"100000,00";"19/04/2021";"20:13:21"
"13/11/2024";"10:55:11";2018;2;"Eleição Ordinária";297;"Eleições Gerais Estaduais 2018";"07/10/2018";"AM";"AM";"AMAZONAS";40000610418;1;32;"Quotas ou quinhões de capital";"Castelo Branco Construção LTDA. CNPJ 04.647.434/0001-39";"180000,00";"19/04/2021";"20:13:24"
"13/11/2024";"10:55:11";2018;2;"Eleição Ordinária";297;"Eleições Gerais Estaduais 2018";"07/10/2018";"AM";"AM";"AMAZONAS";40000610420;5;32;"Quotas ou quinhões de capital";"DA EMPRESA RADIO RIO MADEIRA LTDA - CNPJ: 04.817.565/00001-17";"25000,00";"19/04/2021";"20:13:22"
"13/11/2024";"10:55:11";2018;2;"Eleição Ordinária";297;"Eleições Gerais Estaduais 2018";"07/10/2018";"AM";"AM";"AMAZONAS";40000610420;4;32;"Quotas ou quinhões de capital";"DA EMPRESA O   C PRODUTOS DE BORRACHA LTDA - CNPJ: 68.131.648/0001-95";"500000,00";"19/04/2021";"20:13:22"
"13/11/2024";"10:55:11";2018;2;"Eleição Ordinária";297;"Eleições Gerais Estaduais 2018";"07/10/2018";"AM";"AM";"AMAZONAS";40000610435;2;32;"Quotas ou quinhões de capital";"#NULO#";"13500,00";"19/04/2021";"20:13:21"
"13/11/2024";"10:55:11";2018;2;"Eleição Ordinária";297;"Eleições Gerais Estaduais 2018";"07/10/2018";"AM";"AM";"AMAZONAS";40000611534;3;32;"Quotas ou quinhões de capital";"QUOTA EM EMPRESA, EBP CONSULTORIA EMPRESARIAL LTDA-ME";"9500,00";"19/04/2021";"20:13:07"
"13/11/2024";"10:55:11";2018;2;"Eleição Ordinária";297;"Eleições Gerais Estaduais 2018";"07/10/2018";"AM";"AM";"AMAZONAS";40000611536;2;32;"Quotas ou quinhões de capital";"EMPRESA, DISTRIBUIDORA";"140000,00";"19/04/2021";"20:13:07"
"13/11/2024";"10:55:11";2018;2;"Eleição Ordinária";297;"Eleições Gerais Estaduais 2018";"07/10/2018";"AM";"AM";"AMAZONAS";40000611540;3;32;"Quotas ou quinhões de capital";"QUOTA EM EMPRESA, 100%, SDP CONSTRUÇÕES  E COMÉRCIO  DE MATERIAL DE CONSTRUÇÃO LTDA-ME";"67000,00";"19/04/2021";"20:13:07"
"13/11/2024";"10:55:11";2018;2;"Eleição Ordinária";297;"Eleições Gerais Estaduais 2018";"07/10/2018";"AM";"AM";"AMAZONAS";40000611540;4;32;"Quotas ou quinhões de capital";"QUOTA EM EMPRESA, 10%, SNJ SERVIÇOS  DE ESTRUTURAS METÁLICAS COMÉRCIO LTDA - ME";"250000,00";"19/04/2021";"20:13:07"
"13/11/2024";"10:55:11";2018;2;"Eleição Ordinária";297;"Eleições Gerais Estaduais 2018";"07/10/2018";"AM";"AM";"AMAZONAS";40000612646;5;32;"Quotas ou quinhões de capital";"#NULO#";"10000,00";"19/04/2021";"20:13:14"
"13/11/2024";"10:55:11";2018;2;"Eleição Ordinária";297;"Eleições Gerais Estaduais 2018";"07/10/2018";"AM";"AM";"AMAZONAS";40000612651;1;32;"Quotas ou quinhões de capital";"#NULO#";"200000,00";"19/04/2021";"20:13:05"
"13/11/2024";"10:55:11";2018;2;"Eleição Ordinária";297;"Eleições Gerais Estaduais 2018";"07/10/2018";"AM";"AM";"AMAZONAS";40000612653;1;32;"Quotas ou quinhões de capital";"#NULO#";"30000,00";"19/04/2021";"20:13:05"
"13/11/2024";"10:55:11";2018;2;"Eleição Ordinária";297;"Eleições Gerais Estaduais 2018";"07/10/2018";"AM";"AM";"AMAZONAS";40000612666;1;32;"Quotas ou quinhões de capital";"#NULO#";"20000,00";"19/04/2021";"20:13:05"
"13/11/2024";"10:55:11";2018;2;"Eleição Ordinária";297;"Eleições Gerais Estaduais 2018";"07/10/2018";"AM";"AM";"AMAZONAS";40000612666;2;32;"Quotas ou quinhões de capital";"#NULO#";"20000,00";"19/04/2021";"20:13:05"
"13/11/2024";"10:55:11";2018;2;"Eleição Ordinária";297;"Eleições Gerais Estaduais 2018";"07/10/2018";"AM";"AM";"AMAZONAS";40000612666;8;32;"Quotas ou quinhões de capital";"#NULO#";"50000,00";"19/04/2021";"20:13:05"
"13/11/2024";"10:55:11";2018;2;"Eleição Ordinária";297;"Eleições Gerais Estaduais 2018";"07/10/2018";"AM";"AM";"AMAZONAS";40000612668;1;32;"Quotas ou quinhões de capital";"#NULO#";"5000,00";"19/04/2021";"20:13:05"
"13/11/2024";"10:55:11";2018;2;"Eleição Ordinária";297;"Eleições Gerais Estaduais 2018";"07/10/2018";"AM";"AM";"AMAZONAS";40000612669;12;32;"Quotas ou quinhões de capital";"#NULO#";"382015,44";"19/04/2021";"20:13:05"
"13/11/2024";"10:55:11";2018;2;"Eleição Ordinária";297;"Eleições Gerais Estaduais 2018";"07/10/2018";"AM";"AM";"AMAZONAS";40000612673;4;32;"Quotas ou quinhões de capital";"#NULO#";"49500,00";"19/04/2021";"20:13:06"
"13/11/2024";"10:55:11";2018;2;"Eleição Ordinária";297;"Eleições Gerais Estaduais 2018";"07/10/2018";"AM";"AM";"AMAZONAS";40000612673;5;32;"Quotas ou quinhões de capital";"#NULO#";"2500,00";"19/04/2021";"20:13:06"
"13/11/2024";"10:55:11";2018;2;"Eleição Ordinária";297;"Eleições Gerais Estaduais 2018";"07/10/2018";"AM";"AM";"AMAZONAS";40000612673;6;32;"Quotas ou quinhões de capital";"#NULO#";"25000,00";"19/04/2021";"20:13:06"
"13/11/2024";"10:55:11";2018;2;"Eleição Ordinária";297;"Eleições Gerais Estaduais 2018";"07/10/2018";"AM";"AM";"AMAZONAS";40000617491;1;32;"Quotas ou quinhões de capital";"QUOTA PARTE NA UNIMED COOPERATIVA DE TRABALHO MÉDICO";"2100,00";"19/04/2021";"20:13:10"
"13/11/2024";"10:55:11";2018;2;"Eleição Ordinária";297;"Eleições Gerais Estaduais 2018";"07/10/2018";"AM";"AM";"AMAZONAS";40000617491;2;32;"Quotas ou quinhões de capital";"QUOTA PARTE NO INSTITUTO DE PEDIATRIA DO AMAZONAS";"7200,00";"19/04/2021";"20:13:10"
"13/11/2024";"10:55:11";2018;2;"Eleição Ordinária";297;"Eleições Gerais Estaduais 2018";"07/10/2018";"AM";"AM";"AMAZONAS";40000617495;3;32;"Quotas ou quinhões de capital";"QUOTAS OU QUINHÕES DE CAPITAL";"196000,00";"19/04/2021";"20:13:10"
"13/11/2024";"10:55:11";2018;2;"Eleição Ordinária";297;"Eleições Gerais Estaduais 2018";"07/10/2018";"AM";"AM";"AMAZONAS";40000617495;5;32;"Quotas ou quinhões de capital";"QUOTAS OU QUINHÕES DE CAPITAL";"47500,00";"19/04/2021";"20:13:10"
"13/11/2024";"10:55:11";2018;2;"Eleição Ordinária";297;"Eleições Gerais Estaduais 2018";"07/10/2018";"AM";"AM";"AMAZONAS";40000617507;3;32;"Quotas ou quinhões de capital";"20% da empresa FHL Engenharia ltda, CNPJ:15.274.155/0001-93";"200000,00";"19/04/2021";"20:13:13"
"13/11/2024";"10:55:11";2018;2;"Eleição Ordinária";297;"Eleições Gerais Estaduais 2018";"07/10/2018";"AM";"AM";"AMAZONAS";40000617510;2;32;"Quotas ou quinhões de capital";"Capital Social da Empresa Jorge Miguel Oliveira Souza-ME CNPJ 17.217.897/0001-02";"40000,00";"19/04/2021";"20:13:13"
"13/11/2024";"10:55:11";2018;2;"Eleição Ordinária";297;"Eleições Gerais Estaduais 2018";"07/10/2018";"AM";"AM";"AMAZONAS";40000618261;5;32;"Quotas ou quinhões de capital";"962.280 - QUOTAS DE CAPITAL DA EMPRESA PARINTINS VEICULOS LTDA, CNPJ:02.045.988/0001-30 - 105 ¿ Brasil";"962280,00";"19/04/2021";"20:13:26"
"13/11/2024";"10:55:11";2018;2;"Eleição Ordinária";297;"Eleições Gerais Estaduais 2018";"07/10/2018";"AM";"AM";"AMAZONAS";40000618261;6;32;"Quotas ou quinhões de capital";"1.529.145 - QUOTAS DE CAPITAL NA EMPRESA PARINTINS AUTOMOVEIS LTDA, CNPJ: 04.414.509/0001-31. - 105 ¿ Brasil";"1529145,60";"19/04/2021";"20:13:26"
"13/11/2024";"10:55:11";2018;2;"Eleição Ordinária";297;"Eleições Gerais Estaduais 2018";"07/10/2018";"AM";"AM";"AMAZONAS";40000618261;7;32;"Quotas ou quinhões de capital";"810.000 QUOTAS DE CAPITAL SOCIAL NA EMPRESA PARINTINS PARTICIPACOES LTDA CONF. ULTIMA ALTERACAO CONTRATUAL EM 01/12/2017 REGISTRADA NA JUCEA SOB NO 20170367134., CNPJ 05.400.209/0001-66. - 105 - Brasi";"810000,00";"19/04/2021";"20:13:26"
"13/11/2024";"10:55:11";2018;2;"Eleição Ordinária";297;"Eleições Gerais Estaduais 2018";"07/10/2018";"AM";"AM";"AMAZONAS";40000618261;16;32;"Quotas ou quinhões de capital";"25.000 QUOTAS DE CAPITAL SOCIAL NA EMPRESA PARINTINS MOTOS LTDA, CNPJ 09.452.043/0001-82. - 105 ¿ Brasil";"25000,00";"19/04/2021";"20:13:26"
"13/11/2024";"10:55:11";2018;2;"Eleição Ordinária";297;"Eleições Gerais Estaduais 2018";"07/10/2018";"AM";"AM";"AMAZONAS";40000618261;49;32;"Quotas ou quinhões de capital";"APLICACAO BRADESCO PRIVATE FI EM COTAS DE FIA MULTI ASSET EQUITIES - BEM DIST. TIT. E VALORES MOBILIARIOS LTDA.";"200000,00";"19/04/2021";"20:13:26"
"13/11/2024";"10:55:11";2018;2;"Eleição Ordinária";297;"Eleições Gerais Estaduais 2018";"07/10/2018";"AM";"AM";"AMAZONAS";40000618261;53;32;"Quotas ou quinhões de capital";"1.140 COTAS -BRAD C IMOB AT FII - CNPJ: 60.746.948/0001-12";"135660,00";"19/04/2021";"20:13:26"
"13/11/2024";"10:55:11";2018;2;"Eleição Ordinária";297;"Eleições Gerais Estaduais 2018";"07/10/2018";"AM";"AM";"AMAZONAS";40000618262;1;32;"Quotas ou quinhões de capital";"202.500 QUOTAS DE CAPITAL SOCIAL NA EMPRESA PARINTINS PARTICIPACOES LTDA, CNPJ(MF) N 05.400.209/0001-66 CONF. ALTERACAO CONTRATUAL NA JUCEA SOB NO 20170367134 EM 01/12/2017. -CNPJ: 05.400.209/0001-66";"202500,00";"19/04/2021";"20:13:26"
"13/11/2024";"10:55:11";2018;2;"Eleição Ordinária";297;"Eleições Gerais Estaduais 2018";"07/10/2018";"AM";"AM";"AMAZONAS";40000618262;2;32;"Quotas ou quinhões de capital";"14.035 QUOTAS DE CAPITAL SOCIAL NA EMPRESA PARINTINS PETROLEO LTDA, CNPJ(MF) NO 09.558.330/0001-71, CONFORME CONTRATO SOCIAL AQUIVADO NA JUNTA COMERCIAL DO ESTADO DO AMAZONAS - JUCEA-AM, SOB O NIRE 13";"14035,00";"19/04/2021";"20:13:26"
"13/11/2024";"10:55:11";2018;2;"Eleição Ordinária";297;"Eleições Gerais Estaduais 2018";"07/10/2018";"AM";"AM";"AMAZONAS";40000618262;5;32;"Quotas ou quinhões de capital";"500 QUOTAS DE CAPITAL NA EMPRESA PARINTINS MINERACAO LTDA, CNPJ(MF) NO 11.547.257/0001-84, CONF. CONTRATO SOCIAL ARQUIVADO NA JUNTA COMERCIAL DO ESTADO DO AMAZONAS - JUCEA-AM, SOB O NIRE 13200529391, ";"500,00";"19/04/2021";"20:13:26"
"13/11/2024";"10:55:11";2018;2;"Eleição Ordinária";297;"Eleições Gerais Estaduais 2018";"07/10/2018";"AM";"AM";"AMAZONAS";40000618262;10;32;"Quotas ou quinhões de capital";"50 QUOTAS DE CAPITAL SOCIAL NA EMPRESA AMAZONAS INCORPORADORA LTDA, CNPJ(MF) 22.339.348/0001-40, CONF. CONTRATO SOCIAL ARQUIVADO NA JUNTA COMERCIAL DO ESTADO DO AMAZONAS - JUCEA - AM, SOB O NIRE 13200";"50,00";"19/04/2021";"20:13:26"
"13/11/2024";"10:55:11";2018;2;"Eleição Ordinária";297;"Eleições Gerais Estaduais 2018";"07/10/2018";"AM";"AM";"AMAZONAS";40000618262;11;32;"Quotas ou quinhões de capital";"50 QUOTAS DE CAPITAL SOCIAL NA EMPRESA MAUES EMPREENDIMENTO IMOBILIARIO SPE, CNPJ(MF) 23.849.418/0001-73, CONF. CONTRATO SOCIAL ARQUIVADO NA JUNTA COMERCIAL DO ESTADO DO AMAZONAS - JUCEA - AM, SOB O N";"50,00";"19/04/2021";"20:13:26"
"13/11/2024";"10:55:11";2018;2;"Eleição Ordinária";297;"Eleições Gerais Estaduais 2018";"07/10/2018";"AM";"AM";"AMAZONAS";40000618263;6;32;"Quotas ou quinhões de capital";"51.000 QUOTAS DA FIRMA CAPOBIANGO E CARVALHO LTDA. CNPJ00.440.857/0001-22";"51000,00";"19/04/2021";"20:13:26"
"13/11/2024";"10:55:11";2018;2;"Eleição Ordinária";297;"Eleições Gerais Estaduais 2018";"07/10/2018";"AM";"AM";"AMAZONAS";40000618263;10;32;"Quotas ou quinhões de capital";"204.000 QUOTAS DA FIRMA SOLARIS - SERVICOS DE ENGENHARIA LTDA. MANAUS - AM . VALOR INTEGRALIZADO EM R$ 204.000,00 Com atividades paralizadas desde 2016.";"204000,00";"19/04/2021";"20:13:26"
"13/11/2024";"10:55:11";2018;2;"Eleição Ordinária";297;"Eleições Gerais Estaduais 2018";"07/10/2018";"AM";"AM";"AMAZONAS";40000618266;1;32;"Quotas ou quinhões de capital";"#NULO#";"297000,00";"19/04/2021";"20:13:16"
"13/11/2024";"10:55:11";2018;2;"Eleição Ordinária";297;"Eleições Gerais Estaduais 2018";"07/10/2018";"AM";"AM";"AMAZONAS";40000618273;3;32;"Quotas ou quinhões de capital";"#NULO#";"10000,00";"19/04/2021";"20:13:12"
"13/11/2024";"10:55:11";2018;2;"Eleição Ordinária";297;"Eleições Gerais Estaduais 2018";"07/10/2018";"AM";"AM";"AMAZONAS";40000618299;1;32;"Quotas ou quinhões de capital";"#NULO#";"5000,00";"19/04/2021";"20:13:09"
"13/11/2024";"10:55:11";2018;2;"Eleição Ordinária";297;"Eleições Gerais Estaduais 2018";"07/10/2018";"AM";"AM";"AMAZONAS";40000618299;2;32;"Quotas ou quinhões de capital";"#NULO#";"30000,00";"19/04/2021";"20:13:09"
"13/11/2024";"10:55:11";2018;2;"Eleição Ordinária";297;"Eleições Gerais Estaduais 2018";"07/10/2018";"AM";"AM";"AMAZONAS";40000618981;11;32;"Quotas ou quinhões de capital";"2.000 COTAS DE CAPITAL DE CORREA   BENAYON ADVOGADOS ASSOCIADOS LTDA";"2000,00";"19/04/2021";"20:13:12"
"13/11/2024";"10:55:11";2018;2;"Eleição Ordinária";297;"Eleições Gerais Estaduais 2018";"07/10/2018";"AM";"AM";"AMAZONAS";40000603706;3;32;"Quotas ou quinhões de capital";"#NULO#";"10000,00";"19/04/2021";"20:13:26"
"13/11/2024";"10:55:11";2018;2;"Eleição Ordinária";297;"Eleições Gerais Estaduais 2018";"07/10/2018";"AM";"AM";"AMAZONAS";40000603706;5;32;"Quotas ou quinhões de capital";"#NULO#";"5000,00";"19/04/2021";"20:13:26"
"13/11/2024";"10:55:11";2018;2;"Eleição Ordinária";297;"Eleições Gerais Estaduais 2018";"07/10/2018";"AM";"AM";"AMAZONAS";40000604137;4;32;"Quotas ou quinhões de capital";"#NULO#";"27000,00";"18/09/2018";"11:25:55"
"13/11/2024";"10:55:11";2018;2;"Eleição Ordinária";297;"Eleições Gerais Estaduais 2018";"07/10/2018";"AM";"AM";"AMAZONAS";40000604138;3;32;"Quotas ou quinhões de capital";"50% das quotas da empresa Castro e Costa LTDA - CJPJ: 02.454000/001-97";"10000,00";"18/09/2018";"11:25:55"
"13/11/2024";"10:55:11";2018;2;"Eleição Ordinária";297;"Eleições Gerais Estaduais 2018";"07/10/2018";"AM";"AM";"AMAZONAS";40000608173;3;32;"Quotas ou quinhões de capital";"#NULO#";"18000,00";"19/04/2021";"20:13:11"
"13/11/2024";"10:55:11";2018;2;"Eleição Ordinária";297;"Eleições Gerais Estaduais 2018";"07/10/2018";"AM";"AM";"AMAZONAS";40000608202;1;32;"Quotas ou quinhões de capital";"100% CAPITAL SOCIAL DA EMPRESA A.C. CHAVES BANDEIRA DE LELO-ME, CNPJ 18.320244/0001-17, CONFORME REGISTRO NA JUCEA - JUNTA COMERCIAL DO AMAZONAS, EM 18/06/2013";"100000,00";"19/04/2021";"20:13:15"
"13/11/2024";"10:55:11";2018;2;"Eleição Ordinária";297;"Eleições Gerais Estaduais 2018";"07/10/2018";"AM";"AM";"AMAZONAS";40000608202;2;32;"Quotas ou quinhões de capital";"55% DO CAPITAL SOCIAL DA EMPRESA PET GAIA CREMATORIO DE ANIMAIS LTDA, CNPJ 28.099.012/0001-34, CONFORME REGISTRO NA JUCEA - JUNTA COMERCIAL DO AMAZONAS, EM 04/07/2017";"3850,00";"19/04/2021";"20:13:15"
"13/11/2024";"10:55:11";2018;2;"Eleição Ordinária";297;"Eleições Gerais Estaduais 2018";"07/10/2018";"AM";"AM";"AMAZONAS";40000608233;11;32;"Quotas ou quinhões de capital";"quotas de capital social da empresa cnpj 21541828/0001-27 jetro xavier da silva valor r$ 90.000,00";"90000,00";"19/04/2021";"20:13:14"
"13/11/2024";"10:55:11";2018;2;"Eleição Ordinária";297;"Eleições Gerais Estaduais 2018";"07/10/2018";"AM";"AM";"AMAZONAS";40000608233;14;32;"Quotas ou quinhões de capital";"quotas de capital social da empresa cnpj 30.509.801/0001-48 amazonas jornalismo e publicidade ltda .";"100000,00";"19/04/2021";"20:13:14"
"13/11/2024";"10:55:11";2018;2;"Eleição Ordinária";297;"Eleições Gerais Estaduais 2018";"07/10/2018";"AM";"AM";"AMAZONAS";40000608857;4;32;"Quotas ou quinhões de capital";"#NULO#";"120000,00";"19/04/2021";"20:13:03"
"13/11/2024";"10:55:11";2018;2;"Eleição Ordinária";297;"Eleições Gerais Estaduais 2018";"07/10/2018";"AM";"AM";"AMAZONAS";40000608858;2;32;"Quotas ou quinhões de capital";"#NULO#";"500000,00";"19/04/2021";"20:13:03"
"13/11/2024";"10:55:11";2018;2;"Eleição Ordinária";297;"Eleições Gerais Estaduais 2018";"07/10/2018";"AM";"AM";"AMAZONAS";40000608869;4;32;"Quotas ou quinhões de capital";"#NULO#";"50000,00";"19/04/2021";"20:13:03"
"13/11/2024";"10:55:11";2018;2;"Eleição Ordinária";297;"Eleições Gerais Estaduais 2018";"07/10/2018";"AM";"AM";"AMAZONAS";40000608878;4;32;"Quotas ou quinhões de capital";"#NULO#";"2000,00";"19/04/2021";"20:13:08"
"13/11/2024";"10:55:11";2018;2;"Eleição Ordinária";297;"Eleições Gerais Estaduais 2018";"07/10/2018";"AM";"AM";"AMAZONAS";40000608882;1;32;"Quotas ou quinhões de capital";"#NULO#";"150000,00";"19/04/2021";"20:13:08"
"13/11/2024";"10:55:11";2018;2;"Eleição Ordinária";297;"Eleições Gerais Estaduais 2018";"07/10/2018";"AM";"AM";"AMAZONAS";40000608883;1;32;"Quotas ou quinhões de capital";"#NULO#";"41713,29";"19/04/2021";"20:13:08"
"13/11/2024";"10:55:11";2018;2;"Eleição Ordinária";297;"Eleições Gerais Estaduais 2018";"07/10/2018";"AM";"AM";"AMAZONAS";40000608887;3;32;"Quotas ou quinhões de capital";"#NULO#";"75000,00";"19/04/2021";"20:13:08"
"13/11/2024";"10:55:11";2018;2;"Eleição Ordinária";297;"Eleições Gerais Estaduais 2018";"07/10/2018";"AM";"AM";"AMAZONAS";40000608902;4;32;"Quotas ou quinhões de capital";"#NULO#";"10000,00";"19/04/2021";"20:13:25"
"13/11/2024";"10:55:11";2018;2;"Eleição Ordinária";297;"Eleições Gerais Estaduais 2018";"07/10/2018";"AM";"AM";"AMAZONAS";40000608902;5;32;"Quotas ou quinhões de capital";"#NULO#";"228500,00";"19/04/2021";"20:13:25"
"13/11/2024";"10:55:11";2018;2;"Eleição Ordinária";297;"Eleições Gerais Estaduais 2018";"07/10/2018";"AM";"AM";"AMAZONAS";40000609242;2;32;"Quotas ou quinhões de capital";"#NULO#";"300000,00";"19/04/2021";"20:13:17"
"13/11/2024";"10:55:11";2018;2;"Eleição Ordinária";297;"Eleições Gerais Estaduais 2018";"07/10/2018";"AM";"AM";"AMAZONAS";40000609249;1;32;"Quotas ou quinhões de capital";"#NULO#";"15000,00";"19/04/2021";"20:13:17"
"13/11/2024";"10:55:11";2018;2;"Eleição Ordinária";297;"Eleições Gerais Estaduais 2018";"07/10/2018";"AM";"AM";"AMAZONAS";40000609249;2;32;"Quotas ou quinhões de capital";"#NULO#";"75000,00";"19/04/2021";"20:13:17"
"13/11/2024";"10:55:11";2018;2;"Eleição Ordinária";297;"Eleições Gerais Estaduais 2018";"07/10/2018";"AM";"AM";"AMAZONAS";40000609249;3;32;"Quotas ou quinhões de capital";"#NULO#";"63000,00";"19/04/2021";"20:13:17"
"13/11/2024";"10:55:11";2018;2;"Eleição Ordinária";297;"Eleições Gerais Estaduais 2018";"07/10/2018";"AM";"AM";"AMAZONAS";40000609249;4;32;"Quotas ou quinhões de capital";"#NULO#";"50,00";"19/04/2021";"20:13:17"
"13/11/2024";"10:55:11";2018;2;"Eleição Ordinária";297;"Eleições Gerais Estaduais 2018";"07/10/2018";"AM";"AM";"AMAZONAS";40000619007;2;61;"Depósito bancário em conta corrente no País";"#NULO#";"4055,37";"19/04/2021";"20:13:05"
"13/11/2024";"10:55:11";2018;2;"Eleição Ordinária";297;"Eleições Gerais Estaduais 2018";"07/10/2018";"AM";"AM";"AMAZONAS";40000619007;3;61;"Depósito bancário em conta corrente no País";"#NULO#";"1075,46";"19/04/2021";"20:13:05"
"13/11/2024";"10:55:11";2018;2;"Eleição Ordinária";297;"Eleições Gerais Estaduais 2018";"07/10/2018";"AM";"AM";"AMAZONAS";40000619007;4;61;"Depósito bancário em conta corrente no País";"#NULO#";"2,32";"19/04/2021";"20:13:05"
"13/11/2024";"10:55:11";2018;2;"Eleição Ordinária";297;"Eleições Gerais Estaduais 2018";"07/10/2018";"AM";"AM";"AMAZONAS";40000623452;6;61;"Depósito bancário em conta corrente no País";"CONTA BANCO DO BRASIL";"209356,37";"19/04/2021";"20:13:15"
"13/11/2024";"10:55:11";2018;2;"Eleição Ordinária";297;"Eleições Gerais Estaduais 2018";"07/10/2018";"AM";"AM";"AMAZONAS";40000627703;5;61;"Depósito bancário em conta corrente no País";"#NULO#";"709,52";"19/04/2021";"20:13:04"
"13/11/2024";"10:55:11";2018;2;"Eleição Ordinária";297;"Eleições Gerais Estaduais 2018";"07/10/2018";"AM";"AM";"AMAZONAS";40000627703;9;61;"Depósito bancário em conta corrente no País";"#NULO#";"2,00";"19/04/2021";"20:13:04"
"13/11/2024";"10:55:11";2018;2;"Eleição Ordinária";297;"Eleições Gerais Estaduais 2018";"07/10/2018";"AM";"AM";"AMAZONAS";40000627703;11;61;"Depósito bancário em conta corrente no País";"#NULO#";"934,72";"19/04/2021";"20:13:04"
"13/11/2024";"10:55:11";2018;2;"Eleição Ordinária";297;"Eleições Gerais Estaduais 2018";"07/10/2018";"AM";"AM";"AMAZONAS";40000627725;5;61;"Depósito bancário em conta corrente no País";"#NULO#";"16092,91";"19/04/2021";"20:13:26"
"13/11/2024";"10:55:11";2018;2;"Eleição Ordinária";297;"Eleições Gerais Estaduais 2018";"07/10/2018";"AM";"AM";"AMAZONAS";40000627727;3;61;"Depósito bancário em conta corrente no País";"#NULO#";"9349,38";"19/04/2021";"20:13:25"
"13/11/2024";"10:55:11";2018;2;"Eleição Ordinária";297;"Eleições Gerais Estaduais 2018";"07/10/2018";"AM";"AM";"AMAZONAS";40000627734;8;61;"Depósito bancário em conta corrente no País";"#NULO#";"0,01";"18/09/2018";"11:25:55"
"13/11/2024";"10:55:11";2018;2;"Eleição Ordinária";297;"Eleições Gerais Estaduais 2018";"07/10/2018";"AM";"AM";"AMAZONAS";40000627734;9;61;"Depósito bancário em conta corrente no País";"#NULO#";"471,15";"18/09/2018";"11:25:55"
"13/11/2024";"10:55:11";2018;2;"Eleição Ordinária";297;"Eleições Gerais Estaduais 2018";"07/10/2018";"AM";"AM";"AMAZONAS";40000609256;1;21;"Veículo automotor terrestre: caminhão, automóvel, moto, etc.";"#NULO#";"28000,00";"19/04/2021";"20:13:18"
"13/11/2024";"10:55:11";2018;2;"Eleição Ordinária";297;"Eleições Gerais Estaduais 2018";"07/10/2018";"AM";"AM";"AMAZONAS";40000609257;9;12;"Casa";"#NULO#";"95645,83";"19/04/2021";"20:13:18"
"13/11/2024";"10:55:11";2018;2;"Eleição Ordinária";297;"Eleições Gerais Estaduais 2018";"07/10/2018";"AM";"AM";"AMAZONAS";40000609258;2;12;"Casa";"#NULO#";"90000,00";"19/04/2021";"20:13:18"
"13/11/2024";"10:55:11";2018;2;"Eleição Ordinária";297;"Eleições Gerais Estaduais 2018";"07/10/2018";"AM";"AM";"AMAZONAS";40000609258;3;21;"Veículo automotor terrestre: caminhão, automóvel, moto, etc.";"#NULO#";"18000,00";"19/04/2021";"20:13:18"
"13/11/2024";"10:55:11";2018;2;"Eleição Ordinária";297;"Eleições Gerais Estaduais 2018";"07/10/2018";"AM";"AM";"AMAZONAS";40000609259;1;21;"Veículo automotor terrestre: caminhão, automóvel, moto, etc.";"#NULO#";"1000,00";"18/09/2018";"11:25:55"
"13/11/2024";"10:55:11";2018;2;"Eleição Ordinária";297;"Eleições Gerais Estaduais 2018";"07/10/2018";"AM";"AM";"AMAZONAS";40000609260;1;12;"Casa";"#NULO#";"600000,00";"19/04/2021";"20:13:18"
"13/11/2024";"10:55:11";2018;2;"Eleição Ordinária";297;"Eleições Gerais Estaduais 2018";"07/10/2018";"AM";"AM";"AMAZONAS";40000609262;2;12;"Casa";"#NULO#";"300000,00";"19/04/2021";"20:13:18"
"13/11/2024";"10:55:11";2018;2;"Eleição Ordinária";297;"Eleições Gerais Estaduais 2018";"07/10/2018";"AM";"AM";"AMAZONAS";40000609262;3;12;"Casa";"#NULO#";"350000,00";"19/04/2021";"20:13:18"
"13/11/2024";"10:55:11";2018;2;"Eleição Ordinária";297;"Eleições Gerais Estaduais 2018";"07/10/2018";"AM";"AM";"AMAZONAS";40000609263;1;12;"Casa";"#NULO#";"200000,00";"19/04/2021";"20:13:18"
"13/11/2024";"10:55:11";2018;2;"Eleição Ordinária";297;"Eleições Gerais Estaduais 2018";"07/10/2018";"AM";"AM";"AMAZONAS";40000609263;3;12;"Casa";"#NULO#";"600000,00";"19/04/2021";"20:13:18"
"13/11/2024";"10:55:11";2018;2;"Eleição Ordinária";297;"Eleições Gerais Estaduais 2018";"07/10/2018";"AM";"AM";"AMAZONAS";40000609263;5;12;"Casa";"#NULO#";"410000,00";"19/04/2021";"20:13:18"
"13/11/2024";"10:55:11";2018;2;"Eleição Ordinária";297;"Eleições Gerais Estaduais 2018";"07/10/2018";"AM";"AM";"AMAZONAS";40000609266;1;21;"Veículo automotor terrestre: caminhão, automóvel, moto, etc.";"#NULO#";"40000,00";"19/04/2021";"20:13:18"
"13/11/2024";"10:55:11";2018;2;"Eleição Ordinária";297;"Eleições Gerais Estaduais 2018";"07/10/2018";"AM";"AM";"AMAZONAS";40000609267;1;12;"Casa";"#NULO#";"150000,00";"19/04/2021";"20:13:18"
"13/11/2024";"10:55:11";2018;2;"Eleição Ordinária";297;"Eleições Gerais Estaduais 2018";"07/10/2018";"AM";"AM";"AMAZONAS";40000609267;2;21;"Veículo automotor terrestre: caminhão, automóvel, moto, etc.";"#NULO#";"2000,00";"19/04/2021";"20:13:18"
"13/11/2024";"10:55:11";2018;2;"Eleição Ordinária";297;"Eleições Gerais Estaduais 2018";"07/10/2018";"AM";"AM";"AMAZONAS";40000609268;1;12;"Casa";"#NULO#";"150000,00";"19/04/2021";"20:13:18"
"13/11/2024";"10:55:11";2018;2;"Eleição Ordinária";297;"Eleições Gerais Estaduais 2018";"07/10/2018";"AM";"AM";"AMAZONAS";40000609269;1;21;"Veículo automotor terrestre: caminhão, automóvel, moto, etc.";"#NULO#";"20000,00";"19/04/2021";"20:13:18"
"13/11/2024";"10:55:11";2018;2;"Eleição Ordinária";297;"Eleições Gerais Estaduais 2018";"07/10/2018";"AM";"AM";"AMAZONAS";40000609271;1;12;"Casa";"#NULO#";"150000,00";"19/04/2021";"20:13:18"
"13/11/2024";"10:55:11";2018;2;"Eleição Ordinária";297;"Eleições Gerais Estaduais 2018";"07/10/2018";"AM";"AM";"AMAZONAS";40000609271;2;21;"Veículo automotor terrestre: caminhão, automóvel, moto, etc.";"#NULO#";"50000,00";"19/04/2021";"20:13:18"
"13/11/2024";"10:55:11";2018;2;"Eleição Ordinária";297;"Eleições Gerais Estaduais 2018";"07/10/2018";"AM";"AM";"AMAZONAS";40000609272;4;21;"Veículo automotor terrestre: caminhão, automóvel, moto, etc.";"#NULO#";"18000,00";"19/04/2021";"20:13:18"
"13/11/2024";"10:55:11";2018;2;"Eleição Ordinária";297;"Eleições Gerais Estaduais 2018";"07/10/2018";"AM";"AM";"AMAZONAS";40000609272;5;21;"Veículo automotor terrestre: caminhão, automóvel, moto, etc.";"#NULO#";"3000,00";"19/04/2021";"20:13:18"
"13/11/2024";"10:55:11";2018;2;"Eleição Ordinária";297;"Eleições Gerais Estaduais 2018";"07/10/2018";"AM";"AM";"AMAZONAS";40000609273;1;12;"Casa";"#NULO#";"80000,00";"18/09/2018";"11:25:55"
"13/11/2024";"10:55:11";2018;2;"Eleição Ordinária";297;"Eleições Gerais Estaduais 2018";"07/10/2018";"AM";"AM";"AMAZONAS";40000609273;2;21;"Veículo automotor terrestre: caminhão, automóvel, moto, etc.";"#NULO#";"15000,00";"18/09/2018";"11:25:55"
"13/11/2024";"10:55:11";2018;2;"Eleição Ordinária";297;"Eleições Gerais Estaduais 2018";"07/10/2018";"AM";"AM";"AMAZONAS";40000609274;1;12;"Casa";"#NULO#";"800000,00";"18/09/2018";"11:25:55"
"13/11/2024";"10:55:11";2018;2;"Eleição Ordinária";297;"Eleições Gerais Estaduais 2018";"07/10/2018";"AM";"AM";"AMAZONAS";40000609274;2;21;"Veículo automotor terrestre: caminhão, automóvel, moto, etc.";"#NULO#";"46000,00";"18/09/2018";"11:25:55"
"13/11/2024";"10:55:11";2018;2;"Eleição Ordinária";297;"Eleições Gerais Estaduais 2018";"07/10/2018";"AM";"AM";"AMAZONAS";40000609277;1;12;"Casa";"#NULO#";"600000,00";"19/04/2021";"20:13:18"
"13/11/2024";"10:55:11";2018;2;"Eleição Ordinária";297;"Eleições Gerais Estaduais 2018";"07/10/2018";"AM";"AM";"AMAZONAS";40000609282;1;12;"Casa";"Localizada na Rua A -13 n. 210 - Conj.Ajuricaba - Bairro: Planalto";"350000,00";"19/04/2021";"20:13:10"
"13/11/2024";"10:55:11";2018;2;"Eleição Ordinária";297;"Eleições Gerais Estaduais 2018";"07/10/2018";"AM";"AM";"AMAZONAS";40000609282;2;21;"Veículo automotor terrestre: caminhão, automóvel, moto, etc.";"Marca DUSTER OROCH - PLACA PHI - 8431, ANO 2015";"65000,00";"19/04/2021";"20:13:10"
"13/11/2024";"10:55:11";2018;2;"Eleição Ordinária";297;"Eleições Gerais Estaduais 2018";"07/10/2018";"AM";"AM";"AMAZONAS";40000609284;1;12;"Casa";"Casa em alvenaria localizada na Rua 3, 38 - Cidade Nova - Conj. Vila Nova  Manaus-AM";"150000,00";"19/04/2021";"20:13:10"
"13/11/2024";"10:55:11";2018;2;"Eleição Ordinária";297;"Eleições Gerais Estaduais 2018";"07/10/2018";"AM";"AM";"AMAZONAS";40000609297;1;12;"Casa";"Casa em alvenaria medindo 6x14 localizada na Rua Dr. Dalmir Câmara, 35 - São Jorge";"80000,00";"19/04/2021";"20:13:10"
"13/11/2024";"10:55:11";2018;2;"Eleição Ordinária";297;"Eleições Gerais Estaduais 2018";"07/10/2018";"AM";"AM";"AMAZONAS";40000609300;1;12;"Casa";"Em alvenaria tamanho  6-25 localizada na Rua Natal, 4 - compensa 2";"100000,00";"18/09/2018";"11:25:55"
"13/11/2024";"10:55:11";2018;2;"Eleição Ordinária";297;"Eleições Gerais Estaduais 2018";"07/10/2018";"AM";"AM";"AMAZONAS";40000609308;1;12;"Casa";"Casa em alvenaria medindo 23X 6 metros construída em em um terreno medindo 55x6, localizada na Avenida Rio Negro, 87 - Bairro: Mauazinho -Manaus-AM, com o valor de R$ 100.000,00";"1000,00";"19/04/2021";"20:13:11"
"13/11/2024";"10:55:11";2018;2;"Eleição Ordinária";297;"Eleições Gerais Estaduais 2018";"07/10/2018";"AM";"AM";"AMAZONAS";40000609311;1;21;"Veículo automotor terrestre: caminhão, automóvel, moto, etc.";"Modelo Toyota Etios 2013/2013 - Modelo SDXLS";"32851,00";"19/04/2021";"20:13:11"
"13/11/2024";"10:55:11";2018;2;"Eleição Ordinária";297;"Eleições Gerais Estaduais 2018";"07/10/2018";"AM";"AM";"AMAZONAS";40000609314;1;12;"Casa";"Casa na Travessa São Geraldo, 48 ¿ adquirida em 1985 de Maria Guedes Chain CPF: 01499552-72";"3194,38";"19/04/2021";"20:13:11"
"13/11/2024";"10:55:11";2018;2;"Eleição Ordinária";297;"Eleições Gerais Estaduais 2018";"07/10/2018";"AM";"AM";"AMAZONAS";40000609319;1;21;"Veículo automotor terrestre: caminhão, automóvel, moto, etc.";"Veículo auto motor modelo Renalt Clio ano 2003 - cor preta";"8000,00";"19/04/2021";"20:13:11"
"13/11/2024";"10:55:11";2018;2;"Eleição Ordinária";297;"Eleições Gerais Estaduais 2018";"07/10/2018";"AM";"AM";"AMAZONAS";40000610062;7;21;"Veículo automotor terrestre: caminhão, automóvel, moto, etc.";"VEICULO MARCA WOLKSVAGEN GOL 1.6 ANO: 2012/2013 PRATA - RENAVAM: 50803460-4 PLACA NOK 1131 ALIENACAO FIDUNCIARIA BANCO WOLKSVAGEM S/A FINANCIADO EM 24 PARCELAS DE R$ 1.295,74";"29802,02";"19/04/2021";"20:13:26"
"13/11/2024";"10:55:11";2018;2;"Eleição Ordinária";297;"Eleições Gerais Estaduais 2018";"07/10/2018";"AM";"AM";"AMAZONAS";40000610062;14;21;"Veículo automotor terrestre: caminhão, automóvel, moto, etc.";"VEICULO TROLLER/T4 CHASSI 94TTT4D23EH001524 COR BRANCA ANO 2015";"52000,00";"19/04/2021";"20:13:26"
"13/11/2024";"10:55:11";2018;2;"Eleição Ordinária";297;"Eleições Gerais Estaduais 2018";"07/10/2018";"AM";"AM";"AMAZONAS";40000610063;8;21;"Veículo automotor terrestre: caminhão, automóvel, moto, etc.";"Veiculo automotor marca modelo Chevrolet Tracker LTZ Placa OAA 9151 Preta 2013/2014";"62134,00";"19/04/2021";"20:13:26"
"13/11/2024";"10:55:11";2018;2;"Eleição Ordinária";297;"Eleições Gerais Estaduais 2018";"07/10/2018";"AM";"AM";"AMAZONAS";40000610064;2;12;"Casa";"#NULO#";"300000,00";"19/04/2021";"20:13:26"
"13/11/2024";"10:55:11";2018;2;"Eleição Ordinária";297;"Eleições Gerais Estaduais 2018";"07/10/2018";"AM";"AM";"AMAZONAS";40000610064;4;21;"Veículo automotor terrestre: caminhão, automóvel, moto, etc.";"#NULO#";"30000,00";"19/04/2021";"20:13:26"
"13/11/2024";"10:55:11";2018;2;"Eleição Ordinária";297;"Eleições Gerais Estaduais 2018";"07/10/2018";"AM";"AM";"AMAZONAS";40000610064;10;21;"Veículo automotor terrestre: caminhão, automóvel, moto, etc.";"#NULO#";"115690,00";"19/04/2021";"20:13:26"
"13/11/2024";"10:55:11";2018;2;"Eleição Ordinária";297;"Eleições Gerais Estaduais 2018";"07/10/2018";"AM";"AM";"AMAZONAS";40000610065;1;12;"Casa";"#NULO#";"180000,00";"19/04/2021";"20:13:25"
"13/11/2024";"10:55:11";2018;2;"Eleição Ordinária";297;"Eleições Gerais Estaduais 2018";"07/10/2018";"AM";"AM";"AMAZONAS";40000610065;12;21;"Veículo automotor terrestre: caminhão, automóvel, moto, etc.";"#NULO#";"85000,00";"19/04/2021";"20:13:25"
"13/11/2024";"10:55:11";2018;2;"Eleição Ordinária";297;"Eleições Gerais Estaduais 2018";"07/10/2018";"AM";"AM";"AMAZONAS";40000610066;1;12;"Casa";"#NULO#";"212550,64";"19/04/2021";"20:13:26"
"13/11/2024";"10:55:11";2018;2;"Eleição Ordinária";297;"Eleições Gerais Estaduais 2018";"07/10/2018";"AM";"AM";"AMAZONAS";40000610066;2;12;"Casa";"#NULO#";"87953,26";"19/04/2021";"20:13:26"
"13/11/2024";"10:55:11";2018;2;"Eleição Ordinária";297;"Eleições Gerais Estaduais 2018";"07/10/2018";"AM";"AM";"AMAZONAS";40000610066;5;12;"Casa";"#NULO#";"229253,10";"19/04/2021";"20:13:26"
"13/11/2024";"10:55:11";2018;2;"Eleição Ordinária";297;"Eleições Gerais Estaduais 2018";"07/10/2018";"AM";"AM";"AMAZONAS";40000610066;16;21;"Veículo automotor terrestre: caminhão, automóvel, moto, etc.";"#NULO#";"65300,00";"19/04/2021";"20:13:26"
"13/11/2024";"10:55:11";2018;2;"Eleição Ordinária";297;"Eleições Gerais Estaduais 2018";"07/10/2018";"AM";"AM";"AMAZONAS";40000610067;1;12;"Casa";"INSCRIÇÃO MUNICIPAL (IPTU) 46293 LOGRADOURO: RUA BELO HORIZONTE, N. 315, BAIRRO ADRIANÓPOLIS, MANAUS-AM. CEP 69057-060. AREA TOTAL 2.000,00 m²";"56669,34";"19/04/2021";"20:13:25"
"13/11/2024";"10:55:11";2018;2;"Eleição Ordinária";297;"Eleições Gerais Estaduais 2018";"07/10/2018";"AM";"AM";"AMAZONAS";40000610067;10;21;"Veículo automotor terrestre: caminhão, automóvel, moto, etc.";"CAMIONETA LAND ROVER MODELO TDV6-DISCOVERY, MOTOR 6 CILINDROS, 190 HP, DIESEL, CHASSI SALLAAA148A490288, FAB 2008, COR PRETO, RENAVAM N. 218322";"179000,00";"19/04/2021";"20:13:25"
"13/11/2024";"10:55:11";2018;2;"Eleição Ordinária";297;"Eleições Gerais Estaduais 2018";"07/10/2018";"AM";"AM";"AMAZONAS";40000610067;15;21;"Veículo automotor terrestre: caminhão, automóvel, moto, etc.";"MARCA/MODELO MINI ROADSTER COOPER S, CHASSI WMWSY310XDT561955, ANO FABRICAÇÃO 2012, COR PRETO METALICO MIIDNIGHT, A GASOLINA, RENAVAM 114143";"152000,00";"19/04/2021";"20:13:25"
"13/11/2024";"10:55:11";2018;2;"Eleição Ordinária";297;"Eleições Gerais Estaduais 2018";"07/10/2018";"AM";"AM";"AMAZONAS";40000610067;28;21;"Veículo automotor terrestre: caminhão, automóvel, moto, etc.";"VEICULO SUBARU LEGACY SD AWD 3.6 R-S AUT RENAVAM 139376 MOTOR U611439 ANO 2015 MODELO 2015 CF, N/F 900690 CAOA ";"131387,16";"19/04/2021";"20:13:25"
"13/11/2024";"10:55:11";2018;2;"Eleição Ordinária";297;"Eleições Gerais Estaduais 2018";"07/10/2018";"AM";"AM";"AMAZONAS";40000610069;1;21;"Veículo automotor terrestre: caminhão, automóvel, moto, etc.";"Corolla XE120FLEX 12/13, branco, placa OAM-4697";"40000,00";"19/04/2021";"20:13:26"
"13/11/2024";"10:55:11";2018;2;"Eleição Ordinária";297;"Eleições Gerais Estaduais 2018";"07/10/2018";"AM";"AM";"AMAZONAS";40000610298;1;12;"Casa";"IMOVEL SITUADO A AVENIDA J. UMBERTO CALDERARO FILHO, N. 2000. APTO 1002. ADRIANOPOLIS.";"600000,00";"19/04/2021";"20:13:13"
"13/11/2024";"10:55:11";2018;2;"Eleição Ordinária";297;"Eleições Gerais Estaduais 2018";"07/10/2018";"AM";"AM";"AMAZONAS";40000610299;1;12;"Casa";"CASA ALVENARIA SIMPLES, 10X5 M EM MANAUS, INSCRIÇÃO MUNICIPAL 000330357. LOCALIZADA NA RUA KUMAMOTO, 07 ¿ PARQUE 10 ¿ MANAUS ¿AM";"30000,00";"18/09/2018";"11:25:55"
"13/11/2024";"10:55:11";2018;2;"Eleição Ordinária";297;"Eleições Gerais Estaduais 2018";"07/10/2018";"AM";"AM";"AMAZONAS";40000610300;1;21;"Veículo automotor terrestre: caminhão, automóvel, moto, etc.";"VEÍCULO VW-FOX 1.0 GLL ANO-MODELO 2012-2013, PRATA, PLACA OAI-1946. VALOR ";"25000,00";"19/04/2021";"20:13:13"
"13/11/2024";"10:55:11";2018;2;"Eleição Ordinária";297;"Eleições Gerais Estaduais 2018";"07/10/2018";"AM";"AM";"AMAZONAS";40000610301;1;12;"Casa";"IMÓVEL FINANCIADO PELO MINHA CASA MINHA VIDA DO, SITUADO A RUA RIO MADEIRA, QUADRA, 26, BL 409, APTO 204, RESIDENCIAL VIVER MELHOR I, LAGOA AZUL. CEP: 69018-67. MATRICULA IPTU: 000543676";"50000,00";"19/04/2021";"20:13:13"
"13/11/2024";"10:55:11";2018;2;"Eleição Ordinária";297;"Eleições Gerais Estaduais 2018";"07/10/2018";"AM";"AM";"AMAZONAS";40000610302;1;21;"Veículo automotor terrestre: caminhão, automóvel, moto, etc.";"FIAT ¿ PALIO FIRE ECONOMY 1.0, PLACA ANS-5023, ANO 2010";"15000,00";"19/04/2021";"20:13:13"
"13/11/2024";"10:55:11";2018;2;"Eleição Ordinária";297;"Eleições Gerais Estaduais 2018";"07/10/2018";"AM";"AM";"AMAZONAS";40000610302;2;21;"Veículo automotor terrestre: caminhão, automóvel, moto, etc.";"MOTO HONDA NXR160 BROS ESDD, PLACA PHJ 6592 ANO 2017";"8000,00";"19/04/2021";"20:13:13"
"13/11/2024";"10:55:11";2018;2;"Eleição Ordinária";297;"Eleições Gerais Estaduais 2018";"07/10/2018";"AM";"AM";"AMAZONAS";40000610302;3;21;"Veículo automotor terrestre: caminhão, automóvel, moto, etc.";"FIAT STRADA WORKING CE, PLACA NOO-9364";"18000,00";"19/04/2021";"20:13:13"
"13/11/2024";"10:55:11";2018;2;"Eleição Ordinária";297;"Eleições Gerais Estaduais 2018";"07/10/2018";"AM";"AM";"AMAZONAS";40000610303;1;12;"Casa";"UMA CASA, SITO À RUA GUARANÁ, 83 ¿ SANTA ETELVINA ¿ MANAUS-AM, MEDINDO 5X8, CONSTRUÍDA EM TERRENO MEDINDO 6X25";"100000,00";"19/04/2021";"20:13:13"
"13/11/2024";"10:55:11";2018;2;"Eleição Ordinária";297;"Eleições Gerais Estaduais 2018";"07/10/2018";"AM";"AM";"AMAZONAS";40000610303;2;21;"Veículo automotor terrestre: caminhão, automóvel, moto, etc.";"UMA MOTO HONDA CG 160 TITAN EX, PLACA PHO2357";"7000,00";"19/04/2021";"20:13:13"
"13/11/2024";"10:55:11";2018;2;"Eleição Ordinária";297;"Eleições Gerais Estaduais 2018";"07/10/2018";"AM";"AM";"AMAZONAS";40000610304;2;12;"Casa";"CASA NO BAIRRO SÃO JOSÉ OPERÁRIO, RUA BARREIRINHA, 37-A";"80000,00";"19/04/2021";"20:13:13"
"13/11/2024";"10:55:11";2018;2;"Eleição Ordinária";297;"Eleições Gerais Estaduais 2018";"07/10/2018";"AM";"AM";"AMAZONAS";40000610305;1;21;"Veículo automotor terrestre: caminhão, automóvel, moto, etc.";"HONDA FIT 2011/2012";"27000,00";"19/04/2021";"20:13:13"
"13/11/2024";"10:55:11";2018;2;"Eleição Ordinária";297;"Eleições Gerais Estaduais 2018";"07/10/2018";"AM";"AM";"AMAZONAS";40000610305;2;21;"Veículo automotor terrestre: caminhão, automóvel, moto, etc.";"RENAULT CLIO 2012/2013 ";"15000,00";"19/04/2021";"20:13:13"
"13/11/2024";"10:55:11";2018;2;"Eleição Ordinária";297;"Eleições Gerais Estaduais 2018";"07/10/2018";"AM";"AM";"AMAZONAS";40000610308;1;21;"Veículo automotor terrestre: caminhão, automóvel, moto, etc.";"FORD FIESTA HÁ 1.5 L,  CHASSI 9BFZD55JXFB767898, RENAVAM 01018194417";"37000,00";"19/04/2021";"20:13:13"
"13/11/2024";"10:55:11";2018;2;"Eleição Ordinária";297;"Eleições Gerais Estaduais 2018";"07/10/2018";"AM";"AM";"AMAZONAS";40000610309;1;21;"Veículo automotor terrestre: caminhão, automóvel, moto, etc.";"MOTOCICLETA HONDA ¿ CG 2013 FAN, PLACA OAM-0773, RENAVAM 05567029425";"4000,00";"19/04/2021";"20:13:13"
"13/11/2024";"10:55:11";2018;2;"Eleição Ordinária";297;"Eleições Gerais Estaduais 2018";"07/10/2018";"AM";"AM";"AMAZONAS";40000610309;2;21;"Veículo automotor terrestre: caminhão, automóvel, moto, etc.";"MOTOCICLETA YAMAHA XTZ 125, PLACA NOO-0947, ANO 2009, RENAVAM 00152560033";"3000,00";"19/04/2021";"20:13:13"
"13/11/2024";"10:55:11";2018;2;"Eleição Ordinária";297;"Eleições Gerais Estaduais 2018";"07/10/2018";"AM";"AM";"AMAZONAS";40000610309;3;21;"Veículo automotor terrestre: caminhão, automóvel, moto, etc.";"FINANCIAMENTO GM ASTRA,  PLACA NOU-0137, ANO 2011, RENAVAM 00224478010,";"15000,00";"19/04/2021";"20:13:13"
"13/11/2024";"10:55:11";2018;2;"Eleição Ordinária";297;"Eleições Gerais Estaduais 2018";"07/10/2018";"AM";"AM";"AMAZONAS";40000610309;4;12;"Casa";"UMA CASA FINANCIADA NA CAIXA ECONOMICA, AG 1549-0, AV. DUBLIM, 587, QUADRA 41, CONJUNTO CAMPOS ELÍSEOS. CONTRATO 1.4444.0813712-9 AVERBADA 3 OFICIO DE REG IMOVEIS E PROTESTOS DE MANAUS. 53.000,00";"420000,00";"19/04/2021";"20:13:13"
"13/11/2024";"10:55:11";2018;2;"Eleição Ordinária";297;"Eleições Gerais Estaduais 2018";"07/10/2018";"AM";"AM";"AMAZONAS";40000610310;1;21;"Veículo automotor terrestre: caminhão, automóvel, moto, etc.";"VEICULO MARCA FIAT, MODELO GRAND SIENA, ANO 2014/2015, PLACA OHK 7552, FINANCIADO PELO BRADESCO";"30000,00";"19/04/2021";"20:13:13"
"13/11/2024";"10:55:11";2018;2;"Eleição Ordinária";297;"Eleições Gerais Estaduais 2018";"07/10/2018";"AM";"AM";"AMAZONAS";40000610311;1;21;"Veículo automotor terrestre: caminhão, automóvel, moto, etc.";"VEICULO VOLKSWAGEN, POLO 1.6 (I. MOTION) A4C, 2012/2013. PRATA, FINANCIADO COM UMA ENTRADA DE R$ 24.000,00 + PARCELAS DE R$ 1.546,65";"53920,00";"19/04/2021";"20:13:13"
"13/11/2024";"10:55:11";2018;2;"Eleição Ordinária";297;"Eleições Gerais Estaduais 2018";"07/10/2018";"AM";"AM";"AMAZONAS";40000610312;1;12;"Casa";"UMA CASA SITUADA NA RUA MARGARIDA AFRICANA, 427. COMUNIDADE ALIANÇA COM DEUS, BAIRRO CIDADE DE DEUS CEP: 69099-805, MATRÍCULA NO IPTU: 777355797";"280000,00";"19/04/2021";"20:13:13"
"13/11/2024";"10:55:11";2018;2;"Eleição Ordinária";297;"Eleições Gerais Estaduais 2018";"07/10/2018";"AM";"AM";"AMAZONAS";40000610312;2;21;"Veículo automotor terrestre: caminhão, automóvel, moto, etc.";"VEICULO CAMINHONETA ABERTA CABINA  DUPLA, MARCA TOYOTA, MODELO  HILUX CP4X4INE ANO DE FABRICAÇÃO 2012, ANO MODELO 2013, COR PRETA, PLACA OAF-2355";"60000,00";"19/04/2021";"20:13:13"
"13/11/2024";"10:55:11";2018;2;"Eleição Ordinária";297;"Eleições Gerais Estaduais 2018";"07/10/2018";"AM";"AM";"AMAZONAS";40000610312;3;21;"Veículo automotor terrestre: caminhão, automóvel, moto, etc.";"VEICULO MICRO-ONIBUS, MARCA MARCOPOLO, MODELO VOLARE V8 MO, ANO DE FABRICAÇÃO 2009, COR AMARELA, PLACA NOQ-6837";"50000,00";"19/04/2021";"20:13:13"
"13/11/2024";"10:55:11";2018;2;"Eleição Ordinária";297;"Eleições Gerais Estaduais 2018";"07/10/2018";"AM";"AM";"AMAZONAS";40000610313;1;21;"Veículo automotor terrestre: caminhão, automóvel, moto, etc.";"AUTOMOVEL PEGEOT-207 HB XRS 2011, MODELO 2012 DE COR PRETO, PLACA OAH 9890,  RENAVAM 00378145940";"22041,00";"19/04/2021";"20:13:13"
"13/11/2024";"10:55:11";2018;2;"Eleição Ordinária";297;"Eleições Gerais Estaduais 2018";"07/10/2018";"AM";"AM";"AMAZONAS";40000610314;1;12;"Casa";"IMÓVEL SITUADO A RUA 46, QUADRA 134, N. 29, AMAZONINO MENDES. CEP: 69099-230";"150000,00";"19/04/2021";"20:13:13"
"13/11/2024";"10:55:11";2018;2;"Eleição Ordinária";297;"Eleições Gerais Estaduais 2018";"07/10/2018";"AM";"AM";"AMAZONAS";40000610319;1;12;"Casa";"1 CASA COM PONTO COMERCIAL ,SITUADA NA RUA CAMPO LIMPO N.34 QUADRA 184-AMAZONINO 1-CEP 69099350";"600000,00";"19/04/2021";"20:13:09"
"13/11/2024";"10:55:11";2018;2;"Eleição Ordinária";297;"Eleições Gerais Estaduais 2018";"07/10/2018";"AM";"AM";"AMAZONAS";40000610319;2;12;"Casa";"UMA CASA SITUADA NO KM 12 SUB RAMAL DO 12- DA ESTRADA DO BRASILEIRINHO-COM SEGUINTES BENFEITORAS-GRANJA DE GALINHA E CORDONA.CRIAÇAO DE EQUINOS,BOVINOS,CAPRINOS E SUINOS.";"600000,00";"19/04/2021";"20:13:09"
"13/11/2024";"10:55:11";2018;2;"Eleição Ordinária";297;"Eleições Gerais Estaduais 2018";"07/10/2018";"AM";"AM";"AMAZONAS";40000610319;3;21;"Veículo automotor terrestre: caminhão, automóvel, moto, etc.";"UM VEICULO MARCA MONTANA ANO 2011-ADQUERIDA EM 2012";"35000,00";"19/04/2021";"20:13:09"
"13/11/2024";"10:55:11";2018;2;"Eleição Ordinária";297;"Eleições Gerais Estaduais 2018";"07/10/2018";"AM";"AM";"AMAZONAS";40000610319;4;21;"Veículo automotor terrestre: caminhão, automóvel, moto, etc.";"UM CARRO MODELO FIESTA ANO 2005-ADQUERIDO EM 2016";"15000,00";"19/04/2021";"20:13:09"
"13/11/2024";"10:55:11";2018;2;"Eleição Ordinária";297;"Eleições Gerais Estaduais 2018";"07/10/2018";"AM";"AM";"AMAZONAS";40000610320;1;12;"Casa";"CASA SITUADA NA RUA GUAPIARA,NR 53,CIDADE NOVA NUCLEO 01";"370000,00";"19/04/2021";"20:13:09"
"13/11/2024";"10:55:11";2018;2;"Eleição Ordinária";297;"Eleições Gerais Estaduais 2018";"07/10/2018";"AM";"AM";"AMAZONAS";40000610320;9;21;"Veículo automotor terrestre: caminhão, automóvel, moto, etc.";"CAMIONETE CHEVROLET 2017-2018 S10 HC 4P DIESEL PRETO OURO NEGRO ";"152990,00";"19/04/2021";"20:13:09"
"13/11/2024";"10:55:11";2018;2;"Eleição Ordinária";297;"Eleições Gerais Estaduais 2018";"07/10/2018";"AM";"AM";"AMAZONAS";40000610320;10;21;"Veículo automotor terrestre: caminhão, automóvel, moto, etc.";"PICAPE HILUX 4X4 ANO 2013 PLACA NOR 6212 COR PRETA";"90000,00";"19/04/2021";"20:13:09"
"13/11/2024";"10:55:11";2018;2;"Eleição Ordinária";297;"Eleições Gerais Estaduais 2018";"07/10/2018";"AM";"AM";"AMAZONAS";40000610325;1;21;"Veículo automotor terrestre: caminhão, automóvel, moto, etc.";"#NULO#";"120000,00";"19/04/2021";"20:13:06"
"13/11/2024";"10:55:11";2018;2;"Eleição Ordinária";297;"Eleições Gerais Estaduais 2018";"07/10/2018";"AM";"AM";"AMAZONAS";40000610325;2;21;"Veículo automotor terrestre: caminhão, automóvel, moto, etc.";"#NULO#";"60000,00";"19/04/2021";"20:13:06"
"13/11/2024";"10:55:11";2018;2;"Eleição Ordinária";297;"Eleições Gerais Estaduais 2018";"07/10/2018";"AM";"AM";"AMAZONAS";40000610332;1;21;"Veículo automotor terrestre: caminhão, automóvel, moto, etc.";"veiculo wolkswagen gol,ano 2010,cor cinza,placa NON-3753";"19000,00";"19/04/2021";"20:13:06"
"13/11/2024";"10:55:11";2018;2;"Eleição Ordinária";297;"Eleições Gerais Estaduais 2018";"07/10/2018";"AM";"AM";"AMAZONAS";40000610322;1;12;"Casa";"#NULO#";"10000,00";"19/04/2021";"20:13:09"
"13/11/2024";"10:55:11";2018;2;"Eleição Ordinária";297;"Eleições Gerais Estaduais 2018";"07/10/2018";"AM";"AM";"AMAZONAS";40000610326;1;12;"Casa";"UM LOTE DE TERRA N-24,QD A-DA VIA PRINCIPAL NO CONDOMINIO LYON,BAIRRO LIRIO DO VALE II EM MANAUS-AM, POSSUINDO SEGUINTES DESCRIÇOES ,AREA 210 M2,ABRANGENDO O PERIMETRO DE 61,00 MT.";"103200,00";"19/04/2021";"20:13:06"
"13/11/2024";"10:55:11";2018;2;"Eleição Ordinária";297;"Eleições Gerais Estaduais 2018";"07/10/2018";"AM";"AM";"AMAZONAS";40000610328;1;21;"Veículo automotor terrestre: caminhão, automóvel, moto, etc.";"PLACA NPA3925,ANO 2012,MODELO 2013 VOYAGE VW PRETA 1.0";"26000,00";"19/04/2021";"20:13:06"
"13/11/2024";"10:55:11";2018;2;"Eleição Ordinária";297;"Eleições Gerais Estaduais 2018";"07/10/2018";"AM";"AM";"AMAZONAS";40000610338;7;21;"Veículo automotor terrestre: caminhão, automóvel, moto, etc.";"#NULO#";"57000,00";"19/04/2021";"20:13:06"
"13/11/2024";"10:55:11";2018;2;"Eleição Ordinária";297;"Eleições Gerais Estaduais 2018";"07/10/2018";"AM";"AM";"AMAZONAS";40000610344;2;12;"Casa";"CASA, RUA CONSERVATÓRIA,167, BAIRRO: RIACHO DOCE 2 (CIDADE NOVA) CEP: 69095-281. TERRENO ADQUIRIDO EM 2000 NO VALOR DE R$ 3.000,00. BENFEITORIAS NO DECORRER DO ANO EM QUE FOI ADQUIRIDO O TERRENO. ";"53500,00";"19/04/2021";"20:13:24"
"13/11/2024";"10:55:11";2018;2;"Eleição Ordinária";297;"Eleições Gerais Estaduais 2018";"07/10/2018";"AM";"AM";"AMAZONAS";40000610345;1;12;"Casa";"IMÓVEL, SITUADO A  RUA DO SILÊNCIO 175, SÃO SEBASTIÃO. CEP: 69265-000. APUÍ-AM";"90000,00";"19/04/2021";"20:13:24"
"13/11/2024";"10:55:11";2018;2;"Eleição Ordinária";297;"Eleições Gerais Estaduais 2018";"07/10/2018";"AM";"AM";"AMAZONAS";40000610347;3;12;"Casa";"CASA MISTA INSCRIÇAÕ MUNICIPAL (IPTU). LOGRADOURO: SÃO SEBASTIÃO, 74. PEDREIRA. SÃO SEBASTIÃO DO UATUMÃ";"32000,00";"19/04/2021";"20:13:24"
"13/11/2024";"10:55:11";2018;2;"Eleição Ordinária";297;"Eleições Gerais Estaduais 2018";"07/10/2018";"AM";"AM";"AMAZONAS";40000610347;4;12;"Casa";"CASA DE ALVENARIA, EXECUTADA BENFEITORIA EM 2015. VENDIDA EM 16/08/2016 PARA JOCINEUDO TAVARES DE LIMA CPF: 437.267.633-68 E RG 1242991-0 INSC MUN (IPTU). RUA 11, 226 CASTANHEIRA. SÃO JOSE III";"130000,00";"19/04/2021";"20:13:24"
"13/11/2024";"10:55:11";2018;2;"Eleição Ordinária";297;"Eleições Gerais Estaduais 2018";"07/10/2018";"AM";"AM";"AMAZONAS";40000610347;5;21;"Veículo automotor terrestre: caminhão, automóvel, moto, etc.";"MOTOCICLETA MARCA HONDA NX 350 SAHARA VERMELHA ANO 1997 PLACA JXE 8140 FINAL DO CHASSI 09567      ";"3000,00";"19/04/2021";"20:13:24"
"13/11/2024";"10:55:11";2018;2;"Eleição Ordinária";297;"Eleições Gerais Estaduais 2018";"07/10/2018";"AM";"AM";"AMAZONAS";40000610347;6;21;"Veículo automotor terrestre: caminhão, automóvel, moto, etc.";"VEICULO FORD F1000 ANO E MODELO 1983 COR CINZA PLACA AER 2422 FINAL DO CHASSI 51881";"20000,00";"19/04/2021";"20:13:24"
"13/11/2024";"10:55:11";2018;2;"Eleição Ordinária";297;"Eleições Gerais Estaduais 2018";"07/10/2018";"AM";"AM";"AMAZONAS";40000610347;7;12;"Casa";"CASA DE ALVENARIA COMPRADA DA SRA REJANE CAVALCANTE MACHADO. ADQUIRIDO EM 27 DE MAIO DE 2010. LOGRADOURO: AVENIDA GRANDE CIRCULAR, 17.CIDADE DE DEUS. MANAUS. CEP: 69099-785";"50000,00";"19/04/2021";"20:13:24"
"13/11/2024";"10:55:11";2018;2;"Eleição Ordinária";297;"Eleições Gerais Estaduais 2018";"07/10/2018";"AM";"AM";"AMAZONAS";40000610347;8;12;"Casa";"CASA DE ALVENARIA. INSC. MUN (IPTU). LOGRADOURO: RUA DR GAMA, 93. ZUMBI DOS PALMARES. MANAUS";"250000,00";"19/04/2021";"20:13:24"
"13/11/2024";"10:55:11";2018;2;"Eleição Ordinária";297;"Eleições Gerais Estaduais 2018";"07/10/2018";"AM";"AM";"AMAZONAS";40000610348;2;12;"Casa";"CASA NA RUA JERUSALEM, N 39, BEN-HUR, CIDADE DE DEUS. VALOR TOTAL DE R$ 190.000,00, ENTRADA R$ 30.000,00 E FINANCIADO PELA CAIXA O VALOR DE R$ 160.000,00 EM 420 VEZES";"160000,00";"19/04/2021";"20:13:24"
"13/11/2024";"10:55:11";2018;2;"Eleição Ordinária";297;"Eleições Gerais Estaduais 2018";"07/10/2018";"AM";"AM";"AMAZONAS";40000610348;3;21;"Veículo automotor terrestre: caminhão, automóvel, moto, etc.";"VEÍCULO CHEVROLET, TRACKER LT, PLACA PHO7274, ANO 2018, FINANCIADO EM 60 VEZES PELA CHEVROLET SERVIÇOS FINANCEIROS";"84000,00";"19/04/2021";"20:13:24"
"13/11/2024";"10:55:11";2018;2;"Eleição Ordinária";297;"Eleições Gerais Estaduais 2018";"07/10/2018";"AM";"AM";"AMAZONAS";40000610349;1;21;"Veículo automotor terrestre: caminhão, automóvel, moto, etc.";"VEÍCULO DA MARCA FIAT PÁLIO ANO 2010/2011. MODELO ATRATATIVE 1.4, PLACA OAA-9756. RENAVAM: 33033311-9. CHASSI: 9DD17170MB5713690";"12000,00";"19/04/2021";"20:13:24"
"13/11/2024";"10:55:11";2018;2;"Eleição Ordinária";297;"Eleições Gerais Estaduais 2018";"07/10/2018";"AM";"AM";"AMAZONAS";40000610358;1;21;"Veículo automotor terrestre: caminhão, automóvel, moto, etc.";"HONDA CIVIC 2015-PARCELADO EM 36X EM CONCESSIONARIA";"45000,00";"19/04/2021";"20:13:25"
"13/11/2024";"10:55:11";2018;2;"Eleição Ordinária";297;"Eleições Gerais Estaduais 2018";"07/10/2018";"AM";"AM";"AMAZONAS";40000610392;1;21;"Veículo automotor terrestre: caminhão, automóvel, moto, etc.";"VEICULO MODELO HILUX SW4 - PLACA: PHO2546";"186000,00";"19/04/2021";"20:13:26"
"13/11/2024";"10:55:11";2018;2;"Eleição Ordinária";297;"Eleições Gerais Estaduais 2018";"07/10/2018";"AM";"AM";"AMAZONAS";40000610392;2;21;"Veículo automotor terrestre: caminhão, automóvel, moto, etc.";"VEICULO MODELO JEEP COMPASSS LIMITED2.0 PLACA: PHQ 2317";"151900,00";"19/04/2021";"20:13:26"
"13/11/2024";"10:55:11";2018;2;"Eleição Ordinária";297;"Eleições Gerais Estaduais 2018";"07/10/2018";"AM";"AM";"AMAZONAS";40000610343;1;12;"Casa";"#NULO#";"100000,00";"19/04/2021";"20:13:06"
"13/11/2024";"10:55:11";2018;2;"Eleição Ordinária";297;"Eleições Gerais Estaduais 2018";"07/10/2018";"AM";"AM";"AMAZONAS";40000610393;13;21;"Veículo automotor terrestre: caminhão, automóvel, moto, etc.";"VEÍCULO CITROEN C3 EXCLUSIVE, ANO-MODELO 2015, PRETO METÁLICO, ADQUIRIDO COM FINANCIAMENTO DO BANCO CITROEN, NA NICE VEÍCULOS LTDA, COM ALOR PAGO ATÉ 31-12-2015 DE 39.031,41, RENAVAM 01042127570";"50976,33";"19/04/2021";"20:13:26"
"13/11/2024";"10:55:11";2018;2;"Eleição Ordinária";297;"Eleições Gerais Estaduais 2018";"07/10/2018";"AM";"AM";"AMAZONAS";40000610393;17;21;"Veículo automotor terrestre: caminhão, automóvel, moto, etc.";"AQUIS. PARCELADA DE VEÍC CAMINHONETE CHEVROLET S10, CABINE DUPLA, ADQUIRIDA NA BRAGA VEÍCULOS. ENTRADA FORD FOCUS HATCH AUTOMÁTICO, POR TAIANNA TOMAZ CASTRO ANDRADE, CPF 929230542-53";"33585,00";"19/04/2021";"20:13:26"
"13/11/2024";"10:55:11";2018;2;"Eleição Ordinária";297;"Eleições Gerais Estaduais 2018";"07/10/2018";"AM";"AM";"AMAZONAS";40000610393;2;12;"Casa";"CASA DE MADEIRA EM LOTE DE 2.500 M², NA AV. CONCORDIA, S-N, ENVIRA-AM";"6307,13";"19/04/2021";"20:13:26"
"13/11/2024";"10:55:11";2018;2;"Eleição Ordinária";297;"Eleições Gerais Estaduais 2018";"07/10/2018";"AM";"AM";"AMAZONAS";40000610393;4;12;"Casa";"IMÓVEL RURAL PALMARES I, ENVIRA, ALIENADO O LOTE PALMARES II, PARA MARIA JOELMA ALVES  CHAVES, CPF 820.197.202-30, PELO VALOR DE 43.000,00, COM PGTO DE 40.000,00 EM 2016 E O RESTANTE EM 2017";"41750,00";"19/04/2021";"20:13:26"
"13/11/2024";"10:55:11";2018;2;"Eleição Ordinária";297;"Eleições Gerais Estaduais 2018";"07/10/2018";"AM";"AM";"AMAZONAS";40000610393;5;12;"Casa";"CASA MISTA, MADEIRA E ALVENARIA, EM TERRENO NO LOTE 334, JARDIM PERUE, RUA BRUSQUE ¿ NAVEGANTES ¿SC, IPTU 000001898";"15966,00";"19/04/2021";"20:13:26"
"13/11/2024";"10:55:11";2018;2;"Eleição Ordinária";297;"Eleições Gerais Estaduais 2018";"07/10/2018";"AM";"AM";"AMAZONAS";40000610393;10;12;"Casa";"AQUIS. PARC. IMÓVEL NO COND. QUINTA DAS LARANJEIRAS,LOTE 66,MANAUS, CVN CONST E INCORP. LTDA, CNPJ 110722620001-88, PG EM 2009 R$120.109,55, EM 2010 R$223.142,10 TOTAL 343.281,65 ";"509842,00";"19/04/2021";"20:13:26"
"13/11/2024";"10:55:11";2018;2;"Eleição Ordinária";297;"Eleições Gerais Estaduais 2018";"07/10/2018";"AM";"AM";"AMAZONAS";40000610394;2;12;"Casa";"CASA NA RUA 1, CASA 4 DO CONJUNTO JARDIM PRIMAVERA. PARQUE DEZ DE NOVEMBRO. MANAUS-AM";"72623,09";"19/04/2021";"20:13:26"
"13/11/2024";"10:55:11";2018;2;"Eleição Ordinária";297;"Eleições Gerais Estaduais 2018";"07/10/2018";"AM";"AM";"AMAZONAS";40000610394;4;12;"Casa";"CASA SITO A ESTRADA DA CACHOEIRA GRANDE SN. RUA HARUMAKI, 59, LOTE 11A CONJ. VILA JARDIM DAS NAÇÕES. PORTAL DO JAPÃO. PARQUE DEZ DE NOVEMBRO. CEP: 69054-678";"190000,00";"19/04/2021";"20:13:26"
"13/11/2024";"10:55:11";2018;2;"Eleição Ordinária";297;"Eleições Gerais Estaduais 2018";"07/10/2018";"AM";"AM";"AMAZONAS";40000610395;3;21;"Veículo automotor terrestre: caminhão, automóvel, moto, etc.";"#NULO#";"70000,00";"19/04/2021";"20:13:26"
"13/11/2024";"10:55:11";2018;2;"Eleição Ordinária";297;"Eleições Gerais Estaduais 2018";"07/10/2018";"AM";"AM";"AMAZONAS";40000610395;1;12;"Casa";"#NULO#";"350000,00";"19/04/2021";"20:13:26"
"13/11/2024";"10:55:11";2018;2;"Eleição Ordinária";297;"Eleições Gerais Estaduais 2018";"07/10/2018";"AM";"AM";"AMAZONAS";40000610395;2;21;"Veículo automotor terrestre: caminhão, automóvel, moto, etc.";"#NULO#";"72000,00";"19/04/2021";"20:13:26"
"13/11/2024";"10:55:11";2018;2;"Eleição Ordinária";297;"Eleições Gerais Estaduais 2018";"07/10/2018";"AM";"AM";"AMAZONAS";40000610405;1;21;"Veículo automotor terrestre: caminhão, automóvel, moto, etc.";"#NULO#";"131601,00";"19/04/2021";"20:13:21"
"13/11/2024";"10:55:11";2018;2;"Eleição Ordinária";297;"Eleições Gerais Estaduais 2018";"07/10/2018";"AM";"AM";"AMAZONAS";40000610405;2;12;"Casa";"#NULO#";"170000,00";"19/04/2021";"20:13:21"
"13/11/2024";"10:55:11";2018;2;"Eleição Ordinária";297;"Eleições Gerais Estaduais 2018";"07/10/2018";"AM";"AM";"AMAZONAS";40000610407;5;12;"Casa";"AV DAS AMERICAS N.21/22 JARDIM DAS AMERICAS ";"800000,00";"19/04/2021";"20:13:23"
"13/11/2024";"10:55:11";2018;2;"Eleição Ordinária";297;"Eleições Gerais Estaduais 2018";"07/10/2018";"AM";"AM";"AMAZONAS";40000610408;1;12;"Casa";"Rua Barão de indaía 1025 casa 243 condominio Residencial Laranjeiras flores ";"700000,00";"19/04/2021";"20:13:23"
"13/11/2024";"10:55:11";2018;2;"Eleição Ordinária";297;"Eleições Gerais Estaduais 2018";"07/10/2018";"AM";"AM";"AMAZONAS";40000610409;1;12;"Casa";"UMA CASA EM UM TERRENO DE 480M², LOCALIZADO NA RUA CONDE DE TOCANTINS N.12, BAIRRO FLORES.";"300000,00";"19/04/2021";"20:13:23"
"13/11/2024";"10:55:11";2018;2;"Eleição Ordinária";297;"Eleições Gerais Estaduais 2018";"07/10/2018";"AM";"AM";"AMAZONAS";40000610410;1;12;"Casa";"IMOVEL RESIDENCIAL NO COND ATLANTIS, PARQUE 10, MANAUS";"400000,00";"19/04/2021";"20:13:23"
"13/11/2024";"10:55:11";2018;2;"Eleição Ordinária";297;"Eleições Gerais Estaduais 2018";"07/10/2018";"AM";"AM";"AMAZONAS";40000610410;2;21;"Veículo automotor terrestre: caminhão, automóvel, moto, etc.";"AUTOMOVEL DE PASSEIO KIA SPORTAGE, ANO 2015, PLACA PHF-3897.";"75000,00";"19/04/2021";"20:13:23"
"13/11/2024";"10:55:11";2018;2;"Eleição Ordinária";297;"Eleições Gerais Estaduais 2018";"07/10/2018";"AM";"AM";"AMAZONAS";40000610416;1;12;"Casa";"#NULO#";"191820,00";"19/04/2021";"20:13:25"
"13/11/2024";"10:55:11";2018;2;"Eleição Ordinária";297;"Eleições Gerais Estaduais 2018";"07/10/2018";"AM";"AM";"AMAZONAS";40000610416;6;21;"Veículo automotor terrestre: caminhão, automóvel, moto, etc.";"#NULO#";"117577,00";"19/04/2021";"20:13:25"
"13/11/2024";"10:55:11";2018;2;"Eleição Ordinária";297;"Eleições Gerais Estaduais 2018";"07/10/2018";"AM";"AM";"AMAZONAS";40000610416;8;21;"Veículo automotor terrestre: caminhão, automóvel, moto, etc.";"#NULO#";"18860,37";"19/04/2021";"20:13:25"
"13/11/2024";"10:55:11";2018;2;"Eleição Ordinária";297;"Eleições Gerais Estaduais 2018";"07/10/2018";"AM";"AM";"AMAZONAS";40000610421;4;12;"Casa";"UMA CASA LOCALIZADA NA AVENIDA PROFESSOR NILTON LINS, N. 2512, RESIDENCIAL ROYAL VILLAGE, CASA 10, PARQUE DAS LARANJEIRAS.";"440000,00";"19/04/2021";"20:13:22"
"13/11/2024";"10:55:11";2018;2;"Eleição Ordinária";297;"Eleições Gerais Estaduais 2018";"07/10/2018";"AM";"AM";"AMAZONAS";40000610421;1;12;"Casa";"50% DA CASA SITUADA NA RUA RIO PURUS, N. 50, VIEIRALVES, MANAUS-AM, RECEBIDA POR ANTECIPAÇÃO DA LEGITIMA DE MEUS PAIS, CPF N. 439.463.212-91 E 001.539.582-00";"91845,00";"19/04/2021";"20:13:22"
"13/11/2024";"10:55:11";2018;2;"Eleição Ordinária";297;"Eleições Gerais Estaduais 2018";"07/10/2018";"AM";"AM";"AMAZONAS";40000610421;5;21;"Veículo automotor terrestre: caminhão, automóvel, moto, etc.";"UM AUTOMÓVEL COROLLA - PLACA NOO-8302, QUITADO.";"50000,00";"19/04/2021";"20:13:22"
"13/11/2024";"10:55:11";2018;2;"Eleição Ordinária";297;"Eleições Gerais Estaduais 2018";"07/10/2018";"AM";"AM";"AMAZONAS";40000610423;1;12;"Casa";"UMA CASA DE ALVENARIA NO VALOR DE R$350.000,00, LOCALIZADA NA RUA 21 NÚMERO 18, CONJUNTO JARDIM DE VERSALLES";"350000,00";"19/04/2021";"20:13:24"
"13/11/2024";"10:55:11";2018;2;"Eleição Ordinária";297;"Eleições Gerais Estaduais 2018";"07/10/2018";"AM";"AM";"AMAZONAS";40000610424;1;12;"Casa";"#NULO#";"245000,00";"19/04/2021";"20:13:24"
"13/11/2024";"10:55:11";2018;2;"Eleição Ordinária";297;"Eleições Gerais Estaduais 2018";"07/10/2018";"AM";"AM";"AMAZONAS";40000610424;2;12;"Casa";"#NULO#";"9000,00";"19/04/2021";"20:13:24"
"13/11/2024";"10:55:11";2018;2;"Eleição Ordinária";297;"Eleições Gerais Estaduais 2018";"07/10/2018";"AM";"AM";"AMAZONAS";40000610425;1;12;"Casa";"1 casa de alvenaria numa área de 10x35 de 2 pisos,no terreo comércio, primeiro piso 4 cômodos, sendo 1 suite";"180000,00";"19/04/2021";"20:13:23"
"13/11/2024";"10:55:11";2018;2;"Eleição Ordinária";297;"Eleições Gerais Estaduais 2018";"07/10/2018";"AM";"AM";"AMAZONAS";40000610427;1;21;"Veículo automotor terrestre: caminhão, automóvel, moto, etc.";"financiamento de 1 veiculo PLSCS PLACA JXQ 3428, MARCA MMC/PAJERO TR4, ANO/MODELO 2005/2005, COR BRANCA, CATEGORIA PARTICULAR, TIPO CAMINHONETE, POR MEIO DE DÉBITO EM CONTA, RENAVAM 863926240";"8500,00";"19/04/2021";"20:13:24"
"13/11/2024";"10:55:11";2018;2;"Eleição Ordinária";297;"Eleições Gerais Estaduais 2018";"07/10/2018";"AM";"AM";"AMAZONAS";40000610429;7;21;"Veículo automotor terrestre: caminhão, automóvel, moto, etc.";"1 veículo automotor kombi, MARCA VLOKSWAGEN, ANO 2014,  BRANCA QUITADA";"25000,00";"19/04/2021";"20:13:24"
"13/11/2024";"10:55:11";2018;2;"Eleição Ordinária";297;"Eleições Gerais Estaduais 2018";"07/10/2018";"AM";"AM";"AMAZONAS";40000610429;8;21;"Veículo automotor terrestre: caminhão, automóvel, moto, etc.";"1 veículo automotor MARCA/MODELO FIAT PALIO, ANO 2009/2010, CINZA QUITADO";"18000,00";"19/04/2021";"20:13:24"
"13/11/2024";"10:55:11";2018;2;"Eleição Ordinária";297;"Eleições Gerais Estaduais 2018";"07/10/2018";"AM";"AM";"AMAZONAS";40000610432;1;21;"Veículo automotor terrestre: caminhão, automóvel, moto, etc.";"modelo strada ano 2014/2015";"30000,00";"19/04/2021";"20:13:21"
"13/11/2024";"10:55:11";2018;2;"Eleição Ordinária";297;"Eleições Gerais Estaduais 2018";"07/10/2018";"AM";"AM";"AMAZONAS";40000610434;1;12;"Casa";"#NULO#";"100000,00";"19/04/2021";"20:13:22"
"13/11/2024";"10:55:11";2018;2;"Eleição Ordinária";297;"Eleições Gerais Estaduais 2018";"07/10/2018";"AM";"AM";"AMAZONAS";40000610434;2;21;"Veículo automotor terrestre: caminhão, automóvel, moto, etc.";"#NULO#";"15000,00";"19/04/2021";"20:13:22"
"13/11/2024";"10:55:11";2018;2;"Eleição Ordinária";297;"Eleições Gerais Estaduais 2018";"07/10/2018";"AM";"AM";"AMAZONAS";40000610435;1;12;"Casa";"#NULO#";"600000,00";"19/04/2021";"20:13:21"
"13/11/2024";"10:55:11";2018;2;"Eleição Ordinária";297;"Eleições Gerais Estaduais 2018";"07/10/2018";"AM";"AM";"AMAZONAS";40000610435;7;21;"Veículo automotor terrestre: caminhão, automóvel, moto, etc.";"#NULO#";"15000,00";"19/04/2021";"20:13:21"
"13/11/2024";"10:55:11";2018;2;"Eleição Ordinária";297;"Eleições Gerais Estaduais 2018";"07/10/2018";"AM";"AM";"AMAZONAS";40000610435;23;21;"Veículo automotor terrestre: caminhão, automóvel, moto, etc.";"#NULO#";"65000,00";"19/04/2021";"20:13:21"
"13/11/2024";"10:55:11";2018;2;"Eleição Ordinária";297;"Eleições Gerais Estaduais 2018";"07/10/2018";"AM";"AM";"AMAZONAS";40000611531;1;21;"Veículo automotor terrestre: caminhão, automóvel, moto, etc.";"VEÍCULO FIAT SIENA 2011/2012 PLACA OAC - 0249";"20000,00";"19/04/2021";"20:13:07"
"13/11/2024";"10:55:11";2018;2;"Eleição Ordinária";297;"Eleições Gerais Estaduais 2018";"07/10/2018";"AM";"AM";"AMAZONAS";40000610420;1;12;"Casa";"CASA SITUADA NA RUA CENTRAL, N 249 - SAO RAIMUNDO - MANAUS";"1483,44";"19/04/2021";"20:13:22"
"13/11/2024";"10:55:11";2018;2;"Eleição Ordinária";297;"Eleições Gerais Estaduais 2018";"07/10/2018";"AM";"AM";"AMAZONAS";40000611523;1;21;"Veículo automotor terrestre: caminhão, automóvel, moto, etc.";"VEÍCULO RENAULT LOGAN EXPR 2014/2014, PLACA OAL-0142";"30000,00";"19/04/2021";"20:13:07"
"13/11/2024";"10:55:11";2018;2;"Eleição Ordinária";297;"Eleições Gerais Estaduais 2018";"07/10/2018";"AM";"AM";"AMAZONAS";40000611527;1;21;"Veículo automotor terrestre: caminhão, automóvel, moto, etc.";"VEÍCULO, GM PRISMA 2014/2014";"30000,00";"19/04/2021";"20:13:07"
"13/11/2024";"10:55:11";2018;2;"Eleição Ordinária";297;"Eleições Gerais Estaduais 2018";"07/10/2018";"AM";"AM";"AMAZONAS";40000611529;1;12;"Casa";"CASA, BAIRRO SÃO JOSÉ 2";"180000,00";"19/04/2021";"20:13:07"
"13/11/2024";"10:55:11";2018;2;"Eleição Ordinária";297;"Eleições Gerais Estaduais 2018";"07/10/2018";"AM";"AM";"AMAZONAS";40000611529;2;12;"Casa";"CASA, BAIRRO SÃO JOSÉ OPERÁRIO, CONJUNTO COLINA DO ALEIXO";"300000,00";"19/04/2021";"20:13:07"
"13/11/2024";"10:55:11";2018;2;"Eleição Ordinária";297;"Eleições Gerais Estaduais 2018";"07/10/2018";"AM";"AM";"AMAZONAS";40000611532;1;12;"Casa";"CASA, LOCALIZADA DA RUA 04, N 26, BAIRRO CHAPADA";"180000,00";"19/04/2021";"20:13:07"
"13/11/2024";"10:55:11";2018;2;"Eleição Ordinária";297;"Eleições Gerais Estaduais 2018";"07/10/2018";"AM";"AM";"AMAZONAS";40000611534;1;21;"Veículo automotor terrestre: caminhão, automóvel, moto, etc.";"VEÍCULO GM CORSA HATCH 2011/2012, PLACA JXV-1551";"12000,00";"19/04/2021";"20:13:07"
"13/11/2024";"10:55:11";2018;2;"Eleição Ordinária";297;"Eleições Gerais Estaduais 2018";"07/10/2018";"AM";"AM";"AMAZONAS";40000611535;1;12;"Casa";"CASA, BAIRRO NOVA CIDADE, RUA TAIZ, N. 214, QUADRA 47 ";"150000,00";"19/04/2021";"20:13:07"
"13/11/2024";"10:55:11";2018;2;"Eleição Ordinária";297;"Eleições Gerais Estaduais 2018";"07/10/2018";"AM";"AM";"AMAZONAS";40000611537;1;21;"Veículo automotor terrestre: caminhão, automóvel, moto, etc.";"VEÍCULO, FIAT SIENA 2008/2009";"20000,00";"19/04/2021";"20:13:07"
"13/11/2024";"10:55:11";2018;2;"Eleição Ordinária";297;"Eleições Gerais Estaduais 2018";"07/10/2018";"AM";"AM";"AMAZONAS";40000611540;1;21;"Veículo automotor terrestre: caminhão, automóvel, moto, etc.";"VEÍCULO, GM S10 LTZ DD4A";"115000,00";"19/04/2021";"20:13:07"
"13/11/2024";"10:55:11";2018;2;"Eleição Ordinária";297;"Eleições Gerais Estaduais 2018";"07/10/2018";"AM";"AM";"AMAZONAS";40000611540;2;21;"Veículo automotor terrestre: caminhão, automóvel, moto, etc.";"VEÍCULO, BMW, 3210 ACTIVE FLEX";"160000,00";"19/04/2021";"20:13:07"
"13/11/2024";"10:55:11";2018;2;"Eleição Ordinária";297;"Eleições Gerais Estaduais 2018";"07/10/2018";"AM";"AM";"AMAZONAS";40000611541;1;12;"Casa";"CASA, CONJUNTO NOVA CIDADE";"150000,00";"19/04/2021";"20:13:07"
"13/11/2024";"10:55:11";2018;2;"Eleição Ordinária";297;"Eleições Gerais Estaduais 2018";"07/10/2018";"AM";"AM";"AMAZONAS";40000611541;2;12;"Casa";"CASA, BAIRRO JAPIIM 2";"200000,00";"19/04/2021";"20:13:07"
"13/11/2024";"10:55:11";2018;2;"Eleição Ordinária";297;"Eleições Gerais Estaduais 2018";"07/10/2018";"AM";"AM";"AMAZONAS";40000611541;3;21;"Veículo automotor terrestre: caminhão, automóvel, moto, etc.";"VEÍCULO, FIAT UNO VIVACE, 2014";"20000,00";"19/04/2021";"20:13:07"
"13/11/2024";"10:55:11";2018;2;"Eleição Ordinária";297;"Eleições Gerais Estaduais 2018";"07/10/2018";"AM";"AM";"AMAZONAS";40000611541;4;21;"Veículo automotor terrestre: caminhão, automóvel, moto, etc.";"VEÍCULO, FIAT ESTRADA, 2015";"40000,00";"19/04/2021";"20:13:07"
"13/11/2024";"10:55:11";2018;2;"Eleição Ordinária";297;"Eleições Gerais Estaduais 2018";"07/10/2018";"AM";"AM";"AMAZONAS";40000611542;7;21;"Veículo automotor terrestre: caminhão, automóvel, moto, etc.";"VEÍCULO, GM S-10, 2013/2014, PLACA NOO-0271";"65000,00";"19/04/2021";"20:13:07"
"13/11/2024";"10:55:11";2018;2;"Eleição Ordinária";297;"Eleições Gerais Estaduais 2018";"07/10/2018";"AM";"AM";"AMAZONAS";40000611542;8;21;"Veículo automotor terrestre: caminhão, automóvel, moto, etc.";"VEÍCULO, GM S-10, 2013/2013, PLACA OAC-3813";"55000,00";"19/04/2021";"20:13:07"
"13/11/2024";"10:55:11";2018;2;"Eleição Ordinária";297;"Eleições Gerais Estaduais 2018";"07/10/2018";"AM";"AM";"AMAZONAS";40000611542;9;21;"Veículo automotor terrestre: caminhão, automóvel, moto, etc.";"VEÍCULO, FORD NEW FIESTA, 2015";"30000,00";"19/04/2021";"20:13:07"
"13/11/2024";"10:55:11";2018;2;"Eleição Ordinária";297;"Eleições Gerais Estaduais 2018";"07/10/2018";"AM";"AM";"AMAZONAS";40000611543;1;21;"Veículo automotor terrestre: caminhão, automóvel, moto, etc.";"VEÍCULO FIAT SIENA FIRE FLEX, 2007/2008, PLACA JXX 5295";"18000,00";"19/04/2021";"20:13:07"
"13/11/2024";"10:55:11";2018;2;"Eleição Ordinária";297;"Eleições Gerais Estaduais 2018";"07/10/2018";"AM";"AM";"AMAZONAS";40000611546;1;12;"Casa";"TERRENO, COND. RESIDENCIAL ADRIANÓPOLIS ";"1599644,74";"19/04/2021";"20:13:08"
"13/11/2024";"10:55:11";2018;2;"Eleição Ordinária";297;"Eleições Gerais Estaduais 2018";"07/10/2018";"AM";"AM";"AMAZONAS";40000611546;2;21;"Veículo automotor terrestre: caminhão, automóvel, moto, etc.";"VEÍCULO, GM CRUZE LTZ, 2016";"80000,00";"19/04/2021";"20:13:08"
"13/11/2024";"10:55:11";2018;2;"Eleição Ordinária";297;"Eleições Gerais Estaduais 2018";"07/10/2018";"AM";"AM";"AMAZONAS";40000611546;3;21;"Veículo automotor terrestre: caminhão, automóvel, moto, etc.";"VEÍCULO, HONDA, HRV, 2016";"70000,00";"19/04/2021";"20:13:08"
"13/11/2024";"10:55:11";2018;2;"Eleição Ordinária";297;"Eleições Gerais Estaduais 2018";"07/10/2018";"AM";"AM";"AMAZONAS";40000611548;1;12;"Casa";"CASA, RUA MANILA, N. 15, QD-522, CONJ. NOVA CIDADE, BAIRRO NOVA CIDADE";"140000,00";"19/04/2021";"20:13:08"
"13/11/2024";"10:55:11";2018;2;"Eleição Ordinária";297;"Eleições Gerais Estaduais 2018";"07/10/2018";"AM";"AM";"AMAZONAS";40000611550;2;21;"Veículo automotor terrestre: caminhão, automóvel, moto, etc.";"#NULO#";"80000,00";"19/04/2021";"20:13:08"
"13/11/2024";"10:55:11";2018;2;"Eleição Ordinária";297;"Eleições Gerais Estaduais 2018";"07/10/2018";"AM";"AM";"AMAZONAS";40000611552;1;12;"Casa";"CASA, RUA JANDER, N. 137, BAIRRO CIDADE NOVA";"80000,00";"19/04/2021";"20:13:08"
"13/11/2024";"10:55:11";2018;2;"Eleição Ordinária";297;"Eleições Gerais Estaduais 2018";"07/10/2018";"AM";"AM";"AMAZONAS";40000611552;2;21;"Veículo automotor terrestre: caminhão, automóvel, moto, etc.";"MOTO";"7000,00";"19/04/2021";"20:13:08"
"13/11/2024";"10:55:11";2018;2;"Eleição Ordinária";297;"Eleições Gerais Estaduais 2018";"07/10/2018";"AM";"AM";"AMAZONAS";40000611553;1;21;"Veículo automotor terrestre: caminhão, automóvel, moto, etc.";"MOTOCICLETA HONDA FAN 2008/2008";"2500,00";"19/04/2021";"20:13:08"
"13/11/2024";"10:55:11";2018;2;"Eleição Ordinária";297;"Eleições Gerais Estaduais 2018";"07/10/2018";"AM";"AM";"AMAZONAS";40000611555;1;21;"Veículo automotor terrestre: caminhão, automóvel, moto, etc.";"CARRO FIAT STRADA ADVENTURE";"10000,00";"19/04/2021";"20:13:08"
"13/11/2024";"10:55:11";2018;2;"Eleição Ordinária";297;"Eleições Gerais Estaduais 2018";"07/10/2018";"AM";"AM";"AMAZONAS";40000611556;2;21;"Veículo automotor terrestre: caminhão, automóvel, moto, etc.";"VEÍCULO KIA  SPORTAGE ANO 2014/2015, FINANCIADO PELO BANCO SAFRA";"50000,00";"19/04/2021";"20:13:08"
"13/11/2024";"10:55:11";2018;2;"Eleição Ordinária";297;"Eleições Gerais Estaduais 2018";"07/10/2018";"AM";"AM";"AMAZONAS";40000611557;1;21;"Veículo automotor terrestre: caminhão, automóvel, moto, etc.";"#NULO#";"35000,00";"19/04/2021";"20:13:08"
"13/11/2024";"10:55:11";2018;2;"Eleição Ordinária";297;"Eleições Gerais Estaduais 2018";"07/10/2018";"AM";"AM";"AMAZONAS";40000611557;2;21;"Veículo automotor terrestre: caminhão, automóvel, moto, etc.";"#NULO#";"35000,00";"19/04/2021";"20:13:08"
"13/11/2024";"10:55:11";2018;2;"Eleição Ordinária";297;"Eleições Gerais Estaduais 2018";"07/10/2018";"AM";"AM";"AMAZONAS";40000611557;3;21;"Veículo automotor terrestre: caminhão, automóvel, moto, etc.";"#NULO#";"65000,00";"19/04/2021";"20:13:08"
"13/11/2024";"10:55:11";2018;2;"Eleição Ordinária";297;"Eleições Gerais Estaduais 2018";"07/10/2018";"AM";"AM";"AMAZONAS";40000611557;4;21;"Veículo automotor terrestre: caminhão, automóvel, moto, etc.";"#NULO#";"130000,00";"19/04/2021";"20:13:08"
"13/11/2024";"10:55:11";2018;2;"Eleição Ordinária";297;"Eleições Gerais Estaduais 2018";"07/10/2018";"AM";"AM";"AMAZONAS";40000611557;5;21;"Veículo automotor terrestre: caminhão, automóvel, moto, etc.";"#NULO#";"42000,00";"19/04/2021";"20:13:08"
"13/11/2024";"10:55:11";2018;2;"Eleição Ordinária";297;"Eleições Gerais Estaduais 2018";"07/10/2018";"AM";"AM";"AMAZONAS";40000611557;6;21;"Veículo automotor terrestre: caminhão, automóvel, moto, etc.";"#NULO#";"59000,00";"19/04/2021";"20:13:08"
"13/11/2024";"10:55:11";2018;2;"Eleição Ordinária";297;"Eleições Gerais Estaduais 2018";"07/10/2018";"AM";"AM";"AMAZONAS";40000611557;7;12;"Casa";"#NULO#";"500000,00";"19/04/2021";"20:13:08"
"13/11/2024";"10:55:11";2018;2;"Eleição Ordinária";297;"Eleições Gerais Estaduais 2018";"07/10/2018";"AM";"AM";"AMAZONAS";40000611559;1;21;"Veículo automotor terrestre: caminhão, automóvel, moto, etc.";"VEÍCULO, GM S10 ADVANTAGE 2010/2010, PLACA NOS-4883";"30000,00";"19/04/2021";"20:13:08"
"13/11/2024";"10:55:11";2018;2;"Eleição Ordinária";297;"Eleições Gerais Estaduais 2018";"07/10/2018";"AM";"AM";"AMAZONAS";40000612638;1;12;"Casa";"no Km 06 do Municipio de Iranduba";"650000,00";"19/04/2021";"20:13:06"
"13/11/2024";"10:55:11";2018;2;"Eleição Ordinária";297;"Eleições Gerais Estaduais 2018";"07/10/2018";"AM";"AM";"AMAZONAS";40000611560;1;12;"Casa";"#NULO#";"200000,00";"19/04/2021";"20:13:08"
"13/11/2024";"10:55:11";2018;2;"Eleição Ordinária";297;"Eleições Gerais Estaduais 2018";"07/10/2018";"AM";"AM";"AMAZONAS";40000611560;2;21;"Veículo automotor terrestre: caminhão, automóvel, moto, etc.";"#NULO#";"15000,00";"19/04/2021";"20:13:08"
"13/11/2024";"10:55:11";2018;2;"Eleição Ordinária";297;"Eleições Gerais Estaduais 2018";"07/10/2018";"AM";"AM";"AMAZONAS";40000612637;1;12;"Casa";"#NULO#";"800000,00";"19/04/2021";"20:13:06"
"13/11/2024";"10:55:11";2018;2;"Eleição Ordinária";297;"Eleições Gerais Estaduais 2018";"07/10/2018";"AM";"AM";"AMAZONAS";40000612637;2;12;"Casa";"#NULO#";"300000,00";"19/04/2021";"20:13:06"
"13/11/2024";"10:55:11";2018;2;"Eleição Ordinária";297;"Eleições Gerais Estaduais 2018";"07/10/2018";"AM";"AM";"AMAZONAS";40000612637;3;21;"Veículo automotor terrestre: caminhão, automóvel, moto, etc.";"#NULO#";"154511,04";"19/04/2021";"20:13:06"
"13/11/2024";"10:55:11";2018;2;"Eleição Ordinária";297;"Eleições Gerais Estaduais 2018";"07/10/2018";"AM";"AM";"AMAZONAS";40000612638;2;21;"Veículo automotor terrestre: caminhão, automóvel, moto, etc.";"Peugeot 307 SD GRiffe 4 P - 2006/2007 - Placa JXJ-6295";"20000,00";"19/04/2021";"20:13:06"
"13/11/2024";"10:55:11";2018;2;"Eleição Ordinária";297;"Eleições Gerais Estaduais 2018";"07/10/2018";"AM";"AM";"AMAZONAS";40000612638;3;12;"Casa";"residencial na Travessa  A , 71 - Bairro São José - Autazes/Am";"80000,00";"19/04/2021";"20:13:06"
"13/11/2024";"10:55:11";2018;2;"Eleição Ordinária";297;"Eleições Gerais Estaduais 2018";"07/10/2018";"AM";"AM";"AMAZONAS";40000612641;4;12;"Casa";"Localizado na Rua Raimundo Marinho n.194 casa 7 Residencial Agave, Novo aleixo";"200000,00";"19/04/2021";"20:13:14"
"13/11/2024";"10:55:11";2018;2;"Eleição Ordinária";297;"Eleições Gerais Estaduais 2018";"07/10/2018";"AM";"AM";"AMAZONAS";40000612641;5;21;"Veículo automotor terrestre: caminhão, automóvel, moto, etc.";"Toyota Hilux 2016/2017cor branca placa PHK ";"138338,84";"19/04/2021";"20:13:14"
"13/11/2024";"10:55:11";2018;2;"Eleição Ordinária";297;"Eleições Gerais Estaduais 2018";"07/10/2018";"AM";"AM";"AMAZONAS";40000612643;3;21;"Veículo automotor terrestre: caminhão, automóvel, moto, etc.";"VEICULO COROLA 2.0 COR PRATA ANO 2014/2015 FINANCIADO PELO BANCO BRADESCO CONTRATO 3004025259";"55000,00";"19/04/2021";"20:13:14"
"13/11/2024";"10:55:11";2018;2;"Eleição Ordinária";297;"Eleições Gerais Estaduais 2018";"07/10/2018";"AM";"AM";"AMAZONAS";40000612645;1;12;"Casa";"UMA CASA NO NOME DO DECLARANTE RUA 06 N.148 ALVORADA ";"420000,00";"19/04/2021";"20:13:14"
"13/11/2024";"10:55:11";2018;2;"Eleição Ordinária";297;"Eleições Gerais Estaduais 2018";"07/10/2018";"AM";"AM";"AMAZONAS";40000612645;2;12;"Casa";"CASA NO MUNICIPIO DE AUTAZES RUA FRANCISCO BARRONCAS JAIR TUPINAMBA";"1500000,00";"19/04/2021";"20:13:14"
"13/11/2024";"10:55:11";2018;2;"Eleição Ordinária";297;"Eleições Gerais Estaduais 2018";"07/10/2018";"AM";"AM";"AMAZONAS";40000612646;1;12;"Casa";"#NULO#";"55000,00";"19/04/2021";"20:13:14"
"13/11/2024";"10:55:11";2018;2;"Eleição Ordinária";297;"Eleições Gerais Estaduais 2018";"07/10/2018";"AM";"AM";"AMAZONAS";40000612651;2;21;"Veículo automotor terrestre: caminhão, automóvel, moto, etc.";"#NULO#";"100000,00";"19/04/2021";"20:13:05"
"13/11/2024";"10:55:11";2018;2;"Eleição Ordinária";297;"Eleições Gerais Estaduais 2018";"07/10/2018";"AM";"AM";"AMAZONAS";40000612651;3;21;"Veículo automotor terrestre: caminhão, automóvel, moto, etc.";"#NULO#";"8000,00";"19/04/2021";"20:13:05"
"13/11/2024";"10:55:11";2018;2;"Eleição Ordinária";297;"Eleições Gerais Estaduais 2018";"07/10/2018";"AM";"AM";"AMAZONAS";40000612654;1;12;"Casa";"localizado na Rua Manoel Moraes, n 4.178 - Tiradentes, na Cidade de Itacoatiara - Estado do Amazonas";"50000,00";"19/04/2021";"20:13:06"
"13/11/2024";"10:55:11";2018;2;"Eleição Ordinária";297;"Eleições Gerais Estaduais 2018";"07/10/2018";"AM";"AM";"AMAZONAS";40000612654;2;12;"Casa";"localizado na Rua 12-A, n 336, quadra B, Conj. Jardim Meridional - Parque 10 de Novembro - Manaus/ Amazonas";"450000,00";"19/04/2021";"20:13:06"
"13/11/2024";"10:55:11";2018;2;"Eleição Ordinária";297;"Eleições Gerais Estaduais 2018";"07/10/2018";"AM";"AM";"AMAZONAS";40000612656;6;21;"Veículo automotor terrestre: caminhão, automóvel, moto, etc.";"Montana - 2010 - Placa NOQ-2244 ";"30000,00";"19/04/2021";"20:13:07"
"13/11/2024";"10:55:11";2018;2;"Eleição Ordinária";297;"Eleições Gerais Estaduais 2018";"07/10/2018";"AM";"AM";"AMAZONAS";40000612656;7;21;"Veículo automotor terrestre: caminhão, automóvel, moto, etc.";"TOYOTA HILUX CD4X4 - CINZA - 2008 - Placa - NOM-0947";"50000,00";"19/04/2021";"20:13:07"
"13/11/2024";"10:55:11";2018;2;"Eleição Ordinária";297;"Eleições Gerais Estaduais 2018";"07/10/2018";"AM";"AM";"AMAZONAS";40000612659;1;12;"Casa";"localizada na rua 12, n 17 - Alvorada I";"130000,00";"19/04/2021";"20:13:07"
"13/11/2024";"10:55:11";2018;2;"Eleição Ordinária";297;"Eleições Gerais Estaduais 2018";"07/10/2018";"AM";"AM";"AMAZONAS";40000612662;1;12;"Casa";"#NULO#";"400000,00";"19/04/2021";"20:13:07"
"13/11/2024";"10:55:11";2018;2;"Eleição Ordinária";297;"Eleições Gerais Estaduais 2018";"07/10/2018";"AM";"AM";"AMAZONAS";40000612663;1;12;"Casa";"LOCALIZADO RUA ADOLPHO BLOCH 201, CONJUNTO NOVA REPUBLICA ";"250000,00";"19/04/2021";"20:13:14"
"13/11/2024";"10:55:11";2018;2;"Eleição Ordinária";297;"Eleições Gerais Estaduais 2018";"07/10/2018";"AM";"AM";"AMAZONAS";40000612663;3;21;"Veículo automotor terrestre: caminhão, automóvel, moto, etc.";"VEICULO JEEP 2016/2016 PLACA PHJ 8642";"105000,00";"19/04/2021";"20:13:14"
"13/11/2024";"10:55:11";2018;2;"Eleição Ordinária";297;"Eleições Gerais Estaduais 2018";"07/10/2018";"AM";"AM";"AMAZONAS";40000612664;1;12;"Casa";"#NULO#";"250000,00";"19/04/2021";"20:13:05"
"13/11/2024";"10:55:11";2018;2;"Eleição Ordinária";297;"Eleições Gerais Estaduais 2018";"07/10/2018";"AM";"AM";"AMAZONAS";40000612664;3;12;"Casa";"#NULO#";"22501,53";"19/04/2021";"20:13:05"
"13/11/2024";"10:55:11";2018;2;"Eleição Ordinária";297;"Eleições Gerais Estaduais 2018";"07/10/2018";"AM";"AM";"AMAZONAS";40000612664;5;12;"Casa";"#NULO#";"200000,00";"19/04/2021";"20:13:05"
"13/11/2024";"10:55:11";2018;2;"Eleição Ordinária";297;"Eleições Gerais Estaduais 2018";"07/10/2018";"AM";"AM";"AMAZONAS";40000612665;2;12;"Casa";"CONJUNTO DEBORAH EM MANAUS RUA BREVE 04 D. PEDRO CEP 69040-400";"300000,00";"19/04/2021";"20:13:14"
"13/11/2024";"10:55:11";2018;2;"Eleição Ordinária";297;"Eleições Gerais Estaduais 2018";"07/10/2018";"AM";"AM";"AMAZONAS";40000612665;3;12;"Casa";"AV NILTON LINS 1000, PARQUE DAS LARANJEIRAS ";"700000,00";"19/04/2021";"20:13:14"
"13/11/2024";"10:55:11";2018;2;"Eleição Ordinária";297;"Eleições Gerais Estaduais 2018";"07/10/2018";"AM";"AM";"AMAZONAS";40000612665;5;21;"Veículo automotor terrestre: caminhão, automóvel, moto, etc.";"AUTOMOVEL LEXUS ";"20000,00";"19/04/2021";"20:13:14"
"13/11/2024";"10:55:11";2018;2;"Eleição Ordinária";297;"Eleições Gerais Estaduais 2018";"07/10/2018";"AM";"AM";"AMAZONAS";40000612665;6;21;"Veículo automotor terrestre: caminhão, automóvel, moto, etc.";"FORD FUSIO 2007";"20000,00";"19/04/2021";"20:13:14"
"13/11/2024";"10:55:11";2018;2;"Eleição Ordinária";297;"Eleições Gerais Estaduais 2018";"07/10/2018";"AM";"AM";"AMAZONAS";40000612665;9;21;"Veículo automotor terrestre: caminhão, automóvel, moto, etc.";"COROLA 2015 CONSÓRCIO BRADESCO ";"70000,00";"19/04/2021";"20:13:14"
"13/11/2024";"10:55:11";2018;2;"Eleição Ordinária";297;"Eleições Gerais Estaduais 2018";"07/10/2018";"AM";"AM";"AMAZONAS";40000612665;10;21;"Veículo automotor terrestre: caminhão, automóvel, moto, etc.";"MERCEDES BENS E 350 FAB/MOD 2010 PLACA 1717 COR PRETA";"100000,00";"19/04/2021";"20:13:14"
"13/11/2024";"10:55:11";2018;2;"Eleição Ordinária";297;"Eleições Gerais Estaduais 2018";"07/10/2018";"AM";"AM";"AMAZONAS";40000612666;4;12;"Casa";"#NULO#";"600000,00";"19/04/2021";"20:13:05"
"13/11/2024";"10:55:11";2018;2;"Eleição Ordinária";297;"Eleições Gerais Estaduais 2018";"07/10/2018";"AM";"AM";"AMAZONAS";40000612667;1;21;"Veículo automotor terrestre: caminhão, automóvel, moto, etc.";"#NULO#";"10000,00";"19/04/2021";"20:13:05"
"13/11/2024";"10:55:11";2018;2;"Eleição Ordinária";297;"Eleições Gerais Estaduais 2018";"07/10/2018";"AM";"AM";"AMAZONAS";40000612668;2;12;"Casa";"#NULO#";"400000,00";"19/04/2021";"20:13:05"
"13/11/2024";"10:55:11";2018;2;"Eleição Ordinária";297;"Eleições Gerais Estaduais 2018";"07/10/2018";"AM";"AM";"AMAZONAS";40000612668;3;12;"Casa";"#NULO#";"256800,00";"19/04/2021";"20:13:05"
"13/11/2024";"10:55:11";2018;2;"Eleição Ordinária";297;"Eleições Gerais Estaduais 2018";"07/10/2018";"AM";"AM";"AMAZONAS";40000612669;1;12;"Casa";"#NULO#";"18000,00";"19/04/2021";"20:13:05"
"13/11/2024";"10:55:11";2018;2;"Eleição Ordinária";297;"Eleições Gerais Estaduais 2018";"07/10/2018";"AM";"AM";"AMAZONAS";40000612669;13;21;"Veículo automotor terrestre: caminhão, automóvel, moto, etc.";"#NULO#";"47207,62";"19/04/2021";"20:13:05"
"13/11/2024";"10:55:11";2018;2;"Eleição Ordinária";297;"Eleições Gerais Estaduais 2018";"07/10/2018";"AM";"AM";"AMAZONAS";40000612673;7;21;"Veículo automotor terrestre: caminhão, automóvel, moto, etc.";"#NULO#";"15000,00";"19/04/2021";"20:13:06"
"13/11/2024";"10:55:11";2018;2;"Eleição Ordinária";297;"Eleições Gerais Estaduais 2018";"07/10/2018";"AM";"AM";"AMAZONAS";40000612674;1;12;"Casa";"Casa localizada na Rua 08, n 65 - Qd. 19 - Tarumã - Manaus/Am.";"30000,00";"19/04/2021";"20:13:06"
"13/11/2024";"10:55:11";2018;2;"Eleição Ordinária";297;"Eleições Gerais Estaduais 2018";"07/10/2018";"AM";"AM";"AMAZONAS";40000617478;8;12;"Casa";"CASA NA RUA JONATHAS PEDROSA ";"300000,00";"19/04/2021";"20:13:10"
"13/11/2024";"10:55:11";2018;2;"Eleição Ordinária";297;"Eleições Gerais Estaduais 2018";"07/10/2018";"AM";"AM";"AMAZONAS";40000617478;9;12;"Casa";"CASA NO CONDOMÍNIO BOSQUES DAS PALAMAS TARUMÃ";"250000,00";"19/04/2021";"20:13:10"
"13/11/2024";"10:55:11";2018;2;"Eleição Ordinária";297;"Eleições Gerais Estaduais 2018";"07/10/2018";"AM";"AM";"AMAZONAS";40000617481;1;12;"Casa";"UMA CASA SITUADA NO BECO LAVÍNIA, N. 63 - CONJUNTO MANOA - BAIRRO CIDADE NOVA";"200000,00";"19/04/2021";"20:13:10"
"13/11/2024";"10:55:11";2018;2;"Eleição Ordinária";297;"Eleições Gerais Estaduais 2018";"07/10/2018";"AM";"AM";"AMAZONAS";40000617482;1;12;"Casa";"CASA EM ALVENARIA COM IPTU N. 78710, LOCALIZADA EM MANAUS, A RUA HERMAN LIMA, N. 04, Q 18, CJ, ARUANÃ - CEP 69036-500";"670000,00";"19/04/2021";"20:13:10"
"13/11/2024";"10:55:11";2018;2;"Eleição Ordinária";297;"Eleições Gerais Estaduais 2018";"07/10/2018";"AM";"AM";"AMAZONAS";40000617484;3;21;"Veículo automotor terrestre: caminhão, automóvel, moto, etc.";"AUTOMÓVEL FIAT STRADA WORKING, PLCA - NOQ-7812";"34000,00";"19/04/2021";"20:13:09"
"13/11/2024";"10:55:11";2018;2;"Eleição Ordinária";297;"Eleições Gerais Estaduais 2018";"07/10/2018";"AM";"AM";"AMAZONAS";40000617484;4;21;"Veículo automotor terrestre: caminhão, automóvel, moto, etc.";"AUTOMÓVEL WOLKS GOL, PLACA JWW - 2889";"5000,00";"19/04/2021";"20:13:09"
"13/11/2024";"10:55:11";2018;2;"Eleição Ordinária";297;"Eleições Gerais Estaduais 2018";"07/10/2018";"AM";"AM";"AMAZONAS";40000617485;1;12;"Casa";"CASA DE ALVENARIA, SITUADA NA RUA SÃO FRANCISCO, N. 8, BAIRRO SÃO FRANCISCO";"100000,00";"19/04/2021";"20:13:09"
"13/11/2024";"10:55:11";2018;2;"Eleição Ordinária";297;"Eleições Gerais Estaduais 2018";"07/10/2018";"AM";"AM";"AMAZONAS";40000617485;2;21;"Veículo automotor terrestre: caminhão, automóvel, moto, etc.";"AUTOMÓVEL  SSANGYONG ACTYON 2011, MODELO USV, COR PRETA";"35000,00";"19/04/2021";"20:13:09"
"13/11/2024";"10:55:11";2018;2;"Eleição Ordinária";297;"Eleições Gerais Estaduais 2018";"07/10/2018";"AM";"AM";"AMAZONAS";40000617486;1;12;"Casa";"UMA CASA DE ALVENARIA SITO A RUA RECIFE - CONJ. CHAGAS AGUIAR, 11 - ADRIANOPOLIS, COM 74,25 METROS QUADRADOS";"15000,00";"19/04/2021";"20:13:09"
"13/11/2024";"10:55:11";2018;2;"Eleição Ordinária";297;"Eleições Gerais Estaduais 2018";"07/10/2018";"AM";"AM";"AMAZONAS";40000617486;13;21;"Veículo automotor terrestre: caminhão, automóvel, moto, etc.";"AUTOMÓVEL HONDA CIVIC EXL FAB/MOD 2017/2017";"113900,00";"19/04/2021";"20:13:09"
"13/11/2024";"10:55:11";2018;2;"Eleição Ordinária";297;"Eleições Gerais Estaduais 2018";"07/10/2018";"AM";"AM";"AMAZONAS";40000617488;2;21;"Veículo automotor terrestre: caminhão, automóvel, moto, etc.";"UM AUTOMÓVEL FIAT/TORO FREDOM AUTOMÁTICO ANO 2016/2017, COR PRATA, PLCA - PHL - 7788 ";"65000,00";"19/04/2021";"20:13:10"
"13/11/2024";"10:55:11";2018;2;"Eleição Ordinária";297;"Eleições Gerais Estaduais 2018";"07/10/2018";"AM";"AM";"AMAZONAS";40000617488;3;21;"Veículo automotor terrestre: caminhão, automóvel, moto, etc.";"UM AUTOMÓVEL CHEVROLET CLASSIC LS, ANO 2010/2011, COR PRATA, PLACA - NPA 7957, COM EQUIPAMENTO DE SOM PARA PROPAGANDA VOLANTE";"18000,00";"19/04/2021";"20:13:10"
"13/11/2024";"10:55:11";2018;2;"Eleição Ordinária";297;"Eleições Gerais Estaduais 2018";"07/10/2018";"AM";"AM";"AMAZONAS";40000617489;1;21;"Veículo automotor terrestre: caminhão, automóvel, moto, etc.";"UM AUTOMÓVEL MITISUBISHI L200 TRITON 2017/MODELO 2018, COR BRANCA, PLACA PHM - 4997";"60000,00";"19/04/2021";"20:13:10"
"13/11/2024";"10:55:11";2018;2;"Eleição Ordinária";297;"Eleições Gerais Estaduais 2018";"07/10/2018";"AM";"AM";"AMAZONAS";40000617489;3;12;"Casa";"UMA CASA COM 600,00 M2 LOCALIZADO À RUA G/H, 09, CONJUNTO MORADA DO SOL, BAIRRO ALEIXO,CONFORME MATRÍCULA N. 1.590, LIVRO N. 2, FOLHA 01 NO CARTÓRIO DO 1. OFÍCIO DO REGISTRO DE IMÓVEIS E PROTESTO DE L";"500000,00";"19/04/2021";"20:13:10"
"13/11/2024";"10:55:11";2018;2;"Eleição Ordinária";297;"Eleições Gerais Estaduais 2018";"07/10/2018";"AM";"AM";"AMAZONAS";40000617491;8;21;"Veículo automotor terrestre: caminhão, automóvel, moto, etc.";"AUTOMÓVEL MARCA NISSAN MODELO FRONTIER 2010/2011";"30000,00";"19/04/2021";"20:13:10"
"13/11/2024";"10:55:11";2018;2;"Eleição Ordinária";297;"Eleições Gerais Estaduais 2018";"07/10/2018";"AM";"AM";"AMAZONAS";40000617491;10;21;"Veículo automotor terrestre: caminhão, automóvel, moto, etc.";"AUTOMÓVEL MARCA TOYOTA MODELO HILUX, FAB/MOD 2016";"129000,00";"19/04/2021";"20:13:10"
"13/11/2024";"10:55:11";2018;2;"Eleição Ordinária";297;"Eleições Gerais Estaduais 2018";"07/10/2018";"AM";"AM";"AMAZONAS";40000617492;1;21;"Veículo automotor terrestre: caminhão, automóvel, moto, etc.";"AUTOMÓVEL GM MARCA CHEVROLET MONTANA ANO 2005/2005, PLCA JXG-3687";"10000,00";"19/04/2021";"20:13:10"
"13/11/2024";"10:55:11";2018;2;"Eleição Ordinária";297;"Eleições Gerais Estaduais 2018";"07/10/2018";"AM";"AM";"AMAZONAS";40000617492;3;12;"Casa";"CASA NO LOTE DE TERRA LOCALIZADA NA AVN. DR. THEOMÁRIO PINTO, S/N, BAIRRO PLANALTO - CONDOMÍNIO RENAISSANCE";"350000,00";"19/04/2021";"20:13:10"
"13/11/2024";"10:55:11";2018;2;"Eleição Ordinária";297;"Eleições Gerais Estaduais 2018";"07/10/2018";"AM";"AM";"AMAZONAS";40000617492;9;12;"Casa";"CASA NO CONJUNTO ALTOS DE FLORES, SITUADA NA RUA PERIMENTRAL ESPANHA II, N. 852 - BAIRRO DE FLORES";"182000,00";"19/04/2021";"20:13:10"
"13/11/2024";"10:55:11";2018;2;"Eleição Ordinária";297;"Eleições Gerais Estaduais 2018";"07/10/2018";"AM";"AM";"AMAZONAS";40000617492;10;12;"Casa";"ESPÓLIO DE CASA DO CONDOMÍNIO RESIDENCIAL HAIFA";"350000,00";"19/04/2021";"20:13:10"
"13/11/2024";"10:55:11";2018;2;"Eleição Ordinária";297;"Eleições Gerais Estaduais 2018";"07/10/2018";"AM";"AM";"AMAZONAS";40000617494;7;21;"Veículo automotor terrestre: caminhão, automóvel, moto, etc.";"MODELO NEWBETEOW ANO 2008, PLACA NOQ 2501,.";"25000,00";"19/04/2021";"20:13:10"
"13/11/2024";"10:55:11";2018;2;"Eleição Ordinária";297;"Eleições Gerais Estaduais 2018";"07/10/2018";"AM";"AM";"AMAZONAS";40000617498;1;21;"Veículo automotor terrestre: caminhão, automóvel, moto, etc.";"AUTOMÓVEL MERCEDES BENZ C 180, ANO 2014,  MODELO 2015, PLACA - PHS-4907";"100000,00";"19/04/2021";"20:13:10"
"13/11/2024";"10:55:11";2018;2;"Eleição Ordinária";297;"Eleições Gerais Estaduais 2018";"07/10/2018";"AM";"AM";"AMAZONAS";40000617499;1;12;"Casa";"UMA CASA DE ALVENARIA SITUADA NA RUA TITO BITTENCOURT, N. 350 - BAIRRO DE SÃO FRANCISCO";"500000,00";"19/04/2021";"20:13:10"
"13/11/2024";"10:55:11";2018;2;"Eleição Ordinária";297;"Eleições Gerais Estaduais 2018";"07/10/2018";"AM";"AM";"AMAZONAS";40000617501;1;12;"Casa";"Av. Expedicionarios, n.4080, CJ Res. Ponta Negra, Manaus-AM, CEP 69037-000";"550000,00";"19/04/2021";"20:13:16"
"13/11/2024";"10:55:11";2018;2;"Eleição Ordinária";297;"Eleições Gerais Estaduais 2018";"07/10/2018";"AM";"AM";"AMAZONAS";40000617501;3;12;"Casa";"Rua Rio Madeira, QD, 05, casa 39, CJ Vieralves, bairro Nossa Sra das Graças";"400000,00";"19/04/2021";"20:13:16"
"13/11/2024";"10:55:11";2018;2;"Eleição Ordinária";297;"Eleições Gerais Estaduais 2018";"07/10/2018";"AM";"AM";"AMAZONAS";40000617502;1;12;"Casa";"#NULO#";"140000,00";"19/04/2021";"20:13:16"
"13/11/2024";"10:55:11";2018;2;"Eleição Ordinária";297;"Eleições Gerais Estaduais 2018";"07/10/2018";"AM";"AM";"AMAZONAS";40000617504;2;12;"Casa";"Rua Lago Tana, QD6, Conjunto Galiléia 1, Cidade Nova, Manaus-Am";"180000,00";"19/04/2021";"20:13:13"
"13/11/2024";"10:55:11";2018;2;"Eleição Ordinária";297;"Eleições Gerais Estaduais 2018";"07/10/2018";"AM";"AM";"AMAZONAS";40000617505;1;12;"Casa";"Imóvel Edificado, Rua José Lopes 9, Bairro Parque 10 de Novembro, Manaus-AM";"295000,00";"19/04/2021";"20:13:13"
"13/11/2024";"10:55:11";2018;2;"Eleição Ordinária";297;"Eleições Gerais Estaduais 2018";"07/10/2018";"AM";"AM";"AMAZONAS";40000617507;1;12;"Casa";"imóvel edificado,Rua Leôncio Correa, NR 101, Conj:Aruanã, Compensa Manaus-AM";"500000,00";"19/04/2021";"20:13:13"
"13/11/2024";"10:55:11";2018;2;"Eleição Ordinária";297;"Eleições Gerais Estaduais 2018";"07/10/2018";"AM";"AM";"AMAZONAS";40000617507;2;21;"Veículo automotor terrestre: caminhão, automóvel, moto, etc.";"Veículo, Honda Civic, ano/modelo 2015";"55000,00";"19/04/2021";"20:13:13"
"13/11/2024";"10:55:11";2018;2;"Eleição Ordinária";297;"Eleições Gerais Estaduais 2018";"07/10/2018";"AM";"AM";"AMAZONAS";40000617509;1;21;"Veículo automotor terrestre: caminhão, automóvel, moto, etc.";" Veículo Peugeot, 207, cinza, Placa JXW 9732, 2010/2011";"19000,00";"19/04/2021";"20:13:13"
"13/11/2024";"10:55:11";2018;2;"Eleição Ordinária";297;"Eleições Gerais Estaduais 2018";"07/10/2018";"AM";"AM";"AMAZONAS";40000617510;1;21;"Veículo automotor terrestre: caminhão, automóvel, moto, etc.";"Marca: Chevrolet, Modelo Montana Sport, Placa NBM7359 2010/2011";"20000,00";"19/04/2021";"20:13:13"
"13/11/2024";"10:55:11";2018;2;"Eleição Ordinária";297;"Eleições Gerais Estaduais 2018";"07/10/2018";"AM";"AM";"AMAZONAS";40000617514;2;21;"Veículo automotor terrestre: caminhão, automóvel, moto, etc.";"Veículo Passat, ano/modelo 1998";"16500,00";"19/04/2021";"20:13:13"
"13/11/2024";"10:55:11";2018;2;"Eleição Ordinária";297;"Eleições Gerais Estaduais 2018";"07/10/2018";"AM";"AM";"AMAZONAS";40000617513;1;12;"Casa";"Imóvel Residencial, Rua Tagetes, 141, Bairro Jorge Teixeira Primeira Etapa.";"100000,00";"19/04/2021";"20:13:13"
"13/11/2024";"10:55:11";2018;2;"Eleição Ordinária";297;"Eleições Gerais Estaduais 2018";"07/10/2018";"AM";"AM";"AMAZONAS";40000617513;2;21;"Veículo automotor terrestre: caminhão, automóvel, moto, etc.";"Veículo Gol, 2 Geração, 1997.";"10000,00";"19/04/2021";"20:13:13"
"13/11/2024";"10:55:11";2018;2;"Eleição Ordinária";297;"Eleições Gerais Estaduais 2018";"07/10/2018";"AM";"AM";"AMAZONAS";40000617516;1;21;"Veículo automotor terrestre: caminhão, automóvel, moto, etc.";"FORD KA, Placa PHH-0743";"36528,00";"19/04/2021";"20:13:13"
"13/11/2024";"10:55:11";2018;2;"Eleição Ordinária";297;"Eleições Gerais Estaduais 2018";"07/10/2018";"AM";"AM";"AMAZONAS";40000617516;2;21;"Veículo automotor terrestre: caminhão, automóvel, moto, etc.";"PICK UP Ford Ranger, PHJ-2864";"114600,00";"19/04/2021";"20:13:13"
"13/11/2024";"10:55:11";2018;2;"Eleição Ordinária";297;"Eleições Gerais Estaduais 2018";"07/10/2018";"AM";"AM";"AMAZONAS";40000617519;1;12;"Casa";"Imóvel Edificado, Rua Elesbão Veloso, 08, Bairro Cidade Nova, Manaus-AM";"30000,00";"19/04/2021";"20:13:13"
"13/11/2024";"10:55:11";2018;2;"Eleição Ordinária";297;"Eleições Gerais Estaduais 2018";"07/10/2018";"AM";"AM";"AMAZONAS";40000617650;1;12;"Casa";"#NULO#";"180000,00";"19/04/2021";"20:13:05"
"13/11/2024";"10:55:11";2018;2;"Eleição Ordinária";297;"Eleições Gerais Estaduais 2018";"07/10/2018";"AM";"AM";"AMAZONAS";40000617651;1;21;"Veículo automotor terrestre: caminhão, automóvel, moto, etc.";"#NULO#";"100000,00";"18/09/2018";"11:25:55"
"13/11/2024";"10:55:11";2018;2;"Eleição Ordinária";297;"Eleições Gerais Estaduais 2018";"07/10/2018";"AM";"AM";"AMAZONAS";40000618261;2;12;"Casa";"50% CASA SITUADA NA PRACA HELIODORO BALBI, EM CONJUNTO COM SEU IRMAO CARLOS DOS SANTOS BRAGA FILHO. -105 ¿ Brasil ¿ Localizado RUA JOSE PARANAGUA - CENTRO 104";"55925,58";"19/04/2021";"20:13:26"
"13/11/2024";"10:55:11";2018;2;"Eleição Ordinária";297;"Eleições Gerais Estaduais 2018";"07/10/2018";"AM";"AM";"AMAZONAS";40000618261;12;21;"Veículo automotor terrestre: caminhão, automóvel, moto, etc.";"VEICULO MERCEDES BENZ, MODELO 2010, COR PRETO. - RENAVAM: 00167618369";"295000,00";"19/04/2021";"20:13:26"
"13/11/2024";"10:55:11";2018;2;"Eleição Ordinária";297;"Eleições Gerais Estaduais 2018";"07/10/2018";"AM";"AM";"AMAZONAS";40000618261;26;12;"Casa";"CASA RESIDENCIAL, RESULTADO DA UNIFICACAO DOS LOTES 75-B E 76B, SITUADA NA AV. PROJETADA DO LOTEAMENTO DENOMINADO PONTA NEGRA.";"941823,21";"19/04/2021";"20:13:26"
"13/11/2024";"10:55:11";2018;2;"Eleição Ordinária";297;"Eleições Gerais Estaduais 2018";"07/10/2018";"AM";"AM";"AMAZONAS";40000618263;11;21;"Veículo automotor terrestre: caminhão, automóvel, moto, etc.";"CAMINHAO FORD F-14.000 ADQUIRIDO DE CE CENTRO ELETRONICO LTDA. CGC 05.518.808/0001-89 - ANO 1994 - COR BRANCA - PLACA JWI- 4788";"14200,00";"19/04/2021";"20:13:26"
"13/11/2024";"10:55:11";2018;2;"Eleição Ordinária";297;"Eleições Gerais Estaduais 2018";"07/10/2018";"AM";"AM";"AMAZONAS";40000618263;14;21;"Veículo automotor terrestre: caminhão, automóvel, moto, etc.";"PICK-UP MITSUBISHI TRITON L-200 VERDE DE PLACA NOU-0008 ADQUIRIDA EM NOVEMBRO DE 2010, Quitada.";"99999,00";"19/04/2021";"20:13:26"
"13/11/2024";"10:55:11";2018;2;"Eleição Ordinária";297;"Eleições Gerais Estaduais 2018";"07/10/2018";"AM";"AM";"AMAZONAS";40000618263;15;21;"Veículo automotor terrestre: caminhão, automóvel, moto, etc.";"VEICULO KIA SPORTAGE na cor Preta, MODELO 2010, Placa NOZ0008, ADQUIRIDO EM AGOSTO DE 2010, QUITADO.";"74000,00";"19/04/2021";"20:13:26"
"13/11/2024";"10:55:11";2018;2;"Eleição Ordinária";297;"Eleições Gerais Estaduais 2018";"07/10/2018";"AM";"AM";"AMAZONAS";40000618264;1;12;"Casa";"#NULO#";"400000,00";"19/04/2021";"20:13:16"
"13/11/2024";"10:55:11";2018;2;"Eleição Ordinária";297;"Eleições Gerais Estaduais 2018";"07/10/2018";"AM";"AM";"AMAZONAS";40000618264;6;12;"Casa";"#NULO#";"100000,00";"19/04/2021";"20:13:16"
"13/11/2024";"10:55:11";2018;2;"Eleição Ordinária";297;"Eleições Gerais Estaduais 2018";"07/10/2018";"AM";"AM";"AMAZONAS";40000618267;1;12;"Casa";"#NULO#";"80000,00";"19/04/2021";"20:13:16"
"13/11/2024";"10:55:11";2018;2;"Eleição Ordinária";297;"Eleições Gerais Estaduais 2018";"07/10/2018";"AM";"AM";"AMAZONAS";40000618268;2;12;"Casa";"#NULO#";"8000,00";"19/04/2021";"20:13:16"
"13/11/2024";"10:55:11";2018;2;"Eleição Ordinária";297;"Eleições Gerais Estaduais 2018";"07/10/2018";"AM";"AM";"AMAZONAS";40000618273;1;12;"Casa";"#NULO#";"82848,59";"19/04/2021";"20:13:12"
"13/11/2024";"10:55:11";2018;2;"Eleição Ordinária";297;"Eleições Gerais Estaduais 2018";"07/10/2018";"AM";"AM";"AMAZONAS";40000618273;2;12;"Casa";"#NULO#";"155000,00";"19/04/2021";"20:13:12"
"13/11/2024";"10:55:11";2018;2;"Eleição Ordinária";297;"Eleições Gerais Estaduais 2018";"07/10/2018";"AM";"AM";"AMAZONAS";40000618273;5;12;"Casa";"#NULO#";"600000,00";"19/04/2021";"20:13:12"
"13/11/2024";"10:55:11";2018;2;"Eleição Ordinária";297;"Eleições Gerais Estaduais 2018";"07/10/2018";"AM";"AM";"AMAZONAS";40000618277;2;12;"Casa";"#NULO#";"80000,00";"19/04/2021";"20:13:12"
"13/11/2024";"10:55:11";2018;2;"Eleição Ordinária";297;"Eleições Gerais Estaduais 2018";"07/10/2018";"AM";"AM";"AMAZONAS";40000618277;3;21;"Veículo automotor terrestre: caminhão, automóvel, moto, etc.";"#NULO#";"20000,00";"19/04/2021";"20:13:12"
"13/11/2024";"10:55:11";2018;2;"Eleição Ordinária";297;"Eleições Gerais Estaduais 2018";"07/10/2018";"AM";"AM";"AMAZONAS";40000618280;1;12;"Casa";"#NULO#";"300000,00";"19/04/2021";"20:13:16"
"13/11/2024";"10:55:11";2018;2;"Eleição Ordinária";297;"Eleições Gerais Estaduais 2018";"07/10/2018";"AM";"AM";"AMAZONAS";40000618280;2;21;"Veículo automotor terrestre: caminhão, automóvel, moto, etc.";"#NULO#";"25000,00";"19/04/2021";"20:13:16"
"13/11/2024";"10:55:11";2018;2;"Eleição Ordinária";297;"Eleições Gerais Estaduais 2018";"07/10/2018";"AM";"AM";"AMAZONAS";40000618280;3;12;"Casa";"#NULO#";"50000,00";"19/04/2021";"20:13:16"
"13/11/2024";"10:55:11";2018;2;"Eleição Ordinária";297;"Eleições Gerais Estaduais 2018";"07/10/2018";"AM";"AM";"AMAZONAS";40000618289;1;12;"Casa";"#NULO#";"100000,00";"19/04/2021";"20:13:09"
"13/11/2024";"10:55:11";2018;2;"Eleição Ordinária";297;"Eleições Gerais Estaduais 2018";"07/10/2018";"AM";"AM";"AMAZONAS";40000618289;2;12;"Casa";"#NULO#";"130000,00";"19/04/2021";"20:13:09"
"13/11/2024";"10:55:11";2018;2;"Eleição Ordinária";297;"Eleições Gerais Estaduais 2018";"07/10/2018";"AM";"AM";"AMAZONAS";40000618290;1;12;"Casa";"#NULO#";"90000,00";"19/04/2021";"20:13:09"
"13/11/2024";"10:55:11";2018;2;"Eleição Ordinária";297;"Eleições Gerais Estaduais 2018";"07/10/2018";"AM";"AM";"AMAZONAS";40000618290;2;21;"Veículo automotor terrestre: caminhão, automóvel, moto, etc.";"#NULO#";"10000,00";"19/04/2021";"20:13:09"
"13/11/2024";"10:55:11";2018;2;"Eleição Ordinária";297;"Eleições Gerais Estaduais 2018";"07/10/2018";"AM";"AM";"AMAZONAS";40000618292;1;12;"Casa";"#NULO#";"400000,00";"19/04/2021";"20:13:09"
"13/11/2024";"10:55:11";2018;2;"Eleição Ordinária";297;"Eleições Gerais Estaduais 2018";"07/10/2018";"AM";"AM";"AMAZONAS";40000618292;2;12;"Casa";"#NULO#";"100000,00";"19/04/2021";"20:13:09"
"13/11/2024";"10:55:11";2018;2;"Eleição Ordinária";297;"Eleições Gerais Estaduais 2018";"07/10/2018";"AM";"AM";"AMAZONAS";40000618292;3;21;"Veículo automotor terrestre: caminhão, automóvel, moto, etc.";"#NULO#";"12000,00";"19/04/2021";"20:13:09"
"13/11/2024";"10:55:11";2018;2;"Eleição Ordinária";297;"Eleições Gerais Estaduais 2018";"07/10/2018";"AM";"AM";"AMAZONAS";40000618295;1;12;"Casa";"#NULO#";"100000,00";"19/04/2021";"20:13:09"
"13/11/2024";"10:55:11";2018;2;"Eleição Ordinária";297;"Eleições Gerais Estaduais 2018";"07/10/2018";"AM";"AM";"AMAZONAS";40000618295;2;21;"Veículo automotor terrestre: caminhão, automóvel, moto, etc.";"#NULO#";"15000,00";"19/04/2021";"20:13:09"
"13/11/2024";"10:55:11";2018;2;"Eleição Ordinária";297;"Eleições Gerais Estaduais 2018";"07/10/2018";"AM";"AM";"AMAZONAS";40000619019;1;11;"Apartamento";"localizado na rua visconde caete, residencial yael, bl 4b, ap 208, com dois 3 quartos, ss";"100000,00";"19/04/2021";"20:13:11"
"13/11/2024";"10:55:11";2018;2;"Eleição Ordinária";297;"Eleições Gerais Estaduais 2018";"07/10/2018";"AM";"AM";"AMAZONAS";40000623432;1;11;"Apartamento";"#NULO#";"350000,00";"19/04/2021";"20:13:04"
"13/11/2024";"10:55:11";2018;2;"Eleição Ordinária";297;"Eleições Gerais Estaduais 2018";"07/10/2018";"AM";"AM";"AMAZONAS";40000623447;2;11;"Apartamento";"#NULO#";"221147,87";"19/04/2021";"20:13:04"
"13/11/2024";"10:55:11";2018;2;"Eleição Ordinária";297;"Eleições Gerais Estaduais 2018";"07/10/2018";"AM";"AM";"AMAZONAS";40000623452;1;11;"Apartamento";"APARTAMENTO RUA DONIZETE GONDIM CONJ. PARQUE SOLIMÕES APTO 203, BLOCO 06, BAIRO RAIZ MANAUS AMAZONAS. ";"19095,60";"19/04/2021";"20:13:15"
"13/11/2024";"10:55:11";2018;2;"Eleição Ordinária";297;"Eleições Gerais Estaduais 2018";"07/10/2018";"AM";"AM";"AMAZONAS";40000623452;2;11;"Apartamento";"APARTAMENTO SITUADO NA RUA PARAIBA 665, APTO. 608, EDIFICIO SENSE PART-HOTEL";"118000,00";"19/04/2021";"20:13:15"
"13/11/2024";"10:55:11";2018;2;"Eleição Ordinária";297;"Eleições Gerais Estaduais 2018";"07/10/2018";"AM";"AM";"AMAZONAS";40000623452;3;11;"Apartamento";"APARTAMENTO NA RUA SALVADOR 175, BAIRRO ADRIANOPOLIS";"540000,00";"19/04/2021";"20:13:15"
"13/11/2024";"10:55:11";2018;2;"Eleição Ordinária";297;"Eleições Gerais Estaduais 2018";"07/10/2018";"AM";"AM";"AMAZONAS";40000623452;9;11;"Apartamento";"APARTAMENTO SITUADO NA ESTRADA DA PONTA NEGRA, CONDOMINIO VISION, APTO. 1703, BAIRRO PONTA NEGRA MANAUS AMAZONAS";"984960,51";"19/04/2021";"20:13:15"
"13/11/2024";"10:55:11";2018;2;"Eleição Ordinária";297;"Eleições Gerais Estaduais 2018";"07/10/2018";"AM";"AM";"AMAZONAS";40000623468;2;11;"Apartamento";"apartamento situado à Rua Misushiro N° 154 Condomínio Acqua Torre 4 Apto 28 Bairro Parque 10 de Novembro, Manaus/Am Contrato de Financiamento No 1.5555.3098.650-1 da Caixa Econômica Federal.";"350000,00";"19/04/2021";"20:13:15"
"13/11/2024";"10:55:11";2018;2;"Eleição Ordinária";297;"Eleições Gerais Estaduais 2018";"07/10/2018";"AM";"AM";"AMAZONAS";40000624863;1;11;"Apartamento";"Financiado pela Caixa Econômica, localizado na Rua Francisco Loureiro, 185 - Cond. Turim - Ponta Negra";"250000,00";"19/04/2021";"20:13:11"
"13/11/2024";"10:55:11";2018;2;"Eleição Ordinária";297;"Eleições Gerais Estaduais 2018";"07/10/2018";"AM";"AM";"AMAZONAS";40000627703;1;11;"Apartamento";"#NULO#";"84000,00";"19/04/2021";"20:13:04"
"13/11/2024";"10:55:11";2018;2;"Eleição Ordinária";297;"Eleições Gerais Estaduais 2018";"07/10/2018";"AM";"AM";"AMAZONAS";40000627703;2;11;"Apartamento";"#NULO#";"300000,00";"19/04/2021";"20:13:04"
"13/11/2024";"10:55:11";2018;2;"Eleição Ordinária";297;"Eleições Gerais Estaduais 2018";"07/10/2018";"AM";"AM";"AMAZONAS";40000627703;3;11;"Apartamento";"#NULO#";"100000,00";"19/04/2021";"20:13:04"
"13/11/2024";"10:55:11";2018;2;"Eleição Ordinária";297;"Eleições Gerais Estaduais 2018";"07/10/2018";"AM";"AM";"AMAZONAS";40000627725;2;11;"Apartamento";"#NULO#";"300000,00";"19/04/2021";"20:13:26"
"13/11/2024";"10:55:11";2018;2;"Eleição Ordinária";297;"Eleições Gerais Estaduais 2018";"07/10/2018";"AM";"AM";"AMAZONAS";40000627725;1;11;"Apartamento";"#NULO#";"84000,00";"19/04/2021";"20:13:26"
"13/11/2024";"10:55:11";2018;2;"Eleição Ordinária";297;"Eleições Gerais Estaduais 2018";"07/10/2018";"AM";"AM";"AMAZONAS";40000627725;3;11;"Apartamento";"#NULO#";"100000,00";"19/04/2021";"20:13:26"
"13/11/2024";"10:55:11";2018;2;"Eleição Ordinária";297;"Eleições Gerais Estaduais 2018";"07/10/2018";"AM";"AM";"AMAZONAS";40000627734;1;11;"Apartamento";"#NULO#";"129751,71";"18/09/2018";"11:25:55"
"13/11/2024";"10:55:11";2018;2;"Eleição Ordinária";297;"Eleições Gerais Estaduais 2018";"07/10/2018";"AM";"AM";"AMAZONAS";40000618296;1;12;"Casa";"#NULO#";"900000,00";"19/04/2021";"20:13:09"
"13/11/2024";"10:55:11";2018;2;"Eleição Ordinária";297;"Eleições Gerais Estaduais 2018";"07/10/2018";"AM";"AM";"AMAZONAS";40000618296;3;21;"Veículo automotor terrestre: caminhão, automóvel, moto, etc.";"#NULO#";"45000,00";"19/04/2021";"20:13:09"
"13/11/2024";"10:55:11";2018;2;"Eleição Ordinária";297;"Eleições Gerais Estaduais 2018";"07/10/2018";"AM";"AM";"AMAZONAS";40000618296;4;21;"Veículo automotor terrestre: caminhão, automóvel, moto, etc.";"#NULO#";"30000,00";"19/04/2021";"20:13:09"
"13/11/2024";"10:55:11";2018;2;"Eleição Ordinária";297;"Eleições Gerais Estaduais 2018";"07/10/2018";"AM";"AM";"AMAZONAS";40000618297;1;12;"Casa";"#NULO#";"250000,00";"19/04/2021";"20:13:09"
"13/11/2024";"10:55:11";2018;2;"Eleição Ordinária";297;"Eleições Gerais Estaduais 2018";"07/10/2018";"AM";"AM";"AMAZONAS";40000618299;3;12;"Casa";"#NULO#";"135000,00";"19/04/2021";"20:13:09"
"13/11/2024";"10:55:11";2018;2;"Eleição Ordinária";297;"Eleições Gerais Estaduais 2018";"07/10/2018";"AM";"AM";"AMAZONAS";40000618300;1;12;"Casa";"#NULO#";"250000,00";"19/04/2021";"20:13:09"
"13/11/2024";"10:55:11";2018;2;"Eleição Ordinária";297;"Eleições Gerais Estaduais 2018";"07/10/2018";"AM";"AM";"AMAZONAS";40000618301;1;12;"Casa";"#NULO#";"100000,00";"19/04/2021";"20:13:09"
"13/11/2024";"10:55:11";2018;2;"Eleição Ordinária";297;"Eleições Gerais Estaduais 2018";"07/10/2018";"AM";"AM";"AMAZONAS";40000618302;1;12;"Casa";"#NULO#";"80000,00";"19/04/2021";"20:13:09"
"13/11/2024";"10:55:11";2018;2;"Eleição Ordinária";297;"Eleições Gerais Estaduais 2018";"07/10/2018";"AM";"AM";"AMAZONAS";40000618302;2;21;"Veículo automotor terrestre: caminhão, automóvel, moto, etc.";"#NULO#";"35000,00";"19/04/2021";"20:13:09"
"13/11/2024";"10:55:11";2018;2;"Eleição Ordinária";297;"Eleições Gerais Estaduais 2018";"07/10/2018";"AM";"AM";"AMAZONAS";40000618306;1;12;"Casa";"#NULO#";"70000,00";"19/04/2021";"20:13:09"
"13/11/2024";"10:55:11";2018;2;"Eleição Ordinária";297;"Eleições Gerais Estaduais 2018";"07/10/2018";"AM";"AM";"AMAZONAS";40000618308;2;21;"Veículo automotor terrestre: caminhão, automóvel, moto, etc.";"#NULO#";"56000,00";"19/04/2021";"20:13:09"
"13/11/2024";"10:55:11";2018;2;"Eleição Ordinária";297;"Eleições Gerais Estaduais 2018";"07/10/2018";"AM";"AM";"AMAZONAS";40000618309;3;12;"Casa";"CASA DE ALVENARIA LOCALIZADO NA RUA SANTA HELENA, N.O 181/159, BETANIA,MANAUS/AMAZONAS, CEP 69073-070";"550000,00";"19/04/2021";"20:13:24"
"13/11/2024";"10:55:11";2018;2;"Eleição Ordinária";297;"Eleições Gerais Estaduais 2018";"07/10/2018";"AM";"AM";"AMAZONAS";40000618309;6;21;"Veículo automotor terrestre: caminhão, automóvel, moto, etc.";"SPORTAGE/KIA/2012/2013";"45000,00";"19/04/2021";"20:13:24"
"13/11/2024";"10:55:11";2018;2;"Eleição Ordinária";297;"Eleições Gerais Estaduais 2018";"07/10/2018";"AM";"AM";"AMAZONAS";40000618309;7;21;"Veículo automotor terrestre: caminhão, automóvel, moto, etc.";"AMAROK 2013/2014";"60000,00";"19/04/2021";"20:13:24"
"13/11/2024";"10:55:11";2018;2;"Eleição Ordinária";297;"Eleições Gerais Estaduais 2018";"07/10/2018";"AM";"AM";"AMAZONAS";40000618312;1;21;"Veículo automotor terrestre: caminhão, automóvel, moto, etc.";"#NULO#";"27000,00";"19/04/2021";"20:13:24"
"13/11/2024";"10:55:11";2018;2;"Eleição Ordinária";297;"Eleições Gerais Estaduais 2018";"07/10/2018";"AM";"AM";"AMAZONAS";40000618312;2;21;"Veículo automotor terrestre: caminhão, automóvel, moto, etc.";"#NULO#";"8000,00";"19/04/2021";"20:13:24"
"13/11/2024";"10:55:11";2018;2;"Eleição Ordinária";297;"Eleições Gerais Estaduais 2018";"07/10/2018";"AM";"AM";"AMAZONAS";40000618315;1;12;"Casa";"#NULO#";"500000,00";"19/04/2021";"20:13:24"
"13/11/2024";"10:55:11";2018;2;"Eleição Ordinária";297;"Eleições Gerais Estaduais 2018";"07/10/2018";"AM";"AM";"AMAZONAS";40000618315;2;21;"Veículo automotor terrestre: caminhão, automóvel, moto, etc.";"#NULO#";"16000,00";"19/04/2021";"20:13:24"
"13/11/2024";"10:55:11";2018;2;"Eleição Ordinária";297;"Eleições Gerais Estaduais 2018";"07/10/2018";"AM";"AM";"AMAZONAS";40000618316;1;12;"Casa";"#NULO#";"100000,00";"19/04/2021";"20:13:25"
"13/11/2024";"10:55:11";2018;2;"Eleição Ordinária";297;"Eleições Gerais Estaduais 2018";"07/10/2018";"AM";"AM";"AMAZONAS";40000618318;1;21;"Veículo automotor terrestre: caminhão, automóvel, moto, etc.";"#NULO#";"18000,00";"19/04/2021";"20:13:25"
"13/11/2024";"10:55:11";2018;2;"Eleição Ordinária";297;"Eleições Gerais Estaduais 2018";"07/10/2018";"AM";"AM";"AMAZONAS";40000618320;2;12;"Casa";"#NULO#";"850000,00";"19/04/2021";"20:13:25"
"13/11/2024";"10:55:11";2018;2;"Eleição Ordinária";297;"Eleições Gerais Estaduais 2018";"07/10/2018";"AM";"AM";"AMAZONAS";40000618981;1;21;"Veículo automotor terrestre: caminhão, automóvel, moto, etc.";"um C3 CITROEN PLACA OAB 0596, ANO 2011";"39990,00";"19/04/2021";"20:13:12"
"13/11/2024";"10:55:11";2018;2;"Eleição Ordinária";297;"Eleições Gerais Estaduais 2018";"07/10/2018";"AM";"AM";"AMAZONAS";40000618981;2;21;"Veículo automotor terrestre: caminhão, automóvel, moto, etc.";"UM HB20 PREMIUM AUTOMATICO, PLACA PHA-6615";"52940,00";"19/04/2021";"20:13:12"
"13/11/2024";"10:55:11";2018;2;"Eleição Ordinária";297;"Eleições Gerais Estaduais 2018";"07/10/2018";"AM";"AM";"AMAZONAS";40000618981;3;21;"Veículo automotor terrestre: caminhão, automóvel, moto, etc.";"CAMIONETE COM SOM, MARCA CHEVROLET PLACA OXM-1854 ANO 2014, MODELO 2015";"25000,00";"19/04/2021";"20:13:12"
"13/11/2024";"10:55:11";2018;2;"Eleição Ordinária";297;"Eleições Gerais Estaduais 2018";"07/10/2018";"AM";"AM";"AMAZONAS";40000618981;4;12;"Casa";"SITUADA NA RUA RIO PURUS, 52 EM NOME DE SUA ESPOSA LYDIA DE EIRA CORREA, RECEBIDA POR DOAÇÃO DE SEUS PAIS";"230818,00";"19/04/2021";"20:13:12"
"13/11/2024";"10:55:11";2018;2;"Eleição Ordinária";297;"Eleições Gerais Estaduais 2018";"07/10/2018";"AM";"AM";"AMAZONAS";40000618984;1;12;"Casa";"#NULO#";"526752,59";"19/04/2021";"20:13:12"
"13/11/2024";"10:55:11";2018;2;"Eleição Ordinária";297;"Eleições Gerais Estaduais 2018";"07/10/2018";"AM";"AM";"AMAZONAS";40000618984;2;21;"Veículo automotor terrestre: caminhão, automóvel, moto, etc.";"#NULO#";"110480,00";"19/04/2021";"20:13:12"
"13/11/2024";"10:55:11";2018;2;"Eleição Ordinária";297;"Eleições Gerais Estaduais 2018";"07/10/2018";"AM";"AM";"AMAZONAS";40000618985;2;21;"Veículo automotor terrestre: caminhão, automóvel, moto, etc.";"#NULO#";"7761,77";"19/04/2021";"20:13:12"
"13/11/2024";"10:55:11";2018;2;"Eleição Ordinária";297;"Eleições Gerais Estaduais 2018";"07/10/2018";"AM";"AM";"AMAZONAS";40000618986;1;21;"Veículo automotor terrestre: caminhão, automóvel, moto, etc.";"#NULO#";"50000,00";"19/04/2021";"20:13:12"
"13/11/2024";"10:55:11";2018;2;"Eleição Ordinária";297;"Eleições Gerais Estaduais 2018";"07/10/2018";"AM";"AM";"AMAZONAS";40000618987;1;21;"Veículo automotor terrestre: caminhão, automóvel, moto, etc.";"#NULO#";"80000,00";"19/04/2021";"20:13:12"
"13/11/2024";"10:55:11";2018;2;"Eleição Ordinária";297;"Eleições Gerais Estaduais 2018";"07/10/2018";"AM";"AM";"AMAZONAS";40000618987;2;21;"Veículo automotor terrestre: caminhão, automóvel, moto, etc.";"#NULO#";"60000,00";"19/04/2021";"20:13:12"
"13/11/2024";"10:55:11";2018;2;"Eleição Ordinária";297;"Eleições Gerais Estaduais 2018";"07/10/2018";"AM";"AM";"AMAZONAS";40000618992;1;21;"Veículo automotor terrestre: caminhão, automóvel, moto, etc.";"#NULO#";"17000,00";"19/04/2021";"20:13:12"
"13/11/2024";"10:55:11";2018;2;"Eleição Ordinária";297;"Eleições Gerais Estaduais 2018";"07/10/2018";"AM";"AM";"AMAZONAS";40000618994;2;12;"Casa";"uma casa de alvenaria na rua joão pessoa s/n centro de codajás-Am";"90000,00";"19/04/2021";"20:13:12"
"13/11/2024";"10:55:11";2018;2;"Eleição Ordinária";297;"Eleições Gerais Estaduais 2018";"07/10/2018";"AM";"AM";"AMAZONAS";40000618994;3;21;"Veículo automotor terrestre: caminhão, automóvel, moto, etc.";"um carro chevrolet corsa 2005";"15000,00";"19/04/2021";"20:13:12"
"13/11/2024";"10:55:11";2018;2;"Eleição Ordinária";297;"Eleições Gerais Estaduais 2018";"07/10/2018";"AM";"AM";"AMAZONAS";40000618997;1;21;"Veículo automotor terrestre: caminhão, automóvel, moto, etc.";"#NULO#";"35000,00";"19/04/2021";"20:13:17"
"13/11/2024";"10:55:11";2018;2;"Eleição Ordinária";297;"Eleições Gerais Estaduais 2018";"07/10/2018";"AM";"AM";"AMAZONAS";40000618999;4;21;"Veículo automotor terrestre: caminhão, automóvel, moto, etc.";"#NULO#";"56000,00";"19/04/2021";"20:13:17"
"13/11/2024";"10:55:11";2018;2;"Eleição Ordinária";297;"Eleições Gerais Estaduais 2018";"07/10/2018";"AM";"AM";"AMAZONAS";40000618999;1;12;"Casa";"#NULO#";"390000,00";"19/04/2021";"20:13:17"
"13/11/2024";"10:55:11";2018;2;"Eleição Ordinária";297;"Eleições Gerais Estaduais 2018";"07/10/2018";"AM";"AM";"AMAZONAS";40000609257;1;11;"Apartamento";"#NULO#";"237000,00";"19/04/2021";"20:13:18"
"13/11/2024";"10:55:11";2018;2;"Eleição Ordinária";297;"Eleições Gerais Estaduais 2018";"07/10/2018";"AM";"AM";"AMAZONAS";40000609257;5;11;"Apartamento";"#NULO#";"282059,26";"19/04/2021";"20:13:18"
"13/11/2024";"10:55:11";2018;2;"Eleição Ordinária";297;"Eleições Gerais Estaduais 2018";"07/10/2018";"AM";"AM";"AMAZONAS";40000609257;8;11;"Apartamento";"#NULO#";"642234,14";"19/04/2021";"20:13:18"
"13/11/2024";"10:55:11";2018;2;"Eleição Ordinária";297;"Eleições Gerais Estaduais 2018";"07/10/2018";"AM";"AM";"AMAZONAS";40000609263;4;11;"Apartamento";"#NULO#";"204413,32";"19/04/2021";"20:13:18"
"13/11/2024";"10:55:11";2018;2;"Eleição Ordinária";297;"Eleições Gerais Estaduais 2018";"07/10/2018";"AM";"AM";"AMAZONAS";40000609319;2;11;"Apartamento";"Apartamento no Parque Residencial Manaus, quadra 1A - Bloco 34 - Apartamento 15 - com 54m² do PROGRAMA PROSAMIM";"100000,00";"19/04/2021";"20:13:11"
"13/11/2024";"10:55:11";2018;2;"Eleição Ordinária";297;"Eleições Gerais Estaduais 2018";"07/10/2018";"AM";"AM";"AMAZONAS";40000610062;3;11;"Apartamento";"ADQUIRIDO EM 01/2005 DA EMBRACONT NO VALOR DE R$ 62.000,00, SENDO R$ 20.000,00 DE ENTRADA E O RESTANTE EM 70 PARCELAS DE R$ 300,00 - OBS: O IMOVEL NAO FOI ENTREGUE DEVIDO A EMPRESA EM CONCORDATA";"106895,67";"19/04/2021";"20:13:26"
"13/11/2024";"10:55:11";2018;2;"Eleição Ordinária";297;"Eleições Gerais Estaduais 2018";"07/10/2018";"AM";"AM";"AMAZONAS";40000610062;6;11;"Apartamento";"AQUARELLE N. 4475 - TORRE MEGENTA AP 1005 ENTRADA DE 145.000,00 E RESTANTE R$ 165.888,42 FINANCIADO EM 30 ANOS PELA CAIXA ECONOMICA - SALDO DEVEDOR EM 31/12/2016 R$ 124.436,02";"270467,08";"19/04/2021";"20:13:26"
"13/11/2024";"10:55:11";2018;2;"Eleição Ordinária";297;"Eleições Gerais Estaduais 2018";"07/10/2018";"AM";"AM";"AMAZONAS";40000610064;7;11;"Apartamento";"#NULO#";"170000,00";"19/04/2021";"20:13:26"
"13/11/2024";"10:55:11";2018;2;"Eleição Ordinária";297;"Eleições Gerais Estaduais 2018";"07/10/2018";"AM";"AM";"AMAZONAS";40000610064;8;11;"Apartamento";"#NULO#";"170000,00";"19/04/2021";"20:13:26"
"13/11/2024";"10:55:11";2018;2;"Eleição Ordinária";297;"Eleições Gerais Estaduais 2018";"07/10/2018";"AM";"AM";"AMAZONAS";40000610064;9;11;"Apartamento";"#NULO#";"995923,99";"19/04/2021";"20:13:26"
"13/11/2024";"10:55:11";2018;2;"Eleição Ordinária";297;"Eleições Gerais Estaduais 2018";"07/10/2018";"AM";"AM";"AMAZONAS";40000610065;4;11;"Apartamento";"#NULO#";"333765,19";"19/04/2021";"20:13:25"
"13/11/2024";"10:55:11";2018;2;"Eleição Ordinária";297;"Eleições Gerais Estaduais 2018";"07/10/2018";"AM";"AM";"AMAZONAS";40000610065;5;11;"Apartamento";"#NULO#";"350000,00";"19/04/2021";"20:13:25"
"13/11/2024";"10:55:11";2018;2;"Eleição Ordinária";297;"Eleições Gerais Estaduais 2018";"07/10/2018";"AM";"AM";"AMAZONAS";40000610066;3;11;"Apartamento";"#NULO#";"145717,80";"19/04/2021";"20:13:26"
"13/11/2024";"10:55:11";2018;2;"Eleição Ordinária";297;"Eleições Gerais Estaduais 2018";"07/10/2018";"AM";"AM";"AMAZONAS";40000610066;12;11;"Apartamento";"#NULO#";"407953,99";"19/04/2021";"20:13:26"
"13/11/2024";"10:55:11";2018;2;"Eleição Ordinária";297;"Eleições Gerais Estaduais 2018";"07/10/2018";"AM";"AM";"AMAZONAS";40000610066;15;11;"Apartamento";"#NULO#";"429631,90";"19/04/2021";"20:13:26"
"13/11/2024";"10:55:11";2018;2;"Eleição Ordinária";297;"Eleições Gerais Estaduais 2018";"07/10/2018";"AM";"AM";"AMAZONAS";40000610067;5;17;"Benfeitorias";"BENFEITORIAS REALIZADAS NO IMÓVEL LOCALIZADO EM ARRAIAL DO CABO ¿ EM PROCESSO LOGRADOURO: RUA ANTONIA DE SOUZA TEIXEIRA, N. 14";"35134,99";"19/04/2021";"20:13:25"
"13/11/2024";"10:55:11";2018;2;"Eleição Ordinária";297;"Eleições Gerais Estaduais 2018";"07/10/2018";"AM";"AM";"AMAZONAS";40000610067;6;17;"Benfeitorias";"BENFEITORIAS REALIZADAS NO IMÓVEL LOCALIZADO DE CASEMIRO DE ABREU ¿ RJ, QUADRA 41, LOTE N. 01";"6767,00";"19/04/2021";"20:13:25"
"13/11/2024";"10:55:11";2018;2;"Eleição Ordinária";297;"Eleições Gerais Estaduais 2018";"07/10/2018";"AM";"AM";"AMAZONAS";40000610298;2;11;"Apartamento";"15% DE UM IMÓVEL SITUADO A AV. MARIO YPIRANGA, RESIDENCIAL CONCEPT, TORRE AVANT, APTO 104";"135000,00";"19/04/2021";"20:13:13"
"13/11/2024";"10:55:11";2018;2;"Eleição Ordinária";297;"Eleições Gerais Estaduais 2018";"07/10/2018";"AM";"AM";"AMAZONAS";40000610304;1;11;"Apartamento";"APARTAMENTO NO CONJUNTO TOCANTINS 2, 105, BLOCO 12, ENTRADA B (FINANCIADO). ";"170000,00";"19/04/2021";"20:13:13"
"13/11/2024";"10:55:11";2018;2;"Eleição Ordinária";297;"Eleições Gerais Estaduais 2018";"07/10/2018";"AM";"AM";"AMAZONAS";40000610313;2;11;"Apartamento";"39,78% DO AP 201, BL 08, IDEAL, FLORES DA CIDADE, NA NA RUA  FRANZ SCHUBERT, N.840 FLORES, MATRI 64.515 DO CARTORIO DE REG. DE IMÓVEIS. 1.OF. DE MANAUS MENS. DE  1.622,00. PAGO CERCA DE 75.154,00 ";"189366,32";"19/04/2021";"20:13:13"
"13/11/2024";"10:55:11";2018;2;"Eleição Ordinária";297;"Eleições Gerais Estaduais 2018";"07/10/2018";"AM";"AM";"AMAZONAS";40000610338;9;11;"Apartamento";"#NULO#";"137096,24";"19/04/2021";"20:13:06"
"13/11/2024";"10:55:11";2018;2;"Eleição Ordinária";297;"Eleições Gerais Estaduais 2018";"07/10/2018";"AM";"AM";"AMAZONAS";40000610391;4;11;"Apartamento";"Apartamento financiado pela Caixa econômica federal.,Endereço do Apartamento, Condomínio Sol Morar Apto 102 bloco D2 Bairro: Aleixo CEP: 69.060-020 Manaus-AM";"120000,00";"19/04/2021";"20:13:25"
"13/11/2024";"10:55:11";2018;2;"Eleição Ordinária";297;"Eleições Gerais Estaduais 2018";"07/10/2018";"AM";"AM";"AMAZONAS";40000610393;7;11;"Apartamento";"APTO 812A, DO EDIFÍCIO BLACK RIVER, ADRIANÓPOLIS MANAUS-AM, DA CONST. ALIANÇA, CNPJ 025922410001-00, PELO VALOR DE 141.520,41, POR PERMUTA  COM A PROPRIA CONSTRUTORA,NO COND. RESID. PONTA NEGRA MANAUS";"141520,41";"19/04/2021";"20:13:26"
"13/11/2024";"10:55:11";2018;2;"Eleição Ordinária";297;"Eleições Gerais Estaduais 2018";"07/10/2018";"AM";"AM";"AMAZONAS";40000610338;8;11;"Apartamento";"#NULO#";"276669,00";"19/04/2021";"20:13:06"
"13/11/2024";"10:55:11";2018;2;"Eleição Ordinária";297;"Eleições Gerais Estaduais 2018";"07/10/2018";"AM";"AM";"AMAZONAS";40000610394;1;11;"Apartamento";"50% DA FRAÇÃO IDEAL DO  APARTAMENTO 101 NA RUA HELVETIA 661 ¿ SÃO PAULO ( CONFORME FORMAL DE PARTILHA DE EMILIA SARAGOUSSI CPF: 476.852.398-68 TRANSITADO EM JULGADO EM 23.AGO.2013. R$ 68.239,00";"68239,00";"19/04/2021";"20:13:26"
"13/11/2024";"10:55:11";2018;2;"Eleição Ordinária";297;"Eleições Gerais Estaduais 2018";"07/10/2018";"AM";"AM";"AMAZONAS";40000610407;4;11;"Apartamento";"APTO EM CONSTRUÇÃO SH NORTE QD 05 LOTE H BRASILIA DF FINANCIADO ";"95928,00";"19/04/2021";"20:13:23"
"13/11/2024";"10:55:11";2018;2;"Eleição Ordinária";297;"Eleições Gerais Estaduais 2018";"07/10/2018";"AM";"AM";"AMAZONAS";40000610407;6;11;"Apartamento";"APTO EM CONSTRUÇÃO SITIO 312 BLOCO E APTO 401 ";"1522677,80";"19/04/2021";"20:13:23"
"13/11/2024";"10:55:11";2018;2;"Eleição Ordinária";297;"Eleições Gerais Estaduais 2018";"07/10/2018";"AM";"AM";"AMAZONAS";40000610412;1;11;"Apartamento";"13A, TIPO A, BLOCO 03 - SMILE VILLAGE PASSEIO DO MINDU - SITUADO NA RUA SAMUEL BENCHIMOL, 641 - PARQUE 10 DE NOVEMBRO";"206610,00";"19/04/2021";"20:13:24"
"13/11/2024";"10:55:11";2018;2;"Eleição Ordinária";297;"Eleições Gerais Estaduais 2018";"07/10/2018";"AM";"AM";"AMAZONAS";40000610412;2;11;"Apartamento";"LOCALIZADO NA RUA RAIMUNDO NONATO DE CASTRO, 773, BLOCO E, APARTAMENTO 307 - PONTA NEGRA";"250000,00";"19/04/2021";"20:13:24"
"13/11/2024";"10:55:11";2018;2;"Eleição Ordinária";297;"Eleições Gerais Estaduais 2018";"07/10/2018";"AM";"AM";"AMAZONAS";40000610418;4;11;"Apartamento";"Apartamento 1101, Torre 2, CD. Parque Ponta Negra";"451278,63";"19/04/2021";"20:13:24"
"13/11/2024";"10:55:11";2018;2;"Eleição Ordinária";297;"Eleições Gerais Estaduais 2018";"07/10/2018";"AM";"AM";"AMAZONAS";40000610418;5;11;"Apartamento";"Apartamento 1301, Torre 1, CD. Splendore Confort";"380000,00";"19/04/2021";"20:13:24"
"13/11/2024";"10:55:11";2018;2;"Eleição Ordinária";297;"Eleições Gerais Estaduais 2018";"07/10/2018";"AM";"AM";"AMAZONAS";40000610421;3;11;"Apartamento";"50% DE UM APARTAMENTO NO EDIFICIO THIAGO DE MELLO, APARTAMENTO 403-B SITUADO NA AV. PEDRO TEIXEIRA, N. 2292-DOM PEDRO, MANAUS - AM.";"170060,93";"19/04/2021";"20:13:22"
"13/11/2024";"10:55:11";2018;2;"Eleição Ordinária";297;"Eleições Gerais Estaduais 2018";"07/10/2018";"AM";"AM";"AMAZONAS";40000610421;7;11;"Apartamento";"APARTAMENTO 75, TORRE NEXT, EDIFICIO CONCEPT, LOCALIZADO NA AV. MARIO YPIRANGA MONTEIRO, PAGO EM 2017 R$79.808,65 FINANC. PELO BANCO ITAÚ NO VALOR DE R$ 650.000,00";"410483,34";"19/04/2021";"20:13:22"
"13/11/2024";"10:55:11";2018;2;"Eleição Ordinária";297;"Eleições Gerais Estaduais 2018";"07/10/2018";"AM";"AM";"AMAZONAS";40000610429;1;11;"Apartamento";"1 apartamento de 46 metros quadrados no CJ Tocantins I, Bloco 5, Apto 102, 4 comodos";"22533,77";"19/04/2021";"20:13:24"
"13/11/2024";"10:55:11";2018;2;"Eleição Ordinária";297;"Eleições Gerais Estaduais 2018";"07/10/2018";"AM";"AM";"AMAZONAS";40000610429;2;11;"Apartamento";"1 apartamento de 51 metros quadrados no CJ Tocantins I, Bloco 9A, Apto 307, 4 cômodos";"22895,86";"19/04/2021";"20:13:24"
"13/11/2024";"10:55:11";2018;2;"Eleição Ordinária";297;"Eleições Gerais Estaduais 2018";"07/10/2018";"AM";"AM";"AMAZONAS";40000610429;3;11;"Apartamento";"1 apartamento de 141 metros quadrados no CD Altos da Recife - Parque 10, Apto 602, 5 cômodos";"229550,00";"19/04/2021";"20:13:24"
"13/11/2024";"10:55:11";2018;2;"Eleição Ordinária";297;"Eleições Gerais Estaduais 2018";"07/10/2018";"AM";"AM";"AMAZONAS";40000610429;4;11;"Apartamento";"1 apartamento de 88 metros quadrados no CD Parque dos Ingleses - Chapada, Apto 104A, 4 cômodos";"68612,00";"19/04/2021";"20:13:24"
"13/11/2024";"10:55:11";2018;2;"Eleição Ordinária";297;"Eleições Gerais Estaduais 2018";"07/10/2018";"AM";"AM";"AMAZONAS";40000610429;11;11;"Apartamento";"Herança Cristiane Socorro K.M Wendling (esposa) apartamento Fortaleza/CE, Av. Abolição, 2323 Meireles com área de 65,10 sessenta e cinco metros quadrados";"400000,00";"19/04/2021";"20:13:24"
"13/11/2024";"10:55:11";2018;2;"Eleição Ordinária";297;"Eleições Gerais Estaduais 2018";"07/10/2018";"AM";"AM";"AMAZONAS";40000610433;1;11;"Apartamento";"#NULO#";"498955,19";"19/04/2021";"20:13:21"
"13/11/2024";"10:55:11";2018;2;"Eleição Ordinária";297;"Eleições Gerais Estaduais 2018";"07/10/2018";"AM";"AM";"AMAZONAS";40000610435;3;11;"Apartamento";"#NULO#";"200000,00";"19/04/2021";"20:13:21"
"13/11/2024";"10:55:11";2018;2;"Eleição Ordinária";297;"Eleições Gerais Estaduais 2018";"07/10/2018";"AM";"AM";"AMAZONAS";40000610435;4;11;"Apartamento";"#NULO#";"200000,00";"19/04/2021";"20:13:21"
"13/11/2024";"10:55:11";2018;2;"Eleição Ordinária";297;"Eleições Gerais Estaduais 2018";"07/10/2018";"AM";"AM";"AMAZONAS";40000611527;2;11;"Apartamento";"APTO, RESIDENCIAL ALLEGRO FINANCIADO PELA CAIXA ECONÔMICA FEDERAL";"240000,00";"19/04/2021";"20:13:07"
"13/11/2024";"10:55:11";2018;2;"Eleição Ordinária";297;"Eleições Gerais Estaduais 2018";"07/10/2018";"AM";"AM";"AMAZONAS";40000611533;1;11;"Apartamento";"APTO, COND. JAUAPERI, BLOCO B, N. 101, BAIRRO PARQUE 10";"150000,00";"19/04/2021";"20:13:07"
"13/11/2024";"10:55:11";2018;2;"Eleição Ordinária";297;"Eleições Gerais Estaduais 2018";"07/10/2018";"AM";"AM";"AMAZONAS";40000611534;2;11;"Apartamento";"APTO, RESIDENCIAL RIVER SIDE, TORRE DOURO, N. 704, PONTA NEGRA";"590000,00";"19/04/2021";"20:13:07"
"13/11/2024";"10:55:11";2018;2;"Eleição Ordinária";297;"Eleições Gerais Estaduais 2018";"07/10/2018";"AM";"AM";"AMAZONAS";40000611542;1;11;"Apartamento";"APTO, COND. ILHAS GREGAS, N. 1204, PONTA NEGRA";"550000,00";"19/04/2021";"20:13:07"
"13/11/2024";"10:55:11";2018;2;"Eleição Ordinária";297;"Eleições Gerais Estaduais 2018";"07/10/2018";"AM";"AM";"AMAZONAS";40000611550;1;11;"Apartamento";"#NULO#";"450000,00";"19/04/2021";"20:13:08"
"13/11/2024";"10:55:11";2018;2;"Eleição Ordinária";297;"Eleições Gerais Estaduais 2018";"07/10/2018";"AM";"AM";"AMAZONAS";40000612639;1;11;"Apartamento";"no condomínio Sol Morar, n 102 - Bl 4 - Aleixo";"62000,00";"19/04/2021";"20:13:06"
"13/11/2024";"10:55:11";2018;2;"Eleição Ordinária";297;"Eleições Gerais Estaduais 2018";"07/10/2018";"AM";"AM";"AMAZONAS";40000612641;1;11;"Apartamento";"Apto 301 Bloco A Residencial Bem Viver Sitio Travessa Alfena n.89 bairro Santa Etelvina Atraves de a ";"32823,00";"19/04/2021";"20:13:14"
"13/11/2024";"10:55:11";2018;2;"Eleição Ordinária";297;"Eleições Gerais Estaduais 2018";"07/10/2018";"AM";"AM";"AMAZONAS";40000612646;2;11;"Apartamento";"#NULO#";"40000,00";"19/04/2021";"20:13:14"
"13/11/2024";"10:55:11";2018;2;"Eleição Ordinária";297;"Eleições Gerais Estaduais 2018";"07/10/2018";"AM";"AM";"AMAZONAS";40000612646;3;11;"Apartamento";"#NULO#";"74000,00";"19/04/2021";"20:13:14"
"13/11/2024";"10:55:11";2018;2;"Eleição Ordinária";297;"Eleições Gerais Estaduais 2018";"07/10/2018";"AM";"AM";"AMAZONAS";40000612646;8;11;"Apartamento";"#NULO#";"134761,49";"19/04/2021";"20:13:14"
"13/11/2024";"10:55:11";2018;2;"Eleição Ordinária";297;"Eleições Gerais Estaduais 2018";"07/10/2018";"AM";"AM";"AMAZONAS";40000612648;1;11;"Apartamento";"#NULO#";"40000,00";"19/04/2021";"20:13:05"
"13/11/2024";"10:55:11";2018;2;"Eleição Ordinária";297;"Eleições Gerais Estaduais 2018";"07/10/2018";"AM";"AM";"AMAZONAS";40000612654;3;11;"Apartamento";"localizado na Alameda Albânia, n 50 - Ponta Negra - Manaus.";"1151559,28";"19/04/2021";"20:13:06"
"13/11/2024";"10:55:11";2018;2;"Eleição Ordinária";297;"Eleições Gerais Estaduais 2018";"07/10/2018";"AM";"AM";"AMAZONAS";40000612655;2;11;"Apartamento";"#NULO#";"680000,00";"19/04/2021";"20:13:07"
"13/11/2024";"10:55:11";2018;2;"Eleição Ordinária";297;"Eleições Gerais Estaduais 2018";"07/10/2018";"AM";"AM";"AMAZONAS";40000612665;1;11;"Apartamento";"EM FORTALEZA SITUADO AV RUY BARBOSA 2160 APTO 804 ALDEOTA 60015222";"210000,00";"19/04/2021";"20:13:14"
"13/11/2024";"10:55:11";2018;2;"Eleição Ordinária";297;"Eleições Gerais Estaduais 2018";"07/10/2018";"AM";"AM";"AMAZONAS";40000612669;10;11;"Apartamento";"#NULO#";"1230132,00";"19/04/2021";"20:13:05"
"13/11/2024";"10:55:11";2018;2;"Eleição Ordinária";297;"Eleições Gerais Estaduais 2018";"07/10/2018";"AM";"AM";"AMAZONAS";40000612669;11;11;"Apartamento";"#NULO#";"351000,00";"19/04/2021";"20:13:05"
"13/11/2024";"10:55:11";2018;2;"Eleição Ordinária";297;"Eleições Gerais Estaduais 2018";"07/10/2018";"AM";"AM";"AMAZONAS";40000617478;1;11;"Apartamento";"APARTAMENTO SITUADO NA RUA F CONDOMÍNIO JAUAPERI JARDIM AMAZONAS 320-APT 114 BL - BL C04 - PARQUE DEZ DE NOVEMBRO ";"71836,11";"19/04/2021";"20:13:10"
"13/11/2024";"10:55:11";2018;2;"Eleição Ordinária";297;"Eleições Gerais Estaduais 2018";"07/10/2018";"AM";"AM";"AMAZONAS";40000617478;2;11;"Apartamento";"UNIDADE APTO 403 BL16 RESIDENCIAL JARDIM PARADISO ALAMANDA ";"83300,00";"19/04/2021";"20:13:10"
"13/11/2024";"10:55:11";2018;2;"Eleição Ordinária";297;"Eleições Gerais Estaduais 2018";"07/10/2018";"AM";"AM";"AMAZONAS";40000617478;3;11;"Apartamento";"APARTAMENTO NA RUA LEONARDO MALCHER APT 13 EDIFÍCIO MARIA BEATRIZ";"23333,33";"19/04/2021";"20:13:10"
"13/11/2024";"10:55:11";2018;2;"Eleição Ordinária";297;"Eleições Gerais Estaduais 2018";"07/10/2018";"AM";"AM";"AMAZONAS";40000617478;5;11;"Apartamento";"APARTAMENTO NO FLAT TROPICAL APARTAMENTO 220";"110000,00";"19/04/2021";"20:13:10"
"13/11/2024";"10:55:11";2018;2;"Eleição Ordinária";297;"Eleições Gerais Estaduais 2018";"07/10/2018";"AM";"AM";"AMAZONAS";40000617478;6;11;"Apartamento";"APARTAMENTO NO FLAT TROPICAL APARTAMENTO 1106";"120000,00";"19/04/2021";"20:13:10"
"13/11/2024";"10:55:11";2018;2;"Eleição Ordinária";297;"Eleições Gerais Estaduais 2018";"07/10/2018";"AM";"AM";"AMAZONAS";40000617478;7;11;"Apartamento";"UNIDADE APT 201 BLOCO 10A RESIDENCIAL JARDIM PARAIS ALAMANDA ADQUIRINDO DA CONSTRUTORA CAPITAL ";"83300,00";"19/04/2021";"20:13:10"
"13/11/2024";"10:55:11";2018;2;"Eleição Ordinária";297;"Eleições Gerais Estaduais 2018";"07/10/2018";"AM";"AM";"AMAZONAS";40000617484;1;11;"Apartamento";"APARTAMENTO CONFORME DESCRIÇÃO EM ESCRITURA PÚBLICA N. 31236 FOLHA 2 3 E CONFORME DECLARÇÃO DE IR";"265000,00";"19/04/2021";"20:13:09"
"13/11/2024";"10:55:11";2018;2;"Eleição Ordinária";297;"Eleições Gerais Estaduais 2018";"07/10/2018";"AM";"AM";"AMAZONAS";40000617486;5;11;"Apartamento";"UM APARTAMENTO TIPO FLAT  DE 22,60M2, LOCALIZADO NO EMPREENDIMENTO WORK SIDE MANAUS FLAT, A AV. RODRIGO OTAVIO, 3.555 - STUDIO 5 - MANAUS";"58000,00";"19/04/2021";"20:13:09"
"13/11/2024";"10:55:11";2018;2;"Eleição Ordinária";297;"Eleições Gerais Estaduais 2018";"07/10/2018";"AM";"AM";"AMAZONAS";40000617491;7;11;"Apartamento";"APARTAMENTO LOCALIZADO EM MANAUS, 138 ME, VISTA DO SOL";"368000,00";"19/04/2021";"20:13:10"
"13/11/2024";"10:55:11";2018;2;"Eleição Ordinária";297;"Eleições Gerais Estaduais 2018";"07/10/2018";"AM";"AM";"AMAZONAS";40000617494;2;11;"Apartamento";"DUPLEX DO EMPRED. RES. MORADAS DO PQ, BL I, AP NO 105 SITO NA AVN PROF. NILTON LINS NO 2274, FLORES";"389415,47";"19/04/2021";"20:13:10"
"13/11/2024";"10:55:11";2018;2;"Eleição Ordinária";297;"Eleições Gerais Estaduais 2018";"07/10/2018";"AM";"AM";"AMAZONAS";40000617494;5;11;"Apartamento";"CONDOMÍNIO SP4U, LOCALIZADO NA RUA PEDROSO, 229 BAIRRO LIBERDADE, MUNICÍPIO DE SÃO PAULO ";"256776,53";"19/04/2021";"20:13:10"
"13/11/2024";"10:55:11";2018;2;"Eleição Ordinária";297;"Eleições Gerais Estaduais 2018";"07/10/2018";"AM";"AM";"AMAZONAS";40000617499;3;11;"Apartamento";"LOCALIZADO NO CONDOMÍNIO LE BOULEVAR 04, TORRE 4 - APTO 1402  ";"15024,94";"19/04/2021";"20:13:10"
"13/11/2024";"10:55:11";2018;2;"Eleição Ordinária";297;"Eleições Gerais Estaduais 2018";"07/10/2018";"AM";"AM";"AMAZONAS";40000617501;2;11;"Apartamento";"Apto. 704, CD. Maison Beethoven, bairro Ponta Negra, Manaus-AM";"400000,00";"19/04/2021";"20:13:16"
"13/11/2024";"10:55:11";2018;2;"Eleição Ordinária";297;"Eleições Gerais Estaduais 2018";"07/10/2018";"AM";"AM";"AMAZONAS";40000617501;5;11;"Apartamento";"Flat Apart Hotel Barla Vento, Un.205, Beach Park, s/n, Aquiraz-CE";"125000,00";"19/04/2021";"20:13:16"
"13/11/2024";"10:55:11";2018;2;"Eleição Ordinária";297;"Eleições Gerais Estaduais 2018";"07/10/2018";"AM";"AM";"AMAZONAS";40000617503;1;11;"Apartamento";"MEEIRA - EMPREEND, 27 UNIQUE  LOTE 5 - QD-B, LOTE:00601 B (POR ERRO DE PREENCHIMENTO DO CANDEX NA PARTE DE BENS, ONDE LÊ-SE R$ 1.400,00, LÊ-SE R$1.400.000,00";"1400,00";"19/04/2021";"20:13:10"
"13/11/2024";"10:55:11";2018;2;"Eleição Ordinária";297;"Eleições Gerais Estaduais 2018";"07/10/2018";"AM";"AM";"AMAZONAS";40000617503;2;11;"Apartamento";"EMPREED. RESIDENCIAL PARADISE SUNRISE, TORRE 1 SOLAR, UNI 104";"316036,62";"19/04/2021";"20:13:10"
"13/11/2024";"10:55:11";2018;2;"Eleição Ordinária";297;"Eleições Gerais Estaduais 2018";"07/10/2018";"AM";"AM";"AMAZONAS";40000617506;1;11;"Apartamento";"Imóvel Financiado pela CEF, Localizado na Rua Mutum do Norte, 35, Condomínio Jardim Lírio, Apartamento 302, bloco 08, Tarumã, Manaus-AM";"132000,00";"19/04/2021";"20:13:13"
"13/11/2024";"10:55:11";2018;2;"Eleição Ordinária";297;"Eleições Gerais Estaduais 2018";"07/10/2018";"AM";"AM";"AMAZONAS";40000618261;1;11;"Apartamento";"APTO NO 702 NO EDIFICIO FAROL DA PONTA NEGRA. - 105 ¿ Brasil - Inscrição Municipal (IPTU): 325556 ¿ Localizado  - AVENIDA CORONEL TEIXEIRA, n. 2163 - PONTA NEGRA";"338554,69";"19/04/2021";"20:13:26"
"13/11/2024";"10:55:11";2018;2;"Eleição Ordinária";297;"Eleições Gerais Estaduais 2018";"07/10/2018";"AM";"AM";"AMAZONAS";40000618263;1;11;"Apartamento";"APARTAMENTO SITUADO NO CONDOMINIO LAKE BUENA VISTA ED. MIAMI BEACH AP. 1403 - BARRA DA TIJUCA - RJ - QUITADO COM A INCORPORACAO DE BENFEITORIAS REALIZADAS PELO INQUILINO NO VALOR DE R$ 400,00";"198996,21";"19/04/2021";"20:13:26"
"13/11/2024";"10:55:11";2018;2;"Eleição Ordinária";297;"Eleições Gerais Estaduais 2018";"07/10/2018";"AM";"AM";"AMAZONAS";40000618264;4;11;"Apartamento";"#NULO#";"72224,21";"19/04/2021";"20:13:16"
"13/11/2024";"10:55:11";2018;2;"Eleição Ordinária";297;"Eleições Gerais Estaduais 2018";"07/10/2018";"AM";"AM";"AMAZONAS";40000618264;3;11;"Apartamento";"#NULO#";"254769,31";"19/04/2021";"20:13:16"
"13/11/2024";"10:55:11";2018;2;"Eleição Ordinária";297;"Eleições Gerais Estaduais 2018";"07/10/2018";"AM";"AM";"AMAZONAS";40000618273;4;11;"Apartamento";"#NULO#";"669176,10";"19/04/2021";"20:13:12"
"13/11/2024";"10:55:11";2018;2;"Eleição Ordinária";297;"Eleições Gerais Estaduais 2018";"07/10/2018";"AM";"AM";"AMAZONAS";40000618308;1;11;"Apartamento";"#NULO#";"270000,00";"19/04/2021";"20:13:09"
"13/11/2024";"10:55:11";2018;2;"Eleição Ordinária";297;"Eleições Gerais Estaduais 2018";"07/10/2018";"AM";"AM";"AMAZONAS";40000618309;1;11;"Apartamento";"UNIDADE DE APARTAMENTO N.O 319, COM AREA PRIVATIVA DE 28,79 M2 NO EMPREENDIMENTO YAPUA, LOCALIZADO NA AVENIDA RODRIGO OTAVIO JORDAO RAMOS FILHO, S/N, DISTRITO INDUSTRIAL,";"150000,00";"19/04/2021";"20:13:24"
"13/11/2024";"10:55:11";2018;2;"Eleição Ordinária";297;"Eleições Gerais Estaduais 2018";"07/10/2018";"AM";"AM";"AMAZONAS";40000618309;2;11;"Apartamento";"APARTAMENTO RESIDENCIAL LOCALIZADO NO CONDOMINIO ED. TRANSCAQUA, NA AVENIDA COSTA E SILVA,CACHOERINHA. MANAUS/AMAZONAS";"280000,00";"19/04/2021";"20:13:24"
"13/11/2024";"10:55:11";2018;2;"Eleição Ordinária";297;"Eleições Gerais Estaduais 2018";"07/10/2018";"AM";"AM";"AMAZONAS";40000618310;1;11;"Apartamento";"#NULO#";"70000,00";"19/04/2021";"20:13:24"
"13/11/2024";"10:55:11";2018;2;"Eleição Ordinária";297;"Eleições Gerais Estaduais 2018";"07/10/2018";"AM";"AM";"AMAZONAS";40000618985;1;11;"Apartamento";"#NULO#";"216258,00";"19/04/2021";"20:13:12"
"13/11/2024";"10:55:11";2018;2;"Eleição Ordinária";297;"Eleições Gerais Estaduais 2018";"07/10/2018";"AM";"AM";"AMAZONAS";40000618986;2;11;"Apartamento";"#NULO#";"300000,00";"19/04/2021";"20:13:12"
"13/11/2024";"10:55:11";2018;2;"Eleição Ordinária";297;"Eleições Gerais Estaduais 2018";"07/10/2018";"AM";"AM";"AMAZONAS";40000618987;3;11;"Apartamento";"#NULO#";"700000,00";"19/04/2021";"20:13:12"
"13/11/2024";"10:55:11";2018;2;"Eleição Ordinária";297;"Eleições Gerais Estaduais 2018";"07/10/2018";"AM";"AM";"AMAZONAS";40000609262;4;61;"Depósito bancário em conta corrente no País";"#NULO#";"10000,00";"19/04/2021";"20:13:18"
"13/11/2024";"10:55:11";2018;2;"Eleição Ordinária";297;"Eleições Gerais Estaduais 2018";"07/10/2018";"AM";"AM";"AMAZONAS";40000609263;7;61;"Depósito bancário em conta corrente no País";"#NULO#";"12437,96";"19/04/2021";"20:13:18"
"13/11/2024";"10:55:11";2018;2;"Eleição Ordinária";297;"Eleições Gerais Estaduais 2018";"07/10/2018";"AM";"AM";"AMAZONAS";40000609263;8;61;"Depósito bancário em conta corrente no País";"#NULO#";"1,00";"19/04/2021";"20:13:18"
"13/11/2024";"10:55:11";2018;2;"Eleição Ordinária";297;"Eleições Gerais Estaduais 2018";"07/10/2018";"AM";"AM";"AMAZONAS";40000609263;9;61;"Depósito bancário em conta corrente no País";"#NULO#";"8173,27";"19/04/2021";"20:13:18"
"13/11/2024";"10:55:11";2018;2;"Eleição Ordinária";297;"Eleições Gerais Estaduais 2018";"07/10/2018";"AM";"AM";"AMAZONAS";40000610062;15;61;"Depósito bancário em conta corrente no País";"SALDO EM CONTA CORRENTE AG 0938 CC 20.880-9 BANCO BRADESCO";"70182,60";"19/04/2021";"20:13:26"
"13/11/2024";"10:55:11";2018;2;"Eleição Ordinária";297;"Eleições Gerais Estaduais 2018";"07/10/2018";"AM";"AM";"AMAZONAS";40000610063;1;25;"Jóia, quadro, objeto de arte, de coleção, antiguidade, etc.";"Relogio de pulso Patek Phillppe C Diamante 46C.052 Ct no total havido por compra de H.Stern Stern 11/2005 em 10 parcelas no total de R$ 29.200,00 . BELORQUE DE OURO  18k com pedras diversas          ";"42300,00";"19/04/2021";"20:13:26"
"13/11/2024";"10:55:11";2018;2;"Eleição Ordinária";297;"Eleições Gerais Estaduais 2018";"07/10/2018";"AM";"AM";"AMAZONAS";40000610063;6;61;"Depósito bancário em conta corrente no País";"Saldo em conta corrente BB ESTILO ";"980,15";"19/04/2021";"20:13:26"
"13/11/2024";"10:55:11";2018;2;"Eleição Ordinária";297;"Eleições Gerais Estaduais 2018";"07/10/2018";"AM";"AM";"AMAZONAS";40000610063;7;61;"Depósito bancário em conta corrente no País";"Saldo CEF em C/C de livre movimentação CNPJ 00.360.305/0001-04";"12966,44";"19/04/2021";"20:13:26"
"13/11/2024";"10:55:11";2018;2;"Eleição Ordinária";297;"Eleições Gerais Estaduais 2018";"07/10/2018";"AM";"AM";"AMAZONAS";40000610064;5;61;"Depósito bancário em conta corrente no País";"#NULO#";"87442,83";"19/04/2021";"20:13:26"
"13/11/2024";"10:55:11";2018;2;"Eleição Ordinária";297;"Eleições Gerais Estaduais 2018";"07/10/2018";"AM";"AM";"AMAZONAS";40000610065;7;61;"Depósito bancário em conta corrente no País";"#NULO#";"16096,06";"19/04/2021";"20:13:25"
"13/11/2024";"10:55:11";2018;2;"Eleição Ordinária";297;"Eleições Gerais Estaduais 2018";"07/10/2018";"AM";"AM";"AMAZONAS";40000610065;9;61;"Depósito bancário em conta corrente no País";"#NULO#";"94678,05";"19/04/2021";"20:13:25"
"13/11/2024";"10:55:11";2018;2;"Eleição Ordinária";297;"Eleições Gerais Estaduais 2018";"07/10/2018";"AM";"AM";"AMAZONAS";40000610065;10;61;"Depósito bancário em conta corrente no País";"#NULO#";"1,00";"19/04/2021";"20:13:25"
"13/11/2024";"10:55:11";2018;2;"Eleição Ordinária";297;"Eleições Gerais Estaduais 2018";"07/10/2018";"AM";"AM";"AMAZONAS";40000610065;13;61;"Depósito bancário em conta corrente no País";"#NULO#";"12336,25";"19/04/2021";"20:13:25"
"13/11/2024";"10:55:11";2018;2;"Eleição Ordinária";297;"Eleições Gerais Estaduais 2018";"07/10/2018";"AM";"AM";"AMAZONAS";40000610066;11;61;"Depósito bancário em conta corrente no País";"#NULO#";"637,04";"19/04/2021";"20:13:26"
"13/11/2024";"10:55:11";2018;2;"Eleição Ordinária";297;"Eleições Gerais Estaduais 2018";"07/10/2018";"AM";"AM";"AMAZONAS";40000610067;7;61;"Depósito bancário em conta corrente no País";"SALDO EM CONTA CORRENTE BANCO DO BRASIL S/A  AGÊNCIA 1870-8, CONTA 5255-8";"1026,03";"19/04/2021";"20:13:25"
"13/11/2024";"10:55:11";2018;2;"Eleição Ordinária";297;"Eleições Gerais Estaduais 2018";"07/10/2018";"AM";"AM";"AMAZONAS";40000610067;12;61;"Depósito bancário em conta corrente no País";"CORRENTE BANCO BRADESCO S/A  AGÊNCIA 3711, CONTA CORRENTE 17613-3";"1,00";"19/04/2021";"20:13:25"
"13/11/2024";"10:55:11";2018;2;"Eleição Ordinária";297;"Eleições Gerais Estaduais 2018";"07/10/2018";"AM";"AM";"AMAZONAS";40000610067;16;61;"Depósito bancário em conta corrente no País";"BANCO DO BRASIL S/A POUPANÇA OURO AGÊNCIA 1870-8, CONTA CORRENTE 5255-8";"542,49";"19/04/2021";"20:13:25"
"13/11/2024";"10:55:11";2018;2;"Eleição Ordinária";297;"Eleições Gerais Estaduais 2018";"07/10/2018";"AM";"AM";"AMAZONAS";40000610067;29;61;"Depósito bancário em conta corrente no País";"CONTA CORRENTE  105 BRASIL CNPJ 60.746.948/0001-12 AGÊNCIA 3739 CONTA 5043-1   ";"4724,64";"19/04/2021";"20:13:25"
"13/11/2024";"10:55:11";2018;2;"Eleição Ordinária";297;"Eleições Gerais Estaduais 2018";"07/10/2018";"AM";"AM";"AMAZONAS";40000610320;3;61;"Depósito bancário em conta corrente no País";"SALDO FINAL NO BANCO BRADESCO DAS AGENCIAS:3715 E3726 C C 10,710-7,73.209-5 E 102.815-4";"7477,01";"19/04/2021";"20:13:09"
"13/11/2024";"10:55:11";2018;2;"Eleição Ordinária";297;"Eleições Gerais Estaduais 2018";"07/10/2018";"AM";"AM";"AMAZONAS";40000610320;4;61;"Depósito bancário em conta corrente no País";"BANCO DO BRASIL S A AGENCIA 3514-9C C 35277-2";"144925,68";"19/04/2021";"20:13:09"
"13/11/2024";"10:55:11";2018;2;"Eleição Ordinária";297;"Eleições Gerais Estaduais 2018";"07/10/2018";"AM";"AM";"AMAZONAS";40000610320;5;61;"Depósito bancário em conta corrente no País";"CAIXA ECONOMICA FEDERAL";"7701,64";"19/04/2021";"20:13:09"
"13/11/2024";"10:55:11";2018;2;"Eleição Ordinária";297;"Eleições Gerais Estaduais 2018";"07/10/2018";"AM";"AM";"AMAZONAS";40000610325;4;61;"Depósito bancário em conta corrente no País";"#NULO#";"2000,00";"19/04/2021";"20:13:06"
"13/11/2024";"10:55:11";2018;2;"Eleição Ordinária";297;"Eleições Gerais Estaduais 2018";"07/10/2018";"AM";"AM";"AMAZONAS";40000610338;4;61;"Depósito bancário em conta corrente no País";"#NULO#";"10,00";"19/04/2021";"20:13:06"
"13/11/2024";"10:55:11";2018;2;"Eleição Ordinária";297;"Eleições Gerais Estaduais 2018";"07/10/2018";"AM";"AM";"AMAZONAS";40000610347;2;61;"Depósito bancário em conta corrente no País";"CONTA UNIVERSAL BANCO ITAU. CNPJ: 60.701.190/0001-04";"46999,02";"19/04/2021";"20:13:24"
"13/11/2024";"10:55:11";2018;2;"Eleição Ordinária";297;"Eleições Gerais Estaduais 2018";"07/10/2018";"AM";"AM";"AMAZONAS";40000610391;2;61;"Depósito bancário em conta corrente no País";"Conta corrente Banco Caixa Economica Federal. AG: 1457 Op.001 C/C: 22.231-0";"1200,00";"19/04/2021";"20:13:25"
"13/11/2024";"10:55:11";2018;2;"Eleição Ordinária";297;"Eleições Gerais Estaduais 2018";"07/10/2018";"AM";"AM";"AMAZONAS";40000610342;1;61;"Depósito bancário em conta corrente no País";"#NULO#";"20,00";"19/04/2021";"20:13:06"
"13/11/2024";"10:55:11";2018;2;"Eleição Ordinária";297;"Eleições Gerais Estaduais 2018";"07/10/2018";"AM";"AM";"AMAZONAS";40000610393;16;61;"Depósito bancário em conta corrente no País";"SALDO EM CONTA CORRENTE NO BRADESCO, 607469480001-12, AG. 938 CONTA 11425-1";"1805,63";"19/04/2021";"20:13:26"
"13/11/2024";"10:55:11";2018;2;"Eleição Ordinária";297;"Eleições Gerais Estaduais 2018";"07/10/2018";"AM";"AM";"AMAZONAS";40000610393;9;61;"Depósito bancário em conta corrente no País";"SALDO EM CONTA CORRENTE DA CAIXA ECONOMICA FEDERAL, AGENCIA VITORIA REGIA, 020 ¿ MANAUS, CNPJ 003603050001-04";"1121,95";"19/04/2021";"20:13:26"
"13/11/2024";"10:55:11";2018;2;"Eleição Ordinária";297;"Eleições Gerais Estaduais 2018";"07/10/2018";"AM";"AM";"AMAZONAS";40000610395;6;61;"Depósito bancário em conta corrente no País";"#NULO#";"5636,91";"19/04/2021";"20:13:26"
"13/11/2024";"10:55:11";2018;2;"Eleição Ordinária";297;"Eleições Gerais Estaduais 2018";"07/10/2018";"AM";"AM";"AMAZONAS";40000610405;5;61;"Depósito bancário em conta corrente no País";"#NULO#";"390,87";"19/04/2021";"20:13:21"
"13/11/2024";"10:55:11";2018;2;"Eleição Ordinária";297;"Eleições Gerais Estaduais 2018";"07/10/2018";"AM";"AM";"AMAZONAS";40000610405;6;61;"Depósito bancário em conta corrente no País";"#NULO#";"10,00";"19/04/2021";"20:13:21"
"13/11/2024";"10:55:11";2018;2;"Eleição Ordinária";297;"Eleições Gerais Estaduais 2018";"07/10/2018";"AM";"AM";"AMAZONAS";40000610405;9;61;"Depósito bancário em conta corrente no País";"#NULO#";"1,00";"19/04/2021";"20:13:21"
"13/11/2024";"10:55:11";2018;2;"Eleição Ordinária";297;"Eleições Gerais Estaduais 2018";"07/10/2018";"AM";"AM";"AMAZONAS";40000610407;1;61;"Depósito bancário em conta corrente no País";"CONTAS 013-00018805/13-000043001CAIXA ECONOMICA FEDERAL ";"193,42";"19/04/2021";"20:13:23"
"13/11/2024";"10:55:11";2018;2;"Eleição Ordinária";297;"Eleições Gerais Estaduais 2018";"07/10/2018";"AM";"AM";"AMAZONAS";40000610407;2;61;"Depósito bancário em conta corrente no País";"CAIXA ECONOMICO FEDERAL S/A 001-002541056";"14942,65";"19/04/2021";"20:13:23"
"13/11/2024";"10:55:11";2018;2;"Eleição Ordinária";297;"Eleições Gerais Estaduais 2018";"07/10/2018";"AM";"AM";"AMAZONAS";40000610407;3;61;"Depósito bancário em conta corrente no País";"BRADESCO S/A CNPJ 60.746.948/0001-12";"1248,23";"19/04/2021";"20:13:23"
"13/11/2024";"10:55:11";2018;2;"Eleição Ordinária";297;"Eleições Gerais Estaduais 2018";"07/10/2018";"AM";"AM";"AMAZONAS";40000610408;3;61;"Depósito bancário em conta corrente no País";"Banco Santander Ag: 5771-0 Conta: 01005555-8 ";"14750,00";"19/04/2021";"20:13:23"
"13/11/2024";"10:55:11";2018;2;"Eleição Ordinária";297;"Eleições Gerais Estaduais 2018";"07/10/2018";"AM";"AM";"AMAZONAS";40000610408;4;61;"Depósito bancário em conta corrente no País";"Banco do Brasil Ag: 5771-0 Conta: 1870-8 ";"17358,17";"19/04/2021";"20:13:23"
"13/11/2024";"10:55:11";2018;2;"Eleição Ordinária";297;"Eleições Gerais Estaduais 2018";"07/10/2018";"AM";"AM";"AMAZONAS";40000610408;5;61;"Depósito bancário em conta corrente no País";"Itau Ag: 9394 Conta: 00724-0";"28532,70";"19/04/2021";"20:13:23"
"13/11/2024";"10:55:11";2018;2;"Eleição Ordinária";297;"Eleições Gerais Estaduais 2018";"07/10/2018";"AM";"AM";"AMAZONAS";40000610414;1;61;"Depósito bancário em conta corrente no País";"Saldo em COOP de Credito de Livre admissão de Associados de Manaus";"274,90";"19/04/2021";"20:13:25"
"13/11/2024";"10:55:11";2018;2;"Eleição Ordinária";297;"Eleições Gerais Estaduais 2018";"07/10/2018";"AM";"AM";"AMAZONAS";40000610414;2;61;"Depósito bancário em conta corrente no País";"Saldo em conta corrente no Banco Bradesco S/A";"26698,96";"19/04/2021";"20:13:25"
"13/11/2024";"10:55:11";2018;2;"Eleição Ordinária";297;"Eleições Gerais Estaduais 2018";"07/10/2018";"AM";"AM";"AMAZONAS";40000610416;2;61;"Depósito bancário em conta corrente no País";"#NULO#";"8111,36";"19/04/2021";"20:13:25"
"13/11/2024";"10:55:11";2018;2;"Eleição Ordinária";297;"Eleições Gerais Estaduais 2018";"07/10/2018";"AM";"AM";"AMAZONAS";40000610416;11;61;"Depósito bancário em conta corrente no País";"#NULO#";"17,98";"19/04/2021";"20:13:25"
"13/11/2024";"10:55:11";2018;2;"Eleição Ordinária";297;"Eleições Gerais Estaduais 2018";"07/10/2018";"AM";"AM";"AMAZONAS";40000610421;6;61;"Depósito bancário em conta corrente no País";"CONTA CORRENTE NO BANCO BRADESCO, AGENCIA 0938, CONTA 40-0";"11258,61";"19/04/2021";"20:13:22"
"13/11/2024";"10:55:11";2018;2;"Eleição Ordinária";297;"Eleições Gerais Estaduais 2018";"07/10/2018";"AM";"AM";"AMAZONAS";40000612641;2;61;"Depósito bancário em conta corrente no País";"Banco do Brasil Ag 5096  conta 27972-2";"25533,66";"19/04/2021";"20:13:14"
"13/11/2024";"10:55:11";2018;2;"Eleição Ordinária";297;"Eleições Gerais Estaduais 2018";"07/10/2018";"AM";"AM";"AMAZONAS";40000612643;6;61;"Depósito bancário em conta corrente no País";"SALDO EM CONTA POUPANÇA BANCO DO BRASIL ";"35,50";"19/04/2021";"20:13:14"
"13/11/2024";"10:55:11";2018;2;"Eleição Ordinária";297;"Eleições Gerais Estaduais 2018";"07/10/2018";"AM";"AM";"AMAZONAS";40000612643;7;61;"Depósito bancário em conta corrente no País";"SALDO EM CONTA CORRENTE BANCO DO BRASIL AG 3378-2 CC 243531";"10037,89";"19/04/2021";"20:13:14"
"13/11/2024";"10:55:11";2018;2;"Eleição Ordinária";297;"Eleições Gerais Estaduais 2018";"07/10/2018";"AM";"AM";"AMAZONAS";40000612646;6;61;"Depósito bancário em conta corrente no País";"#NULO#";"13885,85";"19/04/2021";"20:13:14"
"13/11/2024";"10:55:11";2018;2;"Eleição Ordinária";297;"Eleições Gerais Estaduais 2018";"07/10/2018";"AM";"AM";"AMAZONAS";40000612646;7;61;"Depósito bancário em conta corrente no País";"#NULO#";"13470,00";"19/04/2021";"20:13:14"
"13/11/2024";"10:55:11";2018;2;"Eleição Ordinária";297;"Eleições Gerais Estaduais 2018";"07/10/2018";"AM";"AM";"AMAZONAS";40000612658;2;61;"Depósito bancário em conta corrente no País";"Saldo em cardeneta de Poupança ";"106879,89";"19/04/2021";"20:13:07"
"13/11/2024";"10:55:11";2018;2;"Eleição Ordinária";297;"Eleições Gerais Estaduais 2018";"07/10/2018";"AM";"AM";"AMAZONAS";40000612666;3;61;"Depósito bancário em conta corrente no País";"#NULO#";"330,65";"19/04/2021";"20:13:05"
"13/11/2024";"10:55:11";2018;2;"Eleição Ordinária";297;"Eleições Gerais Estaduais 2018";"07/10/2018";"AM";"AM";"AMAZONAS";40000612666;5;61;"Depósito bancário em conta corrente no País";"#NULO#";"16584,60";"19/04/2021";"20:13:05"
"13/11/2024";"10:55:11";2018;2;"Eleição Ordinária";297;"Eleições Gerais Estaduais 2018";"07/10/2018";"AM";"AM";"AMAZONAS";40000612666;6;61;"Depósito bancário em conta corrente no País";"#NULO#";"31568,07";"19/04/2021";"20:13:05"
"13/11/2024";"10:55:11";2018;2;"Eleição Ordinária";297;"Eleições Gerais Estaduais 2018";"07/10/2018";"AM";"AM";"AMAZONAS";40000612673;3;61;"Depósito bancário em conta corrente no País";"#NULO#";"5304,54";"19/04/2021";"20:13:06"
"13/11/2024";"10:55:11";2018;2;"Eleição Ordinária";297;"Eleições Gerais Estaduais 2018";"07/10/2018";"AM";"AM";"AMAZONAS";40000617486;6;61;"Depósito bancário em conta corrente no País";"BANCO BRADESCO S.A CNPJ 60.746.948/0001-12 - CONTA CORRENTE";"1,00";"19/04/2021";"20:13:09"
"13/11/2024";"10:55:11";2018;2;"Eleição Ordinária";297;"Eleições Gerais Estaduais 2018";"07/10/2018";"AM";"AM";"AMAZONAS";40000617486;8;61;"Depósito bancário em conta corrente no País";"BANCO ITAU UNIBANCO S.A CNPJ N. 60.701.190/0001-04 - CONTA CORRENTE";"10,00";"19/04/2021";"20:13:09"
"13/11/2024";"10:55:11";2018;2;"Eleição Ordinária";297;"Eleições Gerais Estaduais 2018";"07/10/2018";"AM";"AM";"AMAZONAS";40000617486;11;61;"Depósito bancário em conta corrente no País";"DEPÓSITO A VISTA UNICRED MANAUS - COOPERATIVA DE ECONOMIA E CREDITO MUTUO DOS MEDICOS E DEMAIS PROFISSIONAIS ";"9,42";"19/04/2021";"20:13:09"
"13/11/2024";"10:55:11";2018;2;"Eleição Ordinária";297;"Eleições Gerais Estaduais 2018";"07/10/2018";"AM";"AM";"AMAZONAS";40000617494;4;61;"Depósito bancário em conta corrente no País";"SALDO EM CONTA CORRENTE 359-0 AG: 2130 BANCO BRADESCO S.A";"28018,53";"19/04/2021";"20:13:10"
"13/11/2024";"10:55:11";2018;2;"Eleição Ordinária";297;"Eleições Gerais Estaduais 2018";"07/10/2018";"AM";"AM";"AMAZONAS";40000617495;4;61;"Depósito bancário em conta corrente no País";"DEPÓSITO BANCÁRIO EM CONTA CORRENTE NO PAÍS";"2037,97";"19/04/2021";"20:13:10"
"13/11/2024";"10:55:11";2018;2;"Eleição Ordinária";297;"Eleições Gerais Estaduais 2018";"07/10/2018";"AM";"AM";"AMAZONAS";40000617499;4;61;"Depósito bancário em conta corrente no País";"DEPÓSITO À VISTA BRADESCO";"1,00";"19/04/2021";"20:13:10"
"13/11/2024";"10:55:11";2018;2;"Eleição Ordinária";297;"Eleições Gerais Estaduais 2018";"07/10/2018";"AM";"AM";"AMAZONAS";40000617505;2;61;"Depósito bancário em conta corrente no País";"Bradesco, Ag: 3715, C.C 35172-5, Banco Itaú Ag: 1677, C.c 62055-9";"8000,00";"19/04/2021";"20:13:13"
"13/11/2024";"10:55:11";2018;2;"Eleição Ordinária";297;"Eleições Gerais Estaduais 2018";"07/10/2018";"AM";"AM";"AMAZONAS";40000617524;1;61;"Depósito bancário em conta corrente no País";"CEF: AG: 1549, C.c 098,679-8";"200,00";"19/04/2021";"20:13:13"
"13/11/2024";"10:55:11";2018;2;"Eleição Ordinária";297;"Eleições Gerais Estaduais 2018";"07/10/2018";"AM";"AM";"AMAZONAS";40000618261;23;61;"Depósito bancário em conta corrente no País";"SALDO EM CONTA CORRENTE NO BANCO DO BRASIL. - CNPJ: 00.000.000/5838-63";"80798,18";"19/04/2021";"20:13:26"
"13/11/2024";"10:55:11";2018;2;"Eleição Ordinária";297;"Eleições Gerais Estaduais 2018";"07/10/2018";"AM";"AM";"AMAZONAS";40000618261;25;61;"Depósito bancário em conta corrente no País";"SALDO EM CONTA CORRENTE - BANCO DO BRASIL. CNPJ: 00.000.000/5838-63";"14090,07";"19/04/2021";"20:13:26"
"13/11/2024";"10:55:11";2018;2;"Eleição Ordinária";297;"Eleições Gerais Estaduais 2018";"07/10/2018";"AM";"AM";"AMAZONAS";40000618261;36;61;"Depósito bancário em conta corrente no País";"SALDO EM CONTA CORRENTE - BANCO DO BRADESCO.";"1583,26";"19/04/2021";"20:13:26"
"13/11/2024";"10:55:11";2018;2;"Eleição Ordinária";297;"Eleições Gerais Estaduais 2018";"07/10/2018";"AM";"AM";"AMAZONAS";40000618261;37;61;"Depósito bancário em conta corrente no País";"SALDO EM CONTA CORRENTE - BANCO DO BRADESCO.";"144,47";"19/04/2021";"20:13:26"
"13/11/2024";"10:55:11";2018;2;"Eleição Ordinária";297;"Eleições Gerais Estaduais 2018";"07/10/2018";"AM";"AM";"AMAZONAS";40000618261;38;61;"Depósito bancário em conta corrente no País";"SALDO EM CONTA CORRENTE - BANCO DO BRADESCO. - ";"1,00";"19/04/2021";"20:13:26"
"13/11/2024";"10:55:11";2018;2;"Eleição Ordinária";297;"Eleições Gerais Estaduais 2018";"07/10/2018";"AM";"AM";"AMAZONAS";40000618261;54;25;"Jóia, quadro, objeto de arte, de coleção, antiguidade, etc.";"QUADRO DA FUNDACAO OSCAR NIEMEYER, CNPJ. 32.085.367/0001-41";"45000,00";"19/04/2021";"20:13:26"
"13/11/2024";"10:55:11";2018;2;"Eleição Ordinária";297;"Eleições Gerais Estaduais 2018";"07/10/2018";"AM";"AM";"AMAZONAS";40000618262;3;61;"Depósito bancário em conta corrente no País";"SALDO EM CONTA-CORRENTE NO BANCO BRADESCO S.A. 60.746.948/0001-12 Agência: 2130  Conta: 742-0";"1,00";"19/04/2021";"20:13:26"
"13/11/2024";"10:55:11";2018;2;"Eleição Ordinária";297;"Eleições Gerais Estaduais 2018";"07/10/2018";"AM";"AM";"AMAZONAS";40000618262;8;61;"Depósito bancário em conta corrente no País";"SALDO BANCO DO BRASIL CNPJ:00.000.000/5838-63. - Agência: 1870 - Conta: 5750-9";"3623,30";"19/04/2021";"20:13:26"
"13/11/2024";"10:55:11";2018;2;"Eleição Ordinária";297;"Eleições Gerais Estaduais 2018";"07/10/2018";"AM";"AM";"AMAZONAS";40000618263;17;61;"Depósito bancário em conta corrente no País";"CONTA CORRENTE BRADESCO S.A. AGENCIA 3739 _ SEFAZ COM O NUMERO 70.000-2";"1,00";"19/04/2021";"20:13:26"
"13/11/2024";"10:55:11";2018;2;"Eleição Ordinária";297;"Eleições Gerais Estaduais 2018";"07/10/2018";"AM";"AM";"AMAZONAS";40000618263;18;61;"Depósito bancário em conta corrente no País";"CONTA CORRENTE BANCO ITAU";"2976,18";"19/04/2021";"20:13:26"
"13/11/2024";"10:55:11";2018;2;"Eleição Ordinária";297;"Eleições Gerais Estaduais 2018";"07/10/2018";"AM";"AM";"AMAZONAS";40000618264;2;61;"Depósito bancário em conta corrente no País";"#NULO#";"57695,55";"19/04/2021";"20:13:16"
"13/11/2024";"10:55:11";2018;2;"Eleição Ordinária";297;"Eleições Gerais Estaduais 2018";"07/10/2018";"AM";"AM";"AMAZONAS";40000618264;5;61;"Depósito bancário em conta corrente no País";"#NULO#";"1847,50";"19/04/2021";"20:13:16"
"13/11/2024";"10:55:11";2018;2;"Eleição Ordinária";297;"Eleições Gerais Estaduais 2018";"07/10/2018";"AM";"AM";"AMAZONAS";40000618273;8;61;"Depósito bancário em conta corrente no País";"#NULO#";"355,66";"19/04/2021";"20:13:12"
"13/11/2024";"10:55:11";2018;2;"Eleição Ordinária";297;"Eleições Gerais Estaduais 2018";"07/10/2018";"AM";"AM";"AMAZONAS";40000618273;11;61;"Depósito bancário em conta corrente no País";"#NULO#";"841,67";"19/04/2021";"20:13:12"
"13/11/2024";"10:55:11";2018;2;"Eleição Ordinária";297;"Eleições Gerais Estaduais 2018";"07/10/2018";"AM";"AM";"AMAZONAS";40000618273;12;61;"Depósito bancário em conta corrente no País";"#NULO#";"101,01";"19/04/2021";"20:13:12"
"13/11/2024";"10:55:11";2018;2;"Eleição Ordinária";297;"Eleições Gerais Estaduais 2018";"07/10/2018";"AM";"AM";"AMAZONAS";40000618277;4;61;"Depósito bancário em conta corrente no País";"#NULO#";"500,00";"19/04/2021";"20:13:12"
"13/11/2024";"10:55:11";2018;2;"Eleição Ordinária";297;"Eleições Gerais Estaduais 2018";"07/10/2018";"AM";"AM";"AMAZONAS";40000618280;4;61;"Depósito bancário em conta corrente no País";"#NULO#";"20000,00";"19/04/2021";"20:13:16"
"13/11/2024";"10:55:11";2018;2;"Eleição Ordinária";297;"Eleições Gerais Estaduais 2018";"07/10/2018";"AM";"AM";"AMAZONAS";40000618282;1;61;"Depósito bancário em conta corrente no País";"#NULO#";"3000,00";"19/04/2021";"20:13:08"
"13/11/2024";"10:55:11";2018;2;"Eleição Ordinária";297;"Eleições Gerais Estaduais 2018";"07/10/2018";"AM";"AM";"AMAZONAS";40000618288;1;61;"Depósito bancário em conta corrente no País";"#NULO#";"12800,00";"19/04/2021";"20:13:09"
"13/11/2024";"10:55:11";2018;2;"Eleição Ordinária";297;"Eleições Gerais Estaduais 2018";"07/10/2018";"AM";"AM";"AMAZONAS";40000618296;5;61;"Depósito bancário em conta corrente no País";"#NULO#";"20000,00";"19/04/2021";"20:13:09"
"13/11/2024";"10:55:11";2018;2;"Eleição Ordinária";297;"Eleições Gerais Estaduais 2018";"07/10/2018";"AM";"AM";"AMAZONAS";40000618299;4;61;"Depósito bancário em conta corrente no País";"#NULO#";"103500,00";"19/04/2021";"20:13:09"
"13/11/2024";"10:55:11";2018;2;"Eleição Ordinária";297;"Eleições Gerais Estaduais 2018";"07/10/2018";"AM";"AM";"AMAZONAS";40000618308;3;61;"Depósito bancário em conta corrente no País";"#NULO#";"5000,00";"19/04/2021";"20:13:09"
"13/11/2024";"10:55:11";2018;2;"Eleição Ordinária";297;"Eleições Gerais Estaduais 2018";"07/10/2018";"AM";"AM";"AMAZONAS";40000618313;1;61;"Depósito bancário em conta corrente no País";"#NULO#";"500,00";"19/04/2021";"20:13:24"
"13/11/2024";"10:55:11";2018;2;"Eleição Ordinária";297;"Eleições Gerais Estaduais 2018";"07/10/2018";"AM";"AM";"AMAZONAS";40000618315;3;61;"Depósito bancário em conta corrente no País";"#NULO#";"500,00";"19/04/2021";"20:13:24"
"13/11/2024";"10:55:11";2018;2;"Eleição Ordinária";297;"Eleições Gerais Estaduais 2018";"07/10/2018";"AM";"AM";"AMAZONAS";40000618317;1;61;"Depósito bancário em conta corrente no País";"#NULO#";"2000,00";"19/04/2021";"20:13:25"
"13/11/2024";"10:55:11";2018;2;"Eleição Ordinária";297;"Eleições Gerais Estaduais 2018";"07/10/2018";"AM";"AM";"AMAZONAS";40000618320;3;61;"Depósito bancário em conta corrente no País";"#NULO#";"640000,00";"19/04/2021";"20:13:25"
"13/11/2024";"10:55:11";2018;2;"Eleição Ordinária";297;"Eleições Gerais Estaduais 2018";"07/10/2018";"AM";"AM";"AMAZONAS";40000618322;1;61;"Depósito bancário em conta corrente no País";"#NULO#";"1300,00";"18/09/2018";"11:25:55"
"13/11/2024";"10:55:11";2018;2;"Eleição Ordinária";297;"Eleições Gerais Estaduais 2018";"07/10/2018";"AM";"AM";"AMAZONAS";40000618981;9;61;"Depósito bancário em conta corrente no País";"CONTA CORRENTE NO BANCO DO BRASIL";"56202,99";"19/04/2021";"20:13:12"
"13/11/2024";"10:55:11";2018;2;"Eleição Ordinária";297;"Eleições Gerais Estaduais 2018";"07/10/2018";"AM";"AM";"AMAZONAS";40000618981;10;61;"Depósito bancário em conta corrente no País";"CONTA CORRENTE NO BRADESCO";"17630,63";"19/04/2021";"20:13:12"
"13/11/2024";"10:55:11";2018;2;"Eleição Ordinária";297;"Eleições Gerais Estaduais 2018";"07/10/2018";"AM";"AM";"AMAZONAS";40000600835;1;21;"Veículo automotor terrestre: caminhão, automóvel, moto, etc.";"#NULO#";"13000,00";"19/04/2021";"20:13:25"
"13/11/2024";"10:55:11";2018;2;"Eleição Ordinária";297;"Eleições Gerais Estaduais 2018";"07/10/2018";"AM";"AM";"AMAZONAS";40000600835;2;12;"Casa";"#NULO#";"150000,00";"19/04/2021";"20:13:25"
"13/11/2024";"10:55:11";2018;2;"Eleição Ordinária";297;"Eleições Gerais Estaduais 2018";"07/10/2018";"AM";"AM";"AMAZONAS";40000600836;1;12;"Casa";"#NULO#";"60000,00";"19/04/2021";"20:13:26"
"13/11/2024";"10:55:11";2018;2;"Eleição Ordinária";297;"Eleições Gerais Estaduais 2018";"07/10/2018";"AM";"AM";"AMAZONAS";40000600837;2;21;"Veículo automotor terrestre: caminhão, automóvel, moto, etc.";"#NULO#";"3000,00";"19/04/2021";"20:13:24"
"13/11/2024";"10:55:11";2018;2;"Eleição Ordinária";297;"Eleições Gerais Estaduais 2018";"07/10/2018";"AM";"AM";"AMAZONAS";40000600838;1;12;"Casa";"#NULO#";"70000,00";"19/04/2021";"20:13:13"
"13/11/2024";"10:55:11";2018;2;"Eleição Ordinária";297;"Eleições Gerais Estaduais 2018";"07/10/2018";"AM";"AM";"AMAZONAS";40000602408;1;12;"Casa";"1 casa situada na Rua São Luís, n. 88, bairro Cidade de Deus, Manaus/AM, de valor estimado de 120.000,00.";"120000,00";"19/04/2021";"20:13:22"
"13/11/2024";"10:55:11";2018;2;"Eleição Ordinária";297;"Eleições Gerais Estaduais 2018";"07/10/2018";"AM";"AM";"AMAZONAS";40000602401;1;21;"Veículo automotor terrestre: caminhão, automóvel, moto, etc.";"1 automóvel Fiat Palio Fire, ano 2003, cor cinza, de valor estimável de 9.000,00.";"9000,00";"19/04/2021";"20:13:26"
"13/11/2024";"10:55:11";2018;2;"Eleição Ordinária";297;"Eleições Gerais Estaduais 2018";"07/10/2018";"AM";"AM";"AMAZONAS";40000602403;1;12;"Casa";"1 casa localizada no Rio de Janeiro/RJ, de valor estimável de 600.000,00. ";"600000,00";"19/04/2021";"20:13:26"
"13/11/2024";"10:55:11";2018;2;"Eleição Ordinária";297;"Eleições Gerais Estaduais 2018";"07/10/2018";"AM";"AM";"AMAZONAS";40000602403;2;21;"Veículo automotor terrestre: caminhão, automóvel, moto, etc.";"1 automóvel Ford Fiesta 1.6, ano 2009, de valor estimável de 16.000,00.";"16000,00";"19/04/2021";"20:13:26"
"13/11/2024";"10:55:11";2018;2;"Eleição Ordinária";297;"Eleições Gerais Estaduais 2018";"07/10/2018";"AM";"AM";"AMAZONAS";40000602403;3;21;"Veículo automotor terrestre: caminhão, automóvel, moto, etc.";"1 motocicleta Sundown Vblade 250cc, de valor estimável de 10.000,00";"10000,00";"19/04/2021";"20:13:26"
"13/11/2024";"10:55:11";2018;2;"Eleição Ordinária";297;"Eleições Gerais Estaduais 2018";"07/10/2018";"AM";"AM";"AMAZONAS";40000602415;1;21;"Veículo automotor terrestre: caminhão, automóvel, moto, etc.";"1 automóvel Fiat Linea, de valor estimado de 24.000,00.";"24000,00";"19/04/2021";"20:13:22"
"13/11/2024";"10:55:11";2018;2;"Eleição Ordinária";297;"Eleições Gerais Estaduais 2018";"07/10/2018";"AM";"AM";"AMAZONAS";40000602415;2;21;"Veículo automotor terrestre: caminhão, automóvel, moto, etc.";"1 automóvel Chevrolet Prisma, placa JXS-7566, de valor estimado de 20.000,00.";"20000,00";"19/04/2021";"20:13:22"
"13/11/2024";"10:55:11";2018;2;"Eleição Ordinária";297;"Eleições Gerais Estaduais 2018";"07/10/2018";"AM";"AM";"AMAZONAS";40000602415;3;12;"Casa";"1 casa situada na Rua 4, n. 192, Conjunto Residencial Costa e Silva, bairro Raiz, Manaus/AM, de valor estimado de 55.000,00";"55000,00";"19/04/2021";"20:13:22"
"13/11/2024";"10:55:11";2018;2;"Eleição Ordinária";297;"Eleições Gerais Estaduais 2018";"07/10/2018";"AM";"AM";"AMAZONAS";40000602415;4;12;"Casa";"1 imóvel localizado na Rua Aires de Almeida n. 488, bairro Raiz - Manaus, valor 60.000,00";"60000,00";"19/04/2021";"20:13:22"
"13/11/2024";"10:55:11";2018;2;"Eleição Ordinária";297;"Eleições Gerais Estaduais 2018";"07/10/2018";"AM";"AM";"AMAZONAS";40000602415;5;12;"Casa";"1 imóvel localizado no Igarapé do Quatá, Rio Tarumãzinho, de valor estimado de 15.000,00.";"15000,00";"19/04/2021";"20:13:22"
"13/11/2024";"10:55:11";2018;2;"Eleição Ordinária";297;"Eleições Gerais Estaduais 2018";"07/10/2018";"AM";"AM";"AMAZONAS";40000602415;6;12;"Casa";"1 imóvel localizado no Igarapé do Quatá, na margem direita do Rio Tarumãzinho, de valor estimado de 50.000,00";"50000,00";"19/04/2021";"20:13:22"
"13/11/2024";"10:55:11";2018;2;"Eleição Ordinária";297;"Eleições Gerais Estaduais 2018";"07/10/2018";"AM";"AM";"AMAZONAS";40000602417;1;12;"Casa";"1 casa situada na Rua 31 de Março, n. 66, bairro Centro, Rio Preto da Eva/AM, de valor estimado de 25.000,00";"25000,00";"19/04/2021";"20:13:19"
"13/11/2024";"10:55:11";2018;2;"Eleição Ordinária";297;"Eleições Gerais Estaduais 2018";"07/10/2018";"AM";"AM";"AMAZONAS";40000602417;2;21;"Veículo automotor terrestre: caminhão, automóvel, moto, etc.";"1 automóvel Kia Picanto, ano 2013/14, cor branca, de valor estimado de 18.000,00.";"18000,00";"19/04/2021";"20:13:19"
"13/11/2024";"10:55:11";2018;2;"Eleição Ordinária";297;"Eleições Gerais Estaduais 2018";"07/10/2018";"AM";"AM";"AMAZONAS";40000602419;1;21;"Veículo automotor terrestre: caminhão, automóvel, moto, etc.";"1 moto Yamaha 125cc, ano 2013, de valor estimado de 4.000,00.";"4000,00";"19/04/2021";"20:13:26"
"13/11/2024";"10:55:11";2018;2;"Eleição Ordinária";297;"Eleições Gerais Estaduais 2018";"07/10/2018";"AM";"AM";"AMAZONAS";40000602422;1;12;"Casa";"1 casa de 8x25m, situada em São Paulo de Olivença/AM, de valor estimado de 40.000,00.";"40000,00";"19/04/2021";"20:13:19"
"13/11/2024";"10:55:11";2018;2;"Eleição Ordinária";297;"Eleições Gerais Estaduais 2018";"07/10/2018";"AM";"AM";"AMAZONAS";40000602423;1;21;"Veículo automotor terrestre: caminhão, automóvel, moto, etc.";"1 automóvel Ford Fiesta, placa NOZ-2472, ano 2013/14, de valor estimado de 20.000,00.";"20000,00";"19/04/2021";"20:13:19"
"13/11/2024";"10:55:11";2018;2;"Eleição Ordinária";297;"Eleições Gerais Estaduais 2018";"07/10/2018";"AM";"AM";"AMAZONAS";40000602424;1;12;"Casa";"1 casa situada na Rua Lino Chíxaro, n. 198, bairro Morada do Sol, Iranduba/AM, de valor estimado de 50.000,00";"50000,00";"19/04/2021";"20:13:19"
"13/11/2024";"10:55:11";2018;2;"Eleição Ordinária";297;"Eleições Gerais Estaduais 2018";"07/10/2018";"AM";"AM";"AMAZONAS";40000602424;3;21;"Veículo automotor terrestre: caminhão, automóvel, moto, etc.";"1 automóvel Ford Fiesta Sedan, ano 2008, de valor estimado de 15.000,00.";"15000,00";"19/04/2021";"20:13:19"
"13/11/2024";"10:55:11";2018;2;"Eleição Ordinária";297;"Eleições Gerais Estaduais 2018";"07/10/2018";"AM";"AM";"AMAZONAS";40000602427;1;21;"Veículo automotor terrestre: caminhão, automóvel, moto, etc.";"1 automóvel Volkswagen Gol 1.0, ano 2006/07, cor preta, placa JXT-8687, de valor estimado de 8.400,00.";"8400,00";"19/04/2021";"20:13:19"
"13/11/2024";"10:55:11";2018;2;"Eleição Ordinária";297;"Eleições Gerais Estaduais 2018";"07/10/2018";"AM";"AM";"AMAZONAS";40000602429;1;12;"Casa";"1 casa situada no Beco Joubert de Carvalho, n. 18B, bairro Japiim I, de valor estimado de 90.000,00";"90000,00";"19/04/2021";"20:13:19"
"13/11/2024";"10:55:11";2018;2;"Eleição Ordinária";297;"Eleições Gerais Estaduais 2018";"07/10/2018";"AM";"AM";"AMAZONAS";40000602435;1;12;"Casa";"1 casa situada na Rua Tarumã, n. 27, bairro São José I, Manaus/AM, de valor estimado de 80.000,00.";"80000,00";"18/09/2018";"11:25:55"
"13/11/2024";"10:55:11";2018;2;"Eleição Ordinária";297;"Eleições Gerais Estaduais 2018";"07/10/2018";"AM";"AM";"AMAZONAS";40000602435;2;21;"Veículo automotor terrestre: caminhão, automóvel, moto, etc.";"1 automóvel Fiat Uno, placa DTP-1895, de valor estimado de 5.000,00.";"5000,00";"18/09/2018";"11:25:55"
"13/11/2024";"10:55:11";2018;2;"Eleição Ordinária";297;"Eleições Gerais Estaduais 2018";"07/10/2018";"AM";"AM";"AMAZONAS";40000602439;1;12;"Casa";"1 casa situada na Rua Cosme Carneiro de Castro, n. 225, bairro Sebastião Borges, Careiro/AM, de valor estimado de 80.000,00";"80000,00";"19/04/2021";"20:13:20"
"13/11/2024";"10:55:11";2018;2;"Eleição Ordinária";297;"Eleições Gerais Estaduais 2018";"07/10/2018";"AM";"AM";"AMAZONAS";40000602439;2;21;"Veículo automotor terrestre: caminhão, automóvel, moto, etc.";"1 automóvel Fiat Punto 1.4 Flex, ano 2012/13, no valor estimado de 20.000,00.";"20000,00";"19/04/2021";"20:13:20"
"13/11/2024";"10:55:11";2018;2;"Eleição Ordinária";297;"Eleições Gerais Estaduais 2018";"07/10/2018";"AM";"AM";"AMAZONAS";40000602443;1;12;"Casa";"1 casa com área de 92,4m², situada na Rua Antônio Braga, n. 05, bairro Santa Etelvina, Manaus/AM, de valor estimado de 95.000,00.";"95000,00";"19/04/2021";"20:13:20"
"13/11/2024";"10:55:11";2018;2;"Eleição Ordinária";297;"Eleições Gerais Estaduais 2018";"07/10/2018";"AM";"AM";"AMAZONAS";40000602443;2;21;"Veículo automotor terrestre: caminhão, automóvel, moto, etc.";"1 automóvel Ford Focus, ano 2009, placa JXV-6432, cor prata, de valor estimado de 40.000,00.";"40000,00";"19/04/2021";"20:13:20"
"13/11/2024";"10:55:11";2018;2;"Eleição Ordinária";297;"Eleições Gerais Estaduais 2018";"07/10/2018";"AM";"AM";"AMAZONAS";40000602445;1;12;"Casa";"1 sítio na zona rural de Itacoatiara, AM-010, Km. 54, de valor estimável de 20.000,00";"20000,00";"19/04/2021";"20:13:26"
"13/11/2024";"10:55:11";2018;2;"Eleição Ordinária";297;"Eleições Gerais Estaduais 2018";"07/10/2018";"AM";"AM";"AMAZONAS";40000602445;2;12;"Casa";"1 casa de alvenaria de 9x60m, situada na Rua Antônio Serudo Martins, n. 1278, bairro Santa Luzia, Itacoatiara/AM, de valor estimável de 70.000,00.";"70000,00";"19/04/2021";"20:13:26"
"13/11/2024";"10:55:11";2018;2;"Eleição Ordinária";297;"Eleições Gerais Estaduais 2018";"07/10/2018";"AM";"AM";"AMAZONAS";40000602447;1;21;"Veículo automotor terrestre: caminhão, automóvel, moto, etc.";"1 automóvel Hyundai HB20x, ano 2017, placa PHM-2858, cor verde, de valor estimado de 65.000,00.";"65000,00";"19/04/2021";"20:13:25"
"13/11/2024";"10:55:11";2018;2;"Eleição Ordinária";297;"Eleições Gerais Estaduais 2018";"07/10/2018";"AM";"AM";"AMAZONAS";40000602448;1;12;"Casa";"1 casa de 11x12m, situada na Rua Galileia, n. 17, bairro Novo Israel, Manaus/AM, de valor estimado de 90.000,00.";"90000,00";"19/04/2021";"20:13:26"
"13/11/2024";"10:55:11";2018;2;"Eleição Ordinária";297;"Eleições Gerais Estaduais 2018";"07/10/2018";"AM";"AM";"AMAZONAS";40000602449;2;21;"Veículo automotor terrestre: caminhão, automóvel, moto, etc.";"01 Moto Honda XRE 300, cor Preta, placa n. J6262, Ano Fab. Mod. 2012";"9000,00";"19/04/2021";"20:13:20"
"13/11/2024";"10:55:11";2018;2;"Eleição Ordinária";297;"Eleições Gerais Estaduais 2018";"07/10/2018";"AM";"AM";"AMAZONAS";40000603706;6;21;"Veículo automotor terrestre: caminhão, automóvel, moto, etc.";"#NULO#";"25000,00";"19/04/2021";"20:13:26"
"13/11/2024";"10:55:11";2018;2;"Eleição Ordinária";297;"Eleições Gerais Estaduais 2018";"07/10/2018";"AM";"AM";"AMAZONAS";40000603706;7;21;"Veículo automotor terrestre: caminhão, automóvel, moto, etc.";"#NULO#";"26894,04";"19/04/2021";"20:13:26"
"13/11/2024";"10:55:11";2018;2;"Eleição Ordinária";297;"Eleições Gerais Estaduais 2018";"07/10/2018";"AM";"AM";"AMAZONAS";40000603706;8;21;"Veículo automotor terrestre: caminhão, automóvel, moto, etc.";"#NULO#";"4000,00";"19/04/2021";"20:13:26"
"13/11/2024";"10:55:11";2018;2;"Eleição Ordinária";297;"Eleições Gerais Estaduais 2018";"07/10/2018";"AM";"AM";"AMAZONAS";40000603706;12;12;"Casa";"#NULO#";"30000,00";"19/04/2021";"20:13:26"
"13/11/2024";"10:55:11";2018;2;"Eleição Ordinária";297;"Eleições Gerais Estaduais 2018";"07/10/2018";"AM";"AM";"AMAZONAS";40000603706;13;21;"Veículo automotor terrestre: caminhão, automóvel, moto, etc.";"#NULO#";"123154,74";"19/04/2021";"20:13:26"
"13/11/2024";"10:55:11";2018;2;"Eleição Ordinária";297;"Eleições Gerais Estaduais 2018";"07/10/2018";"AM";"AM";"AMAZONAS";40000603706;15;21;"Veículo automotor terrestre: caminhão, automóvel, moto, etc.";"#NULO#";"65190,00";"19/04/2021";"20:13:26"
"13/11/2024";"10:55:11";2018;2;"Eleição Ordinária";297;"Eleições Gerais Estaduais 2018";"07/10/2018";"AM";"AM";"AMAZONAS";40000603707;1;12;"Casa";"#NULO#";"46000,00";"18/09/2018";"11:25:55"
"13/11/2024";"10:55:11";2018;2;"Eleição Ordinária";297;"Eleições Gerais Estaduais 2018";"07/10/2018";"AM";"AM";"AMAZONAS";40000603707;2;12;"Casa";"#NULO#";"180000,00";"18/09/2018";"11:25:55"
"13/11/2024";"10:55:11";2018;2;"Eleição Ordinária";297;"Eleições Gerais Estaduais 2018";"07/10/2018";"AM";"AM";"AMAZONAS";40000603707;6;21;"Veículo automotor terrestre: caminhão, automóvel, moto, etc.";"#NULO#";"96000,00";"18/09/2018";"11:25:55"
"13/11/2024";"10:55:11";2018;2;"Eleição Ordinária";297;"Eleições Gerais Estaduais 2018";"07/10/2018";"AM";"AM";"AMAZONAS";40000603710;3;21;"Veículo automotor terrestre: caminhão, automóvel, moto, etc.";"#NULO#";"78953,69";"19/04/2021";"20:13:26"
"13/11/2024";"10:55:11";2018;2;"Eleição Ordinária";297;"Eleições Gerais Estaduais 2018";"07/10/2018";"AM";"AM";"AMAZONAS";40000603710;5;21;"Veículo automotor terrestre: caminhão, automóvel, moto, etc.";"#NULO#";"134207,76";"19/04/2021";"20:13:26"
"13/11/2024";"10:55:11";2018;2;"Eleição Ordinária";297;"Eleições Gerais Estaduais 2018";"07/10/2018";"AM";"AM";"AMAZONAS";40000604137;1;12;"Casa";"#NULO#";"10000,00";"18/09/2018";"11:25:55"
"13/11/2024";"10:55:11";2018;2;"Eleição Ordinária";297;"Eleições Gerais Estaduais 2018";"07/10/2018";"AM";"AM";"AMAZONAS";40000604136;1;21;"Veículo automotor terrestre: caminhão, automóvel, moto, etc.";"#NULO#";"60000,00";"19/04/2021";"20:13:25"
"13/11/2024";"10:55:11";2018;2;"Eleição Ordinária";297;"Eleições Gerais Estaduais 2018";"07/10/2018";"AM";"AM";"AMAZONAS";40000604136;2;12;"Casa";"#NULO#";"290000,00";"19/04/2021";"20:13:25"
"13/11/2024";"10:55:11";2018;2;"Eleição Ordinária";297;"Eleições Gerais Estaduais 2018";"07/10/2018";"AM";"AM";"AMAZONAS";40000604137;2;12;"Casa";"#NULO#";"130000,00";"18/09/2018";"11:25:55"
"13/11/2024";"10:55:11";2018;2;"Eleição Ordinária";297;"Eleições Gerais Estaduais 2018";"07/10/2018";"AM";"AM";"AMAZONAS";40000604137;3;21;"Veículo automotor terrestre: caminhão, automóvel, moto, etc.";"#NULO#";"90000,00";"18/09/2018";"11:25:55"
"13/11/2024";"10:55:11";2018;2;"Eleição Ordinária";297;"Eleições Gerais Estaduais 2018";"07/10/2018";"AM";"AM";"AMAZONAS";40000604138;1;12;"Casa";"localizada no residencial House Ville, adquirida da Engeco Através de financiamento, quitada";"167520,79";"18/09/2018";"11:25:55"
"13/11/2024";"10:55:11";2018;2;"Eleição Ordinária";297;"Eleições Gerais Estaduais 2018";"07/10/2018";"AM";"AM";"AMAZONAS";40000604138;4;21;"Veículo automotor terrestre: caminhão, automóvel, moto, etc.";"Modelo FIAT 500 SPORT AIR, comprado na Murano em 12/04/2012";"58900,00";"18/09/2018";"11:25:55"
"13/11/2024";"10:55:11";2018;2;"Eleição Ordinária";297;"Eleições Gerais Estaduais 2018";"07/10/2018";"AM";"AM";"AMAZONAS";40000604140;1;12;"Casa";"Imóvel residencial financiado pela Caixa Econômica Federal, localizado na Rua Damasco, 10 QD/24 - Planalto";"460000,00";"18/09/2018";"11:25:55"
"13/11/2024";"10:55:11";2018;2;"Eleição Ordinária";297;"Eleições Gerais Estaduais 2018";"07/10/2018";"AM";"AM";"AMAZONAS";40000604140;2;21;"Veículo automotor terrestre: caminhão, automóvel, moto, etc.";"Automóvel Ford Edge, ano 2012/2013 adquirido em novembro de 2017 de Shopping do Automóvel";"70000,00";"18/09/2018";"11:25:55"
"13/11/2024";"10:55:11";2018;2;"Eleição Ordinária";297;"Eleições Gerais Estaduais 2018";"07/10/2018";"AM";"AM";"AMAZONAS";40000603706;1;11;"Apartamento";"#NULO#";"370636,42";"19/04/2021";"20:13:26"
"13/11/2024";"10:55:11";2018;2;"Eleição Ordinária";297;"Eleições Gerais Estaduais 2018";"07/10/2018";"AM";"AM";"AMAZONAS";40000603706;18;11;"Apartamento";"#NULO#";"36623,01";"19/04/2021";"20:13:26"
"13/11/2024";"10:55:11";2018;2;"Eleição Ordinária";297;"Eleições Gerais Estaduais 2018";"07/10/2018";"AM";"AM";"AMAZONAS";40000604136;3;11;"Apartamento";"#NULO#";"232000,00";"19/04/2021";"20:13:25"
"13/11/2024";"10:55:11";2018;2;"Eleição Ordinária";297;"Eleições Gerais Estaduais 2018";"07/10/2018";"AM";"AM";"AMAZONAS";40000604889;1;11;"Apartamento";"#NULO#";"100000,00";"19/04/2021";"20:13:21"
"13/11/2024";"10:55:11";2018;2;"Eleição Ordinária";297;"Eleições Gerais Estaduais 2018";"07/10/2018";"AM";"AM";"AMAZONAS";40000608146;2;11;"Apartamento";"#NULO#";"300000,00";"19/04/2021";"20:13:19"
"13/11/2024";"10:55:11";2018;2;"Eleição Ordinária";297;"Eleições Gerais Estaduais 2018";"07/10/2018";"AM";"AM";"AMAZONAS";40000608148;1;11;"Apartamento";"#NULO#";"278640,33";"19/04/2021";"20:13:19"
"13/11/2024";"10:55:11";2018;2;"Eleição Ordinária";297;"Eleições Gerais Estaduais 2018";"07/10/2018";"AM";"AM";"AMAZONAS";40000608148;2;11;"Apartamento";"#NULO#";"282000,00";"19/04/2021";"20:13:19"
"13/11/2024";"10:55:11";2018;2;"Eleição Ordinária";297;"Eleições Gerais Estaduais 2018";"07/10/2018";"AM";"AM";"AMAZONAS";40000608148;4;11;"Apartamento";"#NULO#";"764492,94";"19/04/2021";"20:13:19"
"13/11/2024";"10:55:11";2018;2;"Eleição Ordinária";297;"Eleições Gerais Estaduais 2018";"07/10/2018";"AM";"AM";"AMAZONAS";40000608174;1;11;"Apartamento";"#NULO#";"10000,00";"19/04/2021";"20:13:11"
"13/11/2024";"10:55:11";2018;2;"Eleição Ordinária";297;"Eleições Gerais Estaduais 2018";"07/10/2018";"AM";"AM";"AMAZONAS";40000608212;3;11;"Apartamento";"1 apartamento situado na Rua Teresina, 243 - Petrópolis, Manaus/AM ";"1300000,00";"19/04/2021";"20:13:16"
"13/11/2024";"10:55:11";2018;2;"Eleição Ordinária";297;"Eleições Gerais Estaduais 2018";"07/10/2018";"AM";"AM";"AMAZONAS";40000608212;4;11;"Apartamento";"1 apartamento, situado na Av. Meireles, Condomínio Costa do Sol, Fortaleza/CE";"260000,00";"19/04/2021";"20:13:16"
"13/11/2024";"10:55:11";2018;2;"Eleição Ordinária";297;"Eleições Gerais Estaduais 2018";"07/10/2018";"AM";"AM";"AMAZONAS";40000608217;1;11;"Apartamento";"Apartamento 202, tipo 2, da torre 2, do 2 pavimento do Empreendimento denominado Allegro Residencial Clube, Av Torquato Tapajos, 6930, Colônia Terra Nova, CEP 69.093-415, área 84,0";"207431,76";"19/04/2021";"20:13:16"
"13/11/2024";"10:55:11";2018;2;"Eleição Ordinária";297;"Eleições Gerais Estaduais 2018";"07/10/2018";"AM";"AM";"AMAZONAS";40000608228;2;11;"Apartamento";"aquisicao de um apartamento sito a Av Darcy Vargas n 315 APTO 702 PQ DEZ DE NOVEMBRO a Vista, adquirido da sra Evelym Burgers Bueno de Carvalho CPF. 657.312.638-68 em 25/09/2008";"150000,00";"19/04/2021";"20:13:14"
"13/11/2024";"10:55:11";2018;2;"Eleição Ordinária";297;"Eleições Gerais Estaduais 2018";"07/10/2018";"AM";"AM";"AMAZONAS";40000608235;1;11;"Apartamento";"APARTAMENTO";"150000,00";"19/04/2021";"20:13:14"
"13/11/2024";"10:55:11";2018;2;"Eleição Ordinária";297;"Eleições Gerais Estaduais 2018";"07/10/2018";"AM";"AM";"AMAZONAS";40000608236;3;11;"Apartamento";"LOCALIZADO AV MAX TEIXEIRA BL 3 RES SMILE VILLAGE - COLONIA SANTO ANTONIO -  AQUISIÇÃO 12/10/16 - IPTU 465802 - AREA TOTAL 30.909 M2 ";"343980,00";"19/04/2021";"20:13:14"
"13/11/2024";"10:55:11";2018;2;"Eleição Ordinária";297;"Eleições Gerais Estaduais 2018";"07/10/2018";"AM";"AM";"AMAZONAS";40000608239;2;11;"Apartamento";"CONJUNTO ELISA MIRANDA, DISTRITO INDUSTRIAL, 301, AVENIDA F. COM RUAS 1 E 2. INSCRIÇÃO MUNICIPAL: 420910";"300000,00";"19/04/2021";"20:13:14"
"13/11/2024";"10:55:11";2018;2;"Eleição Ordinária";297;"Eleições Gerais Estaduais 2018";"07/10/2018";"AM";"AM";"AMAZONAS";40000608248;1;11;"Apartamento";"APARTAMENTO LOCALIZADO NO BAIRRO PONTE NEGRA, COND ILHAS GREGAS, TORRE DELPHOS, 6 ANDAR";"350000,00";"19/04/2021";"20:13:06"
"13/11/2024";"10:55:11";2018;2;"Eleição Ordinária";297;"Eleições Gerais Estaduais 2018";"07/10/2018";"AM";"AM";"AMAZONAS";40000608248;2;11;"Apartamento";"APARTAMENTO LOCALIZADO NO BAIRRO LAGOA AZUL, CONDOMINIO RESIDENCIAL MARIA DA LUZ, APT 14";"150000,00";"19/04/2021";"20:13:06"
"13/11/2024";"10:55:11";2018;2;"Eleição Ordinária";297;"Eleições Gerais Estaduais 2018";"07/10/2018";"AM";"AM";"AMAZONAS";40000608248;3;11;"Apartamento";"APARTAMENTO LOCALIZADO NO BAIRRO DA RAIZ, NO CONDOMINIO RESIDENCIAL MARIA DA LUZ. APT 14";"300000,00";"19/04/2021";"20:13:06"
"13/11/2024";"10:55:11";2018;2;"Eleição Ordinária";297;"Eleições Gerais Estaduais 2018";"07/10/2018";"AM";"AM";"AMAZONAS";40000608867;1;11;"Apartamento";"#NULO#";"25576,20";"19/04/2021";"20:13:03"
"13/11/2024";"10:55:11";2018;2;"Eleição Ordinária";297;"Eleições Gerais Estaduais 2018";"07/10/2018";"AM";"AM";"AMAZONAS";40000608870;1;11;"Apartamento";"#NULO#";"200000,00";"19/04/2021";"20:13:04"
"13/11/2024";"10:55:11";2018;2;"Eleição Ordinária";297;"Eleições Gerais Estaduais 2018";"07/10/2018";"AM";"AM";"AMAZONAS";40000608871;5;11;"Apartamento";"#NULO#";"30000,00";"19/04/2021";"20:13:04"
"13/11/2024";"10:55:11";2018;2;"Eleição Ordinária";297;"Eleições Gerais Estaduais 2018";"07/10/2018";"AM";"AM";"AMAZONAS";40000608871;6;11;"Apartamento";"#NULO#";"30000,00";"19/04/2021";"20:13:04"
"13/11/2024";"10:55:11";2018;2;"Eleição Ordinária";297;"Eleições Gerais Estaduais 2018";"07/10/2018";"AM";"AM";"AMAZONAS";40000608880;2;11;"Apartamento";"#NULO#";"257196,16";"19/04/2021";"20:13:08"
"13/11/2024";"10:55:11";2018;2;"Eleição Ordinária";297;"Eleições Gerais Estaduais 2018";"07/10/2018";"AM";"AM";"AMAZONAS";40000608882;14;11;"Apartamento";"#NULO#";"850382,20";"19/04/2021";"20:13:08"
"13/11/2024";"10:55:11";2018;2;"Eleição Ordinária";297;"Eleições Gerais Estaduais 2018";"07/10/2018";"AM";"AM";"AMAZONAS";40000608882;24;11;"Apartamento";"#NULO#";"420500,00";"19/04/2021";"20:13:08"
"13/11/2024";"10:55:11";2018;2;"Eleição Ordinária";297;"Eleições Gerais Estaduais 2018";"07/10/2018";"AM";"AM";"AMAZONAS";40000608893;3;11;"Apartamento";"#NULO#";"155229,64";"19/04/2021";"20:13:23"
"13/11/2024";"10:55:11";2018;2;"Eleição Ordinária";297;"Eleições Gerais Estaduais 2018";"07/10/2018";"AM";"AM";"AMAZONAS";40000608894;1;11;"Apartamento";"#NULO#";"280000,00";"19/04/2021";"20:13:23"
"13/11/2024";"10:55:11";2018;2;"Eleição Ordinária";297;"Eleições Gerais Estaduais 2018";"07/10/2018";"AM";"AM";"AMAZONAS";40000608897;3;11;"Apartamento";"#NULO#";"153000,00";"19/04/2021";"20:13:22"
"13/11/2024";"10:55:11";2018;2;"Eleição Ordinária";297;"Eleições Gerais Estaduais 2018";"07/10/2018";"AM";"AM";"AMAZONAS";40000608902;9;11;"Apartamento";"#NULO#";"881127,50";"19/04/2021";"20:13:25"
"13/11/2024";"10:55:11";2018;2;"Eleição Ordinária";297;"Eleições Gerais Estaduais 2018";"07/10/2018";"AM";"AM";"AMAZONAS";40000609240;1;11;"Apartamento";"#NULO#";"230000,00";"19/04/2021";"20:13:17"
"13/11/2024";"10:55:11";2018;2;"Eleição Ordinária";297;"Eleições Gerais Estaduais 2018";"07/10/2018";"AM";"AM";"AMAZONAS";40000609245;1;11;"Apartamento";"#NULO#";"390212,43";"19/04/2021";"20:13:17"
"13/11/2024";"10:55:11";2018;2;"Eleição Ordinária";297;"Eleições Gerais Estaduais 2018";"07/10/2018";"AM";"AM";"AMAZONAS";40000609245;3;11;"Apartamento";"#NULO#";"322317,95";"19/04/2021";"20:13:17"
"13/11/2024";"10:55:11";2018;2;"Eleição Ordinária";297;"Eleições Gerais Estaduais 2018";"07/10/2018";"AM";"AM";"AMAZONAS";40000609250;2;11;"Apartamento";"#NULO#";"90000,00";"19/04/2021";"20:13:17"
"13/11/2024";"10:55:11";2018;2;"Eleição Ordinária";297;"Eleições Gerais Estaduais 2018";"07/10/2018";"AM";"AM";"AMAZONAS";40000604140;3;21;"Veículo automotor terrestre: caminhão, automóvel, moto, etc.";"Automóvel Wolkswagen jetta, ano 2011/2012, adquirido em 2015. financiado pelo Banco Santander  - já quitado";"54000,00";"18/09/2018";"11:25:55"
"13/11/2024";"10:55:11";2018;2;"Eleição Ordinária";297;"Eleições Gerais Estaduais 2018";"07/10/2018";"AM";"AM";"AMAZONAS";40000604884;1;12;"Casa";"#NULO#";"60000,00";"19/04/2021";"20:13:21"
"13/11/2024";"10:55:11";2018;2;"Eleição Ordinária";297;"Eleições Gerais Estaduais 2018";"07/10/2018";"AM";"AM";"AMAZONAS";40000604884;2;21;"Veículo automotor terrestre: caminhão, automóvel, moto, etc.";"#NULO#";"34000,00";"19/04/2021";"20:13:21"
"13/11/2024";"10:55:11";2018;2;"Eleição Ordinária";297;"Eleições Gerais Estaduais 2018";"07/10/2018";"AM";"AM";"AMAZONAS";40000604889;2;21;"Veículo automotor terrestre: caminhão, automóvel, moto, etc.";"#NULO#";"30000,00";"19/04/2021";"20:13:21"
"13/11/2024";"10:55:11";2018;2;"Eleição Ordinária";297;"Eleições Gerais Estaduais 2018";"07/10/2018";"AM";"AM";"AMAZONAS";40000604889;3;21;"Veículo automotor terrestre: caminhão, automóvel, moto, etc.";"#NULO#";"27000,00";"19/04/2021";"20:13:21"
"13/11/2024";"10:55:11";2018;2;"Eleição Ordinária";297;"Eleições Gerais Estaduais 2018";"07/10/2018";"AM";"AM";"AMAZONAS";40000608142;1;12;"Casa";"#NULO#";"250000,00";"18/09/2018";"11:25:55"
"13/11/2024";"10:55:11";2018;2;"Eleição Ordinária";297;"Eleições Gerais Estaduais 2018";"07/10/2018";"AM";"AM";"AMAZONAS";40000608142;2;21;"Veículo automotor terrestre: caminhão, automóvel, moto, etc.";"#NULO#";"12000,00";"18/09/2018";"11:25:55"
"13/11/2024";"10:55:11";2018;2;"Eleição Ordinária";297;"Eleições Gerais Estaduais 2018";"07/10/2018";"AM";"AM";"AMAZONAS";40000608143;1;21;"Veículo automotor terrestre: caminhão, automóvel, moto, etc.";"#NULO#";"88815,80";"19/04/2021";"20:13:19"
"13/11/2024";"10:55:11";2018;2;"Eleição Ordinária";297;"Eleições Gerais Estaduais 2018";"07/10/2018";"AM";"AM";"AMAZONAS";40000608143;3;12;"Casa";"#NULO#";"12897,00";"19/04/2021";"20:13:19"
"13/11/2024";"10:55:11";2018;2;"Eleição Ordinária";297;"Eleições Gerais Estaduais 2018";"07/10/2018";"AM";"AM";"AMAZONAS";40000608146;1;21;"Veículo automotor terrestre: caminhão, automóvel, moto, etc.";"#NULO#";"12000,00";"19/04/2021";"20:13:19"
"13/11/2024";"10:55:11";2018;2;"Eleição Ordinária";297;"Eleições Gerais Estaduais 2018";"07/10/2018";"AM";"AM";"AMAZONAS";40000608146;3;12;"Casa";"#NULO#";"400000,00";"19/04/2021";"20:13:19"
"13/11/2024";"10:55:11";2018;2;"Eleição Ordinária";297;"Eleições Gerais Estaduais 2018";"07/10/2018";"AM";"AM";"AMAZONAS";40000608148;3;12;"Casa";"#NULO#";"150000,00";"19/04/2021";"20:13:19"
"13/11/2024";"10:55:11";2018;2;"Eleição Ordinária";297;"Eleições Gerais Estaduais 2018";"07/10/2018";"AM";"AM";"AMAZONAS";40000608148;7;21;"Veículo automotor terrestre: caminhão, automóvel, moto, etc.";"#NULO#";"60000,00";"19/04/2021";"20:13:19"
"13/11/2024";"10:55:11";2018;2;"Eleição Ordinária";297;"Eleições Gerais Estaduais 2018";"07/10/2018";"AM";"AM";"AMAZONAS";40000608156;1;21;"Veículo automotor terrestre: caminhão, automóvel, moto, etc.";"#NULO#";"44629,20";"19/04/2021";"20:13:19"
"13/11/2024";"10:55:11";2018;2;"Eleição Ordinária";297;"Eleições Gerais Estaduais 2018";"07/10/2018";"AM";"AM";"AMAZONAS";40000608156;2;21;"Veículo automotor terrestre: caminhão, automóvel, moto, etc.";"#NULO#";"14138,56";"19/04/2021";"20:13:19"
"13/11/2024";"10:55:11";2018;2;"Eleição Ordinária";297;"Eleições Gerais Estaduais 2018";"07/10/2018";"AM";"AM";"AMAZONAS";40000608157;1;21;"Veículo automotor terrestre: caminhão, automóvel, moto, etc.";"#NULO#";"36990,00";"19/04/2021";"20:13:19"
"13/11/2024";"10:55:11";2018;2;"Eleição Ordinária";297;"Eleições Gerais Estaduais 2018";"07/10/2018";"AM";"AM";"AMAZONAS";40000608157;2;21;"Veículo automotor terrestre: caminhão, automóvel, moto, etc.";"#NULO#";"36990,00";"19/04/2021";"20:13:19"
"13/11/2024";"10:55:11";2018;2;"Eleição Ordinária";297;"Eleições Gerais Estaduais 2018";"07/10/2018";"AM";"AM";"AMAZONAS";40000608157;8;21;"Veículo automotor terrestre: caminhão, automóvel, moto, etc.";"#NULO#";"59990,00";"19/04/2021";"20:13:19"
"13/11/2024";"10:55:11";2018;2;"Eleição Ordinária";297;"Eleições Gerais Estaduais 2018";"07/10/2018";"AM";"AM";"AMAZONAS";40000608157;10;21;"Veículo automotor terrestre: caminhão, automóvel, moto, etc.";"#NULO#";"48390,00";"19/04/2021";"20:13:19"
"13/11/2024";"10:55:11";2018;2;"Eleição Ordinária";297;"Eleições Gerais Estaduais 2018";"07/10/2018";"AM";"AM";"AMAZONAS";40000608163;1;21;"Veículo automotor terrestre: caminhão, automóvel, moto, etc.";"#NULO#";"10000,00";"19/04/2021";"20:13:12"
"13/11/2024";"10:55:11";2018;2;"Eleição Ordinária";297;"Eleições Gerais Estaduais 2018";"07/10/2018";"AM";"AM";"AMAZONAS";40000608165;1;12;"Casa";"#NULO#";"80000,00";"19/04/2021";"20:13:11"
"13/11/2024";"10:55:11";2018;2;"Eleição Ordinária";297;"Eleições Gerais Estaduais 2018";"07/10/2018";"AM";"AM";"AMAZONAS";40000608172;1;21;"Veículo automotor terrestre: caminhão, automóvel, moto, etc.";"#NULO#";"7000,00";"19/04/2021";"20:13:11"
"13/11/2024";"10:55:11";2018;2;"Eleição Ordinária";297;"Eleições Gerais Estaduais 2018";"07/10/2018";"AM";"AM";"AMAZONAS";40000608173;1;12;"Casa";"#NULO#";"250000,00";"19/04/2021";"20:13:11"
"13/11/2024";"10:55:11";2018;2;"Eleição Ordinária";297;"Eleições Gerais Estaduais 2018";"07/10/2018";"AM";"AM";"AMAZONAS";40000608173;2;21;"Veículo automotor terrestre: caminhão, automóvel, moto, etc.";"#NULO#";"15000,00";"19/04/2021";"20:13:11"
"13/11/2024";"10:55:11";2018;2;"Eleição Ordinária";297;"Eleições Gerais Estaduais 2018";"07/10/2018";"AM";"AM";"AMAZONAS";40000608174;2;21;"Veículo automotor terrestre: caminhão, automóvel, moto, etc.";"#NULO#";"10000,00";"19/04/2021";"20:13:11"
"13/11/2024";"10:55:11";2018;2;"Eleição Ordinária";297;"Eleições Gerais Estaduais 2018";"07/10/2018";"AM";"AM";"AMAZONAS";40000608174;3;21;"Veículo automotor terrestre: caminhão, automóvel, moto, etc.";"#NULO#";"30000,00";"19/04/2021";"20:13:11"
"13/11/2024";"10:55:11";2018;2;"Eleição Ordinária";297;"Eleições Gerais Estaduais 2018";"07/10/2018";"AM";"AM";"AMAZONAS";40000608175;1;21;"Veículo automotor terrestre: caminhão, automóvel, moto, etc.";"#NULO#";"8000,00";"19/04/2021";"20:13:12"
"13/11/2024";"10:55:11";2018;2;"Eleição Ordinária";297;"Eleições Gerais Estaduais 2018";"07/10/2018";"AM";"AM";"AMAZONAS";40000608206;1;12;"Casa";"1 casa situada na Rua Monte Horebe, 36 - Novo Israel";"150000,00";"19/04/2021";"20:13:15"
"13/11/2024";"10:55:11";2018;2;"Eleição Ordinária";297;"Eleições Gerais Estaduais 2018";"07/10/2018";"AM";"AM";"AMAZONAS";40000608206;2;12;"Casa";"1 casa de dois pisos, situada na Rua Monte Horebe, 36 C1 Novo Israel";"160000,00";"19/04/2021";"20:13:15"
"13/11/2024";"10:55:11";2018;2;"Eleição Ordinária";297;"Eleições Gerais Estaduais 2018";"07/10/2018";"AM";"AM";"AMAZONAS";40000608207;1;12;"Casa";"1 CASA NA RUA TERRA NOVA, 10 SÃO JOSÉ, REFORMA REALIZADA NO VALOR DE R$ 275.000,00";"500000,00";"19/04/2021";"20:13:15"
"13/11/2024";"10:55:11";2018;2;"Eleição Ordinária";297;"Eleições Gerais Estaduais 2018";"07/10/2018";"AM";"AM";"AMAZONAS";40000608208;1;12;"Casa";"1 casa na Rua Muan, 239 - Jorge Teixeira 4,  no terreno 8x27, medindo uma área total construída 216 metros quadrados com 2 quartos, 2 banheiros, 1 sala, 1 área de serviço, 1 cozinha.";"150000,00";"19/04/2021";"20:13:15"
"13/11/2024";"10:55:11";2018;2;"Eleição Ordinária";297;"Eleições Gerais Estaduais 2018";"07/10/2018";"AM";"AM";"AMAZONAS";40000608208;2;21;"Veículo automotor terrestre: caminhão, automóvel, moto, etc.";"1 carro modelo Prisma LT 2015, 1.0, Placa PHG 5148, Cor Branco";"30000,00";"19/04/2021";"20:13:15"
"13/11/2024";"10:55:11";2018;2;"Eleição Ordinária";297;"Eleições Gerais Estaduais 2018";"07/10/2018";"AM";"AM";"AMAZONAS";40000608208;3;21;"Veículo automotor terrestre: caminhão, automóvel, moto, etc.";"1 carro modelo Gran Siena Atractive, Ano 2013, 1.4, Placa OAC 5753, Cor Azul escuro";"15000,00";"19/04/2021";"20:13:15"
"13/11/2024";"10:55:11";2018;2;"Eleição Ordinária";297;"Eleições Gerais Estaduais 2018";"07/10/2018";"AM";"AM";"AMAZONAS";40000608210;1;12;"Casa";"01 casa situada à Rua Celso Machado, 36A Lot. Santa Cruz, Flores";"90000,00";"19/04/2021";"20:13:15"
"13/11/2024";"10:55:11";2018;2;"Eleição Ordinária";297;"Eleições Gerais Estaduais 2018";"07/10/2018";"AM";"AM";"AMAZONAS";40000608212;2;12;"Casa";"1 casa situada na Rua Almir Pedreira, 86 - Petrópolis, Manaus/AM ";"180000,00";"19/04/2021";"20:13:16"
"13/11/2024";"10:55:11";2018;2;"Eleição Ordinária";297;"Eleições Gerais Estaduais 2018";"07/10/2018";"AM";"AM";"AMAZONAS";40000608213;1;21;"Veículo automotor terrestre: caminhão, automóvel, moto, etc.";"1 moto marca yamanha, modelo FAZER, ano 2014, 150 cilindradas";"5000,00";"19/04/2021";"20:13:16"
"13/11/2024";"10:55:11";2018;2;"Eleição Ordinária";297;"Eleições Gerais Estaduais 2018";"07/10/2018";"AM";"AM";"AMAZONAS";40000608213;2;21;"Veículo automotor terrestre: caminhão, automóvel, moto, etc.";"1 lancha com motor 140 HP, 7x2.10";"45000,00";"19/04/2021";"20:13:16"
"13/11/2024";"10:55:11";2018;2;"Eleição Ordinária";297;"Eleições Gerais Estaduais 2018";"07/10/2018";"AM";"AM";"AMAZONAS";40000608213;3;12;"Casa";"1 casa, terreno 10x26";"45000,00";"19/04/2021";"20:13:16"
"13/11/2024";"10:55:11";2018;2;"Eleição Ordinária";297;"Eleições Gerais Estaduais 2018";"07/10/2018";"AM";"AM";"AMAZONAS";40000608214;1;21;"Veículo automotor terrestre: caminhão, automóvel, moto, etc.";"1 carro modelo Classic LIFE I/GM Ano 2009/2010 Combustível/Alcool/Gasolina, Cor Prata, Placa NOR 0648";"15000,00";"19/04/2021";"20:13:16"
"13/11/2024";"10:55:11";2018;2;"Eleição Ordinária";297;"Eleições Gerais Estaduais 2018";"07/10/2018";"AM";"AM";"AMAZONAS";40000608215;1;12;"Casa";"1 casa de madeira, contendo sala, quarto, cozinha, mede 4m largura por 5m de comprimento, área total terreno 8x25";"150000,00";"19/04/2021";"20:13:16"
"13/11/2024";"10:55:11";2018;2;"Eleição Ordinária";297;"Eleições Gerais Estaduais 2018";"07/10/2018";"AM";"AM";"AMAZONAS";40000608216;1;12;"Casa";"1 residência de 2 pisos no CD Parque dos Rios II, Casa 20, área 19x20: 4 suites, 1 garagem, 1 sala dois ambientes, 1 cozinha";"250000,00";"19/04/2021";"20:13:16"
"13/11/2024";"10:55:11";2018;2;"Eleição Ordinária";297;"Eleições Gerais Estaduais 2018";"07/10/2018";"AM";"AM";"AMAZONAS";40000608217;2;21;"Veículo automotor terrestre: caminhão, automóvel, moto, etc.";"LANCER 2.0 16V 160CV AUT. (GAS), ANO FAB/MOD 2011/2012, PLACA OAK 7716";"75000,00";"19/04/2021";"20:13:16"
"13/11/2024";"10:55:11";2018;2;"Eleição Ordinária";297;"Eleições Gerais Estaduais 2018";"07/10/2018";"AM";"AM";"AMAZONAS";40000608220;1;21;"Veículo automotor terrestre: caminhão, automóvel, moto, etc.";"1 veículo PAS/AUTOMOVEL/NÃO APLIC, ALCOOL/GASOLINA, CHEVROLET/ONIX 1.0 MT LS, ANO FAB 2015, ANO MOD 2016, VERMELHA PLACA PHH 0740";"30000,00";"19/04/2021";"20:13:16"
"13/11/2024";"10:55:11";2018;2;"Eleição Ordinária";297;"Eleições Gerais Estaduais 2018";"07/10/2018";"AM";"AM";"AMAZONAS";40000608223;3;21;"Veículo automotor terrestre: caminhão, automóvel, moto, etc.";"1 RENOW DAST BRANCO, FLEX  ";"30000,00";"19/04/2021";"20:13:16"
"13/11/2024";"10:55:11";2018;2;"Eleição Ordinária";297;"Eleições Gerais Estaduais 2018";"07/10/2018";"AM";"AM";"AMAZONAS";40000608224;1;12;"Casa";"1 casa situada Rua José Florencio Batista, 183 Petropolis";"250000,00";"19/04/2021";"20:13:16"
"13/11/2024";"10:55:11";2018;2;"Eleição Ordinária";297;"Eleições Gerais Estaduais 2018";"07/10/2018";"AM";"AM";"AMAZONAS";40000608224;2;21;"Veículo automotor terrestre: caminhão, automóvel, moto, etc.";"1 veículo kombi ano 2012/2012 RENAVAM 00406667608";"23900,00";"19/04/2021";"20:13:16"
"13/11/2024";"10:55:11";2018;2;"Eleição Ordinária";297;"Eleições Gerais Estaduais 2018";"07/10/2018";"AM";"AM";"AMAZONAS";40000608224;3;21;"Veículo automotor terrestre: caminhão, automóvel, moto, etc.";"1 automovel chevrolet SPIN, Ano 2012/2013, Financiado em 48 meses RENAVAM 00500662231";"39752,00";"19/04/2021";"20:13:16"
"13/11/2024";"10:55:11";2018;2;"Eleição Ordinária";297;"Eleições Gerais Estaduais 2018";"07/10/2018";"AM";"AM";"AMAZONAS";40000608224;4;21;"Veículo automotor terrestre: caminhão, automóvel, moto, etc.";"1 automovel FIAT Palio 2009";"20274,00";"19/04/2021";"20:13:16"
"13/11/2024";"10:55:11";2018;2;"Eleição Ordinária";297;"Eleições Gerais Estaduais 2018";"07/10/2018";"AM";"AM";"AMAZONAS";40000608225;1;12;"Casa";"CASA LOCALIZADA NO COND. EPHIGENIO SALLES, 2477, CASA 112, ALEIXO";"550000,00";"19/04/2021";"20:13:14"
"13/11/2024";"10:55:11";2018;2;"Eleição Ordinária";297;"Eleições Gerais Estaduais 2018";"07/10/2018";"AM";"AM";"AMAZONAS";40000608226;4;12;"Casa";"uma casa situada na Avenida Sumauma, Beco Sao Francisco, n. 24B Bairro Monte das Oliveiras, Manaus/AM";"70000,00";"19/04/2021";"20:13:14"
"13/11/2024";"10:55:11";2018;2;"Eleição Ordinária";297;"Eleições Gerais Estaduais 2018";"07/10/2018";"AM";"AM";"AMAZONAS";40000608226;5;21;"Veículo automotor terrestre: caminhão, automóvel, moto, etc.";"uma moto, Honda BIZ 125, cor preta, ano 2016, placa PHI-9903, Chassi 9C2JC4830GR006326";"7000,00";"19/04/2021";"20:13:14"
"13/11/2024";"10:55:11";2018;2;"Eleição Ordinária";297;"Eleições Gerais Estaduais 2018";"07/10/2018";"AM";"AM";"AMAZONAS";40000608228;1;12;"Casa";"uma casa adquirida atraves da CEF em abril/1993, cnpj 00.360.305/1302 37 situada Av Ajuricaba n 1187 Cachoeirinha, Liquidada na forma da Lei 10.150/2000, Art. 2., paragrafo 3..";"60000,00";"19/04/2021";"20:13:14"
"13/11/2024";"10:55:11";2018;2;"Eleição Ordinária";297;"Eleições Gerais Estaduais 2018";"07/10/2018";"AM";"AM";"AMAZONAS";40000608228;5;21;"Veículo automotor terrestre: caminhão, automóvel, moto, etc.";"adquirido junto martins import ltda CF NF 6776 em 27/10/2011, um veiculo tipo Sorento EX2 2.4 MOD 2011/2012 no valor R$ 124.000,00 com entrada de R$ 45.000,00 e r$ 18.000,00 em dinheiro o restante fin";"124000,00";"19/04/2021";"20:13:14"
"13/11/2024";"10:55:11";2018;2;"Eleição Ordinária";297;"Eleições Gerais Estaduais 2018";"07/10/2018";"AM";"AM";"AMAZONAS";40000608229;2;21;"Veículo automotor terrestre: caminhão, automóvel, moto, etc.";"moto modelo cros sporte pro/2007 quitada";"3000,00";"18/09/2018";"11:25:55"
"13/11/2024";"10:55:11";2018;2;"Eleição Ordinária";297;"Eleições Gerais Estaduais 2018";"07/10/2018";"AM";"AM";"AMAZONAS";40000608231;1;21;"Veículo automotor terrestre: caminhão, automóvel, moto, etc.";"automovel marca chevrolet modelo prisma 1.4 mt lt, fab/mod 2015/2016 preto placa adquirido da empresa pedragon cnpj 10.638915/000180 pelo valor r$ 49.980,00 FINANCIADO PELO BANCO BRADESCO ";"49980,00";"19/04/2021";"20:13:14"
"13/11/2024";"10:55:11";2018;2;"Eleição Ordinária";297;"Eleições Gerais Estaduais 2018";"07/10/2018";"AM";"AM";"AMAZONAS";40000608233;1;12;"Casa";"casa situada na rua governador jose lindoso, 2256 bairro mazzarello em manicore/am, por valor de r$ 102.000,00 sendo r$ 12000,00 a vista com recursos proprios e r$ 90.000,00 financiados pela caixa eco";"102000,00";"19/04/2021";"20:13:14"
"13/11/2024";"10:55:11";2018;2;"Eleição Ordinária";297;"Eleições Gerais Estaduais 2018";"07/10/2018";"AM";"AM";"AMAZONAS";40000608233;2;12;"Casa";"casa construida pelo valor de r$ 160.700,00, no terreno situado a rua quinze de junho, 131 bairro jurua, tefe/am, com valor a vista de recursos proprios de r$ 29.300,00, e mediante financiamento tomad";"160700,00";"19/04/2021";"20:13:14"
"13/11/2024";"10:55:11";2018;2;"Eleição Ordinária";297;"Eleições Gerais Estaduais 2018";"07/10/2018";"AM";"AM";"AMAZONAS";40000608233;4;12;"Casa";"casa localizada na rua amazonas, 43 bairro sao joao, tefe/am, adquirida pelo valor de r$ 75.000,00 em 28/08/2013";"75000,00";"19/04/2021";"20:13:14"
"13/11/2024";"10:55:11";2018;2;"Eleição Ordinária";297;"Eleições Gerais Estaduais 2018";"07/10/2018";"AM";"AM";"AMAZONAS";40000608233;5;21;"Veículo automotor terrestre: caminhão, automóvel, moto, etc.";"veiculo gm classic ano modelo 2011/2012 placa oac 3967, adquirido em 30/10/2014 pelo valor de r$ 22.300,00";"22300,00";"19/04/2021";"20:13:14"
"13/11/2024";"10:55:11";2018;2;"Eleição Ordinária";297;"Eleições Gerais Estaduais 2018";"07/10/2018";"AM";"AM";"AMAZONAS";40000608233;13;21;"Veículo automotor terrestre: caminhão, automóvel, moto, etc.";"veiculo pick up gm montana sport 2014/2014 em condominio com grazielle basselar da silva (conjuge) no valor de r$ 30.500,00";"30500,00";"19/04/2021";"20:13:14"
"13/11/2024";"10:55:11";2018;2;"Eleição Ordinária";297;"Eleições Gerais Estaduais 2018";"07/10/2018";"AM";"AM";"AMAZONAS";40000608235;2;21;"Veículo automotor terrestre: caminhão, automóvel, moto, etc.";"LOGAN";"32000,00";"19/04/2021";"20:13:14"
"13/11/2024";"10:55:11";2018;2;"Eleição Ordinária";297;"Eleições Gerais Estaduais 2018";"07/10/2018";"AM";"AM";"AMAZONAS";40000608236;1;21;"Veículo automotor terrestre: caminhão, automóvel, moto, etc.";"ONIX 1.4 MARCA CHEVROLET FAB 206 MOD 2017 BRANCO CHASSI 9BGKC48V0HG179012FLEX  ";"63990,00";"19/04/2021";"20:13:14"
"13/11/2024";"10:55:11";2018;2;"Eleição Ordinária";297;"Eleições Gerais Estaduais 2018";"07/10/2018";"AM";"AM";"AMAZONAS";40000608236;2;21;"Veículo automotor terrestre: caminhão, automóvel, moto, etc.";"NOVA SAVEIRO CS TL MBVS VOLKSWAGEN BRANCO FAB 2017 MOD 2017";"52600,00";"19/04/2021";"20:13:14"
"13/11/2024";"10:55:11";2018;2;"Eleição Ordinária";297;"Eleições Gerais Estaduais 2018";"07/10/2018";"AM";"AM";"AMAZONAS";40000608237;1;12;"Casa";"TERRENO COM 400 M2 E COM UMA EDIFICAÇÃO RESIDENCIAL DE 112 M2, LOCALIZADA EM RUA CHIBLY ABRAHIM 1293, JAUARI 2 CEP 69104334";"200000,00";"19/04/2021";"20:13:14"
"13/11/2024";"10:55:11";2018;2;"Eleição Ordinária";297;"Eleições Gerais Estaduais 2018";"07/10/2018";"AM";"AM";"AMAZONAS";40000608239;1;12;"Casa";"COM 04 SUÍTES, SALA DE JANTAR, COZINHA, ÁREA DE SERVIÇO, QUITANDA, PISCINA, ÁREA EXTERNA E CHURRASQUEIRAS, INSCRIÇÃO MUNICIPAL: 000129037, RUA ESTRELA DALVA, 07 - Q/5, CONJUNTO MORADA DO SOL - ALEIXO.";"1300000,00";"19/04/2021";"20:13:14"
"13/11/2024";"10:55:11";2018;2;"Eleição Ordinária";297;"Eleições Gerais Estaduais 2018";"07/10/2018";"AM";"AM";"AMAZONAS";40000608239;3;21;"Veículo automotor terrestre: caminhão, automóvel, moto, etc.";"CARRO NISSAN ALTIMA, COR PRATA 2014, PLACA NÚMERO NOP-9981, CHASSI 1N4CL3AP9EC139962";"62724,00";"19/04/2021";"20:13:14"
"13/11/2024";"10:55:11";2018;2;"Eleição Ordinária";297;"Eleições Gerais Estaduais 2018";"07/10/2018";"AM";"AM";"AMAZONAS";40000608243;1;12;"Casa";"imovel res. mat.17841 localizado na Av Torquato Tapajos n.. 6437 - Condominio Residencial Tapajos Rua Balaca - L 42 - Taruma, Adquirido de Felipe Bottino Menario - CPF. 055.540.557-05, no valor de R$ ";"454980,91";"19/04/2021";"20:13:05"
"13/11/2024";"10:55:11";2018;2;"Eleição Ordinária";297;"Eleições Gerais Estaduais 2018";"07/10/2018";"AM";"AM";"AMAZONAS";40000608248;4;21;"Veículo automotor terrestre: caminhão, automóvel, moto, etc.";"CARRO DA MARCA KIA SOUL, 2010/2011 QUITADO";"28000,00";"19/04/2021";"20:13:06"
"13/11/2024";"10:55:11";2018;2;"Eleição Ordinária";297;"Eleições Gerais Estaduais 2018";"07/10/2018";"AM";"AM";"AMAZONAS";40000608857;5;21;"Veículo automotor terrestre: caminhão, automóvel, moto, etc.";"#NULO#";"16000,00";"19/04/2021";"20:13:03"
"13/11/2024";"10:55:11";2018;2;"Eleição Ordinária";297;"Eleições Gerais Estaduais 2018";"07/10/2018";"AM";"AM";"AMAZONAS";40000608857;9;21;"Veículo automotor terrestre: caminhão, automóvel, moto, etc.";"#NULO#";"5800,00";"19/04/2021";"20:13:03"
"13/11/2024";"10:55:11";2018;2;"Eleição Ordinária";297;"Eleições Gerais Estaduais 2018";"07/10/2018";"AM";"AM";"AMAZONAS";40000608858;1;21;"Veículo automotor terrestre: caminhão, automóvel, moto, etc.";"#NULO#";"25000,00";"19/04/2021";"20:13:03"
"13/11/2024";"10:55:11";2018;2;"Eleição Ordinária";297;"Eleições Gerais Estaduais 2018";"07/10/2018";"AM";"AM";"AMAZONAS";40000608859;1;21;"Veículo automotor terrestre: caminhão, automóvel, moto, etc.";"#NULO#";"5000,00";"19/04/2021";"20:13:03"
"13/11/2024";"10:55:11";2018;2;"Eleição Ordinária";297;"Eleições Gerais Estaduais 2018";"07/10/2018";"AM";"AM";"AMAZONAS";40000608859;2;21;"Veículo automotor terrestre: caminhão, automóvel, moto, etc.";"#NULO#";"4000,00";"19/04/2021";"20:13:03"
"13/11/2024";"10:55:11";2018;2;"Eleição Ordinária";297;"Eleições Gerais Estaduais 2018";"07/10/2018";"AM";"AM";"AMAZONAS";40000608860;1;21;"Veículo automotor terrestre: caminhão, automóvel, moto, etc.";"#NULO#";"3000,00";"19/04/2021";"20:13:03"
"13/11/2024";"10:55:11";2018;2;"Eleição Ordinária";297;"Eleições Gerais Estaduais 2018";"07/10/2018";"AM";"AM";"AMAZONAS";40000608860;2;21;"Veículo automotor terrestre: caminhão, automóvel, moto, etc.";"#NULO#";"3000,00";"19/04/2021";"20:13:03"
"13/11/2024";"10:55:11";2018;2;"Eleição Ordinária";297;"Eleições Gerais Estaduais 2018";"07/10/2018";"AM";"AM";"AMAZONAS";40000608860;3;21;"Veículo automotor terrestre: caminhão, automóvel, moto, etc.";"#NULO#";"3000,00";"19/04/2021";"20:13:03"
"13/11/2024";"10:55:11";2018;2;"Eleição Ordinária";297;"Eleições Gerais Estaduais 2018";"07/10/2018";"AM";"AM";"AMAZONAS";40000608860;4;21;"Veículo automotor terrestre: caminhão, automóvel, moto, etc.";"#NULO#";"2000,00";"19/04/2021";"20:13:03"
"13/11/2024";"10:55:11";2018;2;"Eleição Ordinária";297;"Eleições Gerais Estaduais 2018";"07/10/2018";"AM";"AM";"AMAZONAS";40000608860;5;21;"Veículo automotor terrestre: caminhão, automóvel, moto, etc.";"#NULO#";"2000,00";"19/04/2021";"20:13:03"
"13/11/2024";"10:55:11";2018;2;"Eleição Ordinária";297;"Eleições Gerais Estaduais 2018";"07/10/2018";"AM";"AM";"AMAZONAS";40000608860;6;21;"Veículo automotor terrestre: caminhão, automóvel, moto, etc.";"#NULO#";"3500,00";"19/04/2021";"20:13:03"
"13/11/2024";"10:55:11";2018;2;"Eleição Ordinária";297;"Eleições Gerais Estaduais 2018";"07/10/2018";"AM";"AM";"AMAZONAS";40000608860;7;21;"Veículo automotor terrestre: caminhão, automóvel, moto, etc.";"#NULO#";"2000,00";"19/04/2021";"20:13:03"
"13/11/2024";"10:55:11";2018;2;"Eleição Ordinária";297;"Eleições Gerais Estaduais 2018";"07/10/2018";"AM";"AM";"AMAZONAS";40000608860;8;21;"Veículo automotor terrestre: caminhão, automóvel, moto, etc.";"#NULO#";"4000,00";"19/04/2021";"20:13:03"
"13/11/2024";"10:55:11";2018;2;"Eleição Ordinária";297;"Eleições Gerais Estaduais 2018";"07/10/2018";"AM";"AM";"AMAZONAS";40000608861;1;21;"Veículo automotor terrestre: caminhão, automóvel, moto, etc.";"#NULO#";"40000,00";"19/04/2021";"20:13:03"
"13/11/2024";"10:55:11";2018;2;"Eleição Ordinária";297;"Eleições Gerais Estaduais 2018";"07/10/2018";"AM";"AM";"AMAZONAS";40000608864;3;21;"Veículo automotor terrestre: caminhão, automóvel, moto, etc.";"#NULO#";"16384,00";"19/04/2021";"20:13:03"
"13/11/2024";"10:55:11";2018;2;"Eleição Ordinária";297;"Eleições Gerais Estaduais 2018";"07/10/2018";"AM";"AM";"AMAZONAS";40000608864;4;21;"Veículo automotor terrestre: caminhão, automóvel, moto, etc.";"#NULO#";"48455,68";"19/04/2021";"20:13:03"
"13/11/2024";"10:55:11";2018;2;"Eleição Ordinária";297;"Eleições Gerais Estaduais 2018";"07/10/2018";"AM";"AM";"AMAZONAS";40000608865;1;21;"Veículo automotor terrestre: caminhão, automóvel, moto, etc.";"#NULO#";"45000,00";"19/04/2021";"20:13:03"
"13/11/2024";"10:55:11";2018;2;"Eleição Ordinária";297;"Eleições Gerais Estaduais 2018";"07/10/2018";"AM";"AM";"AMAZONAS";40000608865;2;21;"Veículo automotor terrestre: caminhão, automóvel, moto, etc.";"#NULO#";"30000,00";"19/04/2021";"20:13:03"
"13/11/2024";"10:55:11";2018;2;"Eleição Ordinária";297;"Eleições Gerais Estaduais 2018";"07/10/2018";"AM";"AM";"AMAZONAS";40000608866;1;21;"Veículo automotor terrestre: caminhão, automóvel, moto, etc.";"#NULO#";"6000,00";"19/04/2021";"20:13:03"
"13/11/2024";"10:55:11";2018;2;"Eleição Ordinária";297;"Eleições Gerais Estaduais 2018";"07/10/2018";"AM";"AM";"AMAZONAS";40000608869;1;12;"Casa";"#NULO#";"100000,00";"19/04/2021";"20:13:03"
"13/11/2024";"10:55:11";2018;2;"Eleição Ordinária";297;"Eleições Gerais Estaduais 2018";"07/10/2018";"AM";"AM";"AMAZONAS";40000608869;2;21;"Veículo automotor terrestre: caminhão, automóvel, moto, etc.";"#NULO#";"6500,00";"19/04/2021";"20:13:03"
"13/11/2024";"10:55:11";2018;2;"Eleição Ordinária";297;"Eleições Gerais Estaduais 2018";"07/10/2018";"AM";"AM";"AMAZONAS";40000608869;3;21;"Veículo automotor terrestre: caminhão, automóvel, moto, etc.";"#NULO#";"159240,60";"19/04/2021";"20:13:03"
"13/11/2024";"10:55:11";2018;2;"Eleição Ordinária";297;"Eleições Gerais Estaduais 2018";"07/10/2018";"AM";"AM";"AMAZONAS";40000608875;1;12;"Casa";"#NULO#";"800000,00";"19/04/2021";"20:13:08"
"13/11/2024";"10:55:11";2018;2;"Eleição Ordinária";297;"Eleições Gerais Estaduais 2018";"07/10/2018";"AM";"AM";"AMAZONAS";40000608875;2;21;"Veículo automotor terrestre: caminhão, automóvel, moto, etc.";"#NULO#";"7000,00";"19/04/2021";"20:13:08"
"13/11/2024";"10:55:11";2018;2;"Eleição Ordinária";297;"Eleições Gerais Estaduais 2018";"07/10/2018";"AM";"AM";"AMAZONAS";40000608875;3;21;"Veículo automotor terrestre: caminhão, automóvel, moto, etc.";"#NULO#";"6000,00";"19/04/2021";"20:13:08"
"13/11/2024";"10:55:11";2018;2;"Eleição Ordinária";297;"Eleições Gerais Estaduais 2018";"07/10/2018";"AM";"AM";"AMAZONAS";40000608878;1;21;"Veículo automotor terrestre: caminhão, automóvel, moto, etc.";"#NULO#";"46518,00";"19/04/2021";"20:13:08"
"13/11/2024";"10:55:11";2018;2;"Eleição Ordinária";297;"Eleições Gerais Estaduais 2018";"07/10/2018";"AM";"AM";"AMAZONAS";40000608878;3;12;"Casa";"#NULO#";"40000,00";"19/04/2021";"20:13:08"
"13/11/2024";"10:55:11";2018;2;"Eleição Ordinária";297;"Eleições Gerais Estaduais 2018";"07/10/2018";"AM";"AM";"AMAZONAS";40000608882;5;12;"Casa";"#NULO#";"200000,00";"19/04/2021";"20:13:08"
"13/11/2024";"10:55:11";2018;2;"Eleição Ordinária";297;"Eleições Gerais Estaduais 2018";"07/10/2018";"AM";"AM";"AMAZONAS";40000608882;6;12;"Casa";"#NULO#";"150000,00";"19/04/2021";"20:13:08"
"13/11/2024";"10:55:11";2018;2;"Eleição Ordinária";297;"Eleições Gerais Estaduais 2018";"07/10/2018";"AM";"AM";"AMAZONAS";40000608882;9;12;"Casa";"#NULO#";"200000,00";"19/04/2021";"20:13:08"
"13/11/2024";"10:55:11";2018;2;"Eleição Ordinária";297;"Eleições Gerais Estaduais 2018";"07/10/2018";"AM";"AM";"AMAZONAS";40000608882;10;12;"Casa";"#NULO#";"350000,00";"19/04/2021";"20:13:08"
"13/11/2024";"10:55:11";2018;2;"Eleição Ordinária";297;"Eleições Gerais Estaduais 2018";"07/10/2018";"AM";"AM";"AMAZONAS";40000608882;12;12;"Casa";"#NULO#";"50000,00";"19/04/2021";"20:13:08"
"13/11/2024";"10:55:11";2018;2;"Eleição Ordinária";297;"Eleições Gerais Estaduais 2018";"07/10/2018";"AM";"AM";"AMAZONAS";40000608882;13;21;"Veículo automotor terrestre: caminhão, automóvel, moto, etc.";"#NULO#";"189000,00";"19/04/2021";"20:13:08"
"13/11/2024";"10:55:11";2018;2;"Eleição Ordinária";297;"Eleições Gerais Estaduais 2018";"07/10/2018";"AM";"AM";"AMAZONAS";40000608882;16;21;"Veículo automotor terrestre: caminhão, automóvel, moto, etc.";"#NULO#";"152673,12";"19/04/2021";"20:13:08"
"13/11/2024";"10:55:11";2018;2;"Eleição Ordinária";297;"Eleições Gerais Estaduais 2018";"07/10/2018";"AM";"AM";"AMAZONAS";40000608882;23;21;"Veículo automotor terrestre: caminhão, automóvel, moto, etc.";"#NULO#";"150000,00";"19/04/2021";"20:13:08"
"13/11/2024";"10:55:11";2018;2;"Eleição Ordinária";297;"Eleições Gerais Estaduais 2018";"07/10/2018";"AM";"AM";"AMAZONAS";40000608883;3;12;"Casa";"#NULO#";"600000,00";"19/04/2021";"20:13:08"
"13/11/2024";"10:55:11";2018;2;"Eleição Ordinária";297;"Eleições Gerais Estaduais 2018";"07/10/2018";"AM";"AM";"AMAZONAS";40000608883;4;21;"Veículo automotor terrestre: caminhão, automóvel, moto, etc.";"#NULO#";"29000,00";"19/04/2021";"20:13:08"
"13/11/2024";"10:55:11";2018;2;"Eleição Ordinária";297;"Eleições Gerais Estaduais 2018";"07/10/2018";"AM";"AM";"AMAZONAS";40000608887;6;21;"Veículo automotor terrestre: caminhão, automóvel, moto, etc.";"#NULO#";"83960,40";"19/04/2021";"20:13:08"
"13/11/2024";"10:55:11";2018;2;"Eleição Ordinária";297;"Eleições Gerais Estaduais 2018";"07/10/2018";"AM";"AM";"AMAZONAS";40000608888;1;12;"Casa";"#NULO#";"300000,00";"19/04/2021";"20:13:14"
"13/11/2024";"10:55:11";2018;2;"Eleição Ordinária";297;"Eleições Gerais Estaduais 2018";"07/10/2018";"AM";"AM";"AMAZONAS";40000608889;1;12;"Casa";"#NULO#";"300000,00";"19/04/2021";"20:13:14"
"13/11/2024";"10:55:11";2018;2;"Eleição Ordinária";297;"Eleições Gerais Estaduais 2018";"07/10/2018";"AM";"AM";"AMAZONAS";40000608889;2;12;"Casa";"#NULO#";"400000,00";"19/04/2021";"20:13:14"
"13/11/2024";"10:55:11";2018;2;"Eleição Ordinária";297;"Eleições Gerais Estaduais 2018";"07/10/2018";"AM";"AM";"AMAZONAS";40000608889;3;21;"Veículo automotor terrestre: caminhão, automóvel, moto, etc.";"#NULO#";"89600,00";"19/04/2021";"20:13:14"
"13/11/2024";"10:55:11";2018;2;"Eleição Ordinária";297;"Eleições Gerais Estaduais 2018";"07/10/2018";"AM";"AM";"AMAZONAS";40000608890;1;12;"Casa";"#NULO#";"250000,00";"19/04/2021";"20:13:14"
"13/11/2024";"10:55:11";2018;2;"Eleição Ordinária";297;"Eleições Gerais Estaduais 2018";"07/10/2018";"AM";"AM";"AMAZONAS";40000608892;1;12;"Casa";"#NULO#";"250000,00";"19/04/2021";"20:13:14"
"13/11/2024";"10:55:11";2018;2;"Eleição Ordinária";297;"Eleições Gerais Estaduais 2018";"07/10/2018";"AM";"AM";"AMAZONAS";40000608895;4;21;"Veículo automotor terrestre: caminhão, automóvel, moto, etc.";"#NULO#";"5000,00";"19/04/2021";"20:13:23"
"13/11/2024";"10:55:11";2018;2;"Eleição Ordinária";297;"Eleições Gerais Estaduais 2018";"07/10/2018";"AM";"AM";"AMAZONAS";40000608896;1;12;"Casa";"#NULO#";"86230,00";"19/04/2021";"20:13:23"
"13/11/2024";"10:55:11";2018;2;"Eleição Ordinária";297;"Eleições Gerais Estaduais 2018";"07/10/2018";"AM";"AM";"AMAZONAS";40000608896;2;21;"Veículo automotor terrestre: caminhão, automóvel, moto, etc.";"#NULO#";"28000,00";"19/04/2021";"20:13:23"
"13/11/2024";"10:55:11";2018;2;"Eleição Ordinária";297;"Eleições Gerais Estaduais 2018";"07/10/2018";"AM";"AM";"AMAZONAS";40000608897;1;21;"Veículo automotor terrestre: caminhão, automóvel, moto, etc.";"#NULO#";"40000,00";"19/04/2021";"20:13:22"
"13/11/2024";"10:55:11";2018;2;"Eleição Ordinária";297;"Eleições Gerais Estaduais 2018";"07/10/2018";"AM";"AM";"AMAZONAS";40000608897;2;12;"Casa";"#NULO#";"79000,00";"19/04/2021";"20:13:22"
"13/11/2024";"10:55:11";2018;2;"Eleição Ordinária";297;"Eleições Gerais Estaduais 2018";"07/10/2018";"AM";"AM";"AMAZONAS";40000608901;1;12;"Casa";"#NULO#";"210000,00";"19/04/2021";"20:13:22"
"13/11/2024";"10:55:11";2018;2;"Eleição Ordinária";297;"Eleições Gerais Estaduais 2018";"07/10/2018";"AM";"AM";"AMAZONAS";40000608901;3;21;"Veículo automotor terrestre: caminhão, automóvel, moto, etc.";"#NULO#";"43000,00";"19/04/2021";"20:13:22"
"13/11/2024";"10:55:11";2018;2;"Eleição Ordinária";297;"Eleições Gerais Estaduais 2018";"07/10/2018";"AM";"AM";"AMAZONAS";40000608902;2;21;"Veículo automotor terrestre: caminhão, automóvel, moto, etc.";"#NULO#";"66000,00";"19/04/2021";"20:13:25"
"13/11/2024";"10:55:11";2018;2;"Eleição Ordinária";297;"Eleições Gerais Estaduais 2018";"07/10/2018";"AM";"AM";"AMAZONAS";40000608902;6;21;"Veículo automotor terrestre: caminhão, automóvel, moto, etc.";"#NULO#";"103383,04";"19/04/2021";"20:13:25"
"13/11/2024";"10:55:11";2018;2;"Eleição Ordinária";297;"Eleições Gerais Estaduais 2018";"07/10/2018";"AM";"AM";"AMAZONAS";40000608902;7;21;"Veículo automotor terrestre: caminhão, automóvel, moto, etc.";"#NULO#";"175457,60";"19/04/2021";"20:13:25"
"13/11/2024";"10:55:11";2018;2;"Eleição Ordinária";297;"Eleições Gerais Estaduais 2018";"07/10/2018";"AM";"AM";"AMAZONAS";40000608902;8;21;"Veículo automotor terrestre: caminhão, automóvel, moto, etc.";"#NULO#";"77226,78";"19/04/2021";"20:13:25"
"13/11/2024";"10:55:11";2018;2;"Eleição Ordinária";297;"Eleições Gerais Estaduais 2018";"07/10/2018";"AM";"AM";"AMAZONAS";40000608902;10;12;"Casa";"#NULO#";"1074450,58";"19/04/2021";"20:13:25"
"13/11/2024";"10:55:11";2018;2;"Eleição Ordinária";297;"Eleições Gerais Estaduais 2018";"07/10/2018";"AM";"AM";"AMAZONAS";40000608905;2;21;"Veículo automotor terrestre: caminhão, automóvel, moto, etc.";"#NULO#";"116000,00";"19/04/2021";"20:13:23"
"13/11/2024";"10:55:11";2018;2;"Eleição Ordinária";297;"Eleições Gerais Estaduais 2018";"07/10/2018";"AM";"AM";"AMAZONAS";40000609239;1;21;"Veículo automotor terrestre: caminhão, automóvel, moto, etc.";"#NULO#";"4000,00";"19/04/2021";"20:13:17"
"13/11/2024";"10:55:11";2018;2;"Eleição Ordinária";297;"Eleições Gerais Estaduais 2018";"07/10/2018";"AM";"AM";"AMAZONAS";40000609240;10;21;"Veículo automotor terrestre: caminhão, automóvel, moto, etc.";"#NULO#";"39835,00";"19/04/2021";"20:13:17"
"13/11/2024";"10:55:11";2018;2;"Eleição Ordinária";297;"Eleições Gerais Estaduais 2018";"07/10/2018";"AM";"AM";"AMAZONAS";40000609241;1;12;"Casa";"#NULO#";"300000,00";"19/04/2021";"20:13:17"
"13/11/2024";"10:55:11";2018;2;"Eleição Ordinária";297;"Eleições Gerais Estaduais 2018";"07/10/2018";"AM";"AM";"AMAZONAS";40000609241;2;21;"Veículo automotor terrestre: caminhão, automóvel, moto, etc.";"#NULO#";"40000,00";"19/04/2021";"20:13:17"
"13/11/2024";"10:55:11";2018;2;"Eleição Ordinária";297;"Eleições Gerais Estaduais 2018";"07/10/2018";"AM";"AM";"AMAZONAS";40000609242;1;21;"Veículo automotor terrestre: caminhão, automóvel, moto, etc.";"PROPRIETARIO DA EMPRESA - FAUSTO VIEIRA DOS SANTOS JUNIOR EIRELI ME, COM CAPITAL SOCIAL NO VALOR R$ 300.000,00";"100000,00";"19/04/2021";"20:13:17"
"13/11/2024";"10:55:11";2018;2;"Eleição Ordinária";297;"Eleições Gerais Estaduais 2018";"07/10/2018";"AM";"AM";"AMAZONAS";40000609246;1;12;"Casa";"#NULO#";"55000,00";"19/04/2021";"20:13:17"
"13/11/2024";"10:55:11";2018;2;"Eleição Ordinária";297;"Eleições Gerais Estaduais 2018";"07/10/2018";"AM";"AM";"AMAZONAS";40000609250;1;21;"Veículo automotor terrestre: caminhão, automóvel, moto, etc.";"#NULO#";"21000,00";"19/04/2021";"20:13:17"
"13/11/2024";"10:55:11";2018;2;"Eleição Ordinária";297;"Eleições Gerais Estaduais 2018";"07/10/2018";"AM";"AM";"AMAZONAS";40000603706;14;61;"Depósito bancário em conta corrente no País";"#NULO#";"24976,00";"19/04/2021";"20:13:26"
"13/11/2024";"10:55:11";2018;2;"Eleição Ordinária";297;"Eleições Gerais Estaduais 2018";"07/10/2018";"AM";"AM";"AMAZONAS";40000603706;17;61;"Depósito bancário em conta corrente no País";"#NULO#";"154263,40";"19/04/2021";"20:13:26"
"13/11/2024";"10:55:11";2018;2;"Eleição Ordinária";297;"Eleições Gerais Estaduais 2018";"07/10/2018";"AM";"AM";"AMAZONAS";40000603707;5;61;"Depósito bancário em conta corrente no País";"#NULO#";"1360,57";"18/09/2018";"11:25:55"
"13/11/2024";"10:55:11";2018;2;"Eleição Ordinária";297;"Eleições Gerais Estaduais 2018";"07/10/2018";"AM";"AM";"AMAZONAS";40000603710;2;61;"Depósito bancário em conta corrente no País";"#NULO#";"5335,70";"19/04/2021";"20:13:26"
"13/11/2024";"10:55:11";2018;2;"Eleição Ordinária";297;"Eleições Gerais Estaduais 2018";"07/10/2018";"AM";"AM";"AMAZONAS";40000603710;4;61;"Depósito bancário em conta corrente no País";"#NULO#";"1572,29";"19/04/2021";"20:13:26"
"13/11/2024";"10:55:11";2018;2;"Eleição Ordinária";297;"Eleições Gerais Estaduais 2018";"07/10/2018";"AM";"AM";"AMAZONAS";40000608143;2;61;"Depósito bancário em conta corrente no País";"#NULO#";"58274,04";"19/04/2021";"20:13:19"
"13/11/2024";"10:55:11";2018;2;"Eleição Ordinária";297;"Eleições Gerais Estaduais 2018";"07/10/2018";"AM";"AM";"AMAZONAS";40000608146;5;61;"Depósito bancário em conta corrente no País";"#NULO#";"56604,47";"19/04/2021";"20:13:19"
"13/11/2024";"10:55:11";2018;2;"Eleição Ordinária";297;"Eleições Gerais Estaduais 2018";"07/10/2018";"AM";"AM";"AMAZONAS";40000608146;9;61;"Depósito bancário em conta corrente no País";"#NULO#";"24467,65";"19/04/2021";"20:13:19"
"13/11/2024";"10:55:11";2018;2;"Eleição Ordinária";297;"Eleições Gerais Estaduais 2018";"07/10/2018";"AM";"AM";"AMAZONAS";40000608157;7;61;"Depósito bancário em conta corrente no País";"#NULO#";"1,00";"19/04/2021";"20:13:19"
"13/11/2024";"10:55:11";2018;2;"Eleição Ordinária";297;"Eleições Gerais Estaduais 2018";"07/10/2018";"AM";"AM";"AMAZONAS";40000608228;6;61;"Depósito bancário em conta corrente no País";"conta corrente Banco do Brasil";"1410,63";"19/04/2021";"20:13:14"
"13/11/2024";"10:55:11";2018;2;"Eleição Ordinária";297;"Eleições Gerais Estaduais 2018";"07/10/2018";"AM";"AM";"AMAZONAS";40000608231;2;61;"Depósito bancário em conta corrente no País";"conta corrente Banco Bradesco S/A";"6544,48";"19/04/2021";"20:13:14"
"13/11/2024";"10:55:11";2018;2;"Eleição Ordinária";297;"Eleições Gerais Estaduais 2018";"07/10/2018";"AM";"AM";"AMAZONAS";40000608871;7;61;"Depósito bancário em conta corrente no País";"#NULO#";"2000000,00";"19/04/2021";"20:13:04"
"13/11/2024";"10:55:11";2018;2;"Eleição Ordinária";297;"Eleições Gerais Estaduais 2018";"07/10/2018";"AM";"AM";"AMAZONAS";40000608878;5;61;"Depósito bancário em conta corrente no País";"#NULO#";"3026,00";"19/04/2021";"20:13:08"
"13/11/2024";"10:55:11";2018;2;"Eleição Ordinária";297;"Eleições Gerais Estaduais 2018";"07/10/2018";"AM";"AM";"AMAZONAS";40000608878;6;61;"Depósito bancário em conta corrente no País";"#NULO#";"16502,11";"19/04/2021";"20:13:08"
"13/11/2024";"10:55:11";2018;2;"Eleição Ordinária";297;"Eleições Gerais Estaduais 2018";"07/10/2018";"AM";"AM";"AMAZONAS";40000608882;19;61;"Depósito bancário em conta corrente no País";"#NULO#";"16920,60";"19/04/2021";"20:13:08"
"13/11/2024";"10:55:11";2018;2;"Eleição Ordinária";297;"Eleições Gerais Estaduais 2018";"07/10/2018";"AM";"AM";"AMAZONAS";40000608882;20;61;"Depósito bancário em conta corrente no País";"#NULO#";"1,00";"19/04/2021";"20:13:08"
"13/11/2024";"10:55:11";2018;2;"Eleição Ordinária";297;"Eleições Gerais Estaduais 2018";"07/10/2018";"AM";"AM";"AMAZONAS";40000608887;5;61;"Depósito bancário em conta corrente no País";"#NULO#";"1,00";"19/04/2021";"20:13:08"
"13/11/2024";"10:55:11";2018;2;"Eleição Ordinária";297;"Eleições Gerais Estaduais 2018";"07/10/2018";"AM";"AM";"AMAZONAS";40000608887;7;61;"Depósito bancário em conta corrente no País";"#NULO#";"3019,05";"19/04/2021";"20:13:08"
"13/11/2024";"10:55:11";2018;2;"Eleição Ordinária";297;"Eleições Gerais Estaduais 2018";"07/10/2018";"AM";"AM";"AMAZONAS";40000608897;4;61;"Depósito bancário em conta corrente no País";"#NULO#";"11480,73";"19/04/2021";"20:13:22"
"13/11/2024";"10:55:11";2018;2;"Eleição Ordinária";297;"Eleições Gerais Estaduais 2018";"07/10/2018";"AM";"AM";"AMAZONAS";40000608897;5;61;"Depósito bancário em conta corrente no País";"#NULO#";"22078,12";"19/04/2021";"20:13:22"
"13/11/2024";"10:55:11";2018;2;"Eleição Ordinária";297;"Eleições Gerais Estaduais 2018";"07/10/2018";"AM";"AM";"AMAZONAS";40000608897;6;61;"Depósito bancário em conta corrente no País";"#NULO#";"26282,63";"19/04/2021";"20:13:22"
"13/11/2024";"10:55:11";2018;2;"Eleição Ordinária";297;"Eleições Gerais Estaduais 2018";"07/10/2018";"AM";"AM";"AMAZONAS";40000608902;12;61;"Depósito bancário em conta corrente no País";"#NULO#";"6811,43";"19/04/2021";"20:13:25"
"13/11/2024";"10:55:11";2018;2;"Eleição Ordinária";297;"Eleições Gerais Estaduais 2018";"07/10/2018";"AM";"AM";"AMAZONAS";40000609240;5;61;"Depósito bancário em conta corrente no País";"#NULO#";"141,63";"19/04/2021";"20:13:17"
"13/11/2024";"10:55:11";2018;2;"Eleição Ordinária";297;"Eleições Gerais Estaduais 2018";"07/10/2018";"AM";"AM";"AMAZONAS";40000609240;6;61;"Depósito bancário em conta corrente no País";"#NULO#";"171,41";"19/04/2021";"20:13:17"
"13/11/2024";"10:55:11";2018;2;"Eleição Ordinária";297;"Eleições Gerais Estaduais 2018";"07/10/2018";"AM";"AM";"AMAZONAS";40000609240;7;61;"Depósito bancário em conta corrente no País";"#NULO#";"4469,24";"19/04/2021";"20:13:17"
"13/11/2024";"10:55:11";2018;2;"Eleição Ordinária";297;"Eleições Gerais Estaduais 2018";"07/10/2018";"AM";"AM";"AMAZONAS";40000627725;10;64;"Dinheiro em espécie - moeda estrangeira";"#NULO#";"12,29";"19/04/2021";"20:13:26"
"13/11/2024";"10:55:11";2018;2;"Eleição Ordinária";297;"Eleições Gerais Estaduais 2018";"07/10/2018";"AM";"AM";"AMAZONAS";40000627725;11;64;"Dinheiro em espécie - moeda estrangeira";"#NULO#";"18,70";"19/04/2021";"20:13:26"
"13/11/2024";"10:55:11";2018;2;"Eleição Ordinária";297;"Eleições Gerais Estaduais 2018";"07/10/2018";"AM";"AM";"AMAZONAS";40000610435;5;64;"Dinheiro em espécie - moeda estrangeira";"#NULO#";"24000,00";"19/04/2021";"20:13:21"
"13/11/2024";"10:55:11";2018;2;"Eleição Ordinária";297;"Eleições Gerais Estaduais 2018";"07/10/2018";"AM";"AM";"AMAZONAS";40000618261;24;64;"Dinheiro em espécie - moeda estrangeira";"DINHEIRO EM ESPECIE (MOEDA ESTRANGEIRA).";"85182,13";"19/04/2021";"20:13:26"
"13/11/2024";"10:55:11";2018;2;"Eleição Ordinária";297;"Eleições Gerais Estaduais 2018";"07/10/2018";"AM";"AM";"AMAZONAS";40000618262;7;64;"Dinheiro em espécie - moeda estrangeira";"DINHEIRO EM ESPECIE (MOEDA ESTRANGEIRA).";"44293,68";"19/04/2021";"20:13:26"
"13/11/2024";"10:55:11";2018;2;"Eleição Ordinária";297;"Eleições Gerais Estaduais 2018";"07/10/2018";"AM";"AM";"AMAZONAS";40000610066;8;26;"Linha telefônica";"#NULO#";"600,00";"19/04/2021";"20:13:26"
"13/11/2024";"10:55:11";2018;2;"Eleição Ordinária";297;"Eleições Gerais Estaduais 2018";"07/10/2018";"AM";"AM";"AMAZONAS";40000608887;1;26;"Linha telefônica";"#NULO#";"398,60";"19/04/2021";"20:13:08"
"13/11/2024";"10:55:11";2018;2;"Eleição Ordinária";297;"Eleições Gerais Estaduais 2018";"07/10/2018";"AM";"AM";"AMAZONAS";40000608887;2;26;"Linha telefônica";"#NULO#";"398,60";"19/04/2021";"20:13:08"
"13/11/2024";"10:55:11";2018;2;"Eleição Ordinária";297;"Eleições Gerais Estaduais 2018";"07/10/2018";"AM";"AM";"AMAZONAS";40000608902;13;26;"Linha telefônica";"#NULO#";"1,00";"19/04/2021";"20:13:25"
"13/11/2024";"10:55:11";2018;2;"Eleição Ordinária";297;"Eleições Gerais Estaduais 2018";"07/10/2018";"AM";"AM";"AMAZONAS";40000609240;4;26;"Linha telefônica";"#NULO#";"400,00";"19/04/2021";"20:13:17"
"13/11/2024";"10:55:11";2018;2;"Eleição Ordinária";297;"Eleições Gerais Estaduais 2018";"07/10/2018";"AM";"AM";"AMAZONAS";40000623452;5;41;"Caderneta de poupança";"POUPANÇA BRADESCO AG. 3739 CONTA: 700-5";"3418,50";"19/04/2021";"20:13:15"
"13/11/2024";"10:55:11";2018;2;"Eleição Ordinária";297;"Eleições Gerais Estaduais 2018";"07/10/2018";"AM";"AM";"AMAZONAS";40000627703;4;41;"Caderneta de poupança";"#NULO#";"1796,71";"19/04/2021";"20:13:04"
"13/11/2024";"10:55:11";2018;2;"Eleição Ordinária";297;"Eleições Gerais Estaduais 2018";"07/10/2018";"AM";"AM";"AMAZONAS";40000627703;10;41;"Caderneta de poupança";"#NULO#";"5047,34";"19/04/2021";"20:13:04"
"13/11/2024";"10:55:11";2018;2;"Eleição Ordinária";297;"Eleições Gerais Estaduais 2018";"07/10/2018";"AM";"AM";"AMAZONAS";40000627725;4;41;"Caderneta de poupança";"#NULO#";"11094,10";"19/04/2021";"20:13:26"
"13/11/2024";"10:55:11";2018;2;"Eleição Ordinária";297;"Eleições Gerais Estaduais 2018";"07/10/2018";"AM";"AM";"AMAZONAS";40000627727;2;41;"Caderneta de poupança";"#NULO#";"9567,71";"19/04/2021";"20:13:25"
"13/11/2024";"10:55:11";2018;2;"Eleição Ordinária";297;"Eleições Gerais Estaduais 2018";"07/10/2018";"AM";"AM";"AMAZONAS";40000627734;3;41;"Caderneta de poupança";"#NULO#";"7,24";"18/09/2018";"11:25:55"
"13/11/2024";"10:55:11";2018;2;"Eleição Ordinária";297;"Eleições Gerais Estaduais 2018";"07/10/2018";"AM";"AM";"AMAZONAS";40000627734;4;41;"Caderneta de poupança";"#NULO#";"3,72";"18/09/2018";"11:25:55"
"13/11/2024";"10:55:11";2018;2;"Eleição Ordinária";297;"Eleições Gerais Estaduais 2018";"07/10/2018";"AM";"AM";"AMAZONAS";40000629602;2;41;"Caderneta de poupança";"#NULO#";"5628,20";"19/11/2021";"06:43:58"
"13/11/2024";"10:55:11";2018;2;"Eleição Ordinária";297;"Eleições Gerais Estaduais 2018";"07/10/2018";"AM";"AM";"AMAZONAS";40000609257;3;41;"Caderneta de poupança";"#NULO#";"17759,59";"19/04/2021";"20:13:18"
"13/11/2024";"10:55:11";2018;2;"Eleição Ordinária";297;"Eleições Gerais Estaduais 2018";"07/10/2018";"AM";"AM";"AMAZONAS";40000609257;4;41;"Caderneta de poupança";"#NULO#";"32788,46";"19/04/2021";"20:13:18"
"13/11/2024";"10:55:11";2018;2;"Eleição Ordinária";297;"Eleições Gerais Estaduais 2018";"07/10/2018";"AM";"AM";"AMAZONAS";40000610062;16;41;"Caderneta de poupança";"AGENCIA: 3736 CONTA:5774-6";"3384,89";"19/04/2021";"20:13:26"
"13/11/2024";"10:55:11";2018;2;"Eleição Ordinária";297;"Eleições Gerais Estaduais 2018";"07/10/2018";"AM";"AM";"AMAZONAS";40000610063;13;41;"Caderneta de poupança";"Saldo caderneta de Poupança BB estilo CNPJ: 00.000.000/5882-37 ";"7633,90";"19/04/2021";"20:13:26"
"13/11/2024";"10:55:11";2018;2;"Eleição Ordinária";297;"Eleições Gerais Estaduais 2018";"07/10/2018";"AM";"AM";"AMAZONAS";40000610067;13;59;"Outros créditos e poupança vinculados";"CHRISTINA PRADO MENDES DE MELO, CPF: 240.244.902-06 CF. CONTRATO FIRMADO EM DATA DE 19.12.2011 COM PRAZO DE VENCIMENTO DE 12 MESES ";"800000,00";"19/04/2021";"20:13:25"
"13/11/2024";"10:55:11";2018;2;"Eleição Ordinária";297;"Eleições Gerais Estaduais 2018";"07/10/2018";"AM";"AM";"AMAZONAS";40000610067;20;41;"Caderneta de poupança";"CADERNETA DE POUPANÇA BANCO BRADESCO S/A AGÊNCIA 3711 CONTA CORRENTE 17613-3";"163435,64";"19/04/2021";"20:13:25"
"13/11/2024";"10:55:11";2018;2;"Eleição Ordinária";297;"Eleições Gerais Estaduais 2018";"07/10/2018";"AM";"AM";"AMAZONAS";40000610067;30;59;"Outros créditos e poupança vinculados";"SALDO A RECEBER REF. PAGAMENTO DE DIVIDAS DO ESPÓLIO DE TARCILA PRADO DE NEGREIRO MENDES                        ";"75732,72";"19/04/2021";"20:13:25"
"13/11/2024";"10:55:11";2018;2;"Eleição Ordinária";297;"Eleições Gerais Estaduais 2018";"07/10/2018";"AM";"AM";"AMAZONAS";40000610344;1;41;"Caderneta de poupança";"BANCO BRADESCO S.A CNPJ: 60.746.948/0001-12 CONTA POUPANÇA. AGÊNCIA: 3711 CONTA: 34381-1";"1586,82";"19/04/2021";"20:13:24"
"13/11/2024";"10:55:11";2018;2;"Eleição Ordinária";297;"Eleições Gerais Estaduais 2018";"07/10/2018";"AM";"AM";"AMAZONAS";40000610347;1;41;"Caderneta de poupança";"CAIXA ECONOMICA FEDERAL AGÊNCIA 1300-5 CONTA POUPANÇA 013.000771762.8. CNPJ: 00.360.305/0001-04 ";"24372,05";"19/04/2021";"20:13:24"
"13/11/2024";"10:55:11";2018;2;"Eleição Ordinária";297;"Eleições Gerais Estaduais 2018";"07/10/2018";"AM";"AM";"AMAZONAS";40000610348;1;41;"Caderneta de poupança";"POUPANÇA NA CAIXA ECONÔMICA FEDERAL, AG VITÓRIA RÉGIA (0020), CONTA 325240-0. CNPJ: 00.360.305/0001-04";"10619,49";"19/04/2021";"20:13:24"
"13/11/2024";"10:55:11";2018;2;"Eleição Ordinária";297;"Eleições Gerais Estaduais 2018";"07/10/2018";"AM";"AM";"AMAZONAS";40000610338;6;41;"Caderneta de poupança";"#NULO#";"191291,99";"19/04/2021";"20:13:06"
"13/11/2024";"10:55:11";2018;2;"Eleição Ordinária";297;"Eleições Gerais Estaduais 2018";"07/10/2018";"AM";"AM";"AMAZONAS";40000610391;1;41;"Caderneta de poupança";"Saldo conta poupança salario Banco: Itau Ag: 2460 C/P: 01807-3";"4754,02";"19/04/2021";"20:13:25"
"13/11/2024";"10:55:11";2018;2;"Eleição Ordinária";297;"Eleições Gerais Estaduais 2018";"07/10/2018";"AM";"AM";"AMAZONAS";40000610393;15;41;"Caderneta de poupança";"SALDO EM CADERNETA DE POUPANÇA EM NOME DE ANA LEONARDA TOMAZ CASTRO ANDRADE";"2961,54";"19/04/2021";"20:13:26"
"13/11/2024";"10:55:11";2018;2;"Eleição Ordinária";297;"Eleições Gerais Estaduais 2018";"07/10/2018";"AM";"AM";"AMAZONAS";40000610393;1;41;"Caderneta de poupança";"SALDO EM CONTA, N. 0011425, BRADESCO, AG. 938, TRANSFORMADA EM CONTA POUPANÇA";"9551,62";"19/04/2021";"20:13:26"
"13/11/2024";"10:55:11";2018;2;"Eleição Ordinária";297;"Eleições Gerais Estaduais 2018";"07/10/2018";"AM";"AM";"AMAZONAS";40000610393;11;41;"Caderneta de poupança";"SALDO EM CADERNETA DE POUPANÇA NO BRADESCO, 3724, CONTA 500041-6, CNPJ 607469480001-12";"1908,44";"19/04/2021";"20:13:26"
"13/11/2024";"10:55:11";2018;2;"Eleição Ordinária";297;"Eleições Gerais Estaduais 2018";"07/10/2018";"AM";"AM";"AMAZONAS";40000610393;12;41;"Caderneta de poupança";"SALDO EM CADERNETA DE POUPANÇA ¿ BRADESCO, AG. 3724, CONTA 500044-0, CNPJ 607469480001-12";"387,72";"19/04/2021";"20:13:26"
"13/11/2024";"10:55:11";2018;2;"Eleição Ordinária";297;"Eleições Gerais Estaduais 2018";"07/10/2018";"AM";"AM";"AMAZONAS";40000610395;4;41;"Caderneta de poupança";"#NULO#";"23621,23";"19/04/2021";"20:13:26"
"13/11/2024";"10:55:11";2018;2;"Eleição Ordinária";297;"Eleições Gerais Estaduais 2018";"07/10/2018";"AM";"AM";"AMAZONAS";40000610405;4;41;"Caderneta de poupança";"#NULO#";"80721,00";"19/04/2021";"20:13:21"
"13/11/2024";"10:55:11";2018;2;"Eleição Ordinária";297;"Eleições Gerais Estaduais 2018";"07/10/2018";"AM";"AM";"AMAZONAS";40000610416;5;41;"Caderneta de poupança";"#NULO#";"55887,47";"19/04/2021";"20:13:25"
"13/11/2024";"10:55:11";2018;2;"Eleição Ordinária";297;"Eleições Gerais Estaduais 2018";"07/10/2018";"AM";"AM";"AMAZONAS";40000610429;5;41;"Caderneta de poupança";"Poupança e Aplicações José Ricardo Wendling- CEF, Thiago José Madeira Wendling-CEF, José Ricardo Wendling-BRADESCO";"108033,00";"19/04/2021";"20:13:24"
"13/11/2024";"10:55:11";2018;2;"Eleição Ordinária";297;"Eleições Gerais Estaduais 2018";"07/10/2018";"AM";"AM";"AMAZONAS";40000610429;10;41;"Caderneta de poupança";"Herança Cristiane Socorro K.M Wendling (esposa) poupança-CEF";"359057,00";"19/04/2021";"20:13:24"
"13/11/2024";"10:55:11";2018;2;"Eleição Ordinária";297;"Eleições Gerais Estaduais 2018";"07/10/2018";"AM";"AM";"AMAZONAS";40000612643;2;41;"Caderneta de poupança";"SALDO CONTA CORRENTE BANCO BRADESCO AG 3710 CONTA 8177-9";"23648,11";"19/04/2021";"20:13:14"
"13/11/2024";"10:55:11";2018;2;"Eleição Ordinária";297;"Eleições Gerais Estaduais 2018";"07/10/2018";"AM";"AM";"AMAZONAS";40000612643;5;41;"Caderneta de poupança";"SALDO EM CARDENETA DE POUPANÇA BRADESCO ";"1524,68";"19/04/2021";"20:13:14"
"13/11/2024";"10:55:11";2018;2;"Eleição Ordinária";297;"Eleições Gerais Estaduais 2018";"07/10/2018";"AM";"AM";"AMAZONAS";40000612665;11;41;"Caderneta de poupança";"BRADESCO CNPJ 60.746.948/0001-12 AG 1374 CONTA 3697";"1846,59";"19/04/2021";"20:13:14"
"13/11/2024";"10:55:11";2018;2;"Eleição Ordinária";297;"Eleições Gerais Estaduais 2018";"07/10/2018";"AM";"AM";"AMAZONAS";40000612665;12;41;"Caderneta de poupança";"BRADESCO CNPJ 60.7469480001-12 AG 3711 CONTA 9628";"31435,49";"19/04/2021";"20:13:14"
"13/11/2024";"10:55:11";2018;2;"Eleição Ordinária";297;"Eleições Gerais Estaduais 2018";"07/10/2018";"AM";"AM";"AMAZONAS";40000617486;2;41;"Caderneta de poupança";"BANCO ITAU UNIBANCO S.A CNPJ N. 60.701.190/0001-04 - CONTA DE POUPANÇA BANCO ITAU AG. 1557/007661";"12933,08";"19/04/2021";"20:13:09"
"13/11/2024";"10:55:11";2018;2;"Eleição Ordinária";297;"Eleições Gerais Estaduais 2018";"07/10/2018";"AM";"AM";"AMAZONAS";40000617509;2;59;"Outros créditos e poupança vinculados";"Conta Poupança: 17.338-X, Ag: 3479-7, Banco do Brasil";"15121,62";"19/04/2021";"20:13:13"
"13/11/2024";"10:55:11";2018;2;"Eleição Ordinária";297;"Eleições Gerais Estaduais 2018";"07/10/2018";"AM";"AM";"AMAZONAS";40000618261;20;41;"Caderneta de poupança";"SALDO EM CADERNETA DE POUPANCA - BANCO BRADESCO S.A. - CNPJ: 60.746.948/0001-12";"190,52";"19/04/2021";"20:13:26"
"13/11/2024";"10:55:11";2018;2;"Eleição Ordinária";297;"Eleições Gerais Estaduais 2018";"07/10/2018";"AM";"AM";"AMAZONAS";40000618261;21;41;"Caderneta de poupança";"SALDO EM CADERNETA DE POUPANCA - BANCO SAFRA S/A. - CNPJ: 58.160.789/0001-28";"232,75";"19/04/2021";"20:13:26"
"13/11/2024";"10:55:11";2018;2;"Eleição Ordinária";297;"Eleições Gerais Estaduais 2018";"07/10/2018";"AM";"AM";"AMAZONAS";40000618262;6;41;"Caderneta de poupança";"SALDO EM CADERNETA DE POUPANCA NO BANCO BRADESCO S.A. 105 ¿ Brasil - CNPJ: 60.746.948/0001-12 -  Conta: 742-0";"190,52";"19/04/2021";"20:13:26"
"13/11/2024";"10:55:11";2018;2;"Eleição Ordinária";297;"Eleições Gerais Estaduais 2018";"07/10/2018";"AM";"AM";"AMAZONAS";40000618263;7;41;"Caderneta de poupança";"POUPANCA CAIXA Agencia 1457 Conta n. 013.00064573.7";"313,70";"19/04/2021";"20:13:26"
"13/11/2024";"10:55:11";2018;2;"Eleição Ordinária";297;"Eleições Gerais Estaduais 2018";"07/10/2018";"AM";"AM";"AMAZONAS";40000618263;16;41;"Caderneta de poupança";"CADERNETA DE POUPANCA BRADESCO Agencia 3053, CP números 400.023-4, 400.102-8 E 400.103-5";"72,82";"19/04/2021";"20:13:26"
"13/11/2024";"10:55:11";2018;2;"Eleição Ordinária";297;"Eleições Gerais Estaduais 2018";"07/10/2018";"AM";"AM";"AMAZONAS";40000618263;21;41;"Caderneta de poupança";"CADERNETA DE POUPANCA ITAU";"8443,82";"19/04/2021";"20:13:26"
"13/11/2024";"10:55:11";2018;2;"Eleição Ordinária";297;"Eleições Gerais Estaduais 2018";"07/10/2018";"AM";"AM";"AMAZONAS";40000618273;10;41;"Caderneta de poupança";"#NULO#";"6751,07";"19/04/2021";"20:13:12"
"13/11/2024";"10:55:11";2018;2;"Eleição Ordinária";297;"Eleições Gerais Estaduais 2018";"07/10/2018";"AM";"AM";"AMAZONAS";40000618290;3;41;"Caderneta de poupança";"#NULO#";"1000,00";"19/04/2021";"20:13:09"
"13/11/2024";"10:55:11";2018;2;"Eleição Ordinária";297;"Eleições Gerais Estaduais 2018";"07/10/2018";"AM";"AM";"AMAZONAS";40000602415;7;41;"Caderneta de poupança";"1 conta poupança no banco Banco do Brasil, com a quantia depositada de 480.188,66";"480188,66";"19/04/2021";"20:13:22"
"13/11/2024";"10:55:11";2018;2;"Eleição Ordinária";297;"Eleições Gerais Estaduais 2018";"07/10/2018";"AM";"AM";"AMAZONAS";40000602415;8;41;"Caderneta de poupança";"1 conta poupança no banco Caixa Econômica Federal, com a quantia depositada de 230.062,61.";"230062,61";"19/04/2021";"20:13:22"
"13/11/2024";"10:55:11";2018;2;"Eleição Ordinária";297;"Eleições Gerais Estaduais 2018";"07/10/2018";"AM";"AM";"AMAZONAS";40000604138;5;41;"Caderneta de poupança";"Conta poupança Bradesco";"5628,20";"18/09/2018";"11:25:55"
"13/11/2024";"10:55:11";2018;2;"Eleição Ordinária";297;"Eleições Gerais Estaduais 2018";"07/10/2018";"AM";"AM";"AMAZONAS";40000608157;3;41;"Caderneta de poupança";"#NULO#";"16,55";"19/04/2021";"20:13:19"
"13/11/2024";"10:55:11";2018;2;"Eleição Ordinária";297;"Eleições Gerais Estaduais 2018";"07/10/2018";"AM";"AM";"AMAZONAS";40000608157;4;41;"Caderneta de poupança";"#NULO#";"33,24";"19/04/2021";"20:13:19"
"13/11/2024";"10:55:11";2018;2;"Eleição Ordinária";297;"Eleições Gerais Estaduais 2018";"07/10/2018";"AM";"AM";"AMAZONAS";40000608157;5;41;"Caderneta de poupança";"#NULO#";"66,07";"19/04/2021";"20:13:19"
"13/11/2024";"10:55:11";2018;2;"Eleição Ordinária";297;"Eleições Gerais Estaduais 2018";"07/10/2018";"AM";"AM";"AMAZONAS";40000608207;7;41;"Caderneta de poupança";"SALDO EM CADERNETA DE POUPANÇA BRADESCO";"21276,78";"19/04/2021";"20:13:15"
"13/11/2024";"10:55:11";2018;2;"Eleição Ordinária";297;"Eleições Gerais Estaduais 2018";"07/10/2018";"AM";"AM";"AMAZONAS";40000608228;4;41;"Caderneta de poupança";"poupança junto a CEF";"737,90";"19/04/2021";"20:13:14"
"13/11/2024";"10:55:11";2018;2;"Eleição Ordinária";297;"Eleições Gerais Estaduais 2018";"07/10/2018";"AM";"AM";"AMAZONAS";40000608873;1;41;"Caderneta de poupança";"#NULO#";"0,01";"19/04/2021";"20:13:08"
"13/11/2024";"10:55:11";2018;2;"Eleição Ordinária";297;"Eleições Gerais Estaduais 2018";"07/10/2018";"AM";"AM";"AMAZONAS";40000608880;1;41;"Caderneta de poupança";"#NULO#";"100,28";"19/04/2021";"20:13:08"
"13/11/2024";"10:55:11";2018;2;"Eleição Ordinária";297;"Eleições Gerais Estaduais 2018";"07/10/2018";"AM";"AM";"AMAZONAS";40000608882;17;41;"Caderneta de poupança";"#NULO#";"14,55";"19/04/2021";"20:13:08"
"13/11/2024";"10:55:11";2018;2;"Eleição Ordinária";297;"Eleições Gerais Estaduais 2018";"07/10/2018";"AM";"AM";"AMAZONAS";40000608882;18;41;"Caderneta de poupança";"#NULO#";"14,23";"19/04/2021";"20:13:08"
"13/11/2024";"10:55:11";2018;2;"Eleição Ordinária";297;"Eleições Gerais Estaduais 2018";"07/10/2018";"AM";"AM";"AMAZONAS";40000608887;4;41;"Caderneta de poupança";"#NULO#";"66,04";"19/04/2021";"20:13:08"
"13/11/2024";"10:55:11";2018;2;"Eleição Ordinária";297;"Eleições Gerais Estaduais 2018";"07/10/2018";"AM";"AM";"AMAZONAS";40000608887;10;41;"Caderneta de poupança";"#NULO#";"876,86";"19/04/2021";"20:13:08"
"13/11/2024";"10:55:11";2018;2;"Eleição Ordinária";297;"Eleições Gerais Estaduais 2018";"07/10/2018";"AM";"AM";"AMAZONAS";40000608895;3;59;"Outros créditos e poupança vinculados";"#NULO#";"3819,25";"19/04/2021";"20:13:23"
"13/11/2024";"10:55:11";2018;2;"Eleição Ordinária";297;"Eleições Gerais Estaduais 2018";"07/10/2018";"AM";"AM";"AMAZONAS";40000608902;1;41;"Caderneta de poupança";"#NULO#";"362,74";"19/04/2021";"20:13:25"
"13/11/2024";"10:55:11";2018;2;"Eleição Ordinária";297;"Eleições Gerais Estaduais 2018";"07/10/2018";"AM";"AM";"AMAZONAS";40000608902;3;41;"Caderneta de poupança";"#NULO#";"3991,74";"19/04/2021";"20:13:25"
"13/11/2024";"10:55:11";2018;2;"Eleição Ordinária";297;"Eleições Gerais Estaduais 2018";"07/10/2018";"AM";"AM";"AMAZONAS";40000628198;2;99;"OUTROS BENS E DIREITOS";"#NULO#";"150000,00";"19/04/2021";"20:13:06"
"13/11/2024";"10:55:11";2018;2;"Eleição Ordinária";297;"Eleições Gerais Estaduais 2018";"07/10/2018";"AM";"AM";"AMAZONAS";40000629573;2;99;"OUTROS BENS E DIREITOS";"#NULO#";"1093,29";"19/04/2021";"20:13:06"
"13/11/2024";"10:55:11";2018;2;"Eleição Ordinária";297;"Eleições Gerais Estaduais 2018";"07/10/2018";"AM";"AM";"AMAZONAS";40000610063;2;99;"OUTROS BENS E DIREITOS";"Dinheiro em especie ";"22000,00";"19/04/2021";"20:13:26"
"13/11/2024";"10:55:11";2018;2;"Eleição Ordinária";297;"Eleições Gerais Estaduais 2018";"07/10/2018";"AM";"AM";"AMAZONAS";40000610067;14;99;"OUTROS BENS E DIREITOS";"MAN MODELO D2868 LE V8-1200HP, 8 CILINDROS V, COM TODOS SEUS PERTENCES, CHASSI 6402712807, MOTOLR 5007446";"298500,00";"19/04/2021";"20:13:25"
"13/11/2024";"10:55:11";2018;2;"Eleição Ordinária";297;"Eleições Gerais Estaduais 2018";"07/10/2018";"AM";"AM";"AMAZONAS";40000610326;2;99;"OUTROS BENS E DIREITOS";"PROPRIETARIO DA EMPRESA MILTINHO CASTRO DA SILVA CNPJ N 22.441.449-0001-28";"1500,00";"19/04/2021";"20:13:06"
"13/11/2024";"10:55:11";2018;2;"Eleição Ordinária";297;"Eleições Gerais Estaduais 2018";"07/10/2018";"AM";"AM";"AMAZONAS";40000610393;3;99;"OUTROS BENS E DIREITOS";"14 RESES BOVINAS NO MUNICÍPIO DE ENVIRA-AM";"10000,00";"19/04/2021";"20:13:26"
"13/11/2024";"10:55:11";2018;2;"Eleição Ordinária";297;"Eleições Gerais Estaduais 2018";"07/10/2018";"AM";"AM";"AMAZONAS";40000612643;1;99;"OUTROS BENS E DIREITOS";"CARTAO PRE PAGO VTM BB";"283,52";"19/04/2021";"20:13:14"
"13/11/2024";"10:55:11";2018;2;"Eleição Ordinária";297;"Eleições Gerais Estaduais 2018";"07/10/2018";"AM";"AM";"AMAZONAS";40000612665;8;99;"OUTROS BENS E DIREITOS";"CONSTRUÇÕES DE CASAS LOTE15 SITIO RUA NAIDE LINS GLEBA LINS ACESSO AV NILTON LINS DOADO AOS FILHOS.";"1500000,00";"19/04/2021";"20:13:14"
"13/11/2024";"10:55:11";2018;2;"Eleição Ordinária";297;"Eleições Gerais Estaduais 2018";"07/10/2018";"AM";"AM";"AMAZONAS";40000617488;4;99;"OUTROS BENS E DIREITOS";"UM EQUIPAMENTO DE SOM PARA PROPAGANDA VOLANTE";"3000,00";"19/04/2021";"20:13:10"
"13/11/2024";"10:55:11";2018;2;"Eleição Ordinária";297;"Eleições Gerais Estaduais 2018";"07/10/2018";"AM";"AM";"AMAZONAS";40000617488;5;99;"OUTROS BENS E DIREITOS";"UMA CAIXA DE SOM AMPLIFICADA JBL";"1329,00";"19/04/2021";"20:13:10"
"13/11/2024";"10:55:11";2018;2;"Eleição Ordinária";297;"Eleições Gerais Estaduais 2018";"07/10/2018";"AM";"AM";"AMAZONAS";40000617494;8;99;"OUTROS BENS E DIREITOS";"DIREITO A RECEBER DO SENHOR ADRIANO DE AZEVEDO BARRETO, REFERENTE A VENDA DE UM APARTAMENTO TIPO-A-508, LOCALIZADO NO CONDOMÍNIO LARANJEIRAS VILLAGE.";"95999,96";"19/04/2021";"20:13:10"
"13/11/2024";"10:55:11";2018;2;"Eleição Ordinária";297;"Eleições Gerais Estaduais 2018";"07/10/2018";"AM";"AM";"AMAZONAS";40000617654;1;99;"OUTROS BENS E DIREITOS";"#NULO#";"9000,00";"18/09/2018";"11:25:55"
"13/11/2024";"10:55:11";2018;2;"Eleição Ordinária";297;"Eleições Gerais Estaduais 2018";"07/10/2018";"AM";"AM";"AMAZONAS";40000618263;19;99;"OUTROS BENS E DIREITOS";"TITULO DE PROPRIEDADE UMA COTA DE TIMESHARE VACATION VILLAGE AT PARKWAY RESORT ORLANDO-FL ASSINALADO PELA UNIDADE DE SEMANA 43 DA UNIDADE 18301 POR ANO, ADQUIRIDO EM 20 DE ABRIL DE 2009 NO VALOR DE $1";"52657,12";"19/04/2021";"20:13:26"
"13/11/2024";"10:55:11";2018;2;"Eleição Ordinária";297;"Eleições Gerais Estaduais 2018";"07/10/2018";"AM";"AM";"AMAZONAS";40000618981;12;99;"OUTROS BENS E DIREITOS";"UMA CAMERA MODELO AG AC 60AP SERIA -G2TDA0459, EM SEGUNDA MÃO, ADQUIRIDA DE MARIGILDO SMITH MARTINS, CPF 441.802.332-15";"10000,00";"19/04/2021";"20:13:12"
"13/11/2024";"10:55:11";2018;2;"Eleição Ordinária";297;"Eleições Gerais Estaduais 2018";"07/10/2018";"AM";"AM";"AMAZONAS";40000618981;13;99;"OUTROS BENS E DIREITOS";"COMPUTADOR PARA EDIÇÃO DE IMAGENS ADQUIRIDO NA INFO ESTORE COMPUTADORES DA AMAZONIA LTDA. CNPJ02.337.524/0007-93, EM 29.06.2017, REF 33313 SÉRIE 601, DATA DA EMISSÃO 29/06/2017";"8746,00";"19/04/2021";"20:13:12"
"13/11/2024";"10:55:11";2018;2;"Eleição Ordinária";297;"Eleições Gerais Estaduais 2018";"07/10/2018";"AM";"AM";"AMAZONAS";40000608207;4;99;"OUTROS BENS E DIREITOS";"DIREITO SOBRE A UNIDADE 705 DO BLUE TREE TOWER ADQUIRIDO EM FEVEREIRO DE 2008";"119000,00";"19/04/2021";"20:13:15"
"13/11/2024";"10:55:11";2018;2;"Eleição Ordinária";297;"Eleições Gerais Estaduais 2018";"07/10/2018";"AM";"AM";"AMAZONAS";40000608871;11;99;"OUTROS BENS E DIREITOS";"#NULO#";"1000000,00";"19/04/2021";"20:13:04"
"13/11/2024";"10:55:11";2018;2;"Eleição Ordinária";297;"Eleições Gerais Estaduais 2018";"07/10/2018";"AM";"AM";"AMAZONAS";40000608871;14;99;"OUTROS BENS E DIREITOS";"#NULO#";"1099999,78";"19/04/2021";"20:13:04"
"13/11/2024";"10:55:11";2018;2;"Eleição Ordinária";297;"Eleições Gerais Estaduais 2018";"07/10/2018";"AM";"AM";"AMAZONAS";40000608893;2;99;"OUTROS BENS E DIREITOS";"#NULO#";"2445,97";"19/04/2021";"20:13:23"
"13/11/2024";"10:55:11";2018;2;"Eleição Ordinária";297;"Eleições Gerais Estaduais 2018";"07/10/2018";"AM";"AM";"AMAZONAS";40000603706;11;46;"Ouro, ativo financeiro";"#NULO#";"25350,71";"19/04/2021";"20:13:26"
"13/11/2024";"10:55:11";2018;2;"Eleição Ordinária";297;"Eleições Gerais Estaduais 2018";"07/10/2018";"AM";"AM";"AMAZONAS";40000603709;3;46;"Ouro, ativo financeiro";"#NULO#";"32566,07";"19/04/2021";"20:13:25"
"13/11/2024";"10:55:11";2018;2;"Eleição Ordinária";297;"Eleições Gerais Estaduais 2018";"07/10/2018";"AM";"AM";"AMAZONAS";40000603709;4;46;"Ouro, ativo financeiro";"#NULO#";"63155,56";"19/04/2021";"20:13:25"
"13/11/2024";"10:55:11";2018;2;"Eleição Ordinária";297;"Eleições Gerais Estaduais 2018";"07/10/2018";"AM";"AM";"AMAZONAS";40000603709;5;46;"Ouro, ativo financeiro";"#NULO#";"6500,00";"19/04/2021";"20:13:25"
"13/11/2024";"10:55:11";2018;2;"Eleição Ordinária";297;"Eleições Gerais Estaduais 2018";"07/10/2018";"AM";"AM";"AMAZONAS";40000603709;6;46;"Ouro, ativo financeiro";"#NULO#";"466000,00";"19/04/2021";"20:13:25"
"13/11/2024";"10:55:11";2018;2;"Eleição Ordinária";297;"Eleições Gerais Estaduais 2018";"07/10/2018";"AM";"AM";"AMAZONAS";40000603709;7;46;"Ouro, ativo financeiro";"#NULO#";"715,60";"19/04/2021";"20:13:25"
"13/11/2024";"10:55:11";2018;2;"Eleição Ordinária";297;"Eleições Gerais Estaduais 2018";"07/10/2018";"AM";"AM";"AMAZONAS";40000619015;4;16;"Construção";"#NULO#";"150000,00";"19/04/2021";"20:13:05"
"13/11/2024";"10:55:11";2018;2;"Eleição Ordinária";297;"Eleições Gerais Estaduais 2018";"07/10/2018";"AM";"AM";"AMAZONAS";40000612666;9;51;"Crédito decorrente de empréstimo";"#NULO#";"100000,00";"19/04/2021";"20:13:05"
"13/11/2024";"10:55:11";2018;2;"Eleição Ordinária";297;"Eleições Gerais Estaduais 2018";"07/10/2018";"AM";"AM";"AMAZONAS";40000618261;40;51;"Crédito decorrente de empréstimo";"EMPRESTIMO A BIANCA BACKSMANN BRAGA - CPF/CNPJ: 021.041.502-99";"32000,00";"19/04/2021";"20:13:26"
"13/11/2024";"10:55:11";2018;2;"Eleição Ordinária";297;"Eleições Gerais Estaduais 2018";"07/10/2018";"AM";"AM";"AMAZONAS";40000618309;4;16;"Construção";"UNIDADE IMOBILIARIA AUTONOMA EM CONSTRUCOA TIPO SLA COMERCIAL N.O 1205, BLOCO A - EDIFICIO HOTEL E BUREAU DA QUADRA 01, SETOR HOTELERIRO NORTE, BRASILIA/DF";"280000,00";"19/04/2021";"20:13:24"
"13/11/2024";"10:55:11";2018;2;"Eleição Ordinária";297;"Eleições Gerais Estaduais 2018";"07/10/2018";"AM";"AM";"AMAZONAS";40000618309;5;16;"Construção";"UNIDADE IMOBILIARIA AUTONOMA EM CONSTRUCAO DO TIPO VAGA DE GARAGEM , N.O 49, EDIFICIO BUREA, DA QUADRA 01, SETOR HOTELEIRKO NORTE, BRASILIA/DF";"40000,00";"19/04/2021";"20:13:24"
"13/11/2024";"10:55:11";2018;2;"Eleição Ordinária";297;"Eleições Gerais Estaduais 2018";"07/10/2018";"AM";"AM";"AMAZONAS";40000608871;13;51;"Crédito decorrente de empréstimo";"#NULO#";"7900000,00";"19/04/2021";"20:13:04"
"13/11/2024";"10:55:11";2018;2;"Eleição Ordinária";297;"Eleições Gerais Estaduais 2018";"07/10/2018";"AM";"AM";"AMAZONAS";40000608902;11;51;"Crédito decorrente de empréstimo";"#NULO#";"160700,00";"19/04/2021";"20:13:25"
"13/11/2024";"10:55:11";2018;2;"Eleição Ordinária";297;"Eleições Gerais Estaduais 2018";"07/10/2018";"AM";"AM";"AMAZONAS";40000608905;3;51;"Crédito decorrente de empréstimo";"#NULO#";"300000,00";"19/04/2021";"20:13:23"
"13/11/2024";"10:55:11";2018;2;"Eleição Ordinária";297;"Eleições Gerais Estaduais 2018";"07/10/2018";"AM";"AM";"AMAZONAS";40000627720;10;19;"Outros bens imóveis";"#NULO#";"145000,00";"19/04/2021";"20:13:04"
"13/11/2024";"10:55:11";2018;2;"Eleição Ordinária";297;"Eleições Gerais Estaduais 2018";"07/10/2018";"AM";"AM";"AMAZONAS";40000610304;3;19;"Outros bens imóveis";"SÍTIO NO MUNICÍPIO DE RIO PRETO DA EVA, KM135, RAMAL TUCANO";"45000,00";"19/04/2021";"20:13:13"
"13/11/2024";"10:55:11";2018;2;"Eleição Ordinária";297;"Eleições Gerais Estaduais 2018";"07/10/2018";"AM";"AM";"AMAZONAS";40000610418;2;19;"Outros bens imóveis";"#NULO#";"126500,00";"19/04/2021";"20:13:24"
"13/11/2024";"10:55:11";2018;2;"Eleição Ordinária";297;"Eleições Gerais Estaduais 2018";"07/10/2018";"AM";"AM";"AMAZONAS";40000610420;3;19;"Outros bens imóveis";"COMPLEXO INDUSTRIAL SITUADO NA AVENIDA 07 DE SETEMBRO, N 171- BAIRRO SAO SEBASTIAO - BORBA/AM";"7412,28";"19/04/2021";"20:13:22"
"13/11/2024";"10:55:11";2018;2;"Eleição Ordinária";297;"Eleições Gerais Estaduais 2018";"07/10/2018";"AM";"AM";"AMAZONAS";40000612646;4;19;"Outros bens imóveis";"#NULO#";"14562,13";"19/04/2021";"20:13:14"
"13/11/2024";"10:55:11";2018;2;"Eleição Ordinária";297;"Eleições Gerais Estaduais 2018";"07/10/2018";"AM";"AM";"AMAZONAS";40000618981;5;19;"Outros bens imóveis";"1/6 DO PRECIO SITO A AV. JOAQUIM NABUCO, 554, EM NOME DA ESPOSA LYDIA DA EIRA CORREA, RECEBIDA POR DOAÇÃO/HERANÇA DE SEUS PAIS";"31009,13";"19/04/2021";"20:13:12"
"13/11/2024";"10:55:11";2018;2;"Eleição Ordinária";297;"Eleições Gerais Estaduais 2018";"07/10/2018";"AM";"AM";"AMAZONAS";40000618981;6;19;"Outros bens imóveis";"1/6 DO PREDIO SITO A AV. JOAQUIM NABUCO, 580, EM NODA DA ESPOSA LYDIA DA EIRA CORREA, RECEBIDO POR DOAÇÃO/HERANÇA DE SEUS PAIS";"194609,98";"19/04/2021";"20:13:12"
"13/11/2024";"10:55:11";2018;2;"Eleição Ordinária";297;"Eleições Gerais Estaduais 2018";"07/10/2018";"AM";"AM";"AMAZONAS";40000618981;7;19;"Outros bens imóveis";"1/6 DO PRÉDIO sito A RUA JOSÉ PARANAGUÁ, 367, EM NOME DA ESPOSA LYDIA DA EIRA CORRÊA, RECEBIDA POR DOAÇÃO/HERANÇA DE SEUS PAIS";"23979,13";"19/04/2021";"20:13:12"
"13/11/2024";"10:55:11";2018;2;"Eleição Ordinária";297;"Eleições Gerais Estaduais 2018";"07/10/2018";"AM";"AM";"AMAZONAS";40000618981;8;19;"Outros bens imóveis";"1/6 DO PRÉDIO SITO A RUA JOSÉ PARANAGUÁ, 367 EM NOME DE MINHA ESPOSA LYDIA DA EIRA CORRÊA, RECEBIDA POR DOAÇÃO/HERANÇA DE SEUS PAIS";"52805,84";"19/04/2021";"20:13:12"
"13/11/2024";"10:55:11";2018;2;"Eleição Ordinária";297;"Eleições Gerais Estaduais 2018";"07/10/2018";"AM";"AM";"AMAZONAS";40000608207;6;19;"Outros bens imóveis";"DOIS LOTES NA RUA CAMBICHE, S/N SAO JOSE";"150000,00";"19/04/2021";"20:13:15"
"13/11/2024";"10:55:11";2018;2;"Eleição Ordinária";297;"Eleições Gerais Estaduais 2018";"07/10/2018";"AM";"AM";"AMAZONAS";40000608857;1;19;"Outros bens imóveis";"#NULO#";"1000000,00";"19/04/2021";"20:13:03"
"13/11/2024";"10:55:11";2018;2;"Eleição Ordinária";297;"Eleições Gerais Estaduais 2018";"07/10/2018";"AM";"AM";"AMAZONAS";40000608857;2;19;"Outros bens imóveis";"#NULO#";"400000,00";"19/04/2021";"20:13:03"
"13/11/2024";"10:55:11";2018;2;"Eleição Ordinária";297;"Eleições Gerais Estaduais 2018";"07/10/2018";"AM";"AM";"AMAZONAS";40000608857;3;19;"Outros bens imóveis";"#NULO#";"325000,00";"19/04/2021";"20:13:03"
"13/11/2024";"10:55:11";2018;2;"Eleição Ordinária";297;"Eleições Gerais Estaduais 2018";"07/10/2018";"AM";"AM";"AMAZONAS";40000608862;1;19;"Outros bens imóveis";"#NULO#";"194154,35";"19/04/2021";"20:13:03"
"13/11/2024";"10:55:11";2018;2;"Eleição Ordinária";297;"Eleições Gerais Estaduais 2018";"07/10/2018";"AM";"AM";"AMAZONAS";40000608870;2;19;"Outros bens imóveis";"#NULO#";"40000,00";"19/04/2021";"20:13:04"
"13/11/2024";"10:55:11";2018;2;"Eleição Ordinária";297;"Eleições Gerais Estaduais 2018";"07/10/2018";"AM";"AM";"AMAZONAS";40000608877;1;19;"Outros bens imóveis";"#NULO#";"350000,00";"19/04/2021";"20:13:08"
"13/11/2024";"10:55:11";2018;2;"Eleição Ordinária";297;"Eleições Gerais Estaduais 2018";"07/10/2018";"AM";"AM";"AMAZONAS";40000608879;1;19;"Outros bens imóveis";"#NULO#";"100000,00";"18/09/2018";"11:25:55"
"13/11/2024";"10:55:11";2018;2;"Eleição Ordinária";297;"Eleições Gerais Estaduais 2018";"07/10/2018";"AM";"AM";"AMAZONAS";40000608882;21;19;"Outros bens imóveis";"#NULO#";"200000,00";"19/04/2021";"20:13:08"
"13/11/2024";"10:55:11";2018;2;"Eleição Ordinária";297;"Eleições Gerais Estaduais 2018";"07/10/2018";"AM";"AM";"AMAZONAS";40000608882;22;19;"Outros bens imóveis";"#NULO#";"100000,00";"19/04/2021";"20:13:08"
"13/11/2024";"10:55:11";2018;2;"Eleição Ordinária";297;"Eleições Gerais Estaduais 2018";"07/10/2018";"AM";"AM";"AMAZONAS";40000608887;8;19;"Outros bens imóveis";"#NULO#";"90604,00";"19/04/2021";"20:13:08"
"13/11/2024";"10:55:11";2018;2;"Eleição Ordinária";297;"Eleições Gerais Estaduais 2018";"07/10/2018";"AM";"AM";"AMAZONAS";40000609240;2;19;"Outros bens imóveis";"#NULO#";"80000,00";"19/04/2021";"20:13:17"
"13/11/2024";"10:55:11";2018;2;"Eleição Ordinária";297;"Eleições Gerais Estaduais 2018";"07/10/2018";"AM";"AM";"AMAZONAS";40000609240;3;19;"Outros bens imóveis";"#NULO#";"75000,00";"19/04/2021";"20:13:17"
