"DT_GERACAO";"HH_GERACAO";"ANO_ELEICAO";"CD_TIPO_ELEICAO";"NM_TIPO_ELEICAO";"NR_TURNO";"CD_ELEICAO";"DS_ELEICAO";"DT_ELEICAO";"TP_ABRANGENCIA";"SG_UF";"SG_UE";"NM_UE";"CD_MUNICIPIO";"NM_MUNICIPIO";"NR_ZONA";"CD_CARGO";"DS_CARGO";"QT_APTOS";"QT_SECOES_PRINCIPAIS";"QT_SECOES_AGREGADAS";"QT_SECOES_NAO_INSTALADAS";"QT_TOTAL_SECOES";"QT_COMPARECIMENTO";"QT_ELEITORES_SECOES_NAO_INSTALADAS";"QT_ABSTENCOES";"ST_VOTO_EM_TRANSITO";"QT_VOTOS";"QT_VOTOS_CONCORRENTES";"QT_TOTAL_VOTOS_VALIDOS";"QT_VOTOS_NOMINAIS_VALIDOS";"QT_TOTAL_VOTOS_LEG_VALIDOS";"QT_VOTOS_LEG_VALIDOS";"QT_VOTOS_NOM_CONVR_LEG_VALIDOS";"QT_TOTAL_VOTOS_ANULADOS";"QT_VOTOS_NOMINAIS_ANULADOS";"QT_VOTOS_LEGENDA_ANULADOS";"QT_TOTAL_VOTOS_ANUL_SUBJUD";"QT_VOTOS_NOMINAIS_ANUL_SUBJUD";"QT_VOTOS_LEGENDA_ANUL_SUBJUD";"QT_VOTOS_BRANCOS";"QT_TOTAL_VOTOS_NULOS";"QT_VOTOS_NULOS";"QT_VOTOS_NULOS_TECNICOS";"QT_VOTOS_ANULADOS_APU_SEP";"HH_ULTIMA_TOTALIZACAO";"DT_ULTIMA_TOTALIZACAO"
"13/11/2024";"10:56:19";2018;2;"Eleição Ordinária";1;297;"Eleições Gerais Estaduais 2018";"07/10/2018";"E";"AM";"AM";"AMAZONAS";"02950";"BERURI";54;3;"Governador";11752;34;0;0;34;8833;0;2919;"N";8833;8205;8205;8205;0;0;0;0;0;0;0;0;0;47;581;581;0;0;"20:00:10";"19/04/2021"
"13/11/2024";"10:56:19";2018;2;"Eleição Ordinária";1;297;"Eleições Gerais Estaduais 2018";"07/10/2018";"E";"AM";"AM";"AMAZONAS";"02992";"CAAPIRANGA";6;7;"Deputado Estadual";8146;24;0;0;24;5899;0;2247;"N";5899;5724;5724;5394;330;330;0;0;0;0;0;0;0;61;114;114;0;0;"20:00:38";"19/04/2021"
"13/11/2024";"10:56:19";2018;2;"Eleição Ordinária";1;297;"Eleições Gerais Estaduais 2018";"07/10/2018";"E";"AM";"AM";"AMAZONAS";"02020";"GUAJARÁ";45;5;"Senador";9519;34;2;0;36;6400;0;3119;"N";12800;11119;11119;11119;0;0;0;0;0;0;0;0;0;432;1249;1249;0;0;"20:00:43";"19/04/2021"
"13/11/2024";"10:56:19";2018;2;"Eleição Ordinária";1;297;"Eleições Gerais Estaduais 2018";"07/10/2018";"E";"AM";"AM";"AMAZONAS";"02070";"AUTAZES";35;7;"Deputado Estadual";25310;84;10;0;94;19865;0;5445;"N";19865;19211;19211;17919;1292;1292;0;0;0;0;0;0;0;237;417;417;0;0;"20:00:45";"19/04/2021"
"13/11/2024";"10:56:19";2018;2;"Eleição Ordinária";1;297;"Eleições Gerais Estaduais 2018";"07/10/2018";"E";"AM";"AM";"AMAZONAS";"02151";"BOCA DO ACRE";14;6;"Deputado Federal";20963;67;2;0;69;14756;0;6207;"N";14756;13361;13361;12609;752;752;0;0;0;0;0;0;0;589;806;806;0;0;"20:00:13";"19/04/2021"
"13/11/2024";"10:56:19";2018;2;"Eleição Ordinária";1;297;"Eleições Gerais Estaduais 2018";"07/10/2018";"E";"AM";"AM";"AMAZONAS";"02275";"CODAJÁS";7;5;"Senador";14421;49;10;0;59;9879;0;4542;"N";19758;17928;17928;17928;0;0;0;0;0;0;0;0;0;382;1448;1448;0;0;"20:00:13";"19/04/2021"
"13/11/2024";"10:56:19";2018;2;"Eleição Ordinária";1;297;"Eleições Gerais Estaduais 2018";"07/10/2018";"E";"AM";"AM";"AMAZONAS";"02330";"FONTE BOA";10;7;"Deputado Estadual";14872;43;7;0;50;10054;0;4818;"N";10054;9769;9769;9031;738;738;0;0;0;0;0;0;0;176;109;109;0;0;"20:00:31";"19/04/2021"
"13/11/2024";"10:56:19";2018;2;"Eleição Ordinária";1;297;"Eleições Gerais Estaduais 2018";"07/10/2018";"E";"AM";"AM";"AMAZONAS";"02372";"SANTA ISABEL DO RIO NEGRO";30;3;"Governador";7951;23;1;0;24;4557;0;3394;"N";4557;4190;4190;4190;0;0;0;0;0;0;0;0;0;45;322;322;0;0;"20:00:32";"19/04/2021"
"13/11/2024";"10:56:19";2018;2;"Eleição Ordinária";1;297;"Eleições Gerais Estaduais 2018";"07/10/2018";"E";"AM";"AM";"AMAZONAS";"02453";"JAPURÁ";48;5;"Senador";4393;13;2;0;15;2882;0;1511;"N";5764;5353;5353;5353;0;0;0;0;0;0;0;0;0;116;295;295;0;0;"20:00:32";"19/04/2021"
"13/11/2024";"10:56:19";2018;2;"Eleição Ordinária";1;297;"Eleições Gerais Estaduais 2018";"07/10/2018";"E";"AM";"AM";"AMAZONAS";"02453";"JAPURÁ";48;7;"Deputado Estadual";4393;13;2;0;15;2882;0;1511;"N";2882;2805;2805;2659;146;146;0;0;0;0;0;0;0;28;49;49;0;0;"20:00:32";"19/04/2021"
"13/11/2024";"10:56:19";2018;2;"Eleição Ordinária";1;297;"Eleições Gerais Estaduais 2018";"07/10/2018";"E";"AM";"AM";"AMAZONAS";"02470";"JURUÁ";50;7;"Deputado Estadual";7119;25;5;0;30;4433;0;2686;"N";4433;4254;4254;4023;231;231;0;0;0;0;0;0;0;75;104;104;0;0;"20:00:06";"19/04/2021"
"13/11/2024";"10:56:19";2018;2;"Eleição Ordinária";1;297;"Eleições Gerais Estaduais 2018";"07/10/2018";"E";"AM";"AM";"AMAZONAS";"02496";"JUTAÍ";41;3;"Governador";12387;36;0;0;36;8050;0;4337;"N";8050;7145;7145;7145;0;0;0;0;0;0;0;0;0;84;821;821;0;0;"20:00:24";"19/04/2021"
"13/11/2024";"10:56:19";2018;2;"Eleição Ordinária";1;297;"Eleições Gerais Estaduais 2018";"07/10/2018";"E";"AM";"AM";"AMAZONAS";"02496";"JUTAÍ";41;6;"Deputado Federal";12387;36;0;0;36;8050;0;4337;"N";8050;7714;7714;7132;582;582;0;0;0;0;0;0;0;183;153;153;0;0;"20:00:24";"19/04/2021"
"13/11/2024";"10:56:19";2018;2;"Eleição Ordinária";1;297;"Eleições Gerais Estaduais 2018";"07/10/2018";"E";"AM";"AM";"AMAZONAS";"02550";"MANAUS";62;6;"Deputado Federal";120061;303;5;0;308;103412;0;16649;"N";103412;90438;90438;85318;5120;5120;0;0;0;0;0;0;0;5705;7269;7269;0;0;"20:00:33";"19/04/2021"
"13/11/2024";"10:56:19";2018;2;"Eleição Ordinária";2;298;"Eleições Gerais Estaduais 2018";"28/10/2018";"E";"AM";"AM";"AMAZONAS";"02097";"BARCELOS";18;3;"Governador";10491;30;2;0;32;5896;0;4595;"N";5896;5483;5483;5483;0;0;0;0;0;0;0;0;0;45;368;368;0;0;"18:55:50";"28/10/2018"
"13/11/2024";"10:56:19";2018;2;"Eleição Ordinária";1;297;"Eleições Gerais Estaduais 2018";"07/10/2018";"E";"AM";"AM";"AMAZONAS";"02933";"ANAMÃ";6;7;"Deputado Estadual";7457;20;2;0;22;5559;0;1898;"N";5559;5393;5393;5051;342;342;0;0;0;0;0;0;0;63;103;103;0;0;"20:00:23";"19/04/2021"
"13/11/2024";"10:56:19";2018;2;"Eleição Ordinária";1;297;"Eleições Gerais Estaduais 2018";"07/10/2018";"E";"AM";"AM";"AMAZONAS";"02003";"APUÍ";67;7;"Deputado Estadual";10679;27;16;0;43;6979;0;3700;"N";6979;6490;6490;6083;407;407;0;0;0;0;0;0;0;231;258;258;0;0;"20:00:30";"19/04/2021"
"13/11/2024";"10:56:19";2018;2;"Eleição Ordinária";1;297;"Eleições Gerais Estaduais 2018";"07/10/2018";"E";"AM";"AM";"AMAZONAS";"02011";"NOVO AIRÃO";34;6;"Deputado Federal";10323;31;1;0;32;7599;0;2724;"N";7599;7189;7189;6770;419;419;0;0;0;0;0;0;0;177;233;233;0;0;"20:00:11";"19/04/2021"
"13/11/2024";"10:56:19";2018;2;"Eleição Ordinária";1;297;"Eleições Gerais Estaduais 2018";"07/10/2018";"E";"AM";"AM";"AMAZONAS";"02119";"BARREIRINHA";26;7;"Deputado Estadual";18308;58;1;0;59;13983;0;4325;"N";13983;13542;13542;12615;927;927;0;0;0;0;0;0;0;221;220;220;0;0;"20:00:28";"19/04/2021"
"13/11/2024";"10:56:19";2018;2;"Eleição Ordinária";1;297;"Eleições Gerais Estaduais 2018";"07/10/2018";"E";"AM";"AM";"AMAZONAS";"02550";"MANAUS";37;3;"Governador";90663;246;12;0;258;80340;0;10323;"N";80340;72083;72083;72083;0;0;0;0;0;0;0;0;0;2073;6184;6184;0;0;"20:00:33";"19/04/2021"
"13/11/2024";"10:56:19";2018;2;"Eleição Ordinária";1;297;"Eleições Gerais Estaduais 2018";"07/10/2018";"E";"AM";"AM";"AMAZONAS";"02550";"MANAUS";59;5;"Senador";97822;257;6;0;263;85941;0;11881;"N";171882;137627;137627;137627;0;0;0;0;0;0;0;0;0;12257;21998;21998;0;0;"20:00:33";"19/04/2021"
"13/11/2024";"10:56:19";2018;2;"Eleição Ordinária";1;297;"Eleições Gerais Estaduais 2018";"07/10/2018";"E";"AM";"AM";"AMAZONAS";"02631";"NHAMUNDÁ";43;3;"Governador";13060;42;6;0;48;9530;0;3530;"N";9530;8862;8862;8862;0;0;0;0;0;0;0;0;0;89;579;579;0;0;"20:00:07";"19/04/2021"
"13/11/2024";"10:56:19";2018;2;"Eleição Ordinária";1;297;"Eleições Gerais Estaduais 2018";"07/10/2018";"E";"AM";"AM";"AMAZONAS";"02712";"PAUINI";44;6;"Deputado Federal";10218;31;1;0;32;6537;0;3681;"N";6537;6250;6250;5977;273;273;0;0;0;0;0;0;0;109;178;178;0;0;"20:00:20";"19/04/2021"
"13/11/2024";"10:56:19";2018;2;"Eleição Ordinária";1;297;"Eleições Gerais Estaduais 2018";"07/10/2018";"E";"AM";"AM";"AMAZONAS";"02771";"SILVES";24;7;"Deputado Estadual";7167;22;2;0;24;5607;0;1560;"N";5607;5452;5452;5107;345;345;0;0;0;0;0;0;0;88;67;67;0;0;"20:00:17";"19/04/2021"
"13/11/2024";"10:56:19";2018;2;"Eleição Ordinária";2;298;"Eleições Gerais Estaduais 2018";"28/10/2018";"E";"AM";"AM";"AMAZONAS";"02046";"CAREIRO DA VÁRZEA";31;3;"Governador";15290;60;3;0;63;10758;0;4532;"N";10758;10011;10011;10011;0;0;0;0;0;0;0;0;0;69;678;678;0;0;"20:35:21";"28/10/2018"
"13/11/2024";"10:56:19";2018;2;"Eleição Ordinária";2;298;"Eleições Gerais Estaduais 2018";"28/10/2018";"E";"AM";"AM";"AMAZONAS";"02577";"MANICORÉ";16;3;"Governador";27966;93;8;0;101;18524;0;9442;"N";18524;17510;17510;17510;0;0;0;0;0;0;0;0;0;120;894;894;0;0;"21:05:21";"28/10/2018"
"13/11/2024";"10:56:19";2018;2;"Eleição Ordinária";2;298;"Eleições Gerais Estaduais 2018";"28/10/2018";"E";"AM";"AM";"AMAZONAS";"02852";"URUCARÁ";27;3;"Governador";11573;35;0;0;35;7719;0;3854;"N";7719;7327;7327;7327;0;0;0;0;0;0;0;0;0;37;355;355;0;0;"19:40:50";"28/10/2018"
"13/11/2024";"10:56:19";2018;2;"Eleição Ordinária";2;298;"Eleições Gerais Estaduais 2018";"28/10/2018";"E";"AM";"AM";"AMAZONAS";"02038";"ANORI";33;3;"Governador";9719;27;1;0;28;6331;0;3388;"N";6331;5988;5988;5988;0;0;0;0;0;0;0;0;0;33;310;310;0;0;"20:55:21";"28/10/2018"
"13/11/2024";"10:56:19";2018;2;"Eleição Ordinária";2;298;"Eleições Gerais Estaduais 2018";"28/10/2018";"E";"AM";"AM";"AMAZONAS";"02054";"ATALAIA DO NORTE";42;3;"Governador";7919;27;9;0;36;5163;0;2756;"N";5163;4862;4862;4862;0;0;0;0;0;0;0;0;0;13;288;288;0;0;"20:15:15";"28/10/2018"
"13/11/2024";"10:56:19";2018;2;"Eleição Ordinária";2;298;"Eleições Gerais Estaduais 2018";"28/10/2018";"E";"AM";"AM";"AMAZONAS";"02674";"NOVO ARIPUANÃ";29;3;"Governador";12333;36;4;0;40;7806;0;4527;"N";7806;7277;7277;7277;0;0;0;0;0;0;0;0;0;58;471;471;0;0;"18:33:27";"28/10/2018"
"13/11/2024";"10:56:19";2018;2;"Eleição Ordinária";1;297;"Eleições Gerais Estaduais 2018";"07/10/2018";"E";"AM";"AM";"AMAZONAS";"98493";"UARINI";60;6;"Deputado Federal";7346;24;4;0;28;5378;0;1968;"N";5378;5194;5194;4979;215;215;0;0;0;0;0;0;0;96;88;88;0;0;"20:00:23";"19/04/2021"
"13/11/2024";"10:56:19";2018;2;"Eleição Ordinária";1;297;"Eleições Gerais Estaduais 2018";"07/10/2018";"E";"AM";"AM";"AMAZONAS";"02992";"CAAPIRANGA";6;6;"Deputado Federal";8146;24;0;0;24;5899;0;2247;"N";5899;5704;5704;5432;272;272;0;0;0;0;0;0;0;77;118;118;0;0;"20:00:38";"19/04/2021"
"13/11/2024";"10:56:19";2018;2;"Eleição Ordinária";1;297;"Eleições Gerais Estaduais 2018";"07/10/2018";"E";"AM";"AM";"AMAZONAS";"02003";"APUÍ";67;6;"Deputado Federal";10679;27;16;0;43;6979;0;3700;"N";6979;6331;6331;5971;360;360;0;0;0;0;0;0;0;317;331;331;0;0;"20:00:30";"19/04/2021"
"13/11/2024";"10:56:19";2018;2;"Eleição Ordinária";1;297;"Eleições Gerais Estaduais 2018";"07/10/2018";"E";"AM";"AM";"AMAZONAS";"02097";"BARCELOS";18;3;"Governador";10491;30;2;0;32;6570;0;3921;"N";6570;6042;6042;6042;0;0;0;0;0;0;0;0;0;76;452;452;0;0;"20:00:18";"19/04/2021"
"13/11/2024";"10:56:19";2018;2;"Eleição Ordinária";1;297;"Eleições Gerais Estaduais 2018";"07/10/2018";"E";"AM";"AM";"AMAZONAS";"02259";"COARI";8;5;"Senador";50269;168;13;0;181;35619;0;14650;"N";71238;63199;63199;63199;0;0;0;0;0;0;0;0;0;2650;5389;5389;0;0;"20:00:12";"19/04/2021"
"13/11/2024";"10:56:19";2018;2;"Eleição Ordinária";1;297;"Eleições Gerais Estaduais 2018";"07/10/2018";"E";"AM";"AM";"AMAZONAS";"02356";"HUMAITÁ";17;7;"Deputado Estadual";28517;94;9;0;103;20112;0;8405;"N";20112;18687;18687;17429;1258;1258;0;0;0;0;0;0;0;730;695;695;0;0;"20:00:14";"19/04/2021"
"13/11/2024";"10:56:19";2018;2;"Eleição Ordinária";1;297;"Eleições Gerais Estaduais 2018";"07/10/2018";"E";"AM";"AM";"AMAZONAS";"02518";"LÁBREA";12;6;"Deputado Federal";24279;79;8;0;87;16574;0;7705;"N";16574;15776;15776;15075;701;701;0;0;0;0;0;0;0;327;471;471;0;0;"20:00:08";"19/04/2021"
"13/11/2024";"10:56:19";2018;2;"Eleição Ordinária";1;297;"Eleições Gerais Estaduais 2018";"07/10/2018";"E";"AM";"AM";"AMAZONAS";"02550";"MANAUS";40;5;"Senador";116457;298;3;0;301;102159;0;14298;"N";204318;168711;168711;168711;0;0;0;0;0;0;0;0;0;12628;22979;22979;0;0;"20:00:33";"19/04/2021"
"13/11/2024";"10:56:19";2018;2;"Eleição Ordinária";2;298;"Eleições Gerais Estaduais 2018";"28/10/2018";"E";"AM";"AM";"AMAZONAS";"02232";"CAREIRO";23;3;"Governador";21035;73;10;0;83;14762;0;6273;"N";14762;13630;13630;13630;0;0;0;0;0;0;0;0;0;107;1025;1025;0;0;"20:30:45";"28/10/2018"
"13/11/2024";"10:56:19";2018;2;"Eleição Ordinária";1;297;"Eleições Gerais Estaduais 2018";"07/10/2018";"E";"AM";"AM";"AMAZONAS";"98434";"RIO PRETO DA EVA";68;3;"Governador";15128;54;16;0;70;11774;0;3354;"N";11774;10572;10572;10572;0;0;0;0;0;0;0;0;0;177;1025;1025;0;0;"20:00:18";"19/04/2021"
"13/11/2024";"10:56:19";2018;2;"Eleição Ordinária";1;297;"Eleições Gerais Estaduais 2018";"07/10/2018";"E";"AM";"AM";"AMAZONAS";"98493";"UARINI";60;5;"Senador";7346;24;4;0;28;5378;0;1968;"N";10756;9733;9733;9733;0;0;0;0;0;0;0;0;0;235;788;788;0;0;"20:00:23";"19/04/2021"
"13/11/2024";"10:56:19";2018;2;"Eleição Ordinária";1;297;"Eleições Gerais Estaduais 2018";"07/10/2018";"E";"AM";"AM";"AMAZONAS";"02216";"CARAUARI";21;7;"Deputado Estadual";19306;64;7;0;71;12041;0;7265;"N";12041;11671;11671;11105;566;566;0;0;0;0;0;0;0;195;175;175;0;0;"20:00:06";"19/04/2021"
"13/11/2024";"10:56:19";2018;2;"Eleição Ordinária";1;297;"Eleições Gerais Estaduais 2018";"07/10/2018";"E";"AM";"AM";"AMAZONAS";"02232";"CAREIRO";23;7;"Deputado Estadual";21036;73;10;0;83;16172;0;4864;"N";16172;15416;15416;14082;1334;1334;0;0;0;0;0;0;0;312;444;444;0;0;"20:00:30";"19/04/2021"
"13/11/2024";"10:56:19";2018;2;"Eleição Ordinária";1;297;"Eleições Gerais Estaduais 2018";"07/10/2018";"E";"AM";"AM";"AMAZONAS";"02313";"ENVIRA";46;5;"Senador";11439;34;1;0;35;6594;0;4845;"N";13188;11616;11616;11616;0;0;0;0;0;0;0;0;0;404;1168;1168;0;0;"20:00:20";"19/04/2021"
"13/11/2024";"10:56:19";2018;2;"Eleição Ordinária";1;297;"Eleições Gerais Estaduais 2018";"07/10/2018";"E";"AM";"AM";"AMAZONAS";"02330";"FONTE BOA";10;5;"Senador";14872;43;7;0;50;10054;0;4818;"N";20108;18182;18182;18182;0;0;0;0;0;0;0;0;0;496;1430;1430;0;0;"20:00:31";"19/04/2021"
"13/11/2024";"10:56:19";2018;2;"Eleição Ordinária";1;297;"Eleições Gerais Estaduais 2018";"07/10/2018";"E";"AM";"AM";"AMAZONAS";"02470";"JURUÁ";50;6;"Deputado Federal";7119;25;5;0;30;4433;0;2686;"N";4433;4224;4224;4047;177;177;0;0;0;0;0;0;0;92;117;117;0;0;"20:00:06";"19/04/2021"
"13/11/2024";"10:56:19";2018;2;"Eleição Ordinária";1;297;"Eleições Gerais Estaduais 2018";"07/10/2018";"E";"AM";"AM";"AMAZONAS";"02550";"MANAUS";31;3;"Governador";76419;207;24;0;231;67344;0;9075;"N";67344;60118;60118;60118;0;0;0;0;0;0;0;0;0;1642;5584;5584;0;0;"20:00:33";"19/04/2021"
"13/11/2024";"10:56:19";2018;2;"Eleição Ordinária";1;297;"Eleições Gerais Estaduais 2018";"07/10/2018";"E";"AM";"AM";"AMAZONAS";"02577";"MANICORÉ";16;6;"Deputado Federal";27965;93;8;0;101;19235;0;8730;"N";19235;18397;18397;17500;897;897;0;0;0;0;0;0;0;440;398;398;0;0;"20:00:22";"19/04/2021"
"13/11/2024";"10:56:19";2018;2;"Eleição Ordinária";1;297;"Eleições Gerais Estaduais 2018";"07/10/2018";"E";"AM";"AM";"AMAZONAS";"02615";"MAUÉS";5;7;"Deputado Estadual";30937;94;15;0;109;21961;0;8976;"N";21961;21143;21143;19775;1368;1368;0;0;0;0;0;0;0;410;408;408;0;0;"20:00:25";"19/04/2021"
"13/11/2024";"10:56:19";2018;2;"Eleição Ordinária";1;297;"Eleições Gerais Estaduais 2018";"07/10/2018";"E";"AM";"AM";"AMAZONAS";"02810";"TEFÉ";9;7;"Deputado Estadual";40950;128;11;0;139;30113;0;10837;"N";30113;28782;28782;27170;1612;1612;0;0;0;0;0;0;0;580;751;751;0;0;"20:00:21";"19/04/2021"
"13/11/2024";"10:56:19";2018;2;"Eleição Ordinária";1;297;"Eleições Gerais Estaduais 2018";"07/10/2018";"E";"AM";"AM";"AMAZONAS";"98370";"ITAMARATI";69;5;"Senador";6700;21;3;0;24;4487;0;2213;"N";8974;8250;8250;8250;0;0;0;0;0;0;0;0;0;142;582;582;0;0;"20:00:30";"19/04/2021"
"13/11/2024";"10:56:19";2018;2;"Eleição Ordinária";1;297;"Eleições Gerais Estaduais 2018";"07/10/2018";"E";"AM";"AM";"AMAZONAS";"98477";"TABATINGA";36;5;"Senador";33165;89;3;0;92;25410;0;7755;"N";50820;44129;44129;44129;0;0;0;0;0;0;0;0;0;2066;4625;4625;0;0;"20:00:10";"19/04/2021"
"13/11/2024";"10:56:19";2018;2;"Eleição Ordinária";1;297;"Eleições Gerais Estaduais 2018";"07/10/2018";"E";"AM";"AM";"AMAZONAS";"02917";"AMATURÁ";22;3;"Governador";5909;22;2;0;24;4674;0;1235;"N";4674;4228;4228;4228;0;0;0;0;0;0;0;0;0;44;402;402;0;0;"20:00:29";"19/04/2021"
"13/11/2024";"10:56:19";2018;2;"Eleição Ordinária";1;297;"Eleições Gerais Estaduais 2018";"07/10/2018";"E";"AM";"AM";"AMAZONAS";"02976";"BOA VISTA DO RAMOS";5;3;"Governador";10834;32;2;0;34;7996;0;2838;"N";7996;7473;7473;7473;0;0;0;0;0;0;0;0;0;51;472;472;0;0;"20:00:21";"19/04/2021"
"13/11/2024";"10:56:19";2018;2;"Eleição Ordinária";1;297;"Eleições Gerais Estaduais 2018";"07/10/2018";"E";"AM";"AM";"AMAZONAS";"02119";"BARREIRINHA";26;6;"Deputado Federal";18308;58;1;0;59;13983;0;4325;"N";13983;13452;13452;12749;703;703;0;0;0;0;0;0;0;303;228;228;0;0;"20:00:28";"19/04/2021"
"13/11/2024";"10:56:19";2018;2;"Eleição Ordinária";1;297;"Eleições Gerais Estaduais 2018";"07/10/2018";"E";"AM";"AM";"AMAZONAS";"02178";"BORBA";15;5;"Senador";20293;62;2;0;64;14506;0;5787;"N";29012;26224;26224;26224;0;0;0;0;0;0;0;0;0;621;2167;2167;0;0;"20:00:19";"19/04/2021"
"13/11/2024";"10:56:19";2018;2;"Eleição Ordinária";1;297;"Eleições Gerais Estaduais 2018";"07/10/2018";"E";"AM";"AM";"AMAZONAS";"02259";"COARI";8;3;"Governador";50269;168;13;0;181;35619;0;14650;"N";35619;32466;32466;32466;0;0;0;0;0;0;0;0;0;527;2626;2626;0;0;"20:00:12";"19/04/2021"
"13/11/2024";"10:56:19";2018;2;"Eleição Ordinária";1;297;"Eleições Gerais Estaduais 2018";"07/10/2018";"E";"AM";"AM";"AMAZONAS";"02550";"MANAUS";68;6;"Deputado Federal";80764;215;5;0;220;69786;0;10978;"N";69786;60829;60829;56938;3891;3891;0;0;0;0;0;0;0;3894;5063;5063;0;0;"20:00:33";"19/04/2021"
"13/11/2024";"10:56:19";2018;2;"Eleição Ordinária";1;297;"Eleições Gerais Estaduais 2018";"07/10/2018";"E";"AM";"AM";"AMAZONAS";"02658";"NOVA OLINDA DO NORTE";35;7;"Deputado Estadual";16899;48;1;0;49;12051;0;4848;"N";12051;11692;11692;10991;701;701;0;0;0;0;0;0;0;187;172;172;0;0;"20:00:09";"19/04/2021"
"13/11/2024";"10:56:19";2018;2;"Eleição Ordinária";1;297;"Eleições Gerais Estaduais 2018";"07/10/2018";"E";"AM";"AM";"AMAZONAS";"02879";"URUCURITUBA";3;6;"Deputado Federal";12201;40;2;0;42;8908;0;3293;"N";8908;8611;8611;8148;463;463;0;0;0;0;0;0;0;188;109;109;0;0;"20:00:09";"19/04/2021"
"13/11/2024";"10:56:19";2018;2;"Eleição Ordinária";2;298;"Eleições Gerais Estaduais 2018";"28/10/2018";"E";"AM";"AM";"AMAZONAS";"02020";"GUAJARÁ";45;3;"Governador";9519;34;2;0;36;6118;0;3401;"N";6118;5654;5654;5654;0;0;0;0;0;0;0;0;0;55;409;409;0;0;"19:50:45";"28/10/2018"
"13/11/2024";"10:56:19";2018;2;"Eleição Ordinária";2;298;"Eleições Gerais Estaduais 2018";"28/10/2018";"E";"AM";"AM";"AMAZONAS";"02410";"ITACOATIARA";3;3;"Governador";66336;216;19;0;235;47621;0;18715;"N";47621;44443;44443;44443;0;0;0;0;0;0;0;0;0;386;2792;2792;0;0;"21:25:21";"28/10/2018"
"13/11/2024";"10:56:19";2018;2;"Eleição Ordinária";2;298;"Eleições Gerais Estaduais 2018";"28/10/2018";"E";"AM";"AM";"AMAZONAS";"02631";"NHAMUNDÁ";43;3;"Governador";13060;42;6;0;48;9076;0;3984;"N";9076;8683;8683;8683;0;0;0;0;0;0;0;0;0;37;356;356;0;0;"20:35:21";"28/10/2018"
"13/11/2024";"10:56:19";2018;2;"Eleição Ordinária";2;298;"Eleições Gerais Estaduais 2018";"28/10/2018";"E";"AM";"AM";"AMAZONAS";"02810";"TEFÉ";9;3;"Governador";40954;128;11;0;139;28831;0;12123;"N";28831;26512;26512;26512;0;0;0;0;0;0;0;0;0;308;2011;2011;0;0;"19:55:20";"28/10/2018"
"13/11/2024";"10:56:19";2018;2;"Eleição Ordinária";1;297;"Eleições Gerais Estaduais 2018";"07/10/2018";"E";"AM";"AM";"AMAZONAS";"98396";"MANAQUIRI";23;6;"Deputado Federal";13161;38;3;0;41;9804;0;3357;"N";9804;9309;9309;8828;481;481;0;0;0;0;0;0;0;171;324;324;0;0;"20:00:11";"19/04/2021"
"13/11/2024";"10:56:19";2018;2;"Eleição Ordinária";1;297;"Eleições Gerais Estaduais 2018";"07/10/2018";"E";"AM";"AM";"AMAZONAS";"02003";"APUÍ";67;3;"Governador";10679;27;16;0;43;6979;0;3700;"N";6979;6123;6123;6123;0;0;0;0;0;0;0;0;0;187;669;669;0;0;"20:00:30";"19/04/2021"
"13/11/2024";"10:56:19";2018;2;"Eleição Ordinária";1;297;"Eleições Gerais Estaduais 2018";"07/10/2018";"E";"AM";"AM";"AMAZONAS";"02097";"BARCELOS";18;7;"Deputado Estadual";10491;30;2;0;32;6570;0;3921;"N";6570;5039;5039;4656;383;383;0;0;0;0;0;0;0;121;1410;1410;0;0;"20:00:18";"19/04/2021"
"13/11/2024";"10:56:19";2018;2;"Eleição Ordinária";1;297;"Eleições Gerais Estaduais 2018";"07/10/2018";"E";"AM";"AM";"AMAZONAS";"02151";"BOCA DO ACRE";14;7;"Deputado Estadual";20963;67;2;0;69;14756;0;6207;"N";14756;13784;13784;12712;1072;1072;0;0;0;0;0;0;0;456;516;516;0;0;"20:00:13";"19/04/2021"
"13/11/2024";"10:56:19";2018;2;"Eleição Ordinária";1;297;"Eleições Gerais Estaduais 2018";"07/10/2018";"E";"AM";"AM";"AMAZONAS";"02534";"MANACAPURU";6;5;"Senador";66220;197;16;0;213;52512;0;13708;"N";105024;93342;93342;93342;0;0;0;0;0;0;0;0;0;3519;8163;8163;0;0;"20:00:34";"19/04/2021"
"13/11/2024";"10:56:19";2018;2;"Eleição Ordinária";1;297;"Eleições Gerais Estaduais 2018";"07/10/2018";"E";"AM";"AM";"AMAZONAS";"02550";"MANAUS";37;7;"Deputado Estadual";90663;246;12;0;258;80340;0;10323;"N";80340;71845;71845;68373;3472;3472;0;0;0;0;0;0;0;3432;5063;5063;0;0;"20:00:33";"19/04/2021"
"13/11/2024";"10:56:19";2018;2;"Eleição Ordinária";1;297;"Eleições Gerais Estaduais 2018";"07/10/2018";"E";"AM";"AM";"AMAZONAS";"02658";"NOVA OLINDA DO NORTE";35;5;"Senador";16899;48;1;0;49;12051;0;4848;"N";24102;21892;21892;21892;0;0;0;0;0;0;0;0;0;597;1613;1613;0;0;"20:00:09";"19/04/2021"
"13/11/2024";"10:56:19";2018;2;"Eleição Ordinária";1;297;"Eleições Gerais Estaduais 2018";"07/10/2018";"E";"AM";"AM";"AMAZONAS";"02798";"TAPAUÁ";38;7;"Deputado Estadual";12718;39;1;0;40;8580;0;4138;"N";8580;8406;8406;7921;485;485;0;0;0;0;0;0;0;85;89;89;0;0;"20:00:17";"19/04/2021"
"13/11/2024";"10:56:19";2018;2;"Eleição Ordinária";1;297;"Eleições Gerais Estaduais 2018";"07/10/2018";"E";"AM";"AM";"AMAZONAS";"02836";"SÃO GABRIEL DA CACHOEIRA";19;6;"Deputado Federal";29139;92;8;0;100;18898;0;10241;"N";18898;18220;18220;17041;1179;1179;0;0;0;0;0;0;0;419;259;259;0;0;"20:00:12";"19/04/2021"
"13/11/2024";"10:56:19";2018;2;"Eleição Ordinária";1;297;"Eleições Gerais Estaduais 2018";"07/10/2018";"E";"AM";"AM";"AMAZONAS";"02216";"CARAUARI";21;3;"Governador";19306;64;7;0;71;12041;0;7265;"N";12041;11218;11218;11218;0;0;0;0;0;0;0;0;0;101;722;722;0;0;"20:00:06";"19/04/2021"
"13/11/2024";"10:56:19";2018;2;"Eleição Ordinária";1;297;"Eleições Gerais Estaduais 2018";"07/10/2018";"E";"AM";"AM";"AMAZONAS";"02712";"PAUINI";44;3;"Governador";10218;31;1;0;32;6537;0;3681;"N";6537;5865;5865;5865;0;0;0;0;0;0;0;0;0;67;605;605;0;0;"20:00:20";"19/04/2021"
"13/11/2024";"10:56:19";2018;2;"Eleição Ordinária";1;297;"Eleições Gerais Estaduais 2018";"07/10/2018";"E";"AM";"AM";"AMAZONAS";"02852";"URUCARÁ";27;5;"Senador";11572;35;0;0;35;8446;0;3126;"N";16892;15314;15314;15314;0;0;0;0;0;0;0;0;0;457;1121;1121;0;0;"20:00:00";"19/04/2021"
"13/11/2024";"10:56:19";2018;2;"Eleição Ordinária";2;298;"Eleições Gerais Estaduais 2018";"28/10/2018";"E";"AM";"AM";"AMAZONAS";"98477";"TABATINGA";36;3;"Governador";33166;89;3;0;92;24705;0;8461;"N";24705;22768;22768;22768;0;0;0;0;0;0;0;0;0;224;1713;1713;0;0;"21:40:46";"28/10/2018"
"13/11/2024";"10:56:19";2018;2;"Eleição Ordinária";1;297;"Eleições Gerais Estaduais 2018";"07/10/2018";"E";"AM";"AM";"AMAZONAS";"02917";"AMATURÁ";22;5;"Senador";5909;22;2;0;24;4674;0;1235;"N";9348;8025;8025;8025;0;0;0;0;0;0;0;0;0;284;1039;1039;0;0;"20:00:29";"19/04/2021"
"13/11/2024";"10:56:19";2018;2;"Eleição Ordinária";1;297;"Eleições Gerais Estaduais 2018";"07/10/2018";"E";"AM";"AM";"AMAZONAS";"02950";"BERURI";54;6;"Deputado Federal";11752;34;0;0;34;8833;0;2919;"N";8833;8613;8613;8240;373;373;0;0;0;0;0;0;0;84;136;136;0;0;"20:00:10";"19/04/2021"
"13/11/2024";"10:56:19";2018;2;"Eleição Ordinária";1;297;"Eleições Gerais Estaduais 2018";"07/10/2018";"E";"AM";"AM";"AMAZONAS";"02038";"ANORI";33;6;"Deputado Federal";9719;27;1;0;28;7268;0;2451;"N";7268;6991;6991;6684;307;307;0;0;0;0;0;0;0;116;161;161;0;0;"20:00:00";"19/04/2021"
"13/11/2024";"10:56:19";2018;2;"Eleição Ordinária";1;297;"Eleições Gerais Estaduais 2018";"07/10/2018";"E";"AM";"AM";"AMAZONAS";"02437";"ITAPIRANGA";24;3;"Governador";7230;24;0;0;24;5459;0;1771;"N";5459;5109;5109;5109;0;0;0;0;0;0;0;0;0;36;314;314;0;0;"20:00:17";"19/04/2021"
"13/11/2024";"10:56:19";2018;2;"Eleição Ordinária";1;297;"Eleições Gerais Estaduais 2018";"07/10/2018";"E";"AM";"AM";"AMAZONAS";"02550";"MANAUS";62;5;"Senador";120061;303;5;0;308;103412;0;16649;"N";206824;167229;167229;167229;0;0;0;0;0;0;0;0;0;14673;24922;24922;0;0;"20:00:33";"19/04/2021"
"13/11/2024";"10:56:19";2018;2;"Eleição Ordinária";1;297;"Eleições Gerais Estaduais 2018";"07/10/2018";"E";"AM";"AM";"AMAZONAS";"02550";"MANAUS";31;7;"Deputado Estadual";76419;207;24;0;231;67344;0;9075;"N";67344;60149;60149;56841;3308;3308;0;0;0;0;0;0;0;2930;4265;4265;0;0;"20:00:33";"19/04/2021"
"13/11/2024";"10:56:19";2018;2;"Eleição Ordinária";1;297;"Eleições Gerais Estaduais 2018";"07/10/2018";"E";"AM";"AM";"AMAZONAS";"02615";"MAUÉS";5;5;"Senador";30937;94;15;0;109;21961;0;8976;"N";43922;38975;38975;38975;0;0;0;0;0;0;0;0;0;1316;3631;3631;0;0;"20:00:25";"19/04/2021"
"13/11/2024";"10:56:19";2018;2;"Eleição Ordinária";1;297;"Eleições Gerais Estaduais 2018";"07/10/2018";"E";"AM";"AM";"AMAZONAS";"02690";"PARINTINS";4;7;"Deputado Estadual";68205;218;17;0;235;51549;0;16656;"N";51549;49198;49198;46543;2655;2655;0;0;0;0;0;0;0;1353;998;998;0;0;"20:00:26";"19/04/2021"
"13/11/2024";"10:56:19";2018;2;"Eleição Ordinária";1;297;"Eleições Gerais Estaduais 2018";"07/10/2018";"E";"AM";"AM";"AMAZONAS";"02739";"SANTO ANTÔNIO DO IÇÁ";47;6;"Deputado Federal";13906;42;1;0;43;10584;0;3322;"N";10584;10119;10119;9457;662;662;0;0;0;0;0;0;0;238;227;227;0;0;"20:00:08";"19/04/2021"
"13/11/2024";"10:56:19";2018;2;"Eleição Ordinária";1;297;"Eleições Gerais Estaduais 2018";"07/10/2018";"E";"AM";"AM";"AMAZONAS";"02771";"SILVES";24;3;"Governador";7167;22;2;0;24;5607;0;1560;"N";5607;5112;5112;5112;0;0;0;0;0;0;0;0;0;75;420;420;0;0;"20:00:17";"19/04/2021"
"13/11/2024";"10:56:19";2018;2;"Eleição Ordinária";1;297;"Eleições Gerais Estaduais 2018";"07/10/2018";"E";"AM";"AM";"AMAZONAS";"02771";"SILVES";24;6;"Deputado Federal";7167;22;2;0;24;5607;0;1560;"N";5607;5351;5351;5054;297;297;0;0;0;0;0;0;0;153;103;103;0;0;"20:00:17";"19/04/2021"
"13/11/2024";"10:56:19";2018;2;"Eleição Ordinária";1;297;"Eleições Gerais Estaduais 2018";"07/10/2018";"E";"AM";"AM";"AMAZONAS";"98434";"RIO PRETO DA EVA";68;7;"Deputado Estadual";15128;54;16;0;70;11774;0;3354;"N";11774;10927;10927;10082;845;845;0;0;0;0;0;0;0;284;563;563;0;0;"20:00:18";"19/04/2021"
"13/11/2024";"10:56:19";2018;2;"Eleição Ordinária";1;297;"Eleições Gerais Estaduais 2018";"07/10/2018";"E";"AM";"AM";"AMAZONAS";"02933";"ANAMÃ";6;3;"Governador";7457;20;2;0;22;5559;0;1898;"N";5559;5172;5172;5172;0;0;0;0;0;0;0;0;0;36;351;351;0;0;"20:00:23";"19/04/2021"
"13/11/2024";"10:56:19";2018;2;"Eleição Ordinária";1;297;"Eleições Gerais Estaduais 2018";"07/10/2018";"E";"AM";"AM";"AMAZONAS";"02933";"ANAMÃ";6;6;"Deputado Federal";7457;20;2;0;22;5559;0;1898;"N";5559;5336;5336;5061;275;275;0;0;0;0;0;0;0;73;150;150;0;0;"20:00:23";"19/04/2021"
"13/11/2024";"10:56:19";2018;2;"Eleição Ordinária";1;297;"Eleições Gerais Estaduais 2018";"07/10/2018";"E";"AM";"AM";"AMAZONAS";"02038";"ANORI";33;5;"Senador";9719;27;1;0;28;7268;0;2451;"N";14536;13244;13244;13244;0;0;0;0;0;0;0;0;0;293;999;999;0;0;"20:00:00";"19/04/2021"
"13/11/2024";"10:56:19";2018;2;"Eleição Ordinária";1;297;"Eleições Gerais Estaduais 2018";"07/10/2018";"E";"AM";"AM";"AMAZONAS";"02070";"AUTAZES";35;5;"Senador";25310;84;10;0;94;19865;0;5445;"N";39730;35978;35978;35978;0;0;0;0;0;0;0;0;0;885;2867;2867;0;0;"20:00:45";"19/04/2021"
"13/11/2024";"10:56:19";2018;2;"Eleição Ordinária";1;297;"Eleições Gerais Estaduais 2018";"07/10/2018";"E";"AM";"AM";"AMAZONAS";"02453";"JAPURÁ";48;6;"Deputado Federal";4393;13;2;0;15;2882;0;1511;"N";2882;2787;2787;2649;138;138;0;0;0;0;0;0;0;46;49;49;0;0;"20:00:32";"19/04/2021"
"13/11/2024";"10:56:19";2018;2;"Eleição Ordinária";1;297;"Eleições Gerais Estaduais 2018";"07/10/2018";"E";"AM";"AM";"AMAZONAS";"02518";"LÁBREA";12;5;"Senador";24279;79;8;0;87;16574;0;7705;"N";33148;29804;29804;29804;0;0;0;0;0;0;0;0;0;822;2522;2522;0;0;"20:00:08";"19/04/2021"
"13/11/2024";"10:56:19";2018;2;"Eleição Ordinária";1;297;"Eleições Gerais Estaduais 2018";"07/10/2018";"E";"AM";"AM";"AMAZONAS";"02550";"MANAUS";65;3;"Governador";110278;289;5;0;294;95257;0;15021;"N";95257;85247;85247;85247;0;0;0;0;0;0;0;0;0;2512;7498;7498;0;0;"20:00:33";"19/04/2021"
"13/11/2024";"10:56:19";2018;2;"Eleição Ordinária";1;297;"Eleições Gerais Estaduais 2018";"07/10/2018";"E";"AM";"AM";"AMAZONAS";"02550";"MANAUS";40;6;"Deputado Federal";116457;298;3;0;301;102159;0;14298;"N";102159;89841;89841;85697;4144;4144;0;0;0;0;0;0;0;5095;7223;7223;0;0;"20:00:33";"19/04/2021"
"13/11/2024";"10:56:19";2018;2;"Eleição Ordinária";1;297;"Eleições Gerais Estaduais 2018";"07/10/2018";"E";"AM";"AM";"AMAZONAS";"02798";"TAPAUÁ";38;5;"Senador";12718;39;1;0;40;8580;0;4138;"N";17160;15859;15859;15859;0;0;0;0;0;0;0;0;0;297;1004;1004;0;0;"20:00:17";"19/04/2021"
"13/11/2024";"10:56:19";2018;2;"Eleição Ordinária";2;298;"Eleições Gerais Estaduais 2018";"28/10/2018";"E";"AM";"AM";"AMAZONAS";"98434";"RIO PRETO DA EVA";68;3;"Governador";15128;54;16;0;70;10905;0;4223;"N";10905;10121;10121;10121;0;0;0;0;0;0;0;0;0;77;707;707;0;0;"19:25:40";"28/10/2018"
"13/11/2024";"10:56:19";2018;2;"Eleição Ordinária";2;298;"Eleições Gerais Estaduais 2018";"28/10/2018";"E";"AM";"AM";"AMAZONAS";"98515";"TONANTINS";47;3;"Governador";9222;26;3;0;29;6783;0;2439;"N";6783;6378;6378;6378;0;0;0;0;0;0;0;0;0;38;367;367;0;0;"19:10:20";"28/10/2018"
"13/11/2024";"10:56:19";2018;2;"Eleição Ordinária";2;298;"Eleições Gerais Estaduais 2018";"28/10/2018";"E";"AM";"AM";"AMAZONAS";"02470";"JURUÁ";50;3;"Governador";7120;25;5;0;30;4443;0;2677;"N";4443;4127;4127;4127;0;0;0;0;0;0;0;0;0;34;282;282;0;0;"19:00:20";"28/10/2018"
"13/11/2024";"10:56:19";2018;2;"Eleição Ordinária";2;298;"Eleições Gerais Estaduais 2018";"28/10/2018";"E";"AM";"AM";"AMAZONAS";"02550";"MANAUS";37;3;"Governador";90668;246;12;0;258;79634;0;11034;"N";79634;73083;73083;73083;0;0;0;0;0;0;0;0;0;1152;5399;5399;0;0;"21:05:21";"28/10/2018"
"13/11/2024";"10:56:19";2018;2;"Eleição Ordinária";1;297;"Eleições Gerais Estaduais 2018";"07/10/2018";"E";"AM";"AM";"AMAZONAS";"98418";"PRESIDENTE FIGUEIREDO";51;7;"Deputado Estadual";22750;77;18;0;95;17067;0;5683;"N";17067;15869;15869;14948;921;921;0;0;0;0;0;0;0;468;730;730;0;0;"20:00:13";"19/04/2021"
"13/11/2024";"10:56:19";2018;2;"Eleição Ordinária";1;297;"Eleições Gerais Estaduais 2018";"07/10/2018";"E";"AM";"AM";"AMAZONAS";"98450";"SÃO SEBASTIÃO DO UATUMÃ";27;6;"Deputado Federal";6637;19;0;0;19;4891;0;1746;"N";4891;4684;4684;4501;183;183;0;0;0;0;0;0;0;90;117;117;0;0;"20:00:11";"19/04/2021"
"13/11/2024";"10:56:19";2018;2;"Eleição Ordinária";1;297;"Eleições Gerais Estaduais 2018";"07/10/2018";"E";"AM";"AM";"AMAZONAS";"02895";"ALVARÃES";60;6;"Deputado Federal";9758;30;2;0;32;7244;0;2514;"N";7244;6921;6921;6554;367;367;0;0;0;0;0;0;0;128;195;195;0;0;"20:00:36";"19/04/2021"
"13/11/2024";"10:56:19";2018;2;"Eleição Ordinária";1;297;"Eleições Gerais Estaduais 2018";"07/10/2018";"E";"AM";"AM";"AMAZONAS";"02020";"GUAJARÁ";45;6;"Deputado Federal";9519;34;2;0;36;6400;0;3119;"N";6400;6009;6009;5591;418;418;0;0;0;0;0;0;0;168;223;223;0;0;"20:00:43";"19/04/2021"
"13/11/2024";"10:56:19";2018;2;"Eleição Ordinária";1;297;"Eleições Gerais Estaduais 2018";"07/10/2018";"E";"AM";"AM";"AMAZONAS";"02054";"ATALAIA DO NORTE";42;7;"Deputado Estadual";7919;27;9;0;36;5416;0;2503;"N";5416;5328;5328;5045;283;283;0;0;0;0;0;0;0;23;65;65;0;0;"20:00:18";"19/04/2021"
"13/11/2024";"10:56:19";2018;2;"Eleição Ordinária";1;297;"Eleições Gerais Estaduais 2018";"07/10/2018";"E";"AM";"AM";"AMAZONAS";"02399";"IPIXUNA";45;5;"Senador";10761;37;1;0;38;7004;0;3757;"N";14008;12324;12324;12324;0;0;0;0;0;0;0;0;0;498;1186;1186;0;0;"20:00:07";"19/04/2021"
"13/11/2024";"10:56:19";2018;2;"Eleição Ordinária";1;297;"Eleições Gerais Estaduais 2018";"07/10/2018";"E";"AM";"AM";"AMAZONAS";"02550";"MANAUS";1;5;"Senador";95334;280;20;0;300;83453;0;11881;"N";166906;136372;136372;136372;0;0;0;0;0;0;0;0;0;10843;19691;19691;0;0;"20:00:33";"19/04/2021"
"13/11/2024";"10:56:19";2018;2;"Eleição Ordinária";1;297;"Eleições Gerais Estaduais 2018";"07/10/2018";"E";"AM";"AM";"AMAZONAS";"02550";"MANAUS";2;6;"Deputado Federal";85034;221;6;0;227;73642;0;11392;"N";73642;65006;65006;62557;2449;2449;0;0;0;0;0;0;0;3608;5028;5028;0;0;"20:00:33";"19/04/2021"
"13/11/2024";"10:56:19";2018;2;"Eleição Ordinária";1;297;"Eleições Gerais Estaduais 2018";"07/10/2018";"E";"AM";"AM";"AMAZONAS";"02674";"NOVO ARIPUANÃ";29;5;"Senador";12334;36;4;0;40;8245;0;4089;"N";16490;14734;14734;14734;0;0;0;0;0;0;0;0;0;494;1262;1262;0;0;"20:00:16";"19/04/2021"
"13/11/2024";"10:56:19";2018;2;"Eleição Ordinária";1;297;"Eleições Gerais Estaduais 2018";"07/10/2018";"E";"AM";"AM";"AMAZONAS";"02852";"URUCARÁ";27;7;"Deputado Estadual";11572;35;0;0;35;8446;0;3126;"N";8446;8121;8121;7678;443;443;0;0;0;0;0;0;0;129;196;196;0;0;"20:00:00";"19/04/2021"
"13/11/2024";"10:56:19";2018;2;"Eleição Ordinária";2;298;"Eleições Gerais Estaduais 2018";"28/10/2018";"E";"AM";"AM";"AMAZONAS";"02275";"CODAJÁS";7;3;"Governador";14420;49;10;0;59;8958;0;5462;"N";8958;8438;8438;8438;0;0;0;0;0;0;0;0;0;35;485;485;0;0;"23:30:48";"28/10/2018"
"13/11/2024";"10:56:19";2018;2;"Eleição Ordinária";2;298;"Eleições Gerais Estaduais 2018";"28/10/2018";"E";"AM";"AM";"AMAZONAS";"02194";"CANUTAMA";13;3;"Governador";8361;29;1;0;30;5413;0;2948;"N";5413;5035;5035;5035;0;0;0;0;0;0;0;0;0;42;336;336;0;0;"20:20:45";"28/10/2018"
"13/11/2024";"10:56:19";2018;2;"Eleição Ordinária";2;298;"Eleições Gerais Estaduais 2018";"28/10/2018";"E";"AM";"AM";"AMAZONAS";"02550";"MANAUS";65;3;"Governador";110275;289;5;0;294;94273;0;16002;"N";94273;87186;87186;87186;0;0;0;0;0;0;0;0;0;1143;5944;5944;0;0;"21:05:21";"28/10/2018"
"13/11/2024";"10:56:19";2018;2;"Eleição Ordinária";2;298;"Eleições Gerais Estaduais 2018";"28/10/2018";"E";"AM";"AM";"AMAZONAS";"02372";"SANTA ISABEL DO RIO NEGRO";30;3;"Governador";7951;23;1;0;24;4329;0;3622;"N";4329;4005;4005;4005;0;0;0;0;0;0;0;0;0;27;297;297;0;0;"19:55:20";"28/10/2018"
"13/11/2024";"10:56:19";2018;2;"Eleição Ordinária";2;298;"Eleições Gerais Estaduais 2018";"28/10/2018";"E";"AM";"AM";"AMAZONAS";"02739";"SANTO ANTÔNIO DO IÇÁ";47;3;"Governador";13905;42;1;0;43;10386;0;3519;"N";10386;9533;9533;9533;0;0;0;0;0;0;0;0;0;94;759;759;0;0;"19:05:45";"28/10/2018"
"13/11/2024";"10:56:19";2018;2;"Eleição Ordinária";1;297;"Eleições Gerais Estaduais 2018";"07/10/2018";"E";"AM";"AM";"AMAZONAS";"02054";"ATALAIA DO NORTE";42;6;"Deputado Federal";7919;27;9;0;36;5416;0;2503;"N";5416;5288;5288;5050;238;238;0;0;0;0;0;0;0;46;82;82;0;0;"20:00:18";"19/04/2021"
"13/11/2024";"10:56:19";2018;2;"Eleição Ordinária";1;297;"Eleições Gerais Estaduais 2018";"07/10/2018";"E";"AM";"AM";"AMAZONAS";"02356";"HUMAITÁ";17;3;"Governador";28517;94;9;0;103;20112;0;8405;"N";20112;17786;17786;17786;0;0;0;0;0;0;0;0;0;522;1804;1804;0;0;"20:00:14";"19/04/2021"
"13/11/2024";"10:56:19";2018;2;"Eleição Ordinária";1;297;"Eleições Gerais Estaduais 2018";"07/10/2018";"E";"AM";"AM";"AMAZONAS";"02518";"LÁBREA";12;7;"Deputado Estadual";24279;79;8;0;87;16574;0;7705;"N";16574;16025;16025;15019;1006;1006;0;0;0;0;0;0;0;258;291;291;0;0;"20:00:08";"19/04/2021"
"13/11/2024";"10:56:19";2018;2;"Eleição Ordinária";1;297;"Eleições Gerais Estaduais 2018";"07/10/2018";"E";"AM";"AM";"AMAZONAS";"02550";"MANAUS";63;3;"Governador";119805;316;14;0;330;104825;0;14980;"N";104825;93485;93485;93485;0;0;0;0;0;0;0;0;0;2738;8602;8602;0;0;"20:00:33";"19/04/2021"
"13/11/2024";"10:56:19";2018;2;"Eleição Ordinária";1;297;"Eleições Gerais Estaduais 2018";"07/10/2018";"E";"AM";"AM";"AMAZONAS";"02550";"MANAUS";58;7;"Deputado Estadual";112068;287;1;0;288;97706;0;14362;"N";97706;85564;85564;81458;4106;4106;0;0;0;0;0;0;0;4786;7356;7356;0;0;"20:00:33";"19/04/2021"
"13/11/2024";"10:56:19";2018;2;"Eleição Ordinária";1;297;"Eleições Gerais Estaduais 2018";"07/10/2018";"E";"AM";"AM";"AMAZONAS";"02631";"NHAMUNDÁ";43;6;"Deputado Federal";13060;42;6;0;48;9530;0;3530;"N";9530;9168;9168;8772;396;396;0;0;0;0;0;0;0;202;160;160;0;0;"20:00:07";"19/04/2021"
"13/11/2024";"10:56:19";2018;2;"Eleição Ordinária";2;298;"Eleições Gerais Estaduais 2018";"28/10/2018";"E";"AM";"AM";"AMAZONAS";"02151";"BOCA DO ACRE";14;3;"Governador";20963;67;2;0;69;14204;0;6759;"N";14204;12840;12840;12840;0;0;0;0;0;0;0;0;0;181;1183;1183;0;0;"18:33:27";"28/10/2018"
"13/11/2024";"10:56:19";2018;2;"Eleição Ordinária";2;298;"Eleições Gerais Estaduais 2018";"28/10/2018";"E";"AM";"AM";"AMAZONAS";"02313";"ENVIRA";46;3;"Governador";11439;34;1;0;35;6870;0;4569;"N";6870;6467;6467;6467;0;0;0;0;0;0;0;0;0;40;363;363;0;0;"19:50:45";"28/10/2018"
"13/11/2024";"10:56:19";2018;2;"Eleição Ordinária";2;298;"Eleições Gerais Estaduais 2018";"28/10/2018";"E";"AM";"AM";"AMAZONAS";"02615";"MAUÉS";5;3;"Governador";30936;94;15;0;109;20636;0;10300;"N";20636;19489;19489;19489;0;0;0;0;0;0;0;0;0;122;1025;1025;0;0;"21:35:16";"28/10/2018"
"13/11/2024";"10:56:19";2018;2;"Eleição Ordinária";2;298;"Eleições Gerais Estaduais 2018";"28/10/2018";"E";"AM";"AM";"AMAZONAS";"02771";"SILVES";24;3;"Governador";7167;22;2;0;24;4993;0;2174;"N";4993;4715;4715;4715;0;0;0;0;0;0;0;0;0;33;245;245;0;0;"19:25:40";"28/10/2018"
"13/11/2024";"10:56:19";2018;2;"Eleição Ordinária";2;298;"Eleições Gerais Estaduais 2018";"28/10/2018";"E";"AM";"AM";"AMAZONAS";"02070";"AUTAZES";35;3;"Governador";25309;84;10;0;94;18079;0;7230;"N";18079;16860;16860;16860;0;0;0;0;0;0;0;0;0;105;1114;1114;0;0;"21:30:46";"28/10/2018"
"13/11/2024";"10:56:19";2018;2;"Eleição Ordinária";2;298;"Eleições Gerais Estaduais 2018";"28/10/2018";"E";"AM";"AM";"AMAZONAS";"02330";"FONTE BOA";10;3;"Governador";14872;43;7;0;50;10040;0;4832;"N";10040;9510;9510;9510;0;0;0;0;0;0;0;0;0;46;484;484;0;0;"19:25:40";"28/10/2018"
"13/11/2024";"10:56:19";2018;2;"Eleição Ordinária";2;298;"Eleições Gerais Estaduais 2018";"28/10/2018";"E";"AM";"AM";"AMAZONAS";"02453";"JAPURÁ";48;3;"Governador";4395;13;2;0;15;2717;0;1678;"N";2717;2557;2557;2557;0;0;0;0;0;0;0;0;0;16;144;144;0;0;"20:00:50";"28/10/2018"
"13/11/2024";"10:56:19";2018;2;"Eleição Ordinária";2;298;"Eleições Gerais Estaduais 2018";"28/10/2018";"E";"AM";"AM";"AMAZONAS";"02534";"MANACAPURU";6;3;"Governador";66221;197;16;0;213;48484;0;17737;"N";48484;45060;45060;45060;0;0;0;0;0;0;0;0;0;350;3074;3074;0;0;"22:20:57";"28/10/2018"
"13/11/2024";"10:56:19";2018;2;"Eleição Ordinária";2;298;"Eleições Gerais Estaduais 2018";"28/10/2018";"E";"AM";"AM";"AMAZONAS";"02690";"PARINTINS";4;3;"Governador";68204;218;17;0;235;49718;0;18486;"N";49718;46969;46969;46969;0;0;0;0;0;0;0;0;0;346;2403;2403;0;0;"19:55:20";"28/10/2018"
"13/11/2024";"10:56:19";2018;2;"Eleição Ordinária";1;297;"Eleições Gerais Estaduais 2018";"07/10/2018";"E";"AM";"AM";"AMAZONAS";"02992";"CAAPIRANGA";6;3;"Governador";8146;24;0;0;24;5899;0;2247;"N";5899;5327;5327;5327;0;0;0;0;0;0;0;0;0;52;520;520;0;0;"20:00:38";"19/04/2021"
"13/11/2024";"10:56:19";2018;2;"Eleição Ordinária";1;297;"Eleições Gerais Estaduais 2018";"07/10/2018";"E";"AM";"AM";"AMAZONAS";"98353";"IRANDUBA";56;5;"Senador";30595;130;23;0;153;26293;0;4302;"N";52586;46016;46016;46016;0;0;0;0;0;0;0;0;0;1847;4723;4723;0;0;"20:00:40";"19/04/2021"
"13/11/2024";"10:56:19";2018;2;"Eleição Ordinária";1;297;"Eleições Gerais Estaduais 2018";"07/10/2018";"E";"AM";"AM";"AMAZONAS";"02119";"BARREIRINHA";26;5;"Senador";18308;58;1;0;59;13983;0;4325;"N";27966;25325;25325;25325;0;0;0;0;0;0;0;0;0;682;1959;1959;0;0;"20:00:28";"19/04/2021"
"13/11/2024";"10:56:19";2018;2;"Eleição Ordinária";1;297;"Eleições Gerais Estaduais 2018";"07/10/2018";"E";"AM";"AM";"AMAZONAS";"02356";"HUMAITÁ";17;6;"Deputado Federal";28517;94;9;0;103;20112;0;8405;"N";20112;17977;17977;16855;1122;1122;0;0;0;0;0;0;0;916;1219;1219;0;0;"20:00:14";"19/04/2021"
"13/11/2024";"10:56:19";2018;2;"Eleição Ordinária";1;297;"Eleições Gerais Estaduais 2018";"07/10/2018";"E";"AM";"AM";"AMAZONAS";"02410";"ITACOATIARA";3;7;"Deputado Estadual";66335;216;19;0;235;51285;0;15050;"N";51285;49070;49070;46209;2861;2861;0;0;0;0;0;0;0;987;1228;1228;0;0;"20:00:15";"19/04/2021"
"13/11/2024";"10:56:19";2018;2;"Eleição Ordinária";1;297;"Eleições Gerais Estaduais 2018";"07/10/2018";"E";"AM";"AM";"AMAZONAS";"02496";"JUTAÍ";41;5;"Senador";12387;36;0;0;36;8050;0;4337;"N";16100;14180;14180;14180;0;0;0;0;0;0;0;0;0;442;1478;1478;0;0;"20:00:24";"19/04/2021"
"13/11/2024";"10:56:19";2018;2;"Eleição Ordinária";1;297;"Eleições Gerais Estaduais 2018";"07/10/2018";"E";"AM";"AM";"AMAZONAS";"02550";"MANAUS";68;7;"Deputado Estadual";80764;215;5;0;220;69786;0;10978;"N";69786;61581;61581;57320;4261;4261;0;0;0;0;0;0;0;3508;4697;4697;0;0;"20:00:33";"19/04/2021"
"13/11/2024";"10:56:19";2018;2;"Eleição Ordinária";1;297;"Eleições Gerais Estaduais 2018";"07/10/2018";"E";"AM";"AM";"AMAZONAS";"02690";"PARINTINS";4;5;"Senador";68205;218;17;0;235;51549;0;16656;"N";103098;90259;90259;90259;0;0;0;0;0;0;0;0;0;5297;7542;7542;0;0;"20:00:26";"19/04/2021"
"13/11/2024";"10:56:19";2018;2;"Eleição Ordinária";1;297;"Eleições Gerais Estaduais 2018";"07/10/2018";"E";"AM";"AM";"AMAZONAS";"02046";"CAREIRO DA VÁRZEA";31;7;"Deputado Estadual";15290;60;3;0;63;12282;0;3008;"N";12282;11878;11878;10767;1111;1111;0;0;0;0;0;0;0;196;208;208;0;0;"20:00:44";"19/04/2021"
"13/11/2024";"10:56:19";2018;2;"Eleição Ordinária";1;297;"Eleições Gerais Estaduais 2018";"07/10/2018";"E";"AM";"AM";"AMAZONAS";"02194";"CANUTAMA";13;5;"Senador";8361;29;1;0;30;5611;0;2750;"N";11222;10031;10031;10031;0;0;0;0;0;0;0;0;0;276;915;915;0;0;"20:00:31";"19/04/2021"
"13/11/2024";"10:56:19";2018;2;"Eleição Ordinária";1;297;"Eleições Gerais Estaduais 2018";"07/10/2018";"E";"AM";"AM";"AMAZONAS";"02259";"COARI";8;7;"Deputado Estadual";50269;168;13;0;181;35619;0;14650;"N";35619;31447;31447;29802;1645;1645;0;0;0;0;0;0;0;649;3523;3523;0;0;"20:00:12";"19/04/2021"
"13/11/2024";"10:56:19";2018;2;"Eleição Ordinária";1;297;"Eleições Gerais Estaduais 2018";"07/10/2018";"E";"AM";"AM";"AMAZONAS";"02399";"IPIXUNA";45;3;"Governador";10761;37;1;0;38;7004;0;3757;"N";7004;6186;6186;6186;0;0;0;0;0;0;0;0;0;123;695;695;0;0;"20:00:07";"19/04/2021"
"13/11/2024";"10:56:19";2018;2;"Eleição Ordinária";1;297;"Eleições Gerais Estaduais 2018";"07/10/2018";"E";"AM";"AM";"AMAZONAS";"02496";"JUTAÍ";41;7;"Deputado Estadual";12387;36;0;0;36;8050;0;4337;"N";8050;7744;7744;7081;663;663;0;0;0;0;0;0;0;143;163;163;0;0;"20:00:24";"19/04/2021"
"13/11/2024";"10:56:19";2018;2;"Eleição Ordinária";1;297;"Eleições Gerais Estaduais 2018";"07/10/2018";"E";"AM";"AM";"AMAZONAS";"02712";"PAUINI";44;5;"Senador";10218;31;1;0;32;6537;0;3681;"N";13074;11542;11542;11542;0;0;0;0;0;0;0;0;0;340;1192;1192;0;0;"20:00:20";"19/04/2021"
"13/11/2024";"10:56:19";2018;2;"Eleição Ordinária";2;298;"Eleições Gerais Estaduais 2018";"28/10/2018";"E";"AM";"AM";"AMAZONAS";"02291";"EIRUNEPÉ";11;3;"Governador";20738;64;3;0;67;13118;0;7620;"N";13118;12124;12124;12124;0;0;0;0;0;0;0;0;0;117;877;877;0;0;"19:40:50";"28/10/2018"
"13/11/2024";"10:56:19";2018;2;"Eleição Ordinária";2;298;"Eleições Gerais Estaduais 2018";"28/10/2018";"E";"AM";"AM";"AMAZONAS";"02593";"MARAÃ";49;3;"Governador";9607;27;3;0;30;5243;0;4364;"N";5243;4942;4942;4942;0;0;0;0;0;0;0;0;0;13;288;288;0;0;"20:50:46";"28/10/2018"
"13/11/2024";"10:56:19";2018;2;"Eleição Ordinária";1;297;"Eleições Gerais Estaduais 2018";"07/10/2018";"E";"AM";"AM";"AMAZONAS";"98450";"SÃO SEBASTIÃO DO UATUMÃ";27;7;"Deputado Estadual";6637;19;0;0;19;4891;0;1746;"N";4891;4705;4705;4467;238;238;0;0;0;0;0;0;0;78;108;108;0;0;"20:00:11";"19/04/2021"
"13/11/2024";"10:56:19";2018;2;"Eleição Ordinária";2;298;"Eleições Gerais Estaduais 2018";"28/10/2018";"E";"AM";"AM";"AMAZONAS";"02550";"MANAUS";59;3;"Governador";97825;257;6;0;263;85668;0;12157;"N";85668;78508;78508;78508;0;0;0;0;0;0;0;0;0;1050;6110;6110;0;0;"21:05:21";"28/10/2018"
"13/11/2024";"10:56:19";2018;2;"Eleição Ordinária";2;298;"Eleições Gerais Estaduais 2018";"28/10/2018";"E";"AM";"AM";"AMAZONAS";"02550";"MANAUS";62;3;"Governador";120071;303;5;0;308;102404;0;17667;"N";102404;94822;94822;94822;0;0;0;0;0;0;0;0;0;1221;6361;6361;0;0;"21:05:21";"28/10/2018"
"13/11/2024";"10:56:19";2018;2;"Eleição Ordinária";1;297;"Eleições Gerais Estaduais 2018";"07/10/2018";"E";"AM";"AM";"AMAZONAS";"98477";"TABATINGA";36;6;"Deputado Federal";33165;89;3;0;92;25410;0;7755;"N";25410;23831;23831;22204;1627;1627;0;0;0;0;0;0;0;785;794;794;0;0;"20:00:10";"19/04/2021"
"13/11/2024";"10:56:19";2018;2;"Eleição Ordinária";1;297;"Eleições Gerais Estaduais 2018";"07/10/2018";"E";"AM";"AM";"AMAZONAS";"98515";"TONANTINS";47;7;"Deputado Estadual";9223;26;3;0;29;6851;0;2372;"N";6851;6613;6613;6257;356;356;0;0;0;0;0;0;0;116;122;122;0;0;"20:00:42";"19/04/2021"
"13/11/2024";"10:56:19";2018;2;"Eleição Ordinária";1;297;"Eleições Gerais Estaduais 2018";"07/10/2018";"E";"AM";"AM";"AMAZONAS";"02933";"ANAMÃ";6;5;"Senador";7457;20;2;0;22;5559;0;1898;"N";11118;10113;10113;10113;0;0;0;0;0;0;0;0;0;248;757;757;0;0;"20:00:23";"19/04/2021"
"13/11/2024";"10:56:19";2018;2;"Eleição Ordinária";1;297;"Eleições Gerais Estaduais 2018";"07/10/2018";"E";"AM";"AM";"AMAZONAS";"02003";"APUÍ";67;5;"Senador";10679;27;16;0;43;6979;0;3700;"N";13958;11897;11897;11897;0;0;0;0;0;0;0;0;0;746;1315;1315;0;0;"20:00:30";"19/04/2021"
"13/11/2024";"10:56:19";2018;2;"Eleição Ordinária";1;297;"Eleições Gerais Estaduais 2018";"07/10/2018";"E";"AM";"AM";"AMAZONAS";"02151";"BOCA DO ACRE";14;3;"Governador";20963;67;2;0;69;14756;0;6207;"N";14756;12610;12610;12610;0;0;0;0;0;0;0;0;0;374;1772;1772;0;0;"20:00:13";"19/04/2021"
"13/11/2024";"10:56:19";2018;2;"Eleição Ordinária";1;297;"Eleições Gerais Estaduais 2018";"07/10/2018";"E";"AM";"AM";"AMAZONAS";"02151";"BOCA DO ACRE";14;5;"Senador";20963;67;2;0;69;14756;0;6207;"N";29512;24096;24096;24096;0;0;0;0;0;0;0;0;0;1660;3756;3756;0;0;"20:00:13";"19/04/2021"
"13/11/2024";"10:56:19";2018;2;"Eleição Ordinária";1;297;"Eleições Gerais Estaduais 2018";"07/10/2018";"E";"AM";"AM";"AMAZONAS";"02194";"CANUTAMA";13;3;"Governador";8361;29;1;0;30;5611;0;2750;"N";5611;5023;5023;5023;0;0;0;0;0;0;0;0;0;71;517;517;0;0;"20:00:31";"19/04/2021"
"13/11/2024";"10:56:19";2018;2;"Eleição Ordinária";1;297;"Eleições Gerais Estaduais 2018";"07/10/2018";"E";"AM";"AM";"AMAZONAS";"02232";"CAREIRO";23;5;"Senador";21036;73;10;0;83;16172;0;4864;"N";32344;28269;28269;28269;0;0;0;0;0;0;0;0;0;948;3127;3127;0;0;"20:00:30";"19/04/2021"
"13/11/2024";"10:56:19";2018;2;"Eleição Ordinária";1;297;"Eleições Gerais Estaduais 2018";"07/10/2018";"E";"AM";"AM";"AMAZONAS";"02470";"JURUÁ";50;3;"Governador";7119;25;5;0;30;4433;0;2686;"N";4433;4016;4016;4016;0;0;0;0;0;0;0;0;0;43;374;374;0;0;"20:00:06";"19/04/2021"
"13/11/2024";"10:56:19";2018;2;"Eleição Ordinária";1;297;"Eleições Gerais Estaduais 2018";"07/10/2018";"E";"AM";"AM";"AMAZONAS";"02550";"MANAUS";58;5;"Senador";112068;287;1;0;288;97706;0;14362;"N";195412;155889;155889;155889;0;0;0;0;0;0;0;0;0;14225;25298;25298;0;0;"20:00:33";"19/04/2021"
"13/11/2024";"10:56:19";2018;2;"Eleição Ordinária";1;297;"Eleições Gerais Estaduais 2018";"07/10/2018";"E";"AM";"AM";"AMAZONAS";"02674";"NOVO ARIPUANÃ";29;6;"Deputado Federal";12334;36;4;0;40;8245;0;4089;"N";8245;7836;7836;7442;394;394;0;0;0;0;0;0;0;202;207;207;0;0;"20:00:16";"19/04/2021"
"13/11/2024";"10:56:19";2018;2;"Eleição Ordinária";1;297;"Eleições Gerais Estaduais 2018";"07/10/2018";"E";"AM";"AM";"AMAZONAS";"02690";"PARINTINS";4;3;"Governador";68205;218;17;0;235;51549;0;16656;"N";51549;47979;47979;47979;0;0;0;0;0;0;0;0;0;745;2825;2825;0;0;"20:00:26";"19/04/2021"
"13/11/2024";"10:56:19";2018;2;"Eleição Ordinária";1;297;"Eleições Gerais Estaduais 2018";"07/10/2018";"E";"AM";"AM";"AMAZONAS";"02771";"SILVES";24;5;"Senador";7167;22;2;0;24;5607;0;1560;"N";11214;9923;9923;9923;0;0;0;0;0;0;0;0;0;404;887;887;0;0;"20:00:17";"19/04/2021"
"13/11/2024";"10:56:19";2018;2;"Eleição Ordinária";2;298;"Eleições Gerais Estaduais 2018";"28/10/2018";"E";"AM";"AM";"AMAZONAS";"02933";"ANAMÃ";6;3;"Governador";7457;20;2;0;22;6196;0;1261;"N";6196;5964;5964;5964;0;0;0;0;0;0;0;0;0;14;218;218;0;0;"18:33:26";"28/10/2018"
"13/11/2024";"10:56:19";2018;2;"Eleição Ordinária";1;297;"Eleições Gerais Estaduais 2018";"07/10/2018";"E";"AM";"AM";"AMAZONAS";"98396";"MANAQUIRI";23;3;"Governador";13161;38;3;0;41;9804;0;3357;"N";9804;8957;8957;8957;0;0;0;0;0;0;0;0;0;92;755;755;0;0;"20:00:11";"19/04/2021"
"13/11/2024";"10:56:19";2018;2;"Eleição Ordinária";1;297;"Eleições Gerais Estaduais 2018";"07/10/2018";"E";"AM";"AM";"AMAZONAS";"98396";"MANAQUIRI";23;7;"Deputado Estadual";13161;38;3;0;41;9804;0;3357;"N";9804;9449;9449;8804;645;645;0;0;0;0;0;0;0;105;250;250;0;0;"20:00:11";"19/04/2021"
"13/11/2024";"10:56:19";2018;2;"Eleição Ordinária";1;297;"Eleições Gerais Estaduais 2018";"07/10/2018";"E";"AM";"AM";"AMAZONAS";"02976";"BOA VISTA DO RAMOS";5;6;"Deputado Federal";10834;32;2;0;34;7996;0;2838;"N";7996;7731;7731;7325;406;406;0;0;0;0;0;0;0;113;152;152;0;0;"20:00:21";"19/04/2021"
"13/11/2024";"10:56:19";2018;2;"Eleição Ordinária";1;297;"Eleições Gerais Estaduais 2018";"07/10/2018";"E";"AM";"AM";"AMAZONAS";"02038";"ANORI";33;7;"Deputado Estadual";9719;27;1;0;28;7268;0;2451;"N";7268;7064;7064;6730;334;334;0;0;0;0;0;0;0;68;136;136;0;0;"20:00:00";"19/04/2021"
"13/11/2024";"10:56:19";2018;2;"Eleição Ordinária";1;297;"Eleições Gerais Estaduais 2018";"07/10/2018";"E";"AM";"AM";"AMAZONAS";"02372";"SANTA ISABEL DO RIO NEGRO";30;7;"Deputado Estadual";7951;23;1;0;24;4557;0;3394;"N";4557;2963;2963;2643;320;320;0;0;0;0;0;0;0;106;1488;1488;0;0;"20:00:32";"19/04/2021"
"13/11/2024";"10:56:19";2018;2;"Eleição Ordinária";1;297;"Eleições Gerais Estaduais 2018";"07/10/2018";"E";"AM";"AM";"AMAZONAS";"02550";"MANAUS";37;5;"Senador";90663;246;12;0;258;80340;0;10323;"N";160680;130277;130277;130277;0;0;0;0;0;0;0;0;0;10678;19725;19725;0;0;"20:00:33";"19/04/2021"
"13/11/2024";"10:56:19";2018;2;"Eleição Ordinária";1;297;"Eleições Gerais Estaduais 2018";"07/10/2018";"E";"AM";"AM";"AMAZONAS";"02550";"MANAUS";59;6;"Deputado Federal";97822;257;6;0;263;85941;0;11881;"N";85941;74131;74131;69809;4322;4322;0;0;0;0;0;0;0;4906;6904;6904;0;0;"20:00:33";"19/04/2021"
"13/11/2024";"10:56:19";2018;2;"Eleição Ordinária";1;297;"Eleições Gerais Estaduais 2018";"07/10/2018";"E";"AM";"AM";"AMAZONAS";"02615";"MAUÉS";5;3;"Governador";30937;94;15;0;109;21961;0;8976;"N";21961;20337;20337;20337;0;0;0;0;0;0;0;0;0;218;1406;1406;0;0;"20:00:25";"19/04/2021"
"13/11/2024";"10:56:19";2018;2;"Eleição Ordinária";1;297;"Eleições Gerais Estaduais 2018";"07/10/2018";"E";"AM";"AM";"AMAZONAS";"02674";"NOVO ARIPUANÃ";29;3;"Governador";12334;36;4;0;40;8245;0;4089;"N";8245;7515;7515;7515;0;0;0;0;0;0;0;0;0;94;636;636;0;0;"20:00:16";"19/04/2021"
"13/11/2024";"10:56:19";2018;2;"Eleição Ordinária";1;297;"Eleições Gerais Estaduais 2018";"07/10/2018";"E";"AM";"AM";"AMAZONAS";"02810";"TEFÉ";9;3;"Governador";40950;128;11;0;139;30113;0;10837;"N";30113;27537;27537;27537;0;0;0;0;0;0;0;0;0;505;2071;2071;0;0;"20:00:21";"19/04/2021"
"13/11/2024";"10:56:19";2018;2;"Eleição Ordinária";1;297;"Eleições Gerais Estaduais 2018";"07/10/2018";"E";"AM";"AM";"AMAZONAS";"02836";"SÃO GABRIEL DA CACHOEIRA";19;3;"Governador";29139;92;8;0;100;18898;0;10241;"N";18898;17617;17617;17617;0;0;0;0;0;0;0;0;0;211;1070;1070;0;0;"20:00:12";"19/04/2021"
"13/11/2024";"10:56:19";2018;2;"Eleição Ordinária";2;298;"Eleições Gerais Estaduais 2018";"28/10/2018";"E";"AM";"AM";"AMAZONAS";"98370";"ITAMARATI";69;3;"Governador";6701;21;3;0;24;4509;0;2192;"N";4509;4251;4251;4251;0;0;0;0;0;0;0;0;0;18;240;240;0;0;"21:10:56";"28/10/2018"
"13/11/2024";"10:56:19";2018;2;"Eleição Ordinária";2;298;"Eleições Gerais Estaduais 2018";"28/10/2018";"E";"AM";"AM";"AMAZONAS";"98450";"SÃO SEBASTIÃO DO UATUMÃ";27;3;"Governador";6637;19;0;0;19;4571;0;2066;"N";4571;4248;4248;4248;0;0;0;0;0;0;0;0;0;39;284;284;0;0;"18:55:50";"28/10/2018"
"13/11/2024";"10:56:19";2018;2;"Eleição Ordinária";2;298;"Eleições Gerais Estaduais 2018";"28/10/2018";"E";"AM";"AM";"AMAZONAS";"02011";"NOVO AIRÃO";34;3;"Governador";10322;31;1;0;32;7884;0;2438;"N";7884;7390;7390;7390;0;0;0;0;0;0;0;0;0;60;434;434;0;0;"20:43:11";"28/10/2018"
"13/11/2024";"10:56:19";2018;2;"Eleição Ordinária";2;298;"Eleições Gerais Estaduais 2018";"28/10/2018";"E";"AM";"AM";"AMAZONAS";"02550";"MANAUS";2;3;"Governador";85034;221;6;0;227;73023;0;12011;"N";73023;67626;67626;67626;0;0;0;0;0;0;0;0;0;1255;4142;4142;0;0;"21:05:21";"28/10/2018"
"13/11/2024";"10:56:19";2018;2;"Eleição Ordinária";2;298;"Eleições Gerais Estaduais 2018";"28/10/2018";"E";"AM";"AM";"AMAZONAS";"02836";"SÃO GABRIEL DA CACHOEIRA";19;3;"Governador";29140;92;8;0;100;18000;0;11140;"N";18000;16988;16988;16988;0;0;0;0;0;0;0;0;0;99;913;913;0;0;"09:35:59";"29/10/2018"
"13/11/2024";"10:56:19";2018;2;"Eleição Ordinária";1;297;"Eleições Gerais Estaduais 2018";"07/10/2018";"E";"AM";"AM";"AMAZONAS";"98370";"ITAMARATI";69;6;"Deputado Federal";6700;21;3;0;24;4487;0;2213;"N";4487;4379;4379;4165;214;214;0;0;0;0;0;0;0;54;54;54;0;0;"20:00:30";"19/04/2021"
"13/11/2024";"10:56:19";2018;2;"Eleição Ordinária";1;297;"Eleições Gerais Estaduais 2018";"07/10/2018";"E";"AM";"AM";"AMAZONAS";"98493";"UARINI";60;7;"Deputado Estadual";7346;24;4;0;28;5378;0;1968;"N";5378;5228;5228;4872;356;356;0;0;0;0;0;0;0;70;80;80;0;0;"20:00:23";"19/04/2021"
"13/11/2024";"10:56:19";2018;2;"Eleição Ordinária";1;297;"Eleições Gerais Estaduais 2018";"07/10/2018";"E";"AM";"AM";"AMAZONAS";"98515";"TONANTINS";47;3;"Governador";9223;26;3;0;29;6851;0;2372;"N";6851;6379;6379;6379;0;0;0;0;0;0;0;0;0;38;434;434;0;0;"20:00:42";"19/04/2021"
"13/11/2024";"10:56:19";2018;2;"Eleição Ordinária";1;297;"Eleições Gerais Estaduais 2018";"07/10/2018";"E";"AM";"AM";"AMAZONAS";"02895";"ALVARÃES";60;7;"Deputado Estadual";9758;30;2;0;32;7244;0;2514;"N";7244;7036;7036;6584;452;452;0;0;0;0;0;0;0;85;123;123;0;0;"20:00:36";"19/04/2021"
"13/11/2024";"10:56:19";2018;2;"Eleição Ordinária";1;297;"Eleições Gerais Estaduais 2018";"07/10/2018";"E";"AM";"AM";"AMAZONAS";"02070";"AUTAZES";35;6;"Deputado Federal";25310;84;10;0;94;19865;0;5445;"N";19865;18981;18981;18000;981;981;0;0;0;0;0;0;0;350;534;534;0;0;"20:00:45";"19/04/2021"
"13/11/2024";"10:56:19";2018;2;"Eleição Ordinária";1;297;"Eleições Gerais Estaduais 2018";"07/10/2018";"E";"AM";"AM";"AMAZONAS";"02097";"BARCELOS";18;5;"Senador";10491;30;2;0;32;6570;0;3921;"N";13140;11926;11926;11926;0;0;0;0;0;0;0;0;0;431;783;783;0;0;"20:00:18";"19/04/2021"
"13/11/2024";"10:56:19";2018;2;"Eleição Ordinária";1;297;"Eleições Gerais Estaduais 2018";"07/10/2018";"E";"AM";"AM";"AMAZONAS";"02194";"CANUTAMA";13;6;"Deputado Federal";8361;29;1;0;30;5611;0;2750;"N";5611;5398;5398;5174;224;224;0;0;0;0;0;0;0;99;114;114;0;0;"20:00:31";"19/04/2021"
"13/11/2024";"10:56:19";2018;2;"Eleição Ordinária";1;297;"Eleições Gerais Estaduais 2018";"07/10/2018";"E";"AM";"AM";"AMAZONAS";"02410";"ITACOATIARA";3;3;"Governador";66335;216;19;0;235;51285;0;15050;"N";51285;46951;46951;46951;0;0;0;0;0;0;0;0;0;813;3521;3521;0;0;"20:00:15";"19/04/2021"
"13/11/2024";"10:56:19";2018;2;"Eleição Ordinária";1;297;"Eleições Gerais Estaduais 2018";"07/10/2018";"E";"AM";"AM";"AMAZONAS";"02410";"ITACOATIARA";3;5;"Senador";66335;216;19;0;235;51285;0;15050;"N";102570;90755;90755;90755;0;0;0;0;0;0;0;0;0;3828;7987;7987;0;0;"20:00:15";"19/04/2021"
"13/11/2024";"10:56:19";2018;2;"Eleição Ordinária";1;297;"Eleições Gerais Estaduais 2018";"07/10/2018";"E";"AM";"AM";"AMAZONAS";"02550";"MANAUS";1;6;"Deputado Federal";95334;280;20;0;300;83453;0;11881;"N";83453;72882;72882;69640;3242;3242;0;0;0;0;0;0;0;4285;6286;6286;0;0;"20:00:33";"19/04/2021"
"13/11/2024";"10:56:19";2018;2;"Eleição Ordinária";1;297;"Eleições Gerais Estaduais 2018";"07/10/2018";"E";"AM";"AM";"AMAZONAS";"02550";"MANAUS";70;6;"Deputado Federal";100915;257;12;0;269;87809;0;13106;"N";87809;74995;74995;70554;4441;4441;0;0;0;0;0;0;0;5287;7527;7527;0;0;"20:00:33";"19/04/2021"
"13/11/2024";"10:56:19";2018;2;"Eleição Ordinária";1;297;"Eleições Gerais Estaduais 2018";"07/10/2018";"E";"AM";"AM";"AMAZONAS";"02577";"MANICORÉ";16;3;"Governador";27965;93;8;0;101;19235;0;8730;"N";19235;17704;17704;17704;0;0;0;0;0;0;0;0;0;265;1266;1266;0;0;"20:00:22";"19/04/2021"
"13/11/2024";"10:56:19";2018;2;"Eleição Ordinária";1;297;"Eleições Gerais Estaduais 2018";"07/10/2018";"E";"AM";"AM";"AMAZONAS";"02836";"SÃO GABRIEL DA CACHOEIRA";19;7;"Deputado Estadual";29139;92;8;0;100;18898;0;10241;"N";18898;18117;18117;16834;1283;1283;0;0;0;0;0;0;0;324;457;457;0;0;"20:00:12";"19/04/2021"
"13/11/2024";"10:56:19";2018;2;"Eleição Ordinária";1;297;"Eleições Gerais Estaduais 2018";"07/10/2018";"E";"AM";"AM";"AMAZONAS";"02879";"URUCURITUBA";3;3;"Governador";12201;40;2;0;42;8908;0;3293;"N";8908;8312;8312;8312;0;0;0;0;0;0;0;0;0;74;522;522;0;0;"20:00:09";"19/04/2021"
"13/11/2024";"10:56:19";2018;2;"Eleição Ordinária";2;298;"Eleições Gerais Estaduais 2018";"28/10/2018";"E";"AM";"AM";"AMAZONAS";"02550";"MANAUS";58;3;"Governador";112070;287;1;0;288;97113;0;14957;"N";97113;90006;90006;90006;0;0;0;0;0;0;0;0;0;1285;5822;5822;0;0;"21:05:21";"28/10/2018"
"13/11/2024";"10:56:19";2018;2;"Eleição Ordinária";2;298;"Eleições Gerais Estaduais 2018";"28/10/2018";"E";"AM";"AM";"AMAZONAS";"02550";"MANAUS";70;3;"Governador";100925;257;12;0;269;86944;0;13981;"N";86944;80009;80009;80009;0;0;0;0;0;0;0;0;0;1011;5924;5924;0;0;"21:05:21";"28/10/2018"
"13/11/2024";"10:56:19";2018;2;"Eleição Ordinária";1;297;"Eleições Gerais Estaduais 2018";"07/10/2018";"E";"AM";"AM";"AMAZONAS";"98370";"ITAMARATI";69;3;"Governador";6700;21;3;0;24;4487;0;2213;"N";4487;4053;4053;4053;0;0;0;0;0;0;0;0;0;48;386;386;0;0;"20:00:30";"19/04/2021"
"13/11/2024";"10:56:19";2018;2;"Eleição Ordinária";1;297;"Eleições Gerais Estaduais 2018";"07/10/2018";"E";"AM";"AM";"AMAZONAS";"98418";"PRESIDENTE FIGUEIREDO";51;5;"Senador";22750;77;18;0;95;17067;0;5683;"N";34134;28399;28399;28399;0;0;0;0;0;0;0;0;0;1788;3947;3947;0;0;"20:00:13";"19/04/2021"
"13/11/2024";"10:56:19";2018;2;"Eleição Ordinária";1;297;"Eleições Gerais Estaduais 2018";"07/10/2018";"E";"AM";"AM";"AMAZONAS";"98434";"RIO PRETO DA EVA";68;5;"Senador";15128;54;16;0;70;11774;0;3354;"N";23548;19964;19964;19964;0;0;0;0;0;0;0;0;0;995;2589;2589;0;0;"20:00:18";"19/04/2021"
"13/11/2024";"10:56:19";2018;2;"Eleição Ordinária";1;297;"Eleições Gerais Estaduais 2018";"07/10/2018";"E";"AM";"AM";"AMAZONAS";"02917";"AMATURÁ";22;7;"Deputado Estadual";5909;22;2;0;24;4674;0;1235;"N";4674;4564;4564;4220;344;344;0;0;0;0;0;0;0;37;73;73;0;0;"20:00:29";"19/04/2021"
"13/11/2024";"10:56:19";2018;2;"Eleição Ordinária";2;298;"Eleições Gerais Estaduais 2018";"28/10/2018";"E";"AM";"AM";"AMAZONAS";"02135";"BENJAMIN CONSTANT";20;3;"Governador";20441;67;2;0;69;15238;0;5203;"N";15238;14144;14144;14144;0;0;0;0;0;0;0;0;0;107;987;987;0;0;"20:40:55";"28/10/2018"
"13/11/2024";"10:56:19";2018;2;"Eleição Ordinária";1;297;"Eleições Gerais Estaduais 2018";"07/10/2018";"E";"AM";"AM";"AMAZONAS";"02976";"BOA VISTA DO RAMOS";5;5;"Senador";10834;32;2;0;34;7996;0;2838;"N";15992;14689;14689;14689;0;0;0;0;0;0;0;0;0;313;990;990;0;0;"20:00:21";"19/04/2021"
"13/11/2024";"10:56:19";2018;2;"Eleição Ordinária";1;297;"Eleições Gerais Estaduais 2018";"07/10/2018";"E";"AM";"AM";"AMAZONAS";"02011";"NOVO AIRÃO";34;3;"Governador";10323;31;1;0;32;7599;0;2724;"N";7599;6895;6895;6895;0;0;0;0;0;0;0;0;0;111;593;593;0;0;"20:00:11";"19/04/2021"
"13/11/2024";"10:56:19";2018;2;"Eleição Ordinária";1;297;"Eleições Gerais Estaduais 2018";"07/10/2018";"E";"AM";"AM";"AMAZONAS";"02038";"ANORI";33;3;"Governador";9719;27;1;0;28;7268;0;2451;"N";7268;6698;6698;6698;0;0;0;0;0;0;0;0;0;70;500;500;0;0;"20:00:00";"19/04/2021"
"13/11/2024";"10:56:19";2018;2;"Eleição Ordinária";1;297;"Eleições Gerais Estaduais 2018";"07/10/2018";"E";"AM";"AM";"AMAZONAS";"02046";"CAREIRO DA VÁRZEA";31;3;"Governador";15290;60;3;0;63;12282;0;3008;"N";12282;11290;11290;11290;0;0;0;0;0;0;0;0;0;135;857;857;0;0;"20:00:44";"19/04/2021"
"13/11/2024";"10:56:19";2018;2;"Eleição Ordinária";1;297;"Eleições Gerais Estaduais 2018";"07/10/2018";"E";"AM";"AM";"AMAZONAS";"02097";"BARCELOS";18;6;"Deputado Federal";10491;30;2;0;32;6570;0;3921;"N";6570;6267;6267;5866;401;401;0;0;0;0;0;0;0;175;128;128;0;0;"20:00:18";"19/04/2021"
"13/11/2024";"10:56:19";2018;2;"Eleição Ordinária";1;297;"Eleições Gerais Estaduais 2018";"07/10/2018";"E";"AM";"AM";"AMAZONAS";"02291";"EIRUNEPÉ";11;3;"Governador";20736;64;3;0;67;13005;0;7731;"N";13005;11571;11571;11571;0;0;0;0;0;0;0;0;0;238;1196;1196;0;0;"20:00:24";"19/04/2021"
"13/11/2024";"10:56:19";2018;2;"Eleição Ordinária";1;297;"Eleições Gerais Estaduais 2018";"07/10/2018";"E";"AM";"AM";"AMAZONAS";"02437";"ITAPIRANGA";24;6;"Deputado Federal";7230;24;0;0;24;5459;0;1771;"N";5459;5229;5229;5040;189;189;0;0;0;0;0;0;0;117;113;113;0;0;"20:00:17";"19/04/2021"
"13/11/2024";"10:56:19";2018;2;"Eleição Ordinária";1;297;"Eleições Gerais Estaduais 2018";"07/10/2018";"E";"AM";"AM";"AMAZONAS";"02534";"MANACAPURU";6;7;"Deputado Estadual";66220;197;16;0;213;52512;0;13708;"N";52512;50036;50036;46844;3192;3192;0;0;0;0;0;0;0;1055;1421;1421;0;0;"20:00:34";"19/04/2021"
"13/11/2024";"10:56:19";2018;2;"Eleição Ordinária";1;297;"Eleições Gerais Estaduais 2018";"07/10/2018";"E";"AM";"AM";"AMAZONAS";"02550";"MANAUS";59;3;"Governador";97822;257;6;0;263;85941;0;11881;"N";85941;76561;76561;76561;0;0;0;0;0;0;0;0;0;2218;7162;7162;0;0;"20:00:33";"19/04/2021"
"13/11/2024";"10:56:19";2018;2;"Eleição Ordinária";1;297;"Eleições Gerais Estaduais 2018";"07/10/2018";"E";"AM";"AM";"AMAZONAS";"02550";"MANAUS";65;6;"Deputado Federal";110278;289;5;0;294;95257;0;15021;"N";95257;81788;81788;77034;4754;4754;0;0;0;0;0;0;0;5610;7859;7859;0;0;"20:00:33";"19/04/2021"
"13/11/2024";"10:56:19";2018;2;"Eleição Ordinária";1;297;"Eleições Gerais Estaduais 2018";"07/10/2018";"E";"AM";"AM";"AMAZONAS";"02739";"SANTO ANTÔNIO DO IÇÁ";47;3;"Governador";13906;42;1;0;43;10584;0;3322;"N";10584;9703;9703;9703;0;0;0;0;0;0;0;0;0;122;759;759;0;0;"20:00:08";"19/04/2021"
"13/11/2024";"10:56:19";2018;2;"Eleição Ordinária";1;297;"Eleições Gerais Estaduais 2018";"07/10/2018";"E";"AM";"AM";"AMAZONAS";"02755";"SÃO PAULO DE OLIVENÇA";22;3;"Governador";16909;49;7;0;56;13574;0;3335;"N";13574;12485;12485;12485;0;0;0;0;0;0;0;0;0;141;948;948;0;0;"20:00:09";"19/04/2021"
"13/11/2024";"10:56:19";2018;2;"Eleição Ordinária";2;298;"Eleições Gerais Estaduais 2018";"28/10/2018";"E";"AM";"AM";"AMAZONAS";"02550";"MANAUS";31;3;"Governador";76418;207;24;0;231;66712;0;9706;"N";66712;60738;60738;60738;0;0;0;0;0;0;0;0;0;948;5026;5026;0;0;"21:05:21";"28/10/2018"
"13/11/2024";"10:56:19";2018;2;"Eleição Ordinária";2;298;"Eleições Gerais Estaduais 2018";"28/10/2018";"E";"AM";"AM";"AMAZONAS";"02879";"URUCURITUBA";3;3;"Governador";12201;40;2;0;42;8039;0;4162;"N";8039;7654;7654;7654;0;0;0;0;0;0;0;0;0;38;347;347;0;0;"20:55:21";"28/10/2018"
"13/11/2024";"10:56:19";2018;2;"Eleição Ordinária";2;298;"Eleições Gerais Estaduais 2018";"28/10/2018";"E";"AM";"AM";"AMAZONAS";"98353";"IRANDUBA";56;3;"Governador";30595;130;23;0;153;25167;0;5428;"N";25167;23166;23166;23166;0;0;0;0;0;0;0;0;0;183;1818;1818;0;0;"19:55:20";"28/10/2018"
"13/11/2024";"10:56:19";2018;2;"Eleição Ordinária";2;298;"Eleições Gerais Estaduais 2018";"28/10/2018";"E";"AM";"AM";"AMAZONAS";"02550";"MANAUS";1;3;"Governador";95344;280;20;0;300;82767;0;12577;"N";82767;76267;76267;76267;0;0;0;0;0;0;0;0;0;1329;5171;5171;0;0;"21:05:21";"28/10/2018"
"13/11/2024";"10:56:19";2018;2;"Eleição Ordinária";2;298;"Eleições Gerais Estaduais 2018";"28/10/2018";"E";"AM";"AM";"AMAZONAS";"02550";"MANAUS";40;3;"Governador";116458;298;3;0;301;101371;0;15087;"N";101371;94015;94015;94015;0;0;0;0;0;0;0;0;0;1356;6000;6000;0;0;"21:05:21";"28/10/2018"
"13/11/2024";"10:56:19";2018;2;"Eleição Ordinária";2;298;"Eleições Gerais Estaduais 2018";"28/10/2018";"E";"AM";"AM";"AMAZONAS";"02895";"ALVARÃES";60;3;"Governador";9758;30;2;0;32;7031;0;2727;"N";7031;6676;6676;6676;0;0;0;0;0;0;0;0;0;20;335;335;0;0;"18:55:49";"28/10/2018"
"13/11/2024";"10:56:19";2018;2;"Eleição Ordinária";1;297;"Eleições Gerais Estaduais 2018";"07/10/2018";"E";"AM";"AM";"AMAZONAS";"98353";"IRANDUBA";56;3;"Governador";30595;130;23;0;153;26293;0;4302;"N";26293;23947;23947;23947;0;0;0;0;0;0;0;0;0;387;1959;1959;0;0;"20:00:40";"19/04/2021"
"13/11/2024";"10:56:19";2018;2;"Eleição Ordinária";2;298;"Eleições Gerais Estaduais 2018";"28/10/2018";"E";"AM";"AM";"AMAZONAS";"98396";"MANAQUIRI";23;3;"Governador";13161;38;3;0;41;8468;0;4693;"N";8468;7753;7753;7753;0;0;0;0;0;0;0;0;0;55;660;660;0;0;"20:00:50";"28/10/2018"
"13/11/2024";"10:56:19";2018;2;"Eleição Ordinária";2;298;"Eleições Gerais Estaduais 2018";"28/10/2018";"E";"AM";"AM";"AMAZONAS";"02259";"COARI";8;3;"Governador";50269;168;13;0;181;33504;0;16765;"N";33504;30942;30942;30942;0;0;0;0;0;0;0;0;0;265;2297;2297;0;0;"23:01:07";"28/10/2018"
"13/11/2024";"10:56:19";2018;2;"Eleição Ordinária";2;298;"Eleições Gerais Estaduais 2018";"28/10/2018";"E";"AM";"AM";"AMAZONAS";"02550";"MANAUS";32;3;"Governador";114259;323;5;0;328;100165;0;14094;"N";100165;92533;92533;92533;0;0;0;0;0;0;0;0;0;1200;6432;6432;0;0;"21:05:21";"28/10/2018"
"13/11/2024";"10:56:19";2018;2;"Eleição Ordinária";2;298;"Eleições Gerais Estaduais 2018";"28/10/2018";"E";"AM";"AM";"AMAZONAS";"02755";"SÃO PAULO DE OLIVENÇA";22;3;"Governador";16909;49;7;0;56;13339;0;3570;"N";13339;12408;12408;12408;0;0;0;0;0;0;0;0;0;70;861;861;0;0;"20:50:46";"28/10/2018"
"13/11/2024";"10:56:19";2018;2;"Eleição Ordinária";2;298;"Eleições Gerais Estaduais 2018";"28/10/2018";"E";"AM";"AM";"AMAZONAS";"02917";"AMATURÁ";22;3;"Governador";5909;22;2;0;24;4613;0;1296;"N";4613;4221;4221;4221;0;0;0;0;0;0;0;0;0;30;362;362;0;0;"20:35:21";"28/10/2018"
"13/11/2024";"10:56:19";2018;2;"Eleição Ordinária";1;297;"Eleições Gerais Estaduais 2018";"07/10/2018";"E";"AM";"AM";"AMAZONAS";"98493";"UARINI";60;3;"Governador";7346;24;4;0;28;5378;0;1968;"N";5378;4931;4931;4931;0;0;0;0;0;0;0;0;0;49;398;398;0;0;"20:00:23";"19/04/2021"
"13/11/2024";"10:56:19";2018;2;"Eleição Ordinária";1;297;"Eleições Gerais Estaduais 2018";"07/10/2018";"E";"AM";"AM";"AMAZONAS";"02020";"GUAJARÁ";45;3;"Governador";9519;34;2;0;36;6400;0;3119;"N";6400;5563;5563;5563;0;0;0;0;0;0;0;0;0;126;711;711;0;0;"20:00:43";"19/04/2021"
"13/11/2024";"10:56:19";2018;2;"Eleição Ordinária";1;297;"Eleições Gerais Estaduais 2018";"07/10/2018";"E";"AM";"AM";"AMAZONAS";"02046";"CAREIRO DA VÁRZEA";31;6;"Deputado Federal";15290;60;3;0;63;12282;0;3008;"N";12282;11803;11803;10885;918;918;0;0;0;0;0;0;0;230;249;249;0;0;"20:00:44";"19/04/2021"
"13/11/2024";"10:56:19";2018;2;"Eleição Ordinária";1;297;"Eleições Gerais Estaduais 2018";"07/10/2018";"E";"AM";"AM";"AMAZONAS";"02178";"BORBA";15;7;"Deputado Estadual";20293;62;2;0;64;14506;0;5787;"N";14506;14092;14092;13059;1033;1033;0;0;0;0;0;0;0;188;226;226;0;0;"20:00:19";"19/04/2021"
"13/11/2024";"10:56:19";2018;2;"Eleição Ordinária";1;297;"Eleições Gerais Estaduais 2018";"07/10/2018";"E";"AM";"AM";"AMAZONAS";"02275";"CODAJÁS";7;7;"Deputado Estadual";14421;49;10;0;59;9879;0;4542;"N";9879;9611;9611;9023;588;588;0;0;0;0;0;0;0;98;170;170;0;0;"20:00:13";"19/04/2021"
"13/11/2024";"10:56:19";2018;2;"Eleição Ordinária";1;297;"Eleições Gerais Estaduais 2018";"07/10/2018";"E";"AM";"AM";"AMAZONAS";"02550";"MANAUS";40;3;"Governador";116457;298;3;0;301;102159;0;14298;"N";102159;92498;92498;92498;0;0;0;0;0;0;0;0;0;2438;7223;7223;0;0;"20:00:33";"19/04/2021"
"13/11/2024";"10:56:19";2018;2;"Eleição Ordinária";1;297;"Eleições Gerais Estaduais 2018";"07/10/2018";"E";"AM";"AM";"AMAZONAS";"02550";"MANAUS";68;5;"Senador";80764;215;5;0;220;69786;0;10978;"N";139572;111310;111310;111310;0;0;0;0;0;0;0;0;0;10237;18025;18025;0;0;"20:00:33";"19/04/2021"
"13/11/2024";"10:56:19";2018;2;"Eleição Ordinária";1;297;"Eleições Gerais Estaduais 2018";"07/10/2018";"E";"AM";"AM";"AMAZONAS";"02577";"MANICORÉ";16;5;"Senador";27965;93;8;0;101;19235;0;8730;"N";38470;34719;34719;34719;0;0;0;0;0;0;0;0;0;1227;2524;2524;0;0;"20:00:22";"19/04/2021"
"13/11/2024";"10:56:19";2018;2;"Eleição Ordinária";1;297;"Eleições Gerais Estaduais 2018";"07/10/2018";"E";"AM";"AM";"AMAZONAS";"02593";"MARAÃ";49;5;"Senador";9607;27;3;0;30;5617;0;3990;"N";11234;10302;10302;10302;0;0;0;0;0;0;0;0;0;190;742;742;0;0;"20:00:27";"19/04/2021"
"13/11/2024";"10:56:19";2018;2;"Eleição Ordinária";1;297;"Eleições Gerais Estaduais 2018";"07/10/2018";"E";"AM";"AM";"AMAZONAS";"02976";"BOA VISTA DO RAMOS";5;7;"Deputado Estadual";10834;32;2;0;34;7996;0;2838;"N";7996;7807;7807;7336;471;471;0;0;0;0;0;0;0;81;108;108;0;0;"20:00:21";"19/04/2021"
"13/11/2024";"10:56:19";2018;2;"Eleição Ordinária";1;297;"Eleições Gerais Estaduais 2018";"07/10/2018";"E";"AM";"AM";"AMAZONAS";"98370";"ITAMARATI";69;7;"Deputado Estadual";6700;21;3;0;24;4487;0;2213;"N";4487;4402;4402;4147;255;255;0;0;0;0;0;0;0;27;58;58;0;0;"20:00:30";"19/04/2021"
"13/11/2024";"10:56:19";2018;2;"Eleição Ordinária";1;297;"Eleições Gerais Estaduais 2018";"07/10/2018";"E";"AM";"AM";"AMAZONAS";"02119";"BARREIRINHA";26;3;"Governador";18308;58;1;0;59;13983;0;4325;"N";13983;12826;12826;12826;0;0;0;0;0;0;0;0;0;125;1032;1032;0;0;"20:00:28";"19/04/2021"
"13/11/2024";"10:56:19";2018;2;"Eleição Ordinária";1;297;"Eleições Gerais Estaduais 2018";"07/10/2018";"E";"AM";"AM";"AMAZONAS";"02291";"EIRUNEPÉ";11;7;"Deputado Estadual";20736;64;3;0;67;13005;0;7731;"N";13005;12143;12143;11116;1027;1027;0;0;0;0;0;0;0;473;389;389;0;0;"20:00:24";"19/04/2021"
"13/11/2024";"10:56:19";2018;2;"Eleição Ordinária";1;297;"Eleições Gerais Estaduais 2018";"07/10/2018";"E";"AM";"AM";"AMAZONAS";"02372";"SANTA ISABEL DO RIO NEGRO";30;6;"Deputado Federal";7951;23;1;0;24;4557;0;3394;"N";4557;4385;4385;4074;311;311;0;0;0;0;0;0;0;111;61;61;0;0;"20:00:32";"19/04/2021"
"13/11/2024";"10:56:19";2018;2;"Eleição Ordinária";1;297;"Eleições Gerais Estaduais 2018";"07/10/2018";"E";"AM";"AM";"AMAZONAS";"02550";"MANAUS";1;7;"Deputado Estadual";95334;280;20;0;300;83453;0;11881;"N";83453;74643;74643;71320;3323;3323;0;0;0;0;0;0;0;3551;5259;5259;0;0;"20:00:33";"19/04/2021"
"13/11/2024";"10:56:19";2018;2;"Eleição Ordinária";1;297;"Eleições Gerais Estaduais 2018";"07/10/2018";"E";"AM";"AM";"AMAZONAS";"02550";"MANAUS";70;7;"Deputado Estadual";100915;257;12;0;269;87809;0;13106;"N";87809;76431;76431;71968;4463;4463;0;0;0;0;0;0;0;4609;6769;6769;0;0;"20:00:33";"19/04/2021"
"13/11/2024";"10:56:19";2018;2;"Eleição Ordinária";1;297;"Eleições Gerais Estaduais 2018";"07/10/2018";"E";"AM";"AM";"AMAZONAS";"02810";"TEFÉ";9;6;"Deputado Federal";40950;128;11;0;139;30113;0;10837;"N";30113;28173;28173;26975;1198;1198;0;0;0;0;0;0;0;876;1064;1064;0;0;"20:00:21";"19/04/2021"
"13/11/2024";"10:56:19";2018;2;"Eleição Ordinária";1;297;"Eleições Gerais Estaduais 2018";"07/10/2018";"E";"AM";"AM";"AMAZONAS";"02879";"URUCURITUBA";3;5;"Senador";12201;40;2;0;42;8908;0;3293;"N";17816;16201;16201;16201;0;0;0;0;0;0;0;0;0;481;1134;1134;0;0;"20:00:09";"19/04/2021"
"13/11/2024";"10:56:19";2018;2;"Eleição Ordinária";1;297;"Eleições Gerais Estaduais 2018";"07/10/2018";"E";"AM";"AM";"AMAZONAS";"02135";"BENJAMIN CONSTANT";20;5;"Senador";20441;67;2;0;69;15730;0;4711;"N";31460;28785;28785;28785;0;0;0;0;0;0;0;0;0;662;2013;2013;0;0;"20:00:46";"19/04/2021"
"13/11/2024";"10:56:19";2018;2;"Eleição Ordinária";1;297;"Eleições Gerais Estaduais 2018";"07/10/2018";"E";"AM";"AM";"AMAZONAS";"02275";"CODAJÁS";7;6;"Deputado Federal";14421;49;10;0;59;9879;0;4542;"N";9879;9502;9502;9045;457;457;0;0;0;0;0;0;0;152;225;225;0;0;"20:00:13";"19/04/2021"
"13/11/2024";"10:56:19";2018;2;"Eleição Ordinária";1;297;"Eleições Gerais Estaduais 2018";"07/10/2018";"E";"AM";"AM";"AMAZONAS";"02550";"MANAUS";1;3;"Governador";95334;280;20;0;300;83453;0;11881;"N";83453;75089;75089;75089;0;0;0;0;0;0;0;0;0;2175;6189;6189;0;0;"20:00:33";"19/04/2021"
"13/11/2024";"10:56:19";2018;2;"Eleição Ordinária";1;297;"Eleições Gerais Estaduais 2018";"07/10/2018";"E";"AM";"AM";"AMAZONAS";"02593";"MARAÃ";49;6;"Deputado Federal";9607;27;3;0;30;5617;0;3990;"N";5617;5496;5496;5233;263;263;0;0;0;0;0;0;0;54;67;67;0;0;"20:00:27";"19/04/2021"
"13/11/2024";"10:56:19";2018;2;"Eleição Ordinária";1;297;"Eleições Gerais Estaduais 2018";"07/10/2018";"E";"AM";"AM";"AMAZONAS";"02674";"NOVO ARIPUANÃ";29;7;"Deputado Estadual";12334;36;4;0;40;8245;0;4089;"N";8245;7932;7932;7439;493;493;0;0;0;0;0;0;0;158;155;155;0;0;"20:00:16";"19/04/2021"
"13/11/2024";"10:56:19";2018;2;"Eleição Ordinária";1;297;"Eleições Gerais Estaduais 2018";"07/10/2018";"E";"AM";"AM";"AMAZONAS";"02739";"SANTO ANTÔNIO DO IÇÁ";47;5;"Senador";13906;42;1;0;43;10584;0;3322;"N";21168;19016;19016;19016;0;0;0;0;0;0;0;0;0;575;1577;1577;0;0;"20:00:08";"19/04/2021"
"13/11/2024";"10:56:19";2018;2;"Eleição Ordinária";1;297;"Eleições Gerais Estaduais 2018";"07/10/2018";"E";"AM";"AM";"AMAZONAS";"02798";"TAPAUÁ";38;6;"Deputado Federal";12718;39;1;0;40;8580;0;4138;"N";8580;8361;8361;8028;333;333;0;0;0;0;0;0;0;103;116;116;0;0;"20:00:17";"19/04/2021"
"13/11/2024";"10:56:19";2018;2;"Eleição Ordinária";2;298;"Eleições Gerais Estaduais 2018";"28/10/2018";"E";"AM";"AM";"AMAZONAS";"02119";"BARREIRINHA";26;3;"Governador";18308;58;1;0;59;13330;0;4978;"N";13330;12561;12561;12561;0;0;0;0;0;0;0;0;0;76;693;693;0;0;"20:25:20";"28/10/2018"
"13/11/2024";"10:56:19";2018;2;"Eleição Ordinária";2;298;"Eleições Gerais Estaduais 2018";"28/10/2018";"E";"AM";"AM";"AMAZONAS";"02950";"BERURI";54;3;"Governador";11752;34;0;0;34;7983;0;3769;"N";7983;7493;7493;7493;0;0;0;0;0;0;0;0;0;47;443;443;0;0;"20:20:45";"28/10/2018"
"13/11/2024";"10:56:19";2018;2;"Eleição Ordinária";1;297;"Eleições Gerais Estaduais 2018";"07/10/2018";"E";"AM";"AM";"AMAZONAS";"98418";"PRESIDENTE FIGUEIREDO";51;3;"Governador";22750;77;18;0;95;17067;0;5683;"N";17067;15259;15259;15259;0;0;0;0;0;0;0;0;0;339;1469;1469;0;0;"20:00:13";"19/04/2021"
"13/11/2024";"10:56:19";2018;2;"Eleição Ordinária";2;298;"Eleições Gerais Estaduais 2018";"28/10/2018";"E";"AM";"AM";"AMAZONAS";"02178";"BORBA";15;3;"Governador";20293;62;2;0;64;13747;0;6546;"N";13747;12965;12965;12965;0;0;0;0;0;0;0;0;0;50;732;732;0;0;"19:40:50";"28/10/2018"
"13/11/2024";"10:56:19";2018;2;"Eleição Ordinária";2;298;"Eleições Gerais Estaduais 2018";"28/10/2018";"E";"AM";"AM";"AMAZONAS";"02356";"HUMAITÁ";17;3;"Governador";28535;94;9;0;103;19168;0;9367;"N";19168;17765;17765;17765;0;0;0;0;0;0;0;0;0;222;1181;1181;0;0;"20:35:21";"28/10/2018"
"13/11/2024";"10:56:19";2018;2;"Eleição Ordinária";2;298;"Eleições Gerais Estaduais 2018";"28/10/2018";"E";"AM";"AM";"AMAZONAS";"02399";"IPIXUNA";45;3;"Governador";10761;37;1;0;38;6978;0;3783;"N";6978;6453;6453;6453;0;0;0;0;0;0;0;0;0;64;461;461;0;0;"21:40:46";"28/10/2018"
"13/11/2024";"10:56:19";2018;2;"Eleição Ordinária";2;298;"Eleições Gerais Estaduais 2018";"28/10/2018";"E";"AM";"AM";"AMAZONAS";"02976";"BOA VISTA DO RAMOS";5;3;"Governador";10834;32;2;0;34;7823;0;3011;"N";7823;7473;7473;7473;0;0;0;0;0;0;0;0;0;28;322;322;0;0;"20:25:20";"28/10/2018"
"13/11/2024";"10:56:19";2018;2;"Eleição Ordinária";2;298;"Eleições Gerais Estaduais 2018";"28/10/2018";"E";"AM";"AM";"AMAZONAS";"02992";"CAAPIRANGA";6;3;"Governador";8146;24;0;0;24;5167;0;2979;"N";5167;4788;4788;4788;0;0;0;0;0;0;0;0;0;40;339;339;0;0;"18:33:27";"28/10/2018"
"13/11/2024";"10:56:19";2018;2;"Eleição Ordinária";1;297;"Eleições Gerais Estaduais 2018";"07/10/2018";"E";"AM";"AM";"AMAZONAS";"98477";"TABATINGA";36;7;"Deputado Estadual";33165;89;3;0;92;25410;0;7755;"N";25410;24402;24402;22635;1767;1767;0;0;0;0;0;0;0;443;565;565;0;0;"20:00:10";"19/04/2021"
"13/11/2024";"10:56:19";2018;2;"Eleição Ordinária";1;297;"Eleições Gerais Estaduais 2018";"07/10/2018";"E";"AM";"AM";"AMAZONAS";"02135";"BENJAMIN CONSTANT";20;6;"Deputado Federal";20441;67;2;0;69;15730;0;4711;"N";15730;15128;15128;14337;791;791;0;0;0;0;0;0;0;297;305;305;0;0;"20:00:46";"19/04/2021"
"13/11/2024";"10:56:19";2018;2;"Eleição Ordinária";1;297;"Eleições Gerais Estaduais 2018";"07/10/2018";"E";"AM";"AM";"AMAZONAS";"02437";"ITAPIRANGA";24;7;"Deputado Estadual";7230;24;0;0;24;5459;0;1771;"N";5459;5307;5307;5088;219;219;0;0;0;0;0;0;0;76;76;76;0;0;"20:00:17";"19/04/2021"
"13/11/2024";"10:56:19";2018;2;"Eleição Ordinária";1;297;"Eleições Gerais Estaduais 2018";"07/10/2018";"E";"AM";"AM";"AMAZONAS";"02550";"MANAUS";2;3;"Governador";85034;221;6;0;227;73642;0;11392;"N";73642;67021;67021;67021;0;0;0;0;0;0;0;0;0;1866;4755;4755;0;0;"20:00:33";"19/04/2021"
"13/11/2024";"10:56:19";2018;2;"Eleição Ordinária";1;297;"Eleições Gerais Estaduais 2018";"07/10/2018";"E";"AM";"AM";"AMAZONAS";"02550";"MANAUS";65;5;"Senador";110278;289;5;0;294;95257;0;15021;"N";190514;152147;152147;152147;0;0;0;0;0;0;0;0;0;14158;24209;24209;0;0;"20:00:33";"19/04/2021"
"13/11/2024";"10:56:19";2018;2;"Eleição Ordinária";1;297;"Eleições Gerais Estaduais 2018";"07/10/2018";"E";"AM";"AM";"AMAZONAS";"02550";"MANAUS";37;6;"Deputado Federal";90663;246;12;0;258;80340;0;10323;"N";80340;69731;69731;66485;3246;3246;0;0;0;0;0;0;0;4191;6418;6418;0;0;"20:00:33";"19/04/2021"
"13/11/2024";"10:56:19";2018;2;"Eleição Ordinária";1;297;"Eleições Gerais Estaduais 2018";"07/10/2018";"E";"AM";"AM";"AMAZONAS";"02658";"NOVA OLINDA DO NORTE";35;3;"Governador";16899;48;1;0;49;12051;0;4848;"N";12051;11136;11136;11136;0;0;0;0;0;0;0;0;0;102;813;813;0;0;"20:00:09";"19/04/2021"
"13/11/2024";"10:56:19";2018;2;"Eleição Ordinária";1;297;"Eleições Gerais Estaduais 2018";"07/10/2018";"E";"AM";"AM";"AMAZONAS";"02755";"SÃO PAULO DE OLIVENÇA";22;6;"Deputado Federal";16909;49;7;0;56;13574;0;3335;"N";13574;13059;13059;12176;883;883;0;0;0;0;0;0;0;227;288;288;0;0;"20:00:09";"19/04/2021"
"13/11/2024";"10:56:19";2018;2;"Eleição Ordinária";1;297;"Eleições Gerais Estaduais 2018";"07/10/2018";"E";"AM";"AM";"AMAZONAS";"98450";"SÃO SEBASTIÃO DO UATUMÃ";27;3;"Governador";6637;19;0;0;19;4891;0;1746;"N";4891;4526;4526;4526;0;0;0;0;0;0;0;0;0;53;312;312;0;0;"20:00:11";"19/04/2021"
"13/11/2024";"10:56:19";2018;2;"Eleição Ordinária";1;297;"Eleições Gerais Estaduais 2018";"07/10/2018";"E";"AM";"AM";"AMAZONAS";"98477";"TABATINGA";36;3;"Governador";33165;89;3;0;92;25410;0;7755;"N";25410;22851;22851;22851;0;0;0;0;0;0;0;0;0;465;2094;2094;0;0;"20:00:10";"19/04/2021"
"13/11/2024";"10:56:19";2018;2;"Eleição Ordinária";1;297;"Eleições Gerais Estaduais 2018";"07/10/2018";"E";"AM";"AM";"AMAZONAS";"02950";"BERURI";54;7;"Deputado Estadual";11752;34;0;0;34;8833;0;2919;"N";8833;8688;8688;8183;505;505;0;0;0;0;0;0;0;55;90;90;0;0;"20:00:10";"19/04/2021"
"13/11/2024";"10:56:19";2018;2;"Eleição Ordinária";1;297;"Eleições Gerais Estaduais 2018";"07/10/2018";"E";"AM";"AM";"AMAZONAS";"02054";"ATALAIA DO NORTE";42;5;"Senador";7919;27;9;0;36;5416;0;2503;"N";10832;10177;10177;10177;0;0;0;0;0;0;0;0;0;101;554;554;0;0;"20:00:18";"19/04/2021"
"13/11/2024";"10:56:19";2018;2;"Eleição Ordinária";1;297;"Eleições Gerais Estaduais 2018";"07/10/2018";"E";"AM";"AM";"AMAZONAS";"02135";"BENJAMIN CONSTANT";20;3;"Governador";20441;67;2;0;69;15730;0;4711;"N";15730;14303;14303;14303;0;0;0;0;0;0;0;0;0;177;1250;1250;0;0;"20:00:46";"19/04/2021"
"13/11/2024";"10:56:19";2018;2;"Eleição Ordinária";1;297;"Eleições Gerais Estaduais 2018";"07/10/2018";"E";"AM";"AM";"AMAZONAS";"02216";"CARAUARI";21;5;"Senador";19306;64;7;0;71;12041;0;7265;"N";24082;21977;21977;21977;0;0;0;0;0;0;0;0;0;723;1382;1382;0;0;"20:00:06";"19/04/2021"
"13/11/2024";"10:56:19";2018;2;"Eleição Ordinária";1;297;"Eleições Gerais Estaduais 2018";"07/10/2018";"E";"AM";"AM";"AMAZONAS";"02259";"COARI";8;6;"Deputado Federal";50269;168;13;0;181;35619;0;14650;"N";35619;33768;33768;32454;1314;1314;0;0;0;0;0;0;0;922;929;929;0;0;"20:00:12";"19/04/2021"
"13/11/2024";"10:56:19";2018;2;"Eleição Ordinária";1;297;"Eleições Gerais Estaduais 2018";"07/10/2018";"E";"AM";"AM";"AMAZONAS";"02550";"MANAUS";70;5;"Senador";100915;257;12;0;269;87809;0;13106;"N";175618;138406;138406;138406;0;0;0;0;0;0;0;0;0;13411;23801;23801;0;0;"20:00:33";"19/04/2021"
"13/11/2024";"10:56:19";2018;2;"Eleição Ordinária";1;297;"Eleições Gerais Estaduais 2018";"07/10/2018";"E";"AM";"AM";"AMAZONAS";"02550";"MANAUS";62;7;"Deputado Estadual";120061;303;5;0;308;103412;0;16649;"N";103412;91673;91673;86366;5307;5307;0;0;0;0;0;0;0;4633;7106;7106;0;0;"20:00:33";"19/04/2021"
"13/11/2024";"10:56:19";2018;2;"Eleição Ordinária";1;297;"Eleições Gerais Estaduais 2018";"07/10/2018";"E";"AM";"AM";"AMAZONAS";"02895";"ALVARÃES";60;3;"Governador";9758;30;2;0;32;7244;0;2514;"N";7244;6703;6703;6703;0;0;0;0;0;0;0;0;0;43;498;498;0;0;"20:00:36";"19/04/2021"
"13/11/2024";"10:56:19";2018;2;"Eleição Ordinária";1;297;"Eleições Gerais Estaduais 2018";"07/10/2018";"E";"AM";"AM";"AMAZONAS";"98353";"IRANDUBA";56;6;"Deputado Federal";30595;130;23;0;153;26293;0;4302;"N";26293;24470;24470;22988;1482;1482;0;0;0;0;0;0;0;759;1064;1064;0;0;"20:00:40";"19/04/2021"
"13/11/2024";"10:56:19";2018;2;"Eleição Ordinária";1;297;"Eleições Gerais Estaduais 2018";"07/10/2018";"E";"AM";"AM";"AMAZONAS";"98515";"TONANTINS";47;6;"Deputado Federal";9223;26;3;0;29;6851;0;2372;"N";6851;6583;6583;6345;238;238;0;0;0;0;0;0;0;151;117;117;0;0;"20:00:42";"19/04/2021"
"13/11/2024";"10:56:19";2018;2;"Eleição Ordinária";1;297;"Eleições Gerais Estaduais 2018";"07/10/2018";"E";"AM";"AM";"AMAZONAS";"02232";"CAREIRO";23;6;"Deputado Federal";21036;73;10;0;83;16172;0;4864;"N";16172;15334;15334;14278;1056;1056;0;0;0;0;0;0;0;348;490;490;0;0;"20:00:30";"19/04/2021"
"13/11/2024";"10:56:19";2018;2;"Eleição Ordinária";1;297;"Eleições Gerais Estaduais 2018";"07/10/2018";"E";"AM";"AM";"AMAZONAS";"02330";"FONTE BOA";10;6;"Deputado Federal";14872;43;7;0;50;10054;0;4818;"N";10054;9724;9724;9267;457;457;0;0;0;0;0;0;0;215;115;115;0;0;"20:00:31";"19/04/2021"
"13/11/2024";"10:56:19";2018;2;"Eleição Ordinária";1;297;"Eleições Gerais Estaduais 2018";"07/10/2018";"E";"AM";"AM";"AMAZONAS";"02399";"IPIXUNA";45;7;"Deputado Estadual";10761;37;1;0;38;7004;0;3757;"N";7004;6740;6740;6220;520;520;0;0;0;0;0;0;0;135;129;129;0;0;"20:00:07";"19/04/2021"
"13/11/2024";"10:56:19";2018;2;"Eleição Ordinária";1;297;"Eleições Gerais Estaduais 2018";"07/10/2018";"E";"AM";"AM";"AMAZONAS";"02550";"MANAUS";62;3;"Governador";120061;303;5;0;308;103412;0;16649;"N";103412;92762;92762;92762;0;0;0;0;0;0;0;0;0;2589;8061;8061;0;0;"20:00:33";"19/04/2021"
"13/11/2024";"10:56:19";2018;2;"Eleição Ordinária";1;297;"Eleições Gerais Estaduais 2018";"07/10/2018";"E";"AM";"AM";"AMAZONAS";"02550";"MANAUS";70;3;"Governador";100915;257;12;0;269;87809;0;13106;"N";87809;78247;78247;78247;0;0;0;0;0;0;0;0;0;2211;7351;7351;0;0;"20:00:33";"19/04/2021"
"13/11/2024";"10:56:19";2018;2;"Eleição Ordinária";1;297;"Eleições Gerais Estaduais 2018";"07/10/2018";"E";"AM";"AM";"AMAZONAS";"02810";"TEFÉ";9;5;"Senador";40950;128;11;0;139;30113;0;10837;"N";60226;53396;53396;53396;0;0;0;0;0;0;0;0;0;2334;4496;4496;0;0;"20:00:21";"19/04/2021"
"13/11/2024";"10:56:19";2018;2;"Eleição Ordinária";2;298;"Eleições Gerais Estaduais 2018";"28/10/2018";"E";"AM";"AM";"AMAZONAS";"98418";"PRESIDENTE FIGUEIREDO";51;3;"Governador";22751;77;18;0;95;16158;0;6593;"N";16158;14901;14901;14901;0;0;0;0;0;0;0;0;0;148;1109;1109;0;0;"19:00:20";"28/10/2018"
"13/11/2024";"10:56:19";2018;2;"Eleição Ordinária";2;298;"Eleições Gerais Estaduais 2018";"28/10/2018";"E";"AM";"AM";"AMAZONAS";"02550";"MANAUS";68;3;"Governador";80765;215;5;0;220;69041;0;11724;"N";69041;63403;63403;63403;0;0;0;0;0;0;0;0;0;727;4911;4911;0;0;"21:05:21";"28/10/2018"
"13/11/2024";"10:56:19";2018;2;"Eleição Ordinária";2;298;"Eleições Gerais Estaduais 2018";"28/10/2018";"E";"AM";"AM";"AMAZONAS";"02712";"PAUINI";44;3;"Governador";10219;31;1;0;32;6473;0;3746;"N";6473;5988;5988;5988;0;0;0;0;0;0;0;0;0;49;436;436;0;0;"19:20:45";"28/10/2018"
"13/11/2024";"10:56:19";2018;2;"Eleição Ordinária";1;297;"Eleições Gerais Estaduais 2018";"07/10/2018";"E";"AM";"AM";"AMAZONAS";"02011";"NOVO AIRÃO";34;7;"Deputado Estadual";10323;31;1;0;32;7599;0;2724;"N";7599;6943;6943;6460;483;483;0;0;0;0;0;0;0;130;526;526;0;0;"20:00:11";"19/04/2021"
"13/11/2024";"10:56:19";2018;2;"Eleição Ordinária";1;297;"Eleições Gerais Estaduais 2018";"07/10/2018";"E";"AM";"AM";"AMAZONAS";"02356";"HUMAITÁ";17;5;"Senador";28517;94;9;0;103;20112;0;8405;"N";40224;32873;32873;32873;0;0;0;0;0;0;0;0;0;2605;4746;4746;0;0;"20:00:14";"19/04/2021"
"13/11/2024";"10:56:19";2018;2;"Eleição Ordinária";1;297;"Eleições Gerais Estaduais 2018";"07/10/2018";"E";"AM";"AM";"AMAZONAS";"02410";"ITACOATIARA";3;6;"Deputado Federal";66335;216;19;0;235;51285;0;15050;"N";51285;48117;48117;45271;2846;2846;0;0;0;0;0;0;0;1474;1694;1694;0;0;"20:00:15";"19/04/2021"
"13/11/2024";"10:56:19";2018;2;"Eleição Ordinária";1;297;"Eleições Gerais Estaduais 2018";"07/10/2018";"E";"AM";"AM";"AMAZONAS";"02879";"URUCURITUBA";3;7;"Deputado Estadual";12201;40;2;0;42;8908;0;3293;"N";8908;8667;8667;8149;518;518;0;0;0;0;0;0;0;127;114;114;0;0;"20:00:09";"19/04/2021"
"13/11/2024";"10:56:19";2018;2;"Eleição Ordinária";1;297;"Eleições Gerais Estaduais 2018";"07/10/2018";"E";"AM";"AM";"AMAZONAS";"98434";"RIO PRETO DA EVA";68;6;"Deputado Federal";15128;54;16;0;70;11774;0;3354;"N";11774;10811;10811;10067;744;744;0;0;0;0;0;0;0;332;631;631;0;0;"20:00:18";"19/04/2021"
"13/11/2024";"10:56:19";2018;2;"Eleição Ordinária";1;297;"Eleições Gerais Estaduais 2018";"07/10/2018";"E";"AM";"AM";"AMAZONAS";"02216";"CARAUARI";21;6;"Deputado Federal";19306;64;7;0;71;12041;0;7265;"N";12041;11579;11579;11242;337;337;0;0;0;0;0;0;0;259;203;203;0;0;"20:00:06";"19/04/2021"
"13/11/2024";"10:56:19";2018;2;"Eleição Ordinária";1;297;"Eleições Gerais Estaduais 2018";"07/10/2018";"E";"AM";"AM";"AMAZONAS";"02372";"SANTA ISABEL DO RIO NEGRO";30;5;"Senador";7951;23;1;0;24;4557;0;3394;"N";9114;8233;8233;8233;0;0;0;0;0;0;0;0;0;236;645;645;0;0;"20:00:32";"19/04/2021"
"13/11/2024";"10:56:19";2018;2;"Eleição Ordinária";1;297;"Eleições Gerais Estaduais 2018";"07/10/2018";"E";"AM";"AM";"AMAZONAS";"02437";"ITAPIRANGA";24;5;"Senador";7230;24;0;0;24;5459;0;1771;"N";10918;10029;10029;10029;0;0;0;0;0;0;0;0;0;288;601;601;0;0;"20:00:17";"19/04/2021"
"13/11/2024";"10:56:19";2018;2;"Eleição Ordinária";1;297;"Eleições Gerais Estaduais 2018";"07/10/2018";"E";"AM";"AM";"AMAZONAS";"02534";"MANACAPURU";6;6;"Deputado Federal";66220;197;16;0;213;52512;0;13708;"N";52512;49285;49285;46564;2721;2721;0;0;0;0;0;0;0;1360;1867;1867;0;0;"20:00:34";"19/04/2021"
"13/11/2024";"10:56:19";2018;2;"Eleição Ordinária";1;297;"Eleições Gerais Estaduais 2018";"07/10/2018";"E";"AM";"AM";"AMAZONAS";"02550";"MANAUS";31;6;"Deputado Federal";76419;207;24;0;231;67344;0;9075;"N";67344;58918;58918;55670;3248;3248;0;0;0;0;0;0;0;3409;5017;5017;0;0;"20:00:33";"19/04/2021"
"13/11/2024";"10:56:19";2018;2;"Eleição Ordinária";1;297;"Eleições Gerais Estaduais 2018";"07/10/2018";"E";"AM";"AM";"AMAZONAS";"02755";"SÃO PAULO DE OLIVENÇA";22;5;"Senador";16909;49;7;0;56;13574;0;3335;"N";27148;24564;24564;24564;0;0;0;0;0;0;0;0;0;546;2038;2038;0;0;"20:00:09";"19/04/2021"
"13/11/2024";"10:56:19";2018;2;"Eleição Ordinária";2;298;"Eleições Gerais Estaduais 2018";"28/10/2018";"E";"AM";"AM";"AMAZONAS";"02003";"APUÍ";67;3;"Governador";10664;27;16;0;43;6719;0;3945;"N";6719;5961;5961;5961;0;0;0;0;0;0;0;0;0;163;595;595;0;0;"23:35:18";"28/10/2018"
"13/11/2024";"10:56:19";2018;2;"Eleição Ordinária";2;298;"Eleições Gerais Estaduais 2018";"28/10/2018";"E";"AM";"AM";"AMAZONAS";"02216";"CARAUARI";21;3;"Governador";19308;64;7;0;71;12743;0;6565;"N";12743;12136;12136;12136;0;0;0;0;0;0;0;0;0;74;533;533;0;0;"18:55:50";"28/10/2018"
"13/11/2024";"10:56:19";2018;2;"Eleição Ordinária";2;298;"Eleições Gerais Estaduais 2018";"28/10/2018";"E";"AM";"AM";"AMAZONAS";"02658";"NOVA OLINDA DO NORTE";35;3;"Governador";16898;48;1;0;49;11092;0;5806;"N";11092;10374;10374;10374;0;0;0;0;0;0;0;0;0;76;642;642;0;0;"20:05:15";"28/10/2018"
"13/11/2024";"10:56:19";2018;2;"Eleição Ordinária";1;297;"Eleições Gerais Estaduais 2018";"07/10/2018";"E";"AM";"AM";"AMAZONAS";"98450";"SÃO SEBASTIÃO DO UATUMÃ";27;5;"Senador";6637;19;0;0;19;4891;0;1746;"N";9782;8754;8754;8754;0;0;0;0;0;0;0;0;0;294;734;734;0;0;"20:00:11";"19/04/2021"
"13/11/2024";"10:56:19";2018;2;"Eleição Ordinária";1;297;"Eleições Gerais Estaduais 2018";"07/10/2018";"E";"AM";"AM";"AMAZONAS";"02992";"CAAPIRANGA";6;5;"Senador";8146;24;0;0;24;5899;0;2247;"N";11798;10782;10782;10782;0;0;0;0;0;0;0;0;0;211;805;805;0;0;"20:00:38";"19/04/2021"
"13/11/2024";"10:56:19";2018;2;"Eleição Ordinária";1;297;"Eleições Gerais Estaduais 2018";"07/10/2018";"E";"AM";"AM";"AMAZONAS";"02135";"BENJAMIN CONSTANT";20;7;"Deputado Estadual";20441;67;2;0;69;15730;0;4711;"N";15730;15326;15326;14397;929;929;0;0;0;0;0;0;0;179;225;225;0;0;"20:00:46";"19/04/2021"
"13/11/2024";"10:56:19";2018;2;"Eleição Ordinária";1;297;"Eleições Gerais Estaduais 2018";"07/10/2018";"E";"AM";"AM";"AMAZONAS";"02550";"MANAUS";63;5;"Senador";119805;316;14;0;330;104825;0;14980;"N";209650;167010;167010;167010;0;0;0;0;0;0;0;0;0;15453;27187;27187;0;0;"20:00:33";"19/04/2021"
"13/11/2024";"10:56:19";2018;2;"Eleição Ordinária";1;297;"Eleições Gerais Estaduais 2018";"07/10/2018";"E";"AM";"AM";"AMAZONAS";"02550";"MANAUS";2;7;"Deputado Estadual";85034;221;6;0;227;73642;0;11392;"N";73642;66710;66710;64154;2556;2556;0;0;0;0;0;0;0;2867;4065;4065;0;0;"20:00:33";"19/04/2021"
"13/11/2024";"10:56:19";2018;2;"Eleição Ordinária";1;297;"Eleições Gerais Estaduais 2018";"07/10/2018";"E";"AM";"AM";"AMAZONAS";"02550";"MANAUS";63;6;"Deputado Federal";119805;316;14;0;330;104825;0;14980;"N";104825;90649;90649;85561;5088;5088;0;0;0;0;0;0;0;5961;8215;8215;0;0;"20:00:33";"19/04/2021"
"13/11/2024";"10:56:19";2018;2;"Eleição Ordinária";1;297;"Eleições Gerais Estaduais 2018";"07/10/2018";"E";"AM";"AM";"AMAZONAS";"02631";"NHAMUNDÁ";43;5;"Senador";13060;42;6;0;48;9530;0;3530;"N";19060;17452;17452;17452;0;0;0;0;0;0;0;0;0;527;1081;1081;0;0;"20:00:07";"19/04/2021"
"13/11/2024";"10:56:19";2018;2;"Eleição Ordinária";1;297;"Eleições Gerais Estaduais 2018";"07/10/2018";"E";"AM";"AM";"AMAZONAS";"02798";"TAPAUÁ";38;3;"Governador";12718;39;1;0;40;8580;0;4138;"N";8580;7915;7915;7915;0;0;0;0;0;0;0;0;0;50;615;615;0;0;"20:00:17";"19/04/2021"
"13/11/2024";"10:56:19";2018;2;"Eleição Ordinária";1;297;"Eleições Gerais Estaduais 2018";"07/10/2018";"E";"AM";"AM";"AMAZONAS";"02852";"URUCARÁ";27;3;"Governador";11572;35;0;0;35;8446;0;3126;"N";8446;7856;7856;7856;0;0;0;0;0;0;0;0;0;79;511;511;0;0;"20:00:00";"19/04/2021"
"13/11/2024";"10:56:19";2018;2;"Eleição Ordinária";2;298;"Eleições Gerais Estaduais 2018";"28/10/2018";"E";"AM";"AM";"AMAZONAS";"98493";"UARINI";60;3;"Governador";7347;24;4;0;28;5121;0;2226;"N";5121;4762;4762;4762;0;0;0;0;0;0;0;0;0;23;336;336;0;0;"18:55:49";"28/10/2018"
"13/11/2024";"10:56:19";2018;2;"Eleição Ordinária";1;297;"Eleições Gerais Estaduais 2018";"07/10/2018";"E";"AM";"AM";"AMAZONAS";"02046";"CAREIRO DA VÁRZEA";31;5;"Senador";15290;60;3;0;63;12282;0;3008;"N";24564;22000;22000;22000;0;0;0;0;0;0;0;0;0;607;1957;1957;0;0;"20:00:44";"19/04/2021"
"13/11/2024";"10:56:19";2018;2;"Eleição Ordinária";1;297;"Eleições Gerais Estaduais 2018";"07/10/2018";"E";"AM";"AM";"AMAZONAS";"02054";"ATALAIA DO NORTE";42;3;"Governador";7919;27;9;0;36;5416;0;2503;"N";5416;4997;4997;4997;0;0;0;0;0;0;0;0;0;26;393;393;0;0;"20:00:18";"19/04/2021"
"13/11/2024";"10:56:19";2018;2;"Eleição Ordinária";1;297;"Eleições Gerais Estaduais 2018";"07/10/2018";"E";"AM";"AM";"AMAZONAS";"02518";"LÁBREA";12;3;"Governador";24279;79;8;0;87;16574;0;7705;"N";16574;15048;15048;15048;0;0;0;0;0;0;0;0;0;214;1312;1312;0;0;"20:00:08";"19/04/2021"
"13/11/2024";"10:56:19";2018;2;"Eleição Ordinária";1;297;"Eleições Gerais Estaduais 2018";"07/10/2018";"E";"AM";"AM";"AMAZONAS";"02550";"MANAUS";32;6;"Deputado Federal";114256;323;5;0;328;100952;0;13304;"N";100952;88508;88508;83931;4577;4577;0;0;0;0;0;0;0;5130;7314;7314;0;0;"20:00:33";"19/04/2021"
"13/11/2024";"10:56:19";2018;2;"Eleição Ordinária";1;297;"Eleições Gerais Estaduais 2018";"07/10/2018";"E";"AM";"AM";"AMAZONAS";"02550";"MANAUS";58;6;"Deputado Federal";112068;287;1;0;288;97706;0;14362;"N";97706;83705;83705;79691;4014;4014;0;0;0;0;0;0;0;5606;8395;8395;0;0;"20:00:33";"19/04/2021"
"13/11/2024";"10:56:19";2018;2;"Eleição Ordinária";1;297;"Eleições Gerais Estaduais 2018";"07/10/2018";"E";"AM";"AM";"AMAZONAS";"02593";"MARAÃ";49;7;"Deputado Estadual";9607;27;3;0;30;5617;0;3990;"N";5617;5495;5495;5130;365;365;0;0;0;0;0;0;0;38;84;84;0;0;"20:00:27";"19/04/2021"
"13/11/2024";"10:56:19";2018;2;"Eleição Ordinária";1;297;"Eleições Gerais Estaduais 2018";"07/10/2018";"E";"AM";"AM";"AMAZONAS";"02631";"NHAMUNDÁ";43;7;"Deputado Estadual";13060;42;6;0;48;9530;0;3530;"N";9530;9281;9281;8813;468;468;0;0;0;0;0;0;0;167;82;82;0;0;"20:00:07";"19/04/2021"
"13/11/2024";"10:56:19";2018;2;"Eleição Ordinária";1;297;"Eleições Gerais Estaduais 2018";"07/10/2018";"E";"AM";"AM";"AMAZONAS";"02712";"PAUINI";44;7;"Deputado Estadual";10218;31;1;0;32;6537;0;3681;"N";6537;6311;6311;5947;364;364;0;0;0;0;0;0;0;86;140;140;0;0;"20:00:20";"19/04/2021"
"13/11/2024";"10:56:19";2018;2;"Eleição Ordinária";1;297;"Eleições Gerais Estaduais 2018";"07/10/2018";"E";"AM";"AM";"AMAZONAS";"02852";"URUCARÁ";27;6;"Deputado Federal";11572;35;0;0;35;8446;0;3126;"N";8446;8152;8152;7781;371;371;0;0;0;0;0;0;0;122;172;172;0;0;"20:00:00";"19/04/2021"
"13/11/2024";"10:56:19";2018;2;"Eleição Ordinária";2;298;"Eleições Gerais Estaduais 2018";"28/10/2018";"E";"AM";"AM";"AMAZONAS";"02518";"LÁBREA";12;3;"Governador";24270;79;8;0;87;16060;0;8210;"N";16060;14889;14889;14889;0;0;0;0;0;0;0;0;0;111;1060;1060;0;0;"20:25:20";"28/10/2018"
"13/11/2024";"10:56:19";2018;2;"Eleição Ordinária";2;298;"Eleições Gerais Estaduais 2018";"28/10/2018";"E";"AM";"AM";"AMAZONAS";"02496";"JUTAÍ";41;3;"Governador";12386;36;0;0;36;8050;0;4336;"N";8050;7372;7372;7372;0;0;0;0;0;0;0;0;0;47;631;631;0;0;"19:40:50";"28/10/2018"
"13/11/2024";"10:56:19";2018;2;"Eleição Ordinária";1;297;"Eleições Gerais Estaduais 2018";"07/10/2018";"E";"AM";"AM";"AMAZONAS";"98353";"IRANDUBA";56;7;"Deputado Estadual";30595;130;23;0;153;26293;0;4302;"N";26293;24693;24693;23029;1664;1664;0;0;0;0;0;0;0;664;936;936;0;0;"20:00:40";"19/04/2021"
"13/11/2024";"10:56:19";2018;2;"Eleição Ordinária";1;297;"Eleições Gerais Estaduais 2018";"07/10/2018";"E";"AM";"AM";"AMAZONAS";"98396";"MANAQUIRI";23;5;"Senador";13161;38;3;0;41;9804;0;3357;"N";19608;17639;17639;17639;0;0;0;0;0;0;0;0;0;392;1577;1577;0;0;"20:00:11";"19/04/2021"
"13/11/2024";"10:56:19";2018;2;"Eleição Ordinária";1;297;"Eleições Gerais Estaduais 2018";"07/10/2018";"E";"AM";"AM";"AMAZONAS";"98418";"PRESIDENTE FIGUEIREDO";51;6;"Deputado Federal";22750;77;18;0;95;17067;0;5683;"N";17067;15482;15482;14577;905;905;0;0;0;0;0;0;0;625;960;960;0;0;"20:00:13";"19/04/2021"
"13/11/2024";"10:56:19";2018;2;"Eleição Ordinária";1;297;"Eleições Gerais Estaduais 2018";"07/10/2018";"E";"AM";"AM";"AMAZONAS";"98515";"TONANTINS";47;5;"Senador";9223;26;3;0;29;6851;0;2372;"N";13702;12649;12649;12649;0;0;0;0;0;0;0;0;0;322;731;731;0;0;"20:00:42";"19/04/2021"
"13/11/2024";"10:56:19";2018;2;"Eleição Ordinária";1;297;"Eleições Gerais Estaduais 2018";"07/10/2018";"E";"AM";"AM";"AMAZONAS";"02917";"AMATURÁ";22;6;"Deputado Federal";5909;22;2;0;24;4674;0;1235;"N";4674;4400;4400;4069;331;331;0;0;0;0;0;0;0;79;195;195;0;0;"20:00:29";"19/04/2021"
"13/11/2024";"10:56:19";2018;2;"Eleição Ordinária";1;297;"Eleições Gerais Estaduais 2018";"07/10/2018";"E";"AM";"AM";"AMAZONAS";"02950";"BERURI";54;5;"Senador";11752;34;0;0;34;8833;0;2919;"N";17666;16324;16324;16324;0;0;0;0;0;0;0;0;0;221;1121;1121;0;0;"20:00:10";"19/04/2021"
"13/11/2024";"10:56:19";2018;2;"Eleição Ordinária";1;297;"Eleições Gerais Estaduais 2018";"07/10/2018";"E";"AM";"AM";"AMAZONAS";"02232";"CAREIRO";23;3;"Governador";21036;73;10;0;83;16172;0;4864;"N";16172;14574;14574;14574;0;0;0;0;0;0;0;0;0;210;1388;1388;0;0;"20:00:30";"19/04/2021"
"13/11/2024";"10:56:19";2018;2;"Eleição Ordinária";1;297;"Eleições Gerais Estaduais 2018";"07/10/2018";"E";"AM";"AM";"AMAZONAS";"02275";"CODAJÁS";7;3;"Governador";14421;49;10;0;59;9879;0;4542;"N";9879;9093;9093;9093;0;0;0;0;0;0;0;0;0;75;711;711;0;0;"20:00:13";"19/04/2021"
"13/11/2024";"10:56:19";2018;2;"Eleição Ordinária";1;297;"Eleições Gerais Estaduais 2018";"07/10/2018";"E";"AM";"AM";"AMAZONAS";"02291";"EIRUNEPÉ";11;5;"Senador";20736;64;3;0;67;13005;0;7731;"N";26010;22756;22756;22756;0;0;0;0;0;0;0;0;0;1055;2199;2199;0;0;"20:00:24";"19/04/2021"
"13/11/2024";"10:56:19";2018;2;"Eleição Ordinária";1;297;"Eleições Gerais Estaduais 2018";"07/10/2018";"E";"AM";"AM";"AMAZONAS";"02313";"ENVIRA";46;3;"Governador";11439;34;1;0;35;6594;0;4845;"N";6594;5899;5899;5899;0;0;0;0;0;0;0;0;0;93;602;602;0;0;"20:00:20";"19/04/2021"
"13/11/2024";"10:56:19";2018;2;"Eleição Ordinária";1;297;"Eleições Gerais Estaduais 2018";"07/10/2018";"E";"AM";"AM";"AMAZONAS";"02534";"MANACAPURU";6;3;"Governador";66220;197;16;0;213;52512;0;13708;"N";52512;48255;48255;48255;0;0;0;0;0;0;0;0;0;628;3629;3629;0;0;"20:00:34";"19/04/2021"
"13/11/2024";"10:56:19";2018;2;"Eleição Ordinária";1;297;"Eleições Gerais Estaduais 2018";"07/10/2018";"E";"AM";"AM";"AMAZONAS";"02550";"MANAUS";2;5;"Senador";85034;221;6;0;227;73642;0;11392;"N";147284;123340;123340;123340;0;0;0;0;0;0;0;0;0;9000;14944;14944;0;0;"20:00:33";"19/04/2021"
"13/11/2024";"10:56:19";2018;2;"Eleição Ordinária";1;297;"Eleições Gerais Estaduais 2018";"07/10/2018";"E";"AM";"AM";"AMAZONAS";"02550";"MANAUS";31;5;"Senador";76419;207;24;0;231;67344;0;9075;"N";134688;108768;108768;108768;0;0;0;0;0;0;0;0;0;9002;16918;16918;0;0;"20:00:33";"19/04/2021"
"13/11/2024";"10:56:19";2018;2;"Eleição Ordinária";1;297;"Eleições Gerais Estaduais 2018";"07/10/2018";"E";"AM";"AM";"AMAZONAS";"02550";"MANAUS";58;3;"Governador";112068;287;1;0;288;97706;0;14362;"N";97706;87754;87754;87754;0;0;0;0;0;0;0;0;0;2491;7461;7461;0;0;"20:00:33";"19/04/2021"
"13/11/2024";"10:56:19";2018;2;"Eleição Ordinária";1;297;"Eleições Gerais Estaduais 2018";"07/10/2018";"E";"AM";"AM";"AMAZONAS";"02550";"MANAUS";32;7;"Deputado Estadual";114256;323;5;0;328;100952;0;13304;"N";100952;90799;90799;86112;4687;4687;0;0;0;0;0;0;0;4023;6130;6130;0;0;"20:00:33";"19/04/2021"
"13/11/2024";"10:56:19";2018;2;"Eleição Ordinária";1;297;"Eleições Gerais Estaduais 2018";"07/10/2018";"E";"AM";"AM";"AMAZONAS";"02550";"MANAUS";59;7;"Deputado Estadual";97822;257;6;0;263;85941;0;11881;"N";85941;75968;75968;71426;4542;4542;0;0;0;0;0;0;0;4035;5938;5938;0;0;"20:00:33";"19/04/2021"
"13/11/2024";"10:56:19";2018;2;"Eleição Ordinária";1;297;"Eleições Gerais Estaduais 2018";"07/10/2018";"E";"AM";"AM";"AMAZONAS";"02690";"PARINTINS";4;6;"Deputado Federal";68205;218;17;0;235;51549;0;16656;"N";51549;47767;47767;45291;2476;2476;0;0;0;0;0;0;0;2160;1622;1622;0;0;"20:00:26";"19/04/2021"
"13/11/2024";"10:56:19";2018;2;"Eleição Ordinária";2;298;"Eleições Gerais Estaduais 2018";"28/10/2018";"E";"AM";"AM";"AMAZONAS";"02437";"ITAPIRANGA";24;3;"Governador";7230;24;0;0;24;4907;0;2323;"N";4907;4678;4678;4678;0;0;0;0;0;0;0;0;0;29;200;200;0;0;"19:30:30";"28/10/2018"
"13/11/2024";"10:56:19";2018;2;"Eleição Ordinária";2;298;"Eleições Gerais Estaduais 2018";"28/10/2018";"E";"AM";"AM";"AMAZONAS";"02550";"MANAUS";63;3;"Governador";119808;316;14;0;330;103914;0;15894;"N";103914;95708;95708;95708;0;0;0;0;0;0;0;0;0;1208;6998;6998;0;0;"21:05:21";"28/10/2018"
"13/11/2024";"10:56:19";2018;2;"Eleição Ordinária";2;298;"Eleições Gerais Estaduais 2018";"28/10/2018";"E";"AM";"AM";"AMAZONAS";"02798";"TAPAUÁ";38;3;"Governador";12718;39;1;0;40;8194;0;4524;"N";8194;7782;7782;7782;0;0;0;0;0;0;0;0;0;26;386;386;0;0;"18:33:27";"28/10/2018"
"13/11/2024";"10:56:19";2018;2;"Eleição Ordinária";1;297;"Eleições Gerais Estaduais 2018";"07/10/2018";"E";"AM";"AM";"AMAZONAS";"02178";"BORBA";15;3;"Governador";20293;62;2;0;64;14506;0;5787;"N";14506;13306;13306;13306;0;0;0;0;0;0;0;0;0;90;1110;1110;0;0;"20:00:19";"19/04/2021"
"13/11/2024";"10:56:19";2018;2;"Eleição Ordinária";1;297;"Eleições Gerais Estaduais 2018";"07/10/2018";"E";"AM";"AM";"AMAZONAS";"02313";"ENVIRA";46;6;"Deputado Federal";11439;34;1;0;35;6594;0;4845;"N";6594;6323;6323;5977;346;346;0;0;0;0;0;0;0;146;125;125;0;0;"20:00:20";"19/04/2021"
"13/11/2024";"10:56:19";2018;2;"Eleição Ordinária";1;297;"Eleições Gerais Estaduais 2018";"07/10/2018";"E";"AM";"AM";"AMAZONAS";"02313";"ENVIRA";46;7;"Deputado Estadual";11439;34;1;0;35;6594;0;4845;"N";6594;6299;6299;5859;440;440;0;0;0;0;0;0;0;136;159;159;0;0;"20:00:20";"19/04/2021"
"13/11/2024";"10:56:19";2018;2;"Eleição Ordinária";1;297;"Eleições Gerais Estaduais 2018";"07/10/2018";"E";"AM";"AM";"AMAZONAS";"02399";"IPIXUNA";45;6;"Deputado Federal";10761;37;1;0;38;7004;0;3757;"N";7004;6712;6712;6340;372;372;0;0;0;0;0;0;0;168;124;124;0;0;"20:00:07";"19/04/2021"
"13/11/2024";"10:56:19";2018;2;"Eleição Ordinária";1;297;"Eleições Gerais Estaduais 2018";"07/10/2018";"E";"AM";"AM";"AMAZONAS";"02550";"MANAUS";32;5;"Senador";114256;323;5;0;328;100952;0;13304;"N";201904;164808;164808;164808;0;0;0;0;0;0;0;0;0;13064;24032;24032;0;0;"20:00:33";"19/04/2021"
"13/11/2024";"10:56:19";2018;2;"Eleição Ordinária";1;297;"Eleições Gerais Estaduais 2018";"07/10/2018";"E";"AM";"AM";"AMAZONAS";"02550";"MANAUS";68;3;"Governador";80764;215;5;0;220;69786;0;10978;"N";69786;61789;61789;61789;0;0;0;0;0;0;0;0;0;1840;6157;6157;0;0;"20:00:33";"19/04/2021"
"13/11/2024";"10:56:19";2018;2;"Eleição Ordinária";1;297;"Eleições Gerais Estaduais 2018";"07/10/2018";"E";"AM";"AM";"AMAZONAS";"02550";"MANAUS";63;7;"Deputado Estadual";119805;316;14;0;330;104825;0;14980;"N";104825;92146;92146;86662;5484;5484;0;0;0;0;0;0;0;5206;7473;7473;0;0;"20:00:33";"19/04/2021"
"13/11/2024";"10:56:19";2018;2;"Eleição Ordinária";1;297;"Eleições Gerais Estaduais 2018";"07/10/2018";"E";"AM";"AM";"AMAZONAS";"02577";"MANICORÉ";16;7;"Deputado Estadual";27965;93;8;0;101;19235;0;8730;"N";19235;18537;18537;17601;936;936;0;0;0;0;0;0;0;326;372;372;0;0;"20:00:22";"19/04/2021"
"13/11/2024";"10:56:19";2018;2;"Eleição Ordinária";1;297;"Eleições Gerais Estaduais 2018";"07/10/2018";"E";"AM";"AM";"AMAZONAS";"02739";"SANTO ANTÔNIO DO IÇÁ";47;7;"Deputado Estadual";13906;42;1;0;43;10584;0;3322;"N";10584;10246;10246;9495;751;751;0;0;0;0;0;0;0;170;168;168;0;0;"20:00:08";"19/04/2021"
"13/11/2024";"10:56:19";2018;2;"Eleição Ordinária";1;297;"Eleições Gerais Estaduais 2018";"07/10/2018";"E";"AM";"AM";"AMAZONAS";"02011";"NOVO AIRÃO";34;5;"Senador";10323;31;1;0;32;7599;0;2724;"N";15198;13500;13500;13500;0;0;0;0;0;0;0;0;0;470;1228;1228;0;0;"20:00:11";"19/04/2021"
"13/11/2024";"10:56:19";2018;2;"Eleição Ordinária";1;297;"Eleições Gerais Estaduais 2018";"07/10/2018";"E";"AM";"AM";"AMAZONAS";"02020";"GUAJARÁ";45;7;"Deputado Estadual";9519;34;2;0;36;6400;0;3119;"N";6400;6055;6055;5599;456;456;0;0;0;0;0;0;0;144;201;201;0;0;"20:00:43";"19/04/2021"
"13/11/2024";"10:56:19";2018;2;"Eleição Ordinária";1;297;"Eleições Gerais Estaduais 2018";"07/10/2018";"E";"AM";"AM";"AMAZONAS";"02070";"AUTAZES";35;3;"Governador";25310;84;10;0;94;19865;0;5445;"N";19865;18315;18315;18315;0;0;0;0;0;0;0;0;0;148;1402;1402;0;0;"20:00:45";"19/04/2021"
"13/11/2024";"10:56:19";2018;2;"Eleição Ordinária";1;297;"Eleições Gerais Estaduais 2018";"07/10/2018";"E";"AM";"AM";"AMAZONAS";"02291";"EIRUNEPÉ";11;6;"Deputado Federal";20736;64;3;0;67;13005;0;7731;"N";13005;12007;12007;11111;896;896;0;0;0;0;0;0;0;587;411;411;0;0;"20:00:24";"19/04/2021"
"13/11/2024";"10:56:19";2018;2;"Eleição Ordinária";1;297;"Eleições Gerais Estaduais 2018";"07/10/2018";"E";"AM";"AM";"AMAZONAS";"02470";"JURUÁ";50;5;"Senador";7119;25;5;0;30;4433;0;2686;"N";8866;7979;7979;7979;0;0;0;0;0;0;0;0;0;183;704;704;0;0;"20:00:06";"19/04/2021"
"13/11/2024";"10:56:19";2018;2;"Eleição Ordinária";1;297;"Eleições Gerais Estaduais 2018";"07/10/2018";"E";"AM";"AM";"AMAZONAS";"02550";"MANAUS";32;3;"Governador";114256;323;5;0;328;100952;0;13304;"N";100952;90960;90960;90960;0;0;0;0;0;0;0;0;0;2455;7537;7537;0;0;"20:00:33";"19/04/2021"
"13/11/2024";"10:56:19";2018;2;"Eleição Ordinária";1;297;"Eleições Gerais Estaduais 2018";"07/10/2018";"E";"AM";"AM";"AMAZONAS";"02658";"NOVA OLINDA DO NORTE";35;6;"Deputado Federal";16899;48;1;0;49;12051;0;4848;"N";12051;11625;11625;11092;533;533;0;0;0;0;0;0;0;241;185;185;0;0;"20:00:09";"19/04/2021"
"13/11/2024";"10:56:19";2018;2;"Eleição Ordinária";1;297;"Eleições Gerais Estaduais 2018";"07/10/2018";"E";"AM";"AM";"AMAZONAS";"02194";"CANUTAMA";13;7;"Deputado Estadual";8361;29;1;0;30;5611;0;2750;"N";5611;5433;5433;5058;375;375;0;0;0;0;0;0;0;81;97;97;0;0;"20:00:31";"19/04/2021"
"13/11/2024";"10:56:19";2018;2;"Eleição Ordinária";1;297;"Eleições Gerais Estaduais 2018";"07/10/2018";"E";"AM";"AM";"AMAZONAS";"02453";"JAPURÁ";48;3;"Governador";4393;13;2;0;15;2882;0;1511;"N";2882;2671;2671;2671;0;0;0;0;0;0;0;0;0;24;187;187;0;0;"20:00:32";"19/04/2021"
"13/11/2024";"10:56:19";2018;2;"Eleição Ordinária";1;297;"Eleições Gerais Estaduais 2018";"07/10/2018";"E";"AM";"AM";"AMAZONAS";"02550";"MANAUS";40;7;"Deputado Estadual";116457;298;3;0;301;102159;0;14298;"N";102159;91772;91772;87295;4477;4477;0;0;0;0;0;0;0;4059;6328;6328;0;0;"20:00:33";"19/04/2021"
"13/11/2024";"10:56:19";2018;2;"Eleição Ordinária";1;297;"Eleições Gerais Estaduais 2018";"07/10/2018";"E";"AM";"AM";"AMAZONAS";"02550";"MANAUS";65;7;"Deputado Estadual";110278;289;5;0;294;95257;0;15021;"N";95257;83530;83530;78530;5000;5000;0;0;0;0;0;0;0;4939;6788;6788;0;0;"20:00:33";"19/04/2021"
"13/11/2024";"10:56:19";2018;2;"Eleição Ordinária";1;297;"Eleições Gerais Estaduais 2018";"07/10/2018";"E";"AM";"AM";"AMAZONAS";"02755";"SÃO PAULO DE OLIVENÇA";22;7;"Deputado Estadual";16909;49;7;0;56;13574;0;3335;"N";13574;13214;13214;12165;1049;1049;0;0;0;0;0;0;0;155;205;205;0;0;"20:00:09";"19/04/2021"
"13/11/2024";"10:56:19";2018;2;"Eleição Ordinária";1;297;"Eleições Gerais Estaduais 2018";"07/10/2018";"E";"AM";"AM";"AMAZONAS";"02178";"BORBA";15;6;"Deputado Federal";20293;62;2;0;64;14506;0;5787;"N";14506;13951;13951;13136;815;815;0;0;0;0;0;0;0;191;364;364;0;0;"20:00:19";"19/04/2021"
"13/11/2024";"10:56:19";2018;2;"Eleição Ordinária";1;297;"Eleições Gerais Estaduais 2018";"07/10/2018";"E";"AM";"AM";"AMAZONAS";"02330";"FONTE BOA";10;3;"Governador";14872;43;7;0;50;10054;0;4818;"N";10054;9302;9302;9302;0;0;0;0;0;0;0;0;0;90;662;662;0;0;"20:00:31";"19/04/2021"
"13/11/2024";"10:56:19";2018;2;"Eleição Ordinária";1;297;"Eleições Gerais Estaduais 2018";"07/10/2018";"E";"AM";"AM";"AMAZONAS";"02593";"MARAÃ";49;3;"Governador";9607;27;3;0;30;5617;0;3990;"N";5617;5165;5165;5165;0;0;0;0;0;0;0;0;0;26;426;426;0;0;"20:00:27";"19/04/2021"
"13/11/2024";"10:56:19";2018;2;"Eleição Ordinária";1;297;"Eleições Gerais Estaduais 2018";"07/10/2018";"E";"AM";"AM";"AMAZONAS";"02615";"MAUÉS";5;6;"Deputado Federal";30937;94;15;0;109;21961;0;8976;"N";21961;21152;21152;20236;916;916;0;0;0;0;0;0;0;401;408;408;0;0;"20:00:25";"19/04/2021"
"13/11/2024";"10:56:19";2018;2;"Eleição Ordinária";1;297;"Eleições Gerais Estaduais 2018";"07/10/2018";"E";"AM";"AM";"AMAZONAS";"02836";"SÃO GABRIEL DA CACHOEIRA";19;5;"Senador";29139;92;8;0;100;18898;0;10241;"N";37796;34484;34484;34484;0;0;0;0;0;0;0;0;0;1080;2232;2232;0;0;"20:00:12";"19/04/2021"
"13/11/2024";"10:56:19";2018;2;"Eleição Ordinária";1;297;"Eleições Gerais Estaduais 2018";"07/10/2018";"E";"AM";"AM";"AMAZONAS";"02895";"ALVARÃES";60;5;"Senador";9758;30;2;0;32;7244;0;2514;"N";14488;13143;13143;13143;0;0;0;0;0;0;0;0;0;306;1039;1039;0;0;"20:00:36";"19/04/2021"
