"DT_GERACAO";"HH_GERACAO";"ANO_ELEICAO";"CD_TIPO_ELEICAO";"NM_TIPO_ELEICAO";"NR_TURNO";"CD_ELEICAO";"DS_ELEICAO";"DT_ELEICAO";"TP_ABRANGENCIA";"SG_UF";"SG_UE";"NM_UE";"CD_CARGO";"DS_CARGO";"SQ_CANDIDATO";"NR_CANDIDATO";"NM_CANDIDATO";"NM_URNA_CANDIDATO";"NM_SOCIAL_CANDIDATO";"NR_CPF_CANDIDATO";"DS_EMAIL";"CD_SITUACAO_CANDIDATURA";"DS_SITUACAO_CANDIDATURA";"TP_AGREMIACAO";"NR_PARTIDO";"SG_PARTIDO";"NM_PARTIDO";"NR_FEDERACAO";"NM_FEDERACAO";"SG_FEDERACAO";"DS_COMPOSICAO_FEDERACAO";"SQ_COLIGACAO";"NM_COLIGACAO";"DS_COMPOSICAO_COLIGACAO";"SG_UF_NASCIMENTO";"DT_NASCIMENTO";"NR_TITULO_ELEITORAL_CANDIDATO";"CD_GENERO";"DS_GENERO";"CD_GRAU_INSTRUCAO";"DS_GRAU_INSTRUCAO";"CD_ESTADO_CIVIL";"DS_ESTADO_CIVIL";"CD_COR_RACA";"DS_COR_RACA";"CD_OCUPACAO";"DS_OCUPACAO";"CD_SIT_TOT_TURNO";"DS_SIT_TOT_TURNO"
"23/06/2021";"18:50:53";2014;2;"ELEIÇÃO ORDINÁRIA";1;143;"Eleições Gerais 2014";"05/10/2014";"FEDERAL";"AM";"AM";"AMAZONAS";7;"DEPUTADO ESTADUAL";40000000112;11155;"ESTER CRISTINNE FERREIRA SILVA";"ESTER DA CARBRAS";"#NULO#";"68363796204";"#NULO#";3;"INAPTO";"COLIGAÇÃO";11;"PP";"PARTIDO PROGRESSISTA";-1;"#NULO#";"#NULO#";"#NULO#";40000000023;"RENOVAÇÃO E EXPERIÊNCIA 1";"PMDB / PP / PT / PTB / PRB";"AM";"12/10/1979";"020557322291";4;"FEMININO";8;"SUPERIOR COMPLETO";1;"SOLTEIRO(A)";"01";"BRANCA";999;"OUTROS";4;"NÃO ELEITO"
"23/06/2021";"18:50:53";2014;2;"ELEIÇÃO ORDINÁRIA";1;143;"Eleições Gerais 2014";"05/10/2014";"FEDERAL";"AM";"AM";"AMAZONAS";7;"DEPUTADO ESTADUAL";40000000806;54007;"PETRONIO SILVEIRA QUINTELO";"DR. PETRONIO";"#NULO#";"32084978220";"DR.CAMPELO007@HOTMAIL.COM";12;"APTO";"COLIGAÇÃO";54;"PPL";"PARTIDO PÁTRIA LIVRE";-1;"#NULO#";"#NULO#";"#NULO#";40000000056;"RENOVAÇÃO E EXPERIÊNCIA 2";"PSDC / PPL";"AM";"16/07/1969";"010570922267";2;"MASCULINO";8;"SUPERIOR COMPLETO";3;"CASADO(A)";"01";"BRANCA";111;"MÉDICO";4;"NÃO ELEITO"
"23/06/2021";"18:50:53";2014;2;"ELEIÇÃO ORDINÁRIA";1;143;"Eleições Gerais 2014";"05/10/2014";"FEDERAL";"AM";"AM";"AMAZONAS";7;"DEPUTADO ESTADUAL";40000000559;65657;"CRISTIANE SILVA DE OLIVEIRA";"CRISTIANE OLIVEIRA";"#NULO#";"51520656220";"#NULO#";12;"APTO";"PARTIDO ISOLADO";65;"PC do B";"PARTIDO COMUNISTA DO BRASIL";-1;"#NULO#";"#NULO#";"#NULO#";40000000051;"PARTIDO ISOLADO";"PC do B";"AM";"30/08/1977";"019671252232";4;"FEMININO";6;"ENSINO MÉDIO COMPLETO";3;"CASADO(A)";"02";"PRETA";999;"OUTROS";5;"SUPLENTE"
"23/06/2021";"18:50:53";2014;2;"ELEIÇÃO ORDINÁRIA";1;143;"Eleições Gerais 2014";"05/10/2014";"FEDERAL";"AM";"AM";"AMAZONAS";7;"DEPUTADO ESTADUAL";40000000592;65321;"FRANCISCO ANTONIO BARBOSA DE ARAUJO";"BARBOSA";"#NULO#";"18566243234";"#NULO#";12;"APTO";"PARTIDO ISOLADO";65;"PC do B";"PARTIDO COMUNISTA DO BRASIL";-1;"#NULO#";"#NULO#";"#NULO#";40000000051;"PARTIDO ISOLADO";"PC do B";"AM";"06/10/1961";"013540422240";2;"MASCULINO";2;"LÊ E ESCREVE";1;"SOLTEIRO(A)";"02";"PRETA";169;"COMERCIANTE";5;"SUPLENTE"
"23/06/2021";"18:50:53";2014;2;"ELEIÇÃO ORDINÁRIA";1;143;"Eleições Gerais 2014";"05/10/2014";"FEDERAL";"AM";"AM";"AMAZONAS";7;"DEPUTADO ESTADUAL";40000000106;11233;"MECIAS PEREIRA BATISTA JUNIOR";"MECIAS JÚNIOR";"#NULO#";"98870599272";"PP_AM_11@HOTMAIL.COM";12;"APTO";"COLIGAÇÃO";11;"PP";"PARTIDO PROGRESSISTA";-1;"#NULO#";"#NULO#";"#NULO#";40000000023;"RENOVAÇÃO E EXPERIÊNCIA 1";"PMDB / PP / PT / PTB / PRB";"AM";"05/07/1989";"032102192240";2;"MASCULINO";6;"ENSINO MÉDIO COMPLETO";1;"SOLTEIRO(A)";"05";"INDÍGENA";931;"ESTUDANTE, BOLSISTA, ESTAGIÁRIO E ASSEMELHADOS";5;"SUPLENTE"
"23/06/2021";"18:50:53";2014;2;"ELEIÇÃO ORDINÁRIA";1;143;"Eleições Gerais 2014";"05/10/2014";"FEDERAL";"AM";"AM";"AMAZONAS";7;"DEPUTADO ESTADUAL";40000000669;77777;"HENRIQUE JOSE MENDONÇA DE OLIVEIRA";"HENRIQUE OLIVEIRA FILHO";"#NULO#";"01191032221";"SECRETARIA@SOLIDARIEDADEAM.ORG.BR";12;"APTO";"COLIGAÇÃO";77;"SD";"SOLIDARIEDADE";-1;"#NULO#";"#NULO#";"#NULO#";40000000053;"FAZENDO MAIS POR NOSSA GENTE III";"PR / PT do B / PSL / SD / PRP";"MG";"06/08/1990";"034248792208";2;"MASCULINO";7;"SUPERIOR INCOMPLETO";1;"SOLTEIRO(A)";"01";"BRANCA";931;"ESTUDANTE, BOLSISTA, ESTAGIÁRIO E ASSEMELHADOS";5;"SUPLENTE"
"23/06/2021";"18:50:53";2014;2;"ELEIÇÃO ORDINÁRIA";1;143;"Eleições Gerais 2014";"05/10/2014";"FEDERAL";"AM";"AM";"AMAZONAS";7;"DEPUTADO ESTADUAL";40000000570;65234;"EDYSSANDRO ALBUQUERQUE BATISTA";"EDYSSANDRO ALBUQUERQUE";"#NULO#";"61579998291";"EDYSSANDRO@BOL.COM.BR";12;"APTO";"PARTIDO ISOLADO";65;"PC do B";"PARTIDO COMUNISTA DO BRASIL";-1;"#NULO#";"#NULO#";"#NULO#";40000000051;"PARTIDO ISOLADO";"PC do B";"AM";"23/05/1978";"017827592208";2;"MASCULINO";8;"SUPERIOR COMPLETO";3;"CASADO(A)";"03";"PARDA";297;"SERVIDOR PÚBLICO ESTADUAL";5;"SUPLENTE"
"23/06/2021";"18:50:53";2014;2;"ELEIÇÃO ORDINÁRIA";1;143;"Eleições Gerais 2014";"05/10/2014";"FEDERAL";"AM";"AM";"AMAZONAS";7;"DEPUTADO ESTADUAL";40000000146;15987;"MARIA DE FATIMA COSTA DA SILVA";"FATIMA SILVA";"#NULO#";"08272433249";"#NULO#";12;"APTO";"COLIGAÇÃO";15;"PMDB";"PARTIDO DO MOVIMENTO DEMOCRÁTICO BRASILEIRO";-1;"#NULO#";"#NULO#";"#NULO#";40000000023;"RENOVAÇÃO E EXPERIÊNCIA 1";"PMDB / PP / PT / PTB / PRB";"PA";"30/01/1959";"000432702291";4;"FEMININO";4;"ENSINO FUNDAMENTAL COMPLETO";1;"SOLTEIRO(A)";"01";"BRANCA";512;"CABELEIREIRO E BARBEIRO";5;"SUPLENTE"
"23/06/2021";"18:50:53";2014;2;"ELEIÇÃO ORDINÁRIA";1;143;"Eleições Gerais 2014";"05/10/2014";"FEDERAL";"AM";"AM";"AMAZONAS";7;"DEPUTADO ESTADUAL";40000000963;40045;"TELLES SANDRO DA SILVA DIAS";"TELLES DIAS";"#NULO#";"74390848291";"ELEICAO2014@PSBAM.ORG.BR";12;"APTO";"PARTIDO ISOLADO";40;"PSB";"PARTIDO SOCIALISTA BRASILEIRO";-1;"#NULO#";"#NULO#";"#NULO#";40000000052;"PARTIDO ISOLADO";"PSB";"AM";"05/03/1983";"019987472216";2;"MASCULINO";6;"ENSINO MÉDIO COMPLETO";1;"SOLTEIRO(A)";"03";"PARDA";297;"SERVIDOR PÚBLICO ESTADUAL";5;"SUPLENTE"
"23/06/2021";"18:50:53";2014;2;"ELEIÇÃO ORDINÁRIA";1;143;"Eleições Gerais 2014";"05/10/2014";"FEDERAL";"AM";"AM";"AMAZONAS";7;"DEPUTADO ESTADUAL";40000000263;43002;"JURACELI PORTELA DE SOUZA";"BONECA";"#NULO#";"20292546220";"#NULO#";3;"INAPTO";"COLIGAÇÃO";43;"PV";"PARTIDO VERDE";-1;"#NULO#";"#NULO#";"#NULO#";40000000044;"JUNTOS PELO POVO";"PV / PTC";"AM";"07/09/1963";"005640932283";4;"FEMININO";6;"ENSINO MÉDIO COMPLETO";1;"SOLTEIRO(A)";"03";"PARDA";999;"OUTROS";4;"NÃO ELEITO"
"23/06/2021";"18:50:53";2014;2;"ELEIÇÃO ORDINÁRIA";1;143;"Eleições Gerais 2014";"05/10/2014";"FEDERAL";"AM";"AM";"AMAZONAS";7;"DEPUTADO ESTADUAL";40000000222;23663;"LÚCIO GLÁUCIO MENDONÇA DE ALMEIDA";"GLÁUCIO MENDONÇA";"#NULO#";"41809777291";"#NULO#";12;"APTO";"COLIGAÇÃO";23;"PPS";"PARTIDO POPULAR SOCIALISTA";-1;"#NULO#";"#NULO#";"#NULO#";40000000043;"Renovação e Coragem";"PPS / PDT";"AM";"06/07/1972";"012982422232";2;"MASCULINO";8;"SUPERIOR COMPLETO";3;"CASADO(A)";"03";"PARDA";266;"PROFESSOR DE ENSINO MÉDIO";5;"SUPLENTE"
"23/06/2021";"18:50:53";2014;2;"ELEIÇÃO ORDINÁRIA";1;143;"Eleições Gerais 2014";"05/10/2014";"FEDERAL";"AM";"AM";"AMAZONAS";7;"DEPUTADO ESTADUAL";40000000786;27127;"TIAGO DOS SANTOS GOMES";"TIAGO GOMES";"#NULO#";"80204104220";"#NULO#";12;"APTO";"COLIGAÇÃO";27;"PSDC";"PARTIDO SOCIAL DEMOCRATA CRISTÃO";-1;"#NULO#";"#NULO#";"#NULO#";40000000056;"RENOVAÇÃO E EXPERIÊNCIA 2";"PSDC / PPL";"AM";"01/02/1986";"022903282232";2;"MASCULINO";8;"SUPERIOR COMPLETO";1;"SOLTEIRO(A)";"03";"PARDA";125;"ADMINISTRADOR";4;"NÃO ELEITO"
"23/06/2021";"18:50:53";2014;2;"ELEIÇÃO ORDINÁRIA";1;143;"Eleições Gerais 2014";"05/10/2014";"FEDERAL";"AM";"AM";"AMAZONAS";7;"DEPUTADO ESTADUAL";40000000785;27010;"TEREZINHA PALHETA FERREIRA";"TEREZINHA PALHETA";"#NULO#";"79894356249";"#NULO#";12;"APTO";"COLIGAÇÃO";27;"PSDC";"PARTIDO SOCIAL DEMOCRATA CRISTÃO";-1;"#NULO#";"#NULO#";"#NULO#";40000000056;"RENOVAÇÃO E EXPERIÊNCIA 2";"PSDC / PPL";"AM";"12/05/1972";"021464132283";4;"FEMININO";6;"ENSINO MÉDIO COMPLETO";3;"CASADO(A)";"03";"PARDA";390;"SECRETÁRIO E DATILÓGRAFO";4;"NÃO ELEITO"
"23/06/2021";"18:50:53";2014;2;"ELEIÇÃO ORDINÁRIA";1;143;"Eleições Gerais 2014";"05/10/2014";"FEDERAL";"AM";"AM";"AMAZONAS";7;"DEPUTADO ESTADUAL";40000000796;54888;"CLAUNIZA FERREIRA DE VASCONCELOS";"ASS SOCIAL CLAUNIZA";"#NULO#";"68226993253";"DR.CAMPELO007@HOTMAIL.COM";12;"APTO";"COLIGAÇÃO";54;"PPL";"PARTIDO PÁTRIA LIVRE";-1;"#NULO#";"#NULO#";"#NULO#";40000000056;"RENOVAÇÃO E EXPERIÊNCIA 2";"PSDC / PPL";"AM";"20/10/1979";"018270362208";4;"FEMININO";8;"SUPERIOR COMPLETO";3;"CASADO(A)";"01";"BRANCA";134;"ASSISTENTE SOCIAL";4;"NÃO ELEITO"
"23/06/2021";"18:50:53";2014;2;"ELEIÇÃO ORDINÁRIA";1;143;"Eleições Gerais 2014";"05/10/2014";"FEDERAL";"AM";"AM";"AMAZONAS";7;"DEPUTADO ESTADUAL";40000000769;27777;"JANDER SOUZA DE CASTRO";"J CASTRO";"#NULO#";"27482804234";"JCASTROIMOVEIS.IND@GMAIL.COM";12;"APTO";"COLIGAÇÃO";27;"PSDC";"PARTIDO SOCIAL DEMOCRATA CRISTÃO";-1;"#NULO#";"#NULO#";"#NULO#";40000000056;"RENOVAÇÃO E EXPERIÊNCIA 2";"PSDC / PPL";"AM";"08/07/1967";"006521032275";2;"MASCULINO";6;"ENSINO MÉDIO COMPLETO";9;"DIVORCIADO(A)";"03";"PARDA";257;"EMPRESÁRIO";4;"NÃO ELEITO"
"23/06/2021";"18:50:53";2014;2;"ELEIÇÃO ORDINÁRIA";1;143;"Eleições Gerais 2014";"05/10/2014";"FEDERAL";"AM";"AM";"AMAZONAS";6;"DEPUTADO FEDERAL";40000000350;4350;"JOSE ADALBERTO DA SILVA";"ADAL";"#NULO#";"08672219848";"ADALSILVA@GMAIL.COM";3;"INAPTO";"COLIGAÇÃO";43;"PV";"PARTIDO VERDE";-1;"#NULO#";"#NULO#";"#NULO#";40000000046;"FAZENDO MAIS POR NOSSA GENTE 1.";"PROS / DEM / PSDB / PR / PTN / PSC / PT do B / PTC / PRTB / PATRIOTA / PV / PHS / PSL / PSD / SD";"AM";"27/08/1954";"013728482224";2;"MASCULINO";8;"SUPERIOR COMPLETO";1;"SOLTEIRO(A)";"03";"PARDA";164;"MÚSICO";4;"NÃO ELEITO"
"23/06/2021";"18:50:53";2014;1;"ELEIÇÃO SUPLEMENTAR";1;268;"Eleição Suplementar Governador AM";"06/08/2017";"ESTADUAL";"AM";"AM";"AMAZONAS";4;"VICE-GOVERNADOR";40000012072;11;"ABDALA HABIB FRAXE JUNIOR";"ABDALA FRAXE";"#NULO#";"33460825200";"SIPELLI@HOTMAIL.COM";3;"INAPTO";"COLIGAÇÃO";19;"PODE";"PODEMOS";-1;"#NULO#";"#NULO#";"#NULO#";40000000788;"CORAGEM PARA RENOVAR";"PP / PODE / PT do B";"RR";"19/09/1969";"010155292259";2;"MASCULINO";8;"SUPERIOR COMPLETO";3;"CASADO(A)";"01";"BRANCA";121;"ECONOMISTA";4;"NÃO ELEITO"
"23/06/2021";"18:50:53";2014;2;"ELEIÇÃO ORDINÁRIA";1;143;"Eleições Gerais 2014";"05/10/2014";"FEDERAL";"AM";"AM";"AMAZONAS";7;"DEPUTADO ESTADUAL";40000000805;54321;"OZANA AMORIM CACELLA";"OZANA CACELLA";"#NULO#";"20050860291";"DR.CAMPELO007@HOTMAIL.COM";12;"APTO";"COLIGAÇÃO";54;"PPL";"PARTIDO PÁTRIA LIVRE";-1;"#NULO#";"#NULO#";"#NULO#";40000000056;"RENOVAÇÃO E EXPERIÊNCIA 2";"PSDC / PPL";"AC";"06/12/1967";"003125172232";4;"FEMININO";8;"SUPERIOR COMPLETO";1;"SOLTEIRO(A)";"01";"BRANCA";257;"EMPRESÁRIO";4;"NÃO ELEITO"
"23/06/2021";"18:50:53";2014;2;"ELEIÇÃO ORDINÁRIA";1;143;"Eleições Gerais 2014";"05/10/2014";"FEDERAL";"AM";"AM";"AMAZONAS";7;"DEPUTADO ESTADUAL";40000001002;19446;"SIMONE DA SILVA DOS SANTOS";"SIMONE";"#NULO#";"57466661220";"#NULO#";3;"INAPTO";"COLIGAÇÃO";19;"PTN";"PARTIDO TRABALHISTA NACIONAL";-1;"#NULO#";"#NULO#";"#NULO#";40000000021;"FAZENDO MAIS PELA NOSSA GENTE 5";"PTN / PRTB";"AM";"21/11/1976";"016792252240";4;"FEMININO";4;"ENSINO FUNDAMENTAL COMPLETO";1;"SOLTEIRO(A)";"03";"PARDA";999;"OUTROS";-1;"#NULO#"
"23/06/2021";"18:50:53";2014;2;"ELEIÇÃO ORDINÁRIA";1;143;"Eleições Gerais 2014";"05/10/2014";"FEDERAL";"AM";"AM";"AMAZONAS";7;"DEPUTADO ESTADUAL";40000000508;90090;"ARLINDO PEDRO DA SILVA JUNIOR";"ARLINDO JUNIOR";"#NULO#";"23862467287";"CSILVA367@GMAIL.COM";12;"APTO";"COLIGAÇÃO";90;"PROS";"PARTIDO REPUBLICANO DA ORDEM SOCIAL";-1;"#NULO#";"#NULO#";"#NULO#";40000000050;"FAZENDO MAIS POR NOSSA GENTE 1";"PROS / PSD / PSDB / PSC";"AM";"20/05/1968";"003796832232";2;"MASCULINO";7;"SUPERIOR INCOMPLETO";3;"CASADO(A)";"03";"PARDA";278;"VEREADOR";5;"SUPLENTE"
"23/06/2021";"18:50:53";2014;2;"ELEIÇÃO ORDINÁRIA";1;143;"Eleições Gerais 2014";"05/10/2014";"FEDERAL";"AM";"AM";"AMAZONAS";7;"DEPUTADO ESTADUAL";40000000798;54900;"ELISANDRA AUGUSTA DA SILVA";"ELISANDRA SILVA";"#NULO#";"60249609215";"ELISANDRAAUGUSTA@HOTMAIL.COM";12;"APTO";"COLIGAÇÃO";54;"PPL";"PARTIDO PÁTRIA LIVRE";-1;"#NULO#";"#NULO#";"#NULO#";40000000056;"RENOVAÇÃO E EXPERIÊNCIA 2";"PSDC / PPL";"AM";"15/03/1977";"017554102216";4;"FEMININO";6;"ENSINO MÉDIO COMPLETO";3;"CASADO(A)";"03";"PARDA";193;"DECORADOR";4;"NÃO ELEITO"
"23/06/2021";"18:50:53";2014;2;"ELEIÇÃO ORDINÁRIA";1;143;"Eleições Gerais 2014";"05/10/2014";"FEDERAL";"AM";"AM";"AMAZONAS";7;"DEPUTADO ESTADUAL";40000000272;36007;"MARIA DAS GRAÇAS COSTA DE LIMA";"GRAÇA ABELINHA";"#NULO#";"05440017291";"#NULO#";3;"INAPTO";"COLIGAÇÃO";36;"PTC";"PARTIDO TRABALHISTA CRISTÃO";-1;"#NULO#";"#NULO#";"#NULO#";40000000044;"JUNTOS PELO POVO";"PV / PTC";"AM";"30/09/1953";"006208672232";4;"FEMININO";8;"SUPERIOR COMPLETO";1;"SOLTEIRO(A)";"01";"BRANCA";999;"OUTROS";-1;"#NULO#"
"23/06/2021";"18:50:53";2014;2;"ELEIÇÃO ORDINÁRIA";1;143;"Eleições Gerais 2014";"05/10/2014";"FEDERAL";"AM";"AM";"AMAZONAS";7;"DEPUTADO ESTADUAL";40000000560;65452;"IVO EULER BENTES MARTINS";"IVO EULER";"#NULO#";"33586314272";"#NULO#";12;"APTO";"PARTIDO ISOLADO";65;"PC do B";"PARTIDO COMUNISTA DO BRASIL";-1;"#NULO#";"#NULO#";"#NULO#";40000000051;"PARTIDO ISOLADO";"PC do B";"AM";"12/08/1970";"023320681309";2;"MASCULINO";7;"SUPERIOR INCOMPLETO";9;"DIVORCIADO(A)";"03";"PARDA";999;"OUTROS";5;"SUPLENTE"
"23/06/2021";"18:50:53";2014;2;"ELEIÇÃO ORDINÁRIA";1;143;"Eleições Gerais 2014";"05/10/2014";"FEDERAL";"AM";"AM";"AMAZONAS";7;"DEPUTADO ESTADUAL";40000000564;65333;"ROBSON ELOI ABRANTES";"ROBSON ELOI";"#NULO#";"73275131249";"#NULO#";12;"APTO";"PARTIDO ISOLADO";65;"PC do B";"PARTIDO COMUNISTA DO BRASIL";-1;"#NULO#";"#NULO#";"#NULO#";40000000051;"PARTIDO ISOLADO";"PC do B";"AM";"22/07/1982";"020118652216";2;"MASCULINO";8;"SUPERIOR COMPLETO";1;"SOLTEIRO(A)";"03";"PARDA";266;"PROFESSOR DE ENSINO MÉDIO";5;"SUPLENTE"
"23/06/2021";"18:50:53";2014;2;"ELEIÇÃO ORDINÁRIA";1;143;"Eleições Gerais 2014";"05/10/2014";"FEDERAL";"AM";"AM";"AMAZONAS";7;"DEPUTADO ESTADUAL";40000000066;19799;"ORLANDO GUALBERTO CIDADE FILHO";"ORLANDO CIDADE";"#NULO#";"04862678220";"#NULO#";12;"APTO";"COLIGAÇÃO";19;"PTN";"PARTIDO TRABALHISTA NACIONAL";-1;"#NULO#";"#NULO#";"#NULO#";40000000021;"FAZENDO MAIS PELA NOSSA GENTE 5";"PTN / PRTB";"AM";"16/06/1953";"010656732216";2;"MASCULINO";8;"SUPERIOR COMPLETO";5;"VIÚVO(A)";"03";"PARDA";257;"EMPRESÁRIO";2;"ELEITO POR QP"
"23/06/2021";"18:50:53";2014;2;"ELEIÇÃO ORDINÁRIA";1;143;"Eleições Gerais 2014";"05/10/2014";"FEDERAL";"AM";"AM";"AMAZONAS";10;"2º SUPLENTE";40000001221;500;"EDILBERTO ANSELMO CRUZ";"BETINHO";"#NULO#";"34656952249";"PROFESSORQUEIROZ500@HOTMIL.COM";12;"APTO";"PARTIDO ISOLADO";50;"PSOL";"PARTIDO SOCIALISMO E LIBERDADE";-1;"#NULO#";"#NULO#";"#NULO#";40000000054;"PARTIDO ISOLADO";"PSOL";"AM";"12/09/1960";"002274842216";2;"MASCULINO";4;"ENSINO FUNDAMENTAL COMPLETO";3;"CASADO(A)";"03";"PARDA";129;"ARTESÃO";4;"NÃO ELEITO"
"23/06/2021";"18:50:53";2014;2;"ELEIÇÃO ORDINÁRIA";1;143;"Eleições Gerais 2014";"05/10/2014";"FEDERAL";"AM";"AM";"AMAZONAS";7;"DEPUTADO ESTADUAL";40000000119;15789;"BRUNO LUIS LITAIFF RAMALHO";"BRUNO RAMALHO";"#NULO#";"16662261220";"BLLRAMALHO@HOTMAIL.COM";12;"APTO";"COLIGAÇÃO";15;"PMDB";"PARTIDO DO MOVIMENTO DEMOCRÁTICO BRASILEIRO";-1;"#NULO#";"#NULO#";"#NULO#";40000000023;"RENOVAÇÃO E EXPERIÊNCIA 1";"PMDB / PP / PT / PTB / PRB";"SP";"28/01/1964";"003878852267";2;"MASCULINO";6;"ENSINO MÉDIO COMPLETO";7;"SEPARADO(A) JUDICIALMENTE";"01";"BRANCA";257;"EMPRESÁRIO";5;"SUPLENTE"
"23/06/2021";"18:50:53";2014;2;"ELEIÇÃO ORDINÁRIA";1;143;"Eleições Gerais 2014";"05/10/2014";"FEDERAL";"AM";"AM";"AMAZONAS";7;"DEPUTADO ESTADUAL";40000000581;65222;"GLAUBER MARCOS CAVALCANTE DUARTE";"MARCOS CAVALCANTE";"#NULO#";"61417521287";"MARCOSCAVALCANTE@HOTMAIL.COM";12;"APTO";"PARTIDO ISOLADO";65;"PC do B";"PARTIDO COMUNISTA DO BRASIL";-1;"#NULO#";"#NULO#";"#NULO#";40000000051;"PARTIDO ISOLADO";"PC do B";"AM";"01/09/1978";"017828922291";2;"MASCULINO";8;"SUPERIOR COMPLETO";3;"CASADO(A)";"02";"PRETA";999;"OUTROS";5;"SUPLENTE"
"23/06/2021";"18:50:53";2014;2;"ELEIÇÃO ORDINÁRIA";1;143;"Eleições Gerais 2014";"05/10/2014";"FEDERAL";"AM";"AM";"AMAZONAS";7;"DEPUTADO ESTADUAL";40000000059;19233;"SIDNEY ABTIBOL";"SIDNEY ABTIBOL";"#NULO#";"20225229234";"#NULO#";12;"APTO";"COLIGAÇÃO";19;"PTN";"PARTIDO TRABALHISTA NACIONAL";-1;"#NULO#";"#NULO#";"#NULO#";40000000021;"FAZENDO MAIS PELA NOSSA GENTE 5";"PTN / PRTB";"AM";"23/01/1963";"004376612275";2;"MASCULINO";6;"ENSINO MÉDIO COMPLETO";1;"SOLTEIRO(A)";"03";"PARDA";999;"OUTROS";5;"SUPLENTE"
"23/06/2021";"18:50:53";2014;2;"ELEIÇÃO ORDINÁRIA";1;143;"Eleições Gerais 2014";"05/10/2014";"FEDERAL";"AM";"AM";"AMAZONAS";6;"DEPUTADO FEDERAL";40000000601;4040;"CARLOS RENÊ DE SOUZA FERNANDES";"CARLOS PORTTA";"#NULO#";"62783378272";"RENEZAFER@YAHOO.COM.BR";12;"APTO";"PARTIDO ISOLADO";40;"PSB";"PARTIDO SOCIALISTA BRASILEIRO";-1;"#NULO#";"#NULO#";"#NULO#";40000000052;"PARTIDO ISOLADO";"PSB";"AM";"10/09/1978";"018045372259";2;"MASCULINO";6;"ENSINO MÉDIO COMPLETO";3;"CASADO(A)";"01";"BRANCA";136;"COMUNICÓLOGO";4;"NÃO ELEITO"
"23/06/2021";"18:50:53";2014;2;"ELEIÇÃO ORDINÁRIA";1;143;"Eleições Gerais 2014";"05/10/2014";"FEDERAL";"AM";"AM";"AMAZONAS";7;"DEPUTADO ESTADUAL";40000000645;40345;"GERALDO MAGELLA FIUZA E SILVA";"DR. GERALDO MAGELA";"#NULO#";"84769912153";"ELEICAO2014@PSBAM.ORG.BR";12;"APTO";"PARTIDO ISOLADO";40;"PSB";"PARTIDO SOCIALISTA BRASILEIRO";-1;"#NULO#";"#NULO#";"#NULO#";40000000052;"PARTIDO ISOLADO";"PSB";"GO";"23/06/1971";"027433381023";2;"MASCULINO";8;"SUPERIOR COMPLETO";3;"CASADO(A)";"01";"BRANCA";297;"SERVIDOR PÚBLICO ESTADUAL";5;"SUPLENTE"
"23/06/2021";"18:50:53";2014;2;"ELEIÇÃO ORDINÁRIA";2;144;"Eleições Gerais 2014";"26/10/2014";"FEDERAL";"AM";"AM";"AMAZONAS";3;"GOVERNADOR";40000000487;90;"JOSÉ MELO DE OLIVEIRA";"JOSÉ MELO";"#NULO#";"01182595200";"PROFESSOR.MELO@BOL.COM.BR";12;"APTO";"COLIGAÇÃO";90;"PROS";"PARTIDO REPUBLICANO DA ORDEM SOCIAL";-1;"#NULO#";"#NULO#";"#NULO#";40000000049;"Fazendo Mais Por Nossa Gente";"PROS / DEM / PSL / PTN / PSC / PR / PRTB / PHS / PTC / PV / PRP / PSDB / PATRIOTA / PSD / SD / PT do B";"AM";"26/09/1946";"000705472208";2;"MASCULINO";8;"SUPERIOR COMPLETO";3;"CASADO(A)";"03";"PARDA";274;"GOVERNADOR";1;"ELEITO"
"23/06/2021";"18:50:53";2014;2;"ELEIÇÃO ORDINÁRIA";1;143;"Eleições Gerais 2014";"05/10/2014";"FEDERAL";"AM";"AM";"AMAZONAS";7;"DEPUTADO ESTADUAL";40000000440;31333;"ALGENOR DA COSTA BUTEL";"AGENOR BUTEL";"#NULO#";"60075058200";"#NULO#";12;"APTO";"COLIGAÇÃO";31;"PHS";"PARTIDO HUMANISTA DA SOLIDARIEDADE";-1;"#NULO#";"#NULO#";"#NULO#";40000000048;"FAZENDO MAIS POR NOSSA GENTE II";"DEM / PATRIOTA / PHS";"AM";"12/08/1976";"017171982291";2;"MASCULINO";4;"ENSINO FUNDAMENTAL COMPLETO";3;"CASADO(A)";"03";"PARDA";999;"OUTROS";5;"SUPLENTE"
"23/06/2021";"18:50:53";2014;2;"ELEIÇÃO ORDINÁRIA";1;143;"Eleições Gerais 2014";"05/10/2014";"FEDERAL";"AM";"AM";"AMAZONAS";7;"DEPUTADO ESTADUAL";40000000500;55777;"FRANCISCO DO NASCIMENTO GOMES";"DR. GOMES";"#NULO#";"06026885234";"JNGOMES@HOTMAIL.COM";12;"APTO";"COLIGAÇÃO";55;"PSD";"PARTIDO SOCIAL DEMOCRÁTICO";-1;"#NULO#";"#NULO#";"#NULO#";40000000050;"FAZENDO MAIS POR NOSSA GENTE 1";"PROS / PSD / PSDB / PSC";"AC";"08/09/1956";"006461272216";2;"MASCULINO";8;"SUPERIOR COMPLETO";3;"CASADO(A)";"03";"PARDA";278;"VEREADOR";5;"SUPLENTE"
"23/06/2021";"18:50:53";2014;2;"ELEIÇÃO ORDINÁRIA";1;143;"Eleições Gerais 2014";"05/10/2014";"FEDERAL";"AM";"AM";"AMAZONAS";7;"DEPUTADO ESTADUAL";40000000594;65999;"WANESSA PEREIRA DO NASCIMENTO";"WANESSA DA GUTIERREZ";"#NULO#";"84511915253";"#NULO#";3;"INAPTO";"PARTIDO ISOLADO";65;"PC do B";"PARTIDO COMUNISTA DO BRASIL";-1;"#NULO#";"#NULO#";"#NULO#";40000000051;"PARTIDO ISOLADO";"PC do B";"AM";"01/01/1981";"030583402232";4;"FEMININO";4;"ENSINO FUNDAMENTAL COMPLETO";1;"SOLTEIRO(A)";"03";"PARDA";265;"PROFESSOR DE ENSINO FUNDAMENTAL";-1;"#NULO#"
"23/06/2021";"18:50:53";2014;2;"ELEIÇÃO ORDINÁRIA";1;143;"Eleições Gerais 2014";"05/10/2014";"FEDERAL";"AM";"AM";"AMAZONAS";7;"DEPUTADO ESTADUAL";40000000690;44344;"FRANCIANE VIEIRA SILVA";"FRANCIANE VIEIRA";"#NULO#";"68110154204";"FRANCI.SILVA.VIEIRA@GMAIL.COM.BR";12;"APTO";"COLIGAÇÃO";44;"PRP";"PARTIDO REPUBLICANO PROGRESSISTA";-1;"#NULO#";"#NULO#";"#NULO#";40000000053;"FAZENDO MAIS POR NOSSA GENTE III";"PR / PT do B / PSL / SD / PRP";"PA";"28/12/1980";"037698832240";4;"FEMININO";3;"ENSINO FUNDAMENTAL INCOMPLETO";3;"CASADO(A)";"01";"BRANCA";402;"VENDEDOR PRACISTA, REPRESENTANTE, CAIXEIRO-VIAJANTE E ASSEMELHADOS";5;"SUPLENTE"
"23/06/2021";"18:50:53";2014;2;"ELEIÇÃO ORDINÁRIA";1;143;"Eleições Gerais 2014";"05/10/2014";"FEDERAL";"AM";"AM";"AMAZONAS";7;"DEPUTADO ESTADUAL";40000000655;70666;"EDECIO TIBURCIO FEITOSA";"EDECIO FEITOSA";"#NULO#";"11923954253";"EDILSONHAYLANDER@HOTMAIL.COM";12;"APTO";"COLIGAÇÃO";70;"PT do B";"PARTIDO TRABALHISTA DO BRASIL";-1;"#NULO#";"#NULO#";"#NULO#";40000000053;"FAZENDO MAIS POR NOSSA GENTE III";"PR / PT do B / PSL / SD / PRP";"AM";"08/09/1959";"006410882208";2;"MASCULINO";6;"ENSINO MÉDIO COMPLETO";3;"CASADO(A)";"03";"PARDA";169;"COMERCIANTE";5;"SUPLENTE"
"23/06/2021";"18:50:53";2014;2;"ELEIÇÃO ORDINÁRIA";1;143;"Eleições Gerais 2014";"05/10/2014";"FEDERAL";"AM";"AM";"AMAZONAS";5;"SENADOR";40000000007;161;"JULIO CEZAR FERRAZ DE SOUZA";"JÚLIO FERRAZ";"#NULO#";"21424799287";"JULIOFERRAZMTST@GMAIL.COM";12;"APTO";"PARTIDO ISOLADO";16;"PSTU";"PARTIDO SOCIALISTA DOS TRABALHADORES UNIFICADO";-1;"#NULO#";"#NULO#";"#NULO#";40000000001;"PARTIDO ISOLADO";"PSTU";"AM";"20/03/1964";"006193702267";2;"MASCULINO";6;"ENSINO MÉDIO COMPLETO";1;"SOLTEIRO(A)";"03";"PARDA";157;"TÉCNICO DE LABORATÓRIO E RAIOS X";4;"NÃO ELEITO"
"23/06/2021";"18:50:53";2014;2;"ELEIÇÃO ORDINÁRIA";1;143;"Eleições Gerais 2014";"05/10/2014";"FEDERAL";"AM";"AM";"AMAZONAS";7;"DEPUTADO ESTADUAL";40000001141;23747;"GEDIEL DE SOUSA DA SILVA";"GEDIEL SILVA";"#NULO#";"70461783215";"GEDIEL.SILVARQT@GMAIL.COM";12;"APTO";"COLIGAÇÃO";23;"PPS";"PARTIDO POPULAR SOCIALISTA";-1;"#NULO#";"#NULO#";"#NULO#";40000000043;"Renovação e Coragem";"PPS / PDT";"AM";"20/07/1980";"019605592259";2;"MASCULINO";6;"ENSINO MÉDIO COMPLETO";1;"SOLTEIRO(A)";"03";"PARDA";266;"PROFESSOR DE ENSINO MÉDIO";5;"SUPLENTE"
"23/06/2021";"18:50:53";2014;2;"ELEIÇÃO ORDINÁRIA";1;143;"Eleições Gerais 2014";"05/10/2014";"FEDERAL";"AM";"AM";"AMAZONAS";7;"DEPUTADO ESTADUAL";40000000632;40140;"RUBERNILSON DA PAZ TEIXEIRA";"NEGO JIBÓIA";"#NULO#";"14871831272";"#NULO#";12;"APTO";"PARTIDO ISOLADO";40;"PSB";"PARTIDO SOCIALISTA BRASILEIRO";-1;"#NULO#";"#NULO#";"#NULO#";40000000052;"PARTIDO ISOLADO";"PSB";"AM";"02/02/1955";"001412042232";2;"MASCULINO";2;"LÊ E ESCREVE";3;"CASADO(A)";"01";"BRANCA";257;"EMPRESÁRIO";5;"SUPLENTE"
"23/06/2021";"18:50:53";2014;2;"ELEIÇÃO ORDINÁRIA";1;143;"Eleições Gerais 2014";"05/10/2014";"FEDERAL";"AM";"AM";"AMAZONAS";10;"2º SUPLENTE";40000000710;500;"KENNEDY DA SILVA FONSECA";"KENNEDY FONSECA";"#NULO#";"70460043234";"#NULO#";3;"INAPTO";"PARTIDO ISOLADO";50;"PSOL";"PARTIDO SOCIALISMO E LIBERDADE";-1;"#NULO#";"#NULO#";"#NULO#";40000000054;"PARTIDO ISOLADO";"PSOL";"AM";"09/10/1982";"021694552291";2;"MASCULINO";6;"ENSINO MÉDIO COMPLETO";3;"CASADO(A)";"03";"PARDA";402;"VENDEDOR PRACISTA, REPRESENTANTE, CAIXEIRO-VIAJANTE E ASSEMELHADOS";-1;"#NULO#"
"23/06/2021";"18:50:53";2014;2;"ELEIÇÃO ORDINÁRIA";1;143;"Eleições Gerais 2014";"05/10/2014";"FEDERAL";"AM";"AM";"AMAZONAS";6;"DEPUTADO FEDERAL";40000000345;2525;"PAUDERNEY TOMAZ AVELINO";"PAUDERNEY";"#NULO#";"03465268253";"PAUDERNEY2525@HOTMAIL.COM";12;"APTO";"COLIGAÇÃO";25;"DEM";"DEMOCRATAS";-1;"#NULO#";"#NULO#";"#NULO#";40000000046;"FAZENDO MAIS POR NOSSA GENTE 1.";"PROS / DEM / PSDB / PR / PTN / PSC / PT do B / PTC / PRTB / PATRIOTA / PV / PHS / PSL / PSD / SD";"AM";"24/09/1954";"014124412267";2;"MASCULINO";8;"SUPERIOR COMPLETO";3;"CASADO(A)";"03";"PARDA";277;"DEPUTADO";2;"ELEITO POR QP"
"23/06/2021";"18:50:53";2014;2;"ELEIÇÃO ORDINÁRIA";1;143;"Eleições Gerais 2014";"05/10/2014";"FEDERAL";"AM";"AM";"AMAZONAS";7;"DEPUTADO ESTADUAL";40000000733;50190;"THIAGO GONÇALVES DE OLIVEIRA";"THIAGO OLIVEIRA";"#NULO#";"98641093249";"THIAGOOLIVEIRA_PSOL@OUTLOOK.COM";12;"APTO";"PARTIDO ISOLADO";50;"PSOL";"PARTIDO SOCIALISMO E LIBERDADE";-1;"#NULO#";"#NULO#";"#NULO#";40000000054;"PARTIDO ISOLADO";"PSOL";"AM";"16/09/1987";"023615142216";2;"MASCULINO";6;"ENSINO MÉDIO COMPLETO";1;"SOLTEIRO(A)";"03";"PARDA";158;"TÉCNICO EM INFORMÁTICA";4;"NÃO ELEITO"
"23/06/2021";"18:50:53";2014;2;"ELEIÇÃO ORDINÁRIA";1;143;"Eleições Gerais 2014";"05/10/2014";"FEDERAL";"AM";"AM";"AMAZONAS";6;"DEPUTADO FEDERAL";40000000097;1207;"SEBASTIÃO SOUZA QUEIROZ";"TIÃO QUEIROZ";"#NULO#";"27389596287";"#NULO#";12;"APTO";"COLIGAÇÃO";12;"PDT";"PARTIDO DEMOCRÁTICO TRABALHISTA";-1;"#NULO#";"#NULO#";"#NULO#";40000000022;"RENOVAÇÃO E EXPERIÊNCIA";"PMDB / PP / PT / PDT / PTB / PPS / PRB / PSDC / PPL / PC do B";"AM";"07/05/1967";"004159172291";2;"MASCULINO";8;"SUPERIOR COMPLETO";1;"SOLTEIRO(A)";"01";"BRANCA";172;"PUBLICITÁRIO";5;"SUPLENTE"
"23/06/2021";"18:50:53";2014;2;"ELEIÇÃO ORDINÁRIA";1;143;"Eleições Gerais 2014";"05/10/2014";"FEDERAL";"AM";"AM";"AMAZONAS";7;"DEPUTADO ESTADUAL";40000000235;43456;"MIGUEL CARRATTE NETO";"DR MIGUEL CARRATE";"#NULO#";"07952538268";"#NULO#";12;"APTO";"COLIGAÇÃO";43;"PV";"PARTIDO VERDE";-1;"#NULO#";"#NULO#";"#NULO#";40000000044;"JUNTOS PELO POVO";"PV / PTC";"AM";"01/02/1955";"010207612291";2;"MASCULINO";8;"SUPERIOR COMPLETO";3;"CASADO(A)";"01";"BRANCA";111;"MÉDICO";5;"SUPLENTE"
"23/06/2021";"18:50:53";2014;2;"ELEIÇÃO ORDINÁRIA";1;143;"Eleições Gerais 2014";"05/10/2014";"FEDERAL";"AM";"AM";"AMAZONAS";7;"DEPUTADO ESTADUAL";40000000468;25666;"EUCLIDES XAVIER DOS SANTOS";"LEONARDO XAVIER";"#NULO#";"12946974200";"#NULO#";12;"APTO";"COLIGAÇÃO";25;"DEM";"DEMOCRATAS";-1;"#NULO#";"#NULO#";"#NULO#";40000000048;"FAZENDO MAIS POR NOSSA GENTE II";"DEM / PATRIOTA / PHS";"AM";"19/06/1955";"003466212232";2;"MASCULINO";6;"ENSINO MÉDIO COMPLETO";3;"CASADO(A)";"03";"PARDA";403;"CORRETOR DE IMÓVEIS, SEGUROS, TÍTULOS E VALORES";5;"SUPLENTE"
"23/06/2021";"18:50:53";2014;2;"ELEIÇÃO ORDINÁRIA";1;143;"Eleições Gerais 2014";"05/10/2014";"FEDERAL";"AM";"AM";"AMAZONAS";7;"DEPUTADO ESTADUAL";40000000759;27444;"CAMILA DE SOUZA FEITOSA";"CAMILA SOUZA";"#NULO#";"01098692225";"#NULO#";12;"APTO";"COLIGAÇÃO";27;"PSDC";"PARTIDO SOCIAL DEMOCRATA CRISTÃO";-1;"#NULO#";"#NULO#";"#NULO#";40000000056;"RENOVAÇÃO E EXPERIÊNCIA 2";"PSDC / PPL";"AM";"06/06/1990";"033715992283";4;"FEMININO";8;"SUPERIOR COMPLETO";1;"SOLTEIRO(A)";"01";"BRANCA";257;"EMPRESÁRIO";4;"NÃO ELEITO"
"23/06/2021";"18:50:53";2014;2;"ELEIÇÃO ORDINÁRIA";1;143;"Eleições Gerais 2014";"05/10/2014";"FEDERAL";"AM";"AM";"AMAZONAS";7;"DEPUTADO ESTADUAL";40000000628;40010;"JOÃO PAULO REPOLHO CRUZ";"PAPINHA";"#NULO#";"52025268220";"#NULO#";12;"APTO";"PARTIDO ISOLADO";40;"PSB";"PARTIDO SOCIALISTA BRASILEIRO";-1;"#NULO#";"#NULO#";"#NULO#";40000000052;"PARTIDO ISOLADO";"PSB";"PA";"10/04/1981";"019162642224";2;"MASCULINO";6;"ENSINO MÉDIO COMPLETO";3;"CASADO(A)";"03";"PARDA";297;"SERVIDOR PÚBLICO ESTADUAL";5;"SUPLENTE"
"23/06/2021";"18:50:53";2014;2;"ELEIÇÃO ORDINÁRIA";1;143;"Eleições Gerais 2014";"05/10/2014";"FEDERAL";"AM";"AM";"AMAZONAS";7;"DEPUTADO ESTADUAL";40000000211;23016;"IRMA RAHIM ASSIS";"IRMA RAHIM";"#NULO#";"00401465292";"#NULO#";12;"APTO";"COLIGAÇÃO";23;"PPS";"PARTIDO POPULAR SOCIALISTA";-1;"#NULO#";"#NULO#";"#NULO#";40000000043;"Renovação e Coragem";"PPS / PDT";"AM";"16/05/1990";"033626062259";4;"FEMININO";7;"SUPERIOR INCOMPLETO";1;"SOLTEIRO(A)";"03";"PARDA";931;"ESTUDANTE, BOLSISTA, ESTAGIÁRIO E ASSEMELHADOS";5;"SUPLENTE"
"23/06/2021";"18:50:53";2014;2;"ELEIÇÃO ORDINÁRIA";1;143;"Eleições Gerais 2014";"05/10/2014";"FEDERAL";"AM";"AM";"AMAZONAS";7;"DEPUTADO ESTADUAL";40000000670;77111;"FATIMA SANTIAGO DE MELLO OLIVEIRA";"FATIMA MELLO";"#NULO#";"68505957253";"SECRETARIA@SOLIDARIEDADEAM.ORG.BR";12;"APTO";"COLIGAÇÃO";77;"SD";"SOLIDARIEDADE";-1;"#NULO#";"#NULO#";"#NULO#";40000000053;"FAZENDO MAIS POR NOSSA GENTE III";"PR / PT do B / PSL / SD / PRP";"AM";"07/03/1981";"020152672216";4;"FEMININO";6;"ENSINO MÉDIO COMPLETO";3;"CASADO(A)";"01";"BRANCA";931;"ESTUDANTE, BOLSISTA, ESTAGIÁRIO E ASSEMELHADOS";5;"SUPLENTE"
"23/06/2021";"18:50:53";2014;2;"ELEIÇÃO ORDINÁRIA";1;143;"Eleições Gerais 2014";"05/10/2014";"FEDERAL";"AM";"AM";"AMAZONAS";7;"DEPUTADO ESTADUAL";40000000292;43111;"CARLOS ALBERTO BRITO DAVILA";"PAI AMADO";"#NULO#";"64349063234";"#NULO#";12;"APTO";"COLIGAÇÃO";43;"PV";"PARTIDO VERDE";-1;"#NULO#";"#NULO#";"#NULO#";40000000044;"JUNTOS PELO POVO";"PV / PTC";"AM";"02/11/1979";"018787302240";2;"MASCULINO";6;"ENSINO MÉDIO COMPLETO";3;"CASADO(A)";"01";"BRANCA";703;"ELETRICISTA E ASSEMELHADOS";5;"SUPLENTE"
"23/06/2021";"18:50:53";2014;2;"ELEIÇÃO ORDINÁRIA";1;143;"Eleições Gerais 2014";"05/10/2014";"FEDERAL";"AM";"AM";"AMAZONAS";7;"DEPUTADO ESTADUAL";40000000239;43788;"JOSE MARIO COSTA PEREIRA";"CABO MÁRIO COSTA";"#NULO#";"44122160200";"MCOSTA15031@HOTMAIL.COM";12;"APTO";"COLIGAÇÃO";43;"PV";"PARTIDO VERDE";-1;"#NULO#";"#NULO#";"#NULO#";40000000044;"JUNTOS PELO POVO";"PV / PTC";"PA";"05/02/1972";"012823832208";2;"MASCULINO";7;"SUPERIOR INCOMPLETO";1;"SOLTEIRO(A)";"03";"PARDA";233;"POLICIAL MILITAR";5;"SUPLENTE"
"23/06/2021";"18:50:53";2014;2;"ELEIÇÃO ORDINÁRIA";1;143;"Eleições Gerais 2014";"05/10/2014";"FEDERAL";"AM";"AM";"AMAZONAS";6;"DEPUTADO FEDERAL";40000000088;2727;"MARCELO SOARES DE OLIVEIRA";"MARCELO GENEROSO";"#NULO#";"52422879268";"MARCELOGENROSO2@HOTMAIL.COM";12;"APTO";"COLIGAÇÃO";27;"PSDC";"PARTIDO SOCIAL DEMOCRATA CRISTÃO";-1;"#NULO#";"#NULO#";"#NULO#";40000000022;"RENOVAÇÃO E EXPERIÊNCIA";"PMDB / PP / PT / PDT / PTB / PPS / PRB / PSDC / PPL / PC do B";"AM";"19/05/1979";"017908492232";2;"MASCULINO";6;"ENSINO MÉDIO COMPLETO";1;"SOLTEIRO(A)";"03";"PARDA";257;"EMPRESÁRIO";5;"SUPLENTE"
"23/06/2021";"18:50:53";2014;2;"ELEIÇÃO ORDINÁRIA";1;143;"Eleições Gerais 2014";"05/10/2014";"FEDERAL";"AM";"AM";"AMAZONAS";7;"DEPUTADO ESTADUAL";40000000144;15852;"ANTONIA ALMEIDA DE SOUZA";"TOINHA ALMEIDA";"#NULO#";"13547690234";"#NULO#";12;"APTO";"COLIGAÇÃO";15;"PMDB";"PARTIDO DO MOVIMENTO DEMOCRÁTICO BRASILEIRO";-1;"#NULO#";"#NULO#";"#NULO#";40000000023;"RENOVAÇÃO E EXPERIÊNCIA 1";"PMDB / PP / PT / PTB / PRB";"PA";"06/06/1954";"000376222216";4;"FEMININO";6;"ENSINO MÉDIO COMPLETO";1;"SOLTEIRO(A)";"03";"PARDA";402;"VENDEDOR PRACISTA, REPRESENTANTE, CAIXEIRO-VIAJANTE E ASSEMELHADOS";5;"SUPLENTE"
"23/06/2021";"18:50:53";2014;2;"ELEIÇÃO ORDINÁRIA";1;143;"Eleições Gerais 2014";"05/10/2014";"FEDERAL";"AM";"AM";"AMAZONAS";7;"DEPUTADO ESTADUAL";40000000945;21021;"AUGUSTO FELIPE DE CASTRO";"AUGUSTO CASTRO";"#NULO#";"09831452291";"NAVARRO_LUIZ@YAHOO.COM.BR";3;"INAPTO";"PARTIDO ISOLADO";21;"PCB";"PARTIDO COMUNISTA BRASILEIRO";-1;"#NULO#";"#NULO#";"#NULO#";40000000042;"PARTIDO ISOLADO";"PCB";"PA";"16/08/1951";"001230832224";2;"MASCULINO";2;"LÊ E ESCREVE";3;"CASADO(A)";"03";"PARDA";169;"COMERCIANTE";-1;"#NULO#"
"23/06/2021";"18:50:53";2014;2;"ELEIÇÃO ORDINÁRIA";1;143;"Eleições Gerais 2014";"05/10/2014";"FEDERAL";"AM";"AM";"AMAZONAS";7;"DEPUTADO ESTADUAL";40000000451;25123;"THEREZINHA RUIZ DE OLIVEIRA";"PROFESSORA THEREZINHA RUIZ";"#NULO#";"12416703234";"#NULO#";12;"APTO";"COLIGAÇÃO";25;"DEM";"DEMOCRATAS";-1;"#NULO#";"#NULO#";"#NULO#";40000000048;"FAZENDO MAIS POR NOSSA GENTE II";"DEM / PATRIOTA / PHS";"AM";"18/03/1953";"001136812208";4;"FEMININO";8;"SUPERIOR COMPLETO";5;"VIÚVO(A)";"01";"BRANCA";278;"VEREADOR";5;"SUPLENTE"
"23/06/2021";"18:50:53";2014;2;"ELEIÇÃO ORDINÁRIA";1;143;"Eleições Gerais 2014";"05/10/2014";"FEDERAL";"AM";"AM";"AMAZONAS";7;"DEPUTADO ESTADUAL";40000000221;23123;"LILIANE ARAUJO DE ALMEIDA";"LILIANE ARAUJO";"#NULO#";"71172092249";"#NULO#";12;"APTO";"COLIGAÇÃO";23;"PPS";"PARTIDO POPULAR SOCIALISTA";-1;"#NULO#";"#NULO#";"#NULO#";40000000043;"Renovação e Coragem";"PPS / PDT";"RN";"15/06/1982";"020710622232";4;"FEMININO";8;"SUPERIOR COMPLETO";3;"CASADO(A)";"03";"PARDA";171;"JORNALISTA E REDATOR";5;"SUPLENTE"
"23/06/2021";"18:50:53";2014;2;"ELEIÇÃO ORDINÁRIA";1;143;"Eleições Gerais 2014";"05/10/2014";"FEDERAL";"AM";"AM";"AMAZONAS";7;"DEPUTADO ESTADUAL";40000000430;25234;"JOSÉ ABREU DE MELO";"ZEZINHO MELO";"#NULO#";"34476342272";"#NULO#";12;"APTO";"COLIGAÇÃO";25;"DEM";"DEMOCRATAS";-1;"#NULO#";"#NULO#";"#NULO#";40000000048;"FAZENDO MAIS POR NOSSA GENTE II";"DEM / PATRIOTA / PHS";"AM";"14/04/1962";"018369932267";2;"MASCULINO";6;"ENSINO MÉDIO COMPLETO";3;"CASADO(A)";"01";"BRANCA";192;"DESENHISTA";5;"SUPLENTE"
"23/06/2021";"18:50:53";2014;2;"ELEIÇÃO ORDINÁRIA";1;143;"Eleições Gerais 2014";"05/10/2014";"FEDERAL";"AM";"AM";"AMAZONAS";7;"DEPUTADO ESTADUAL";40000000287;43444;"DOUGLAS BATISTA DE OLIVEIRA";"DOUGLAS BATISTA";"#NULO#";"04134109272";"#NULO#";12;"APTO";"COLIGAÇÃO";43;"PV";"PARTIDO VERDE";-1;"#NULO#";"#NULO#";"#NULO#";40000000044;"JUNTOS PELO POVO";"PV / PTC";"AM";"11/05/1956";"005469562224";2;"MASCULINO";6;"ENSINO MÉDIO COMPLETO";3;"CASADO(A)";"01";"BRANCA";179;"ECONOMISTA DOMÉSTICO";5;"SUPLENTE"
"23/06/2021";"18:50:53";2014;2;"ELEIÇÃO ORDINÁRIA";1;143;"Eleições Gerais 2014";"05/10/2014";"FEDERAL";"AM";"AM";"AMAZONAS";7;"DEPUTADO ESTADUAL";40000000483;25557;"CLAROMBERTO DE SENA BATISTA";"CLAROMBERTO BATISTA";"#NULO#";"15464733272";"#NULO#";12;"APTO";"COLIGAÇÃO";25;"DEM";"DEMOCRATAS";-1;"#NULO#";"#NULO#";"#NULO#";40000000048;"FAZENDO MAIS POR NOSSA GENTE II";"DEM / PATRIOTA / PHS";"AM";"20/02/1960";"002694252259";2;"MASCULINO";7;"SUPERIOR INCOMPLETO";3;"CASADO(A)";"01";"BRANCA";151;"TÉCNICO CONTABILIDADE, ESTATÍSTICA, ECONOMIA DOMÉSTICA E ADMINISTRAÇÃO";5;"SUPLENTE"
"23/06/2021";"18:50:53";2014;2;"ELEIÇÃO ORDINÁRIA";1;143;"Eleições Gerais 2014";"05/10/2014";"FEDERAL";"AM";"AM";"AMAZONAS";7;"DEPUTADO ESTADUAL";40000000111;11789;"NEDY SANTANA VALE";"NEDY VALE";"#NULO#";"45642478249";"PP_AM_11@HOTMAIL.COM";12;"APTO";"COLIGAÇÃO";11;"PP";"PARTIDO PROGRESSISTA";-1;"#NULO#";"#NULO#";"#NULO#";40000000023;"RENOVAÇÃO E EXPERIÊNCIA 1";"PMDB / PP / PT / PTB / PRB";"AM";"19/08/1965";"013551232208";2;"MASCULINO";3;"ENSINO FUNDAMENTAL INCOMPLETO";1;"SOLTEIRO(A)";"02";"PRETA";278;"VEREADOR";5;"SUPLENTE"
"23/06/2021";"18:50:53";2014;1;"ELEIÇÃO SUPLEMENTAR";1;268;"Eleição Suplementar Governador AM";"06/08/2017";"ESTADUAL";"AM";"AM";"AMAZONAS";4;"VICE-GOVERNADOR";40000012062;31;"MARIA JACQUELINE COELHO PINHEIRO";"PROF.. JACQUELINE";"#NULO#";"23111488349";"PHS_MANAUS@YAHOO.COM.BR";12;"APTO";"COLIGAÇÃO";31;"PHS";"PARTIDO HUMANISTA DA SOLIDARIEDADE";-1;"#NULO#";"#NULO#";"#NULO#";40000000783;"POR UM NOVO AMAZONAS";"PHS / PTC / PRTB / PATRIOTA / PMB";"CE";"27/05/1964";"020381122232";4;"FEMININO";8;"SUPERIOR COMPLETO";3;"CASADO(A)";"03";"PARDA";266;"PROFESSOR DE ENSINO MÉDIO";4;"NÃO ELEITO"
"23/06/2021";"18:50:53";2014;2;"ELEIÇÃO ORDINÁRIA";1;143;"Eleições Gerais 2014";"05/10/2014";"FEDERAL";"AM";"AM";"AMAZONAS";7;"DEPUTADO ESTADUAL";40000000274;36147;"CELSO LUIZ MORAES DA COSTA JUNIOR";"CELSO JR.";"#NULO#";"31819036200";"JRCELSOLUIZ@HOTMAIL.COM";12;"APTO";"COLIGAÇÃO";36;"PTC";"PARTIDO TRABALHISTA CRISTÃO";-1;"#NULO#";"#NULO#";"#NULO#";40000000044;"JUNTOS PELO POVO";"PV / PTC";"PA";"20/07/1969";"019419502232";2;"MASCULINO";8;"SUPERIOR COMPLETO";9;"DIVORCIADO(A)";"03";"PARDA";999;"OUTROS";5;"SUPLENTE"
"23/06/2021";"18:50:53";2014;2;"ELEIÇÃO ORDINÁRIA";1;143;"Eleições Gerais 2014";"05/10/2014";"FEDERAL";"AM";"AM";"AMAZONAS";6;"DEPUTADO FEDERAL";40000000338;2014;"KATIA CILENE DOS SANTOS SILVA";"KATIA SANTOS";"#NULO#";"29077850287";"KATIASANTHOS@OUTLOOK.COM";12;"APTO";"COLIGAÇÃO";20;"PSC";"PARTIDO SOCIAL CRISTÃO";-1;"#NULO#";"#NULO#";"#NULO#";40000000046;"FAZENDO MAIS POR NOSSA GENTE 1.";"PROS / DEM / PSDB / PR / PTN / PSC / PT do B / PTC / PRTB / PATRIOTA / PV / PHS / PSL / PSD / SD";"AM";"21/02/1970";"010715412208";4;"FEMININO";8;"SUPERIOR COMPLETO";1;"SOLTEIRO(A)";"03";"PARDA";303;"GERENTE";5;"SUPLENTE"
"23/06/2021";"18:50:53";2014;2;"ELEIÇÃO ORDINÁRIA";1;143;"Eleições Gerais 2014";"05/10/2014";"FEDERAL";"AM";"AM";"AMAZONAS";7;"DEPUTADO ESTADUAL";40000000807;54999;"SARA DA CUNHA RUZZARIN";"SARA RUZZARIN";"#NULO#";"56977131268";"DR.CAMPEL007@HOTMAIL.COM";12;"APTO";"COLIGAÇÃO";54;"PPL";"PARTIDO PÁTRIA LIVRE";-1;"#NULO#";"#NULO#";"#NULO#";40000000056;"RENOVAÇÃO E EXPERIÊNCIA 2";"PSDC / PPL";"AM";"20/06/1976";"016231662208";4;"FEMININO";8;"SUPERIOR COMPLETO";1;"SOLTEIRO(A)";"03";"PARDA";257;"EMPRESÁRIO";4;"NÃO ELEITO"
"23/06/2021";"18:50:53";2014;2;"ELEIÇÃO ORDINÁRIA";1;143;"Eleições Gerais 2014";"05/10/2014";"FEDERAL";"AM";"AM";"AMAZONAS";7;"DEPUTADO ESTADUAL";40000000286;36234;"MARIO DA MOTA ALMEIDA";"MARIO MOTA";"#NULO#";"16110897272";"#NULO#";3;"INAPTO";"COLIGAÇÃO";36;"PTC";"PARTIDO TRABALHISTA CRISTÃO";-1;"#NULO#";"#NULO#";"#NULO#";40000000044;"JUNTOS PELO POVO";"PV / PTC";"AM";"24/11/1963";"001281862208";2;"MASCULINO";6;"ENSINO MÉDIO COMPLETO";3;"CASADO(A)";"03";"PARDA";169;"COMERCIANTE";-1;"#NULO#"
"23/06/2021";"18:50:53";2014;2;"ELEIÇÃO ORDINÁRIA";1;143;"Eleições Gerais 2014";"05/10/2014";"FEDERAL";"AM";"AM";"AMAZONAS";7;"DEPUTADO ESTADUAL";40000000657;70111;"JOSE JORGE SIMOES BARBOSA";"JOSE JORGE";"#NULO#";"10001069268";"#NULO#";12;"APTO";"COLIGAÇÃO";70;"PT do B";"PARTIDO TRABALHISTA DO BRASIL";-1;"#NULO#";"#NULO#";"#NULO#";40000000053;"FAZENDO MAIS POR NOSSA GENTE III";"PR / PT do B / PSL / SD / PRP";"AM";"16/01/1960";"011142762267";2;"MASCULINO";6;"ENSINO MÉDIO COMPLETO";1;"SOLTEIRO(A)";"03";"PARDA";169;"COMERCIANTE";5;"SUPLENTE"
"23/06/2021";"18:50:53";2014;2;"ELEIÇÃO ORDINÁRIA";1;143;"Eleições Gerais 2014";"05/10/2014";"FEDERAL";"AM";"AM";"AMAZONAS";7;"DEPUTADO ESTADUAL";40000000704;44115;"CARLOS ALBERTO DA SILVA NICACIO";"NICÁCIO";"#NULO#";"18059961268";"CARLOS_NICACIO@HOTMAIL.COM";12;"APTO";"COLIGAÇÃO";44;"PRP";"PARTIDO REPUBLICANO PROGRESSISTA";-1;"#NULO#";"#NULO#";"#NULO#";40000000053;"FAZENDO MAIS POR NOSSA GENTE III";"PR / PT do B / PSL / SD / PRP";"AM";"19/09/1964";"013013432224";2;"MASCULINO";8;"SUPERIOR COMPLETO";1;"SOLTEIRO(A)";"01";"BRANCA";124;"CONTADOR";5;"SUPLENTE"
"23/06/2021";"18:50:53";2014;2;"ELEIÇÃO ORDINÁRIA";1;143;"Eleições Gerais 2014";"05/10/2014";"FEDERAL";"AM";"AM";"AMAZONAS";7;"DEPUTADO ESTADUAL";40000000728;50091;"ANA LÚCIA SOARES DE OLIVEIRA";"ANA SOARES";"#NULO#";"65207726234";"#NULO#";12;"APTO";"PARTIDO ISOLADO";50;"PSOL";"PARTIDO SOCIALISMO E LIBERDADE";-1;"#NULO#";"#NULO#";"#NULO#";40000000054;"PARTIDO ISOLADO";"PSOL";"AM";"06/08/1979";"019637342291";4;"FEMININO";7;"SUPERIOR INCOMPLETO";1;"SOLTEIRO(A)";"03";"PARDA";244;"TÉCNICO EM EDIFICAÇÕES";4;"NÃO ELEITO"
"23/06/2021";"18:50:53";2014;2;"ELEIÇÃO ORDINÁRIA";1;143;"Eleições Gerais 2014";"05/10/2014";"FEDERAL";"AM";"AM";"AMAZONAS";7;"DEPUTADO ESTADUAL";40000000582;65789;"FRANCISCO SALES PENA";"DR. PENA";"#NULO#";"11181559200";"PENASALESFRANCISCO@GMAIL.COM";12;"APTO";"PARTIDO ISOLADO";65;"PC do B";"PARTIDO COMUNISTA DO BRASIL";-1;"#NULO#";"#NULO#";"#NULO#";40000000051;"PARTIDO ISOLADO";"PC do B";"AM";"27/02/1962";"003280212470";2;"MASCULINO";8;"SUPERIOR COMPLETO";1;"SOLTEIRO(A)";"03";"PARDA";298;"SERVIDOR PÚBLICO MUNICIPAL";5;"SUPLENTE"
"23/06/2021";"18:50:53";2014;2;"ELEIÇÃO ORDINÁRIA";1;143;"Eleições Gerais 2014";"05/10/2014";"FEDERAL";"AM";"AM";"AMAZONAS";7;"DEPUTADO ESTADUAL";40000000533;45127;"ELIZA DE SOUZA BATISTA";"DONA ELIZA";"#NULO#";"03422305220";"#NULO#";3;"INAPTO";"COLIGAÇÃO";45;"PSDB";"PARTIDO DA SOCIAL DEMOCRACIA BRASILEIRA";-1;"#NULO#";"#NULO#";"#NULO#";40000000050;"FAZENDO MAIS POR NOSSA GENTE 1";"PROS / PSD / PSDB / PSC";"AM";"17/06/1950";"004252802224";4;"FEMININO";7;"SUPERIOR INCOMPLETO";3;"CASADO(A)";"03";"PARDA";923;"APOSENTADO (EXCETO SERVIDOR PÚBLICO)";4;"NÃO ELEITO"
"23/06/2021";"18:50:53";2014;2;"ELEIÇÃO ORDINÁRIA";1;143;"Eleições Gerais 2014";"05/10/2014";"FEDERAL";"AM";"AM";"AMAZONAS";7;"DEPUTADO ESTADUAL";40000000245;43476;"CÂNDIDO HONÓRIO FERREIRA FILHO";"CÂNDIDO HONÓRIO";"#NULO#";"04311396287";"CHFILHO@HOTMAIL.COM";12;"APTO";"COLIGAÇÃO";43;"PV";"PARTIDO VERDE";-1;"#NULO#";"#NULO#";"#NULO#";40000000044;"JUNTOS PELO POVO";"PV / PTC";"AM";"03/03/1953";"010329432291";2;"MASCULINO";8;"SUPERIOR COMPLETO";9;"DIVORCIADO(A)";"03";"PARDA";922;"SERVIDOR PÚBLICO CIVIL APOSENTADO";5;"SUPLENTE"
"23/06/2021";"18:50:53";2014;2;"ELEIÇÃO ORDINÁRIA";1;143;"Eleições Gerais 2014";"05/10/2014";"FEDERAL";"AM";"AM";"AMAZONAS";7;"DEPUTADO ESTADUAL";40000000282;36123;"MOUHAMAD MOURAD";"MOURAD";"#NULO#";"55948669220";"#NULO#";12;"APTO";"COLIGAÇÃO";36;"PTC";"PARTIDO TRABALHISTA CRISTÃO";-1;"#NULO#";"#NULO#";"#NULO#";40000000044;"JUNTOS PELO POVO";"PV / PTC";"AM";"15/06/1975";"016948802275";2;"MASCULINO";4;"ENSINO FUNDAMENTAL COMPLETO";3;"CASADO(A)";"03";"PARDA";257;"EMPRESÁRIO";5;"SUPLENTE"
"23/06/2021";"18:50:53";2014;2;"ELEIÇÃO ORDINÁRIA";1;143;"Eleições Gerais 2014";"05/10/2014";"FEDERAL";"AM";"AM";"AMAZONAS";7;"DEPUTADO ESTADUAL";40000000199;12124;"LUIS DE PAULA E SOUZA NETO";"NETINHO DE PAULA";"#NULO#";"78936217291";"NETINHO12124@GMAIL.COM";12;"APTO";"COLIGAÇÃO";12;"PDT";"PARTIDO DEMOCRÁTICO TRABALHISTA";-1;"#NULO#";"#NULO#";"#NULO#";40000000043;"Renovação e Coragem";"PPS / PDT";"AM";"08/08/1984";"022705312275";2;"MASCULINO";5;"ENSINO MÉDIO INCOMPLETO";1;"SOLTEIRO(A)";"01";"BRANCA";395;"BANCÁRIO E ECONOMIÁRIO";5;"SUPLENTE"
"23/06/2021";"18:50:53";2014;2;"ELEIÇÃO ORDINÁRIA";1;143;"Eleições Gerais 2014";"05/10/2014";"FEDERAL";"AM";"AM";"AMAZONAS";7;"DEPUTADO ESTADUAL";40000000660;22444;"JOSE FILOMENO NETO";"BEBÉ";"#NULO#";"09204741287";"BEBEFILOMENO@HOTMAIL.COM";12;"APTO";"COLIGAÇÃO";22;"PR";"PARTIDO DA REPÚBLICA";-1;"#NULO#";"#NULO#";"#NULO#";40000000053;"FAZENDO MAIS POR NOSSA GENTE III";"PR / PT do B / PSL / SD / PRP";"CE";"29/11/1956";"001697121392";2;"MASCULINO";3;"ENSINO FUNDAMENTAL INCOMPLETO";3;"CASADO(A)";"03";"PARDA";169;"COMERCIANTE";5;"SUPLENTE"
"23/06/2021";"18:50:53";2014;2;"ELEIÇÃO ORDINÁRIA";1;143;"Eleições Gerais 2014";"05/10/2014";"FEDERAL";"AM";"AM";"AMAZONAS";7;"DEPUTADO ESTADUAL";40000000567;65666;"ANTONIVALDO DE SOUSA";"ANTONIVALDO";"#NULO#";"66634130230";"#NULO#";12;"APTO";"PARTIDO ISOLADO";65;"PC do B";"PARTIDO COMUNISTA DO BRASIL";-1;"#NULO#";"#NULO#";"#NULO#";40000000051;"PARTIDO ISOLADO";"PC do B";"CE";"16/08/1976";"020682862275";2;"MASCULINO";3;"ENSINO FUNDAMENTAL INCOMPLETO";1;"SOLTEIRO(A)";"03";"PARDA";601;"AGRICULTOR";5;"SUPLENTE"
"23/06/2021";"18:50:53";2014;2;"ELEIÇÃO ORDINÁRIA";1;143;"Eleições Gerais 2014";"05/10/2014";"FEDERAL";"AM";"AM";"AMAZONAS";7;"DEPUTADO ESTADUAL";40000000942;12014;"RAMIRO GONÇALVES DE ARAUJO";"RAMIRO";"#NULO#";"03544516268";"RAPHAELA.SGONCALVES@GMAIL.COM";12;"APTO";"COLIGAÇÃO";12;"PDT";"PARTIDO DEMOCRÁTICO TRABALHISTA";-1;"#NULO#";"#NULO#";"#NULO#";40000000043;"Renovação e Coragem";"PPS / PDT";"PA";"21/09/1955";"002813542283";2;"MASCULINO";6;"ENSINO MÉDIO COMPLETO";9;"DIVORCIADO(A)";"03";"PARDA";257;"EMPRESÁRIO";5;"SUPLENTE"
"23/06/2021";"18:50:53";2014;2;"ELEIÇÃO ORDINÁRIA";1;143;"Eleições Gerais 2014";"05/10/2014";"FEDERAL";"AM";"AM";"AMAZONAS";7;"DEPUTADO ESTADUAL";40000000070;19013;"CLAUDIOMAR PROENÇA DE SOUZA";"CLAUDIO PROENÇA";"#NULO#";"41734033215";"CLAUDIOPROENCA@GMAIL.COM";12;"APTO";"COLIGAÇÃO";19;"PTN";"PARTIDO TRABALHISTA NACIONAL";-1;"#NULO#";"#NULO#";"#NULO#";40000000021;"FAZENDO MAIS PELA NOSSA GENTE 5";"PTN / PRTB";"AM";"05/09/1971";"012808082232";2;"MASCULINO";6;"ENSINO MÉDIO COMPLETO";3;"CASADO(A)";"03";"PARDA";531;"MOTORISTA DE VEÍCULOS DE TRANSPORTE COLETIVO DE PASSAGEIROS";5;"SUPLENTE"
"23/06/2021";"18:50:53";2014;2;"ELEIÇÃO ORDINÁRIA";1;143;"Eleições Gerais 2014";"05/10/2014";"FEDERAL";"AM";"AM";"AMAZONAS";7;"DEPUTADO ESTADUAL";40000000115;11713;"ALCIMAR RODRIGUES DOS SANTOS";"IRMAO ALCIMAR";"#NULO#";"30868211249";"PP_AM_11@HOTMAIL.COM";12;"APTO";"COLIGAÇÃO";11;"PP";"PARTIDO PROGRESSISTA";-1;"#NULO#";"#NULO#";"#NULO#";40000000023;"RENOVAÇÃO E EXPERIÊNCIA 1";"PMDB / PP / PT / PTB / PRB";"AM";"06/01/1969";"011121252240";2;"MASCULINO";5;"ENSINO MÉDIO INCOMPLETO";3;"CASADO(A)";"02";"PRETA";999;"OUTROS";5;"SUPLENTE"
"23/06/2021";"18:50:53";2014;2;"ELEIÇÃO ORDINÁRIA";1;143;"Eleições Gerais 2014";"05/10/2014";"FEDERAL";"AM";"AM";"AMAZONAS";7;"DEPUTADO ESTADUAL";40000000494;20222;"JULIO CEZAR GUERREIRO DE MENEZES";"CEZAR GUERREIRO";"#NULO#";"38412853253";"#NULO#";3;"INAPTO";"COLIGAÇÃO";20;"PSC";"PARTIDO SOCIAL CRISTÃO";-1;"#NULO#";"#NULO#";"#NULO#";40000000050;"FAZENDO MAIS POR NOSSA GENTE 1";"PROS / PSD / PSDB / PSC";"AM";"16/09/1969";"011011992283";2;"MASCULINO";6;"ENSINO MÉDIO COMPLETO";3;"CASADO(A)";"03";"PARDA";233;"POLICIAL MILITAR";-1;"#NULO#"
"23/06/2021";"18:50:53";2014;2;"ELEIÇÃO ORDINÁRIA";1;143;"Eleições Gerais 2014";"05/10/2014";"FEDERAL";"AM";"AM";"AMAZONAS";7;"DEPUTADO ESTADUAL";40000001045;43249;"LAURA ALMEIDA FERREIRA";"LAURA FERREIRA";"#NULO#";"85425362234";"#NULO#";3;"INAPTO";"COLIGAÇÃO";43;"PV";"PARTIDO VERDE";-1;"#NULO#";"#NULO#";"#NULO#";40000000044;"JUNTOS PELO POVO";"PV / PTC";"AM";"02/01/1985";"030681752283";4;"FEMININO";6;"ENSINO MÉDIO COMPLETO";1;"SOLTEIRO(A)";"03";"PARDA";265;"PROFESSOR DE ENSINO FUNDAMENTAL";-1;"#NULO#"
"23/06/2021";"18:50:53";2014;2;"ELEIÇÃO ORDINÁRIA";1;143;"Eleições Gerais 2014";"05/10/2014";"FEDERAL";"AM";"AM";"AMAZONAS";7;"DEPUTADO ESTADUAL";40000000155;14145;"JACKSON GUIMARÃES CORDEIRO";"JACKSON GUIMARÃES SAÚDE E FÉ";"#NULO#";"71263977200";"#NULO#";12;"APTO";"COLIGAÇÃO";14;"PTB";"PARTIDO TRABALHISTA BRASILEIRO";-1;"#NULO#";"#NULO#";"#NULO#";40000000023;"RENOVAÇÃO E EXPERIÊNCIA 1";"PMDB / PP / PT / PTB / PRB";"AM";"22/07/1979";"018269242291";2;"MASCULINO";7;"SUPERIOR INCOMPLETO";1;"SOLTEIRO(A)";"03";"PARDA";999;"OUTROS";5;"SUPLENTE"
"23/06/2021";"18:50:53";2014;2;"ELEIÇÃO ORDINÁRIA";1;143;"Eleições Gerais 2014";"05/10/2014";"FEDERAL";"AM";"AM";"AMAZONAS";7;"DEPUTADO ESTADUAL";40000000547;45432;"MARINETE MARTINS OLIVEIRA";"NETH OLIVEIRA";"#NULO#";"78076382220";"#NULO#";3;"INAPTO";"COLIGAÇÃO";45;"PSDB";"PARTIDO DA SOCIAL DEMOCRACIA BRASILEIRA";-1;"#NULO#";"#NULO#";"#NULO#";40000000050;"FAZENDO MAIS POR NOSSA GENTE 1";"PROS / PSD / PSDB / PSC";"AM";"06/02/1983";"020439152267";4;"FEMININO";6;"ENSINO MÉDIO COMPLETO";3;"CASADO(A)";"03";"PARDA";158;"TÉCNICO EM INFORMÁTICA";-1;"#NULO#"
"23/06/2021";"18:50:53";2014;2;"ELEIÇÃO ORDINÁRIA";1;143;"Eleições Gerais 2014";"05/10/2014";"FEDERAL";"AM";"AM";"AMAZONAS";7;"DEPUTADO ESTADUAL";40000000109;11211;"LEANDRO JOSÉ PERES DE ARAÚJO";"LEANDRO PAPA SOPA";"#NULO#";"30925118249";"PP_AM_11@HOTMAIL.COM";12;"APTO";"COLIGAÇÃO";11;"PP";"PARTIDO PROGRESSISTA";-1;"#NULO#";"#NULO#";"#NULO#";40000000023;"RENOVAÇÃO E EXPERIÊNCIA 1";"PMDB / PP / PT / PTB / PRB";"AM";"23/02/1968";"000777362267";2;"MASCULINO";6;"ENSINO MÉDIO COMPLETO";9;"DIVORCIADO(A)";"02";"PRETA";169;"COMERCIANTE";5;"SUPLENTE"
"23/06/2021";"18:50:53";2014;2;"ELEIÇÃO ORDINÁRIA";1;143;"Eleições Gerais 2014";"05/10/2014";"FEDERAL";"AM";"AM";"AMAZONAS";7;"DEPUTADO ESTADUAL";40000000680;17555;"JOSE SADIO JACMINUTH DE ALCANTARA";"PR. JOSE SADIO";"#NULO#";"13003836234";"JOSE-JACMINUTH@OULOOK.COM";12;"APTO";"COLIGAÇÃO";17;"PSL";"PARTIDO SOCIAL LIBERAL";-1;"#NULO#";"#NULO#";"#NULO#";40000000053;"FAZENDO MAIS POR NOSSA GENTE III";"PR / PT do B / PSL / SD / PRP";"AM";"29/09/1954";"002302952208";2;"MASCULINO";7;"SUPERIOR INCOMPLETO";1;"SOLTEIRO(A)";"03";"PARDA";910;"SACERDOTE OU MEMBRO DE ORDEM OU SEITA RELIGIOSA";5;"SUPLENTE"
"23/06/2021";"18:50:53";2014;2;"ELEIÇÃO ORDINÁRIA";1;143;"Eleições Gerais 2014";"05/10/2014";"FEDERAL";"AM";"AM";"AMAZONAS";7;"DEPUTADO ESTADUAL";40000000429;25456;"ANTÔNIO AMARANTO MOURA DA SILVA";"TOINHO AMARANTO";"#NULO#";"47416246253";"#NULO#";3;"INAPTO";"COLIGAÇÃO";25;"DEM";"DEMOCRATAS";-1;"#NULO#";"#NULO#";"#NULO#";40000000048;"FAZENDO MAIS POR NOSSA GENTE II";"DEM / PATRIOTA / PHS";"PA";"11/06/1973";"010762942291";2;"MASCULINO";6;"ENSINO MÉDIO COMPLETO";9;"DIVORCIADO(A)";"01";"BRANCA";257;"EMPRESÁRIO";-1;"#NULO#"
"23/06/2021";"18:50:53";2014;2;"ELEIÇÃO ORDINÁRIA";1;143;"Eleições Gerais 2014";"05/10/2014";"FEDERAL";"AM";"AM";"AMAZONAS";6;"DEPUTADO FEDERAL";40000000361;7777;"ANA CRISTINA DE CARLI";"ANA DE   CARLI";"#NULO#";"64081583234";"SECRETARIA@SOLIDARIEDADEAM.ORG.BR";12;"APTO";"COLIGAÇÃO";77;"SD";"SOLIDARIEDADE";-1;"#NULO#";"#NULO#";"#NULO#";40000000046;"FAZENDO MAIS POR NOSSA GENTE 1.";"PROS / DEM / PSDB / PR / PTN / PSC / PT do B / PTC / PRTB / PATRIOTA / PV / PHS / PSL / PSD / SD";"SP";"29/06/1978";"019089512216";4;"FEMININO";8;"SUPERIOR COMPLETO";3;"CASADO(A)";"01";"BRANCA";278;"VEREADOR";5;"SUPLENTE"
"23/06/2021";"18:50:53";2014;2;"ELEIÇÃO ORDINÁRIA";1;143;"Eleições Gerais 2014";"05/10/2014";"FEDERAL";"AM";"AM";"AMAZONAS";7;"DEPUTADO ESTADUAL";40000000618;40237;"VICTOR SASHA FARACHE MOREIRA";"VICTOR SASHA FARACHE";"#NULO#";"53179188200";"#NULO#";12;"APTO";"PARTIDO ISOLADO";40;"PSB";"PARTIDO SOCIALISTA BRASILEIRO";-1;"#NULO#";"#NULO#";"#NULO#";40000000052;"PARTIDO ISOLADO";"PSB";"AM";"22/02/1992";"034538992224";2;"MASCULINO";7;"SUPERIOR INCOMPLETO";1;"SOLTEIRO(A)";"01";"BRANCA";395;"BANCÁRIO E ECONOMIÁRIO";5;"SUPLENTE"
"23/06/2021";"18:50:53";2014;2;"ELEIÇÃO ORDINÁRIA";1;143;"Eleições Gerais 2014";"05/10/2014";"FEDERAL";"AM";"AM";"AMAZONAS";7;"DEPUTADO ESTADUAL";40000000284;36999;"SEBASTIÃO SILVA DE ABREU";"SEBASTIÃO ABREU";"#NULO#";"07738226234";"#NULO#";12;"APTO";"COLIGAÇÃO";36;"PTC";"PARTIDO TRABALHISTA CRISTÃO";-1;"#NULO#";"#NULO#";"#NULO#";40000000044;"JUNTOS PELO POVO";"PV / PTC";"AM";"18/01/1957";"000929442216";2;"MASCULINO";6;"ENSINO MÉDIO COMPLETO";9;"DIVORCIADO(A)";"03";"PARDA";298;"SERVIDOR PÚBLICO MUNICIPAL";5;"SUPLENTE"
"23/06/2021";"18:50:53";2014;2;"ELEIÇÃO ORDINÁRIA";1;143;"Eleições Gerais 2014";"05/10/2014";"FEDERAL";"AM";"AM";"AMAZONAS";7;"DEPUTADO ESTADUAL";40000000480;25159;"ELIZANETE NASCIMENTO DA CUNHA";"ELIZANETE CUNHA";"#NULO#";"29153832272";"#NULO#";12;"APTO";"COLIGAÇÃO";25;"DEM";"DEMOCRATAS";-1;"#NULO#";"#NULO#";"#NULO#";40000000048;"FAZENDO MAIS POR NOSSA GENTE II";"DEM / PATRIOTA / PHS";"AM";"16/04/1970";"010144152232";4;"FEMININO";8;"SUPERIOR COMPLETO";1;"SOLTEIRO(A)";"03";"PARDA";124;"CONTADOR";5;"SUPLENTE"
"23/06/2021";"18:50:53";2014;2;"ELEIÇÃO ORDINÁRIA";1;143;"Eleições Gerais 2014";"05/10/2014";"FEDERAL";"AM";"AM";"AMAZONAS";7;"DEPUTADO ESTADUAL";40000000472;25678;"GRACE ANNY FONSECA BENAYON ZAMPERLINI";"GRACE BENAYON";"#NULO#";"33278512200";"#NULO#";12;"APTO";"COLIGAÇÃO";25;"DEM";"DEMOCRATAS";-1;"#NULO#";"#NULO#";"#NULO#";40000000048;"FAZENDO MAIS POR NOSSA GENTE II";"DEM / PATRIOTA / PHS";"AM";"28/05/1970";"010170292240";4;"FEMININO";8;"SUPERIOR COMPLETO";3;"CASADO(A)";"03";"PARDA";131;"ADVOGADO";5;"SUPLENTE"
"23/06/2021";"18:50:53";2014;2;"ELEIÇÃO ORDINÁRIA";1;143;"Eleições Gerais 2014";"05/10/2014";"FEDERAL";"AM";"AM";"AMAZONAS";7;"DEPUTADO ESTADUAL";40000000901;31031;"PLINIO SOUZA DA CRUZ";"PLINIO CRUZ";"#NULO#";"59850663200";"#NULO#";12;"APTO";"COLIGAÇÃO";31;"PHS";"PARTIDO HUMANISTA DA SOLIDARIEDADE";-1;"#NULO#";"#NULO#";"#NULO#";40000000048;"FAZENDO MAIS POR NOSSA GENTE II";"DEM / PATRIOTA / PHS";"AM";"14/10/1974";"017885552283";2;"MASCULINO";8;"SUPERIOR COMPLETO";3;"CASADO(A)";"03";"PARDA";296;"SERVIDOR PÚBLICO FEDERAL";5;"SUPLENTE"
"23/06/2021";"18:50:53";2014;1;"ELEIÇÃO SUPLEMENTAR";2;269;"Eleição Suplementar Governador AM";"27/08/2017";"ESTADUAL";"AM";"AM";"AMAZONAS";4;"VICE-GOVERNADOR";40000012064;15;"MARCELO RAMOS RODRIGUES";"MARCELO RAMOS";"#NULO#";"43634745215";"PR22-AM@HOTMAIL.COM";12;"APTO";"COLIGAÇÃO";22;"PR";"PARTIDO DA REPÚBLICA";-1;"#NULO#";"#NULO#";"#NULO#";40000000784;"UNIÃO PELO AMAZONAS";"PMDB / PTB / PSDC / PC do B / SD / PR";"AM";"29/08/1973";"013094742224";2;"MASCULINO";8;"SUPERIOR COMPLETO";3;"CASADO(A)";"01";"BRANCA";131;"ADVOGADO";4;"NÃO ELEITO"
"23/06/2021";"18:50:53";2014;2;"ELEIÇÃO ORDINÁRIA";1;143;"Eleições Gerais 2014";"05/10/2014";"FEDERAL";"AM";"AM";"AMAZONAS";7;"DEPUTADO ESTADUAL";40000000762;27077;"CICERO JOSÉ DE LIMA ALENCAR";"CICERO LIMA";"#NULO#";"66992362453";"CLLIMAALENCAR@GMAIL.COM";12;"APTO";"COLIGAÇÃO";27;"PSDC";"PARTIDO SOCIAL DEMOCRATA CRISTÃO";-1;"#NULO#";"#NULO#";"#NULO#";40000000056;"RENOVAÇÃO E EXPERIÊNCIA 2";"PSDC / PPL";"PE";"15/12/1964";"047025250850";2;"MASCULINO";8;"SUPERIOR COMPLETO";3;"CASADO(A)";"01";"BRANCA";257;"EMPRESÁRIO";4;"NÃO ELEITO"
"23/06/2021";"18:50:53";2014;2;"ELEIÇÃO ORDINÁRIA";1;143;"Eleições Gerais 2014";"05/10/2014";"FEDERAL";"AM";"AM";"AMAZONAS";7;"DEPUTADO ESTADUAL";40000000034;28888;"JAIMAR SALES SARAIVA";"SARAIVA";"#NULO#";"22059105234";"PRTB.AM28@OUTLOOK.COM";12;"APTO";"COLIGAÇÃO";28;"PRTB";"PARTIDO RENOVADOR TRABALHISTA BRASILEIRO";-1;"#NULO#";"#NULO#";"#NULO#";40000000021;"FAZENDO MAIS PELA NOSSA GENTE 5";"PTN / PRTB";"PA";"29/01/1965";"015841462240";2;"MASCULINO";7;"SUPERIOR INCOMPLETO";3;"CASADO(A)";"03";"PARDA";166;"LOCUTOR E COMENTARISTA DE RÁDIO E TELEVISÃO E RADIALISTA";5;"SUPLENTE"
"23/06/2021";"18:50:53";2014;2;"ELEIÇÃO ORDINÁRIA";1;143;"Eleições Gerais 2014";"05/10/2014";"FEDERAL";"AM";"AM";"AMAZONAS";7;"DEPUTADO ESTADUAL";40000000944;12001;"LIDIANY PEREIRA DE OLIVEIRA";"LIDIANY";"#NULO#";"62666436268";"#NULO#";12;"APTO";"COLIGAÇÃO";12;"PDT";"PARTIDO DEMOCRÁTICO TRABALHISTA";-1;"#NULO#";"#NULO#";"#NULO#";40000000043;"Renovação e Coragem";"PPS / PDT";"AM";"08/06/1979";"018210412240";4;"FEMININO";6;"ENSINO MÉDIO COMPLETO";1;"SOLTEIRO(A)";"03";"PARDA";257;"EMPRESÁRIO";5;"SUPLENTE"
"23/06/2021";"18:50:53";2014;2;"ELEIÇÃO ORDINÁRIA";1;143;"Eleições Gerais 2014";"05/10/2014";"FEDERAL";"AM";"AM";"AMAZONAS";7;"DEPUTADO ESTADUAL";40000000875;33300;"ELIANO SILVA PASSOS";"ELIANO PASSOS";"#NULO#";"32120885249";"ELIANOPASSOS@CLORUS.COM.BR";12;"APTO";"PARTIDO ISOLADO";33;"PMN";"PARTIDO DA MOBILIZAÇÃO NACIONAL";-1;"#NULO#";"#NULO#";"#NULO#";40000000059;"PARTIDO ISOLADO";"PMN";"AM";"05/08/1969";"011070932259";2;"MASCULINO";8;"SUPERIOR COMPLETO";3;"CASADO(A)";"01";"BRANCA";104;"QUÍMICO";4;"NÃO ELEITO"
"23/06/2021";"18:50:53";2014;2;"ELEIÇÃO ORDINÁRIA";1;143;"Eleições Gerais 2014";"05/10/2014";"FEDERAL";"AM";"AM";"AMAZONAS";6;"DEPUTADO FEDERAL";40000000351;3636;"WALFRAN DE SOUZA TORRES";"WALFRAN TORRES";"#NULO#";"58202129249";"#NULO#";12;"APTO";"COLIGAÇÃO";36;"PTC";"PARTIDO TRABALHISTA CRISTÃO";-1;"#NULO#";"#NULO#";"#NULO#";40000000046;"FAZENDO MAIS POR NOSSA GENTE 1.";"PROS / DEM / PSDB / PR / PTN / PSC / PT do B / PTC / PRTB / PATRIOTA / PV / PHS / PSL / PSD / SD";"AM";"15/04/1973";"016474792216";2;"MASCULINO";6;"ENSINO MÉDIO COMPLETO";3;"CASADO(A)";"03";"PARDA";999;"OUTROS";5;"SUPLENTE"
"23/06/2021";"18:50:53";2014;2;"ELEIÇÃO ORDINÁRIA";1;143;"Eleições Gerais 2014";"05/10/2014";"FEDERAL";"AM";"AM";"AMAZONAS";7;"DEPUTADO ESTADUAL";40000000142;15623;"MIRYAM MOURA DA CUNHA";"CAFÉ";"#NULO#";"05302277204";"#NULO#";12;"APTO";"COLIGAÇÃO";15;"PMDB";"PARTIDO DO MOVIMENTO DEMOCRÁTICO BRASILEIRO";-1;"#NULO#";"#NULO#";"#NULO#";40000000023;"RENOVAÇÃO E EXPERIÊNCIA 1";"PMDB / PP / PT / PTB / PRB";"AM";"07/04/1939";"010666412291";4;"FEMININO";8;"SUPERIOR COMPLETO";5;"VIÚVO(A)";"02";"PRETA";113;"ENFERMEIRO";5;"SUPLENTE"
"23/06/2021";"18:50:53";2014;2;"ELEIÇÃO ORDINÁRIA";1;143;"Eleições Gerais 2014";"05/10/2014";"FEDERAL";"AM";"AM";"AMAZONAS";7;"DEPUTADO ESTADUAL";40000000788;27009;"MARCELO CARVALHO DA FONSECA";"MARCELO ELETRECISTA";"#NULO#";"66094313291";"#NULO#";3;"INAPTO";"COLIGAÇÃO";27;"PSDC";"PARTIDO SOCIAL DEMOCRATA CRISTÃO";-1;"#NULO#";"#NULO#";"#NULO#";40000000056;"RENOVAÇÃO E EXPERIÊNCIA 2";"PSDC / PPL";"AM";"26/05/1976";"017202692283";2;"MASCULINO";6;"ENSINO MÉDIO COMPLETO";1;"SOLTEIRO(A)";"01";"BRANCA";703;"ELETRICISTA E ASSEMELHADOS";4;"NÃO ELEITO"
"23/06/2021";"18:50:53";2014;2;"ELEIÇÃO ORDINÁRIA";1;143;"Eleições Gerais 2014";"05/10/2014";"FEDERAL";"AM";"AM";"AMAZONAS";7;"DEPUTADO ESTADUAL";40000000694;44444;"JOSE ALTAMIR BARROSO CORDEIRO";"ALTAMIR CORDEIRO";"#NULO#";"19366337287";"ALTAMIRCORDEIRO@GMAIL.COM";12;"APTO";"COLIGAÇÃO";44;"PRP";"PARTIDO REPUBLICANO PROGRESSISTA";-1;"#NULO#";"#NULO#";"#NULO#";40000000053;"FAZENDO MAIS POR NOSSA GENTE III";"PR / PT do B / PSL / SD / PRP";"AM";"07/11/1964";"000545442291";2;"MASCULINO";8;"SUPERIOR COMPLETO";3;"CASADO(A)";"03";"PARDA";121;"ECONOMISTA";5;"SUPLENTE"
"23/06/2021";"18:50:53";2014;2;"ELEIÇÃO ORDINÁRIA";1;143;"Eleições Gerais 2014";"05/10/2014";"FEDERAL";"AM";"AM";"AMAZONAS";7;"DEPUTADO ESTADUAL";40000000143;15321;"NELIA CONCEIÇÃO MADY";"NELIA MADY";"#NULO#";"13597710263";"#NULO#";12;"APTO";"COLIGAÇÃO";15;"PMDB";"PARTIDO DO MOVIMENTO DEMOCRÁTICO BRASILEIRO";-1;"#NULO#";"#NULO#";"#NULO#";40000000023;"RENOVAÇÃO E EXPERIÊNCIA 1";"PMDB / PP / PT / PTB / PRB";"AM";"09/12/1959";"021789532232";4;"FEMININO";6;"ENSINO MÉDIO COMPLETO";9;"DIVORCIADO(A)";"01";"BRANCA";257;"EMPRESÁRIO";5;"SUPLENTE"
"23/06/2021";"18:50:53";2014;2;"ELEIÇÃO ORDINÁRIA";1;143;"Eleições Gerais 2014";"05/10/2014";"FEDERAL";"AM";"AM";"AMAZONAS";7;"DEPUTADO ESTADUAL";40000000631;40444;"JONIZETE VIDAL DE MENEZES";"DR. JONIZETE";"#NULO#";"43937705287";"#NULO#";12;"APTO";"PARTIDO ISOLADO";40;"PSB";"PARTIDO SOCIALISTA BRASILEIRO";-1;"#NULO#";"#NULO#";"#NULO#";40000000052;"PARTIDO ISOLADO";"PSB";"CE";"23/01/1974";"013107502208";2;"MASCULINO";8;"SUPERIOR COMPLETO";3;"CASADO(A)";"01";"BRANCA";297;"SERVIDOR PÚBLICO ESTADUAL";5;"SUPLENTE"
"23/06/2021";"18:50:53";2014;2;"ELEIÇÃO ORDINÁRIA";1;143;"Eleições Gerais 2014";"05/10/2014";"FEDERAL";"AM";"AM";"AMAZONAS";7;"DEPUTADO ESTADUAL";40000000613;40400;"ANTONIO MARCOS MACIEL FERNANDES";"MARQUINHOS DA MACIL";"#NULO#";"01696332923";"ELEICAO2014@PSBAM.ORG.BR";3;"INAPTO";"PARTIDO ISOLADO";40;"PSB";"PARTIDO SOCIALISTA BRASILEIRO";-1;"#NULO#";"#NULO#";"#NULO#";40000000052;"PARTIDO ISOLADO";"PSB";"PR";"27/08/1975";"018095092275";2;"MASCULINO";6;"ENSINO MÉDIO COMPLETO";3;"CASADO(A)";"01";"BRANCA";125;"ADMINISTRADOR";-1;"#NULO#"
"23/06/2021";"18:50:53";2014;2;"ELEIÇÃO ORDINÁRIA";1;143;"Eleições Gerais 2014";"05/10/2014";"FEDERAL";"AM";"AM";"AMAZONAS";7;"DEPUTADO ESTADUAL";40000000477;51000;"PEDRO BENTES NETO";"PEDRO BENTES";"#NULO#";"31515100278";"#NULO#";12;"APTO";"COLIGAÇÃO";51;"PATRIOTA";"PARTIDO ECOLÓGICO NACIONAL";-1;"#NULO#";"#NULO#";"#NULO#";40000000048;"FAZENDO MAIS POR NOSSA GENTE II";"DEM / PATRIOTA / PHS";"PA";"24/04/1972";"011525942208";2;"MASCULINO";8;"SUPERIOR COMPLETO";3;"CASADO(A)";"03";"PARDA";142;"PROFESSOR DE ENSINO SUPERIOR";5;"SUPLENTE"
"23/06/2021";"18:50:53";2014;2;"ELEIÇÃO ORDINÁRIA";1;143;"Eleições Gerais 2014";"05/10/2014";"FEDERAL";"AM";"AM";"AMAZONAS";7;"DEPUTADO ESTADUAL";40000000259;43557;"LOURENÇO AZEVEDO DA SILVA";"LOURENÇO AZEVEDO";"#NULO#";"57190852204";"#NULO#";12;"APTO";"COLIGAÇÃO";43;"PV";"PARTIDO VERDE";-1;"#NULO#";"#NULO#";"#NULO#";40000000044;"JUNTOS PELO POVO";"PV / PTC";"AM";"23/07/1954";"004130492291";2;"MASCULINO";4;"ENSINO FUNDAMENTAL COMPLETO";3;"CASADO(A)";"03";"PARDA";169;"COMERCIANTE";5;"SUPLENTE"
"23/06/2021";"18:50:53";2014;2;"ELEIÇÃO ORDINÁRIA";1;143;"Eleições Gerais 2014";"05/10/2014";"FEDERAL";"AM";"AM";"AMAZONAS";7;"DEPUTADO ESTADUAL";40000000209;23027;"GEYSA RIBEIRO DE ALMEIDA";"GEYSA ALMEIDA";"#NULO#";"10440004659";"GEYSAALMEIDA@HOTMAIL.COM";12;"APTO";"COLIGAÇÃO";23;"PPS";"PARTIDO POPULAR SOCIALISTA";-1;"#NULO#";"#NULO#";"#NULO#";40000000043;"Renovação e Coragem";"PPS / PDT";"AM";"01/09/1988";"032749502232";4;"FEMININO";6;"ENSINO MÉDIO COMPLETO";1;"SOLTEIRO(A)";"03";"PARDA";292;"AGENTE ADMINISTRATIVO";5;"SUPLENTE"
"23/06/2021";"18:50:53";2014;2;"ELEIÇÃO ORDINÁRIA";1;143;"Eleições Gerais 2014";"05/10/2014";"FEDERAL";"AM";"AM";"AMAZONAS";6;"DEPUTADO FEDERAL";40000000751;4405;"JOSE OTACI TEIXEIRA FILHO";"OTACI TEIXERA";"#NULO#";"11947381253";"#NULO#";12;"APTO";"PARTIDO ISOLADO";44;"PRP";"PARTIDO REPUBLICANO PROGRESSISTA";-1;"#NULO#";"#NULO#";"#NULO#";40000000055;"PARTIDO ISOLADO";"PRP";"AM";"05/12/1957";"005033722216";2;"MASCULINO";6;"ENSINO MÉDIO COMPLETO";3;"CASADO(A)";"03";"PARDA";257;"EMPRESÁRIO";4;"NÃO ELEITO"
"23/06/2021";"18:50:53";2014;2;"ELEIÇÃO ORDINÁRIA";1;143;"Eleições Gerais 2014";"05/10/2014";"FEDERAL";"AM";"AM";"AMAZONAS";7;"DEPUTADO ESTADUAL";40000000737;50393;"JERÔNIMO DA SILVA VIEIRA";"JERÔNIMO VIEIRA";"#NULO#";"51492601268";"#NULO#";12;"APTO";"PARTIDO ISOLADO";50;"PSOL";"PARTIDO SOCIALISMO E LIBERDADE";-1;"#NULO#";"#NULO#";"#NULO#";40000000054;"PARTIDO ISOLADO";"PSOL";"PA";"30/09/1964";"004094822240";2;"MASCULINO";8;"SUPERIOR COMPLETO";3;"CASADO(A)";"01";"BRANCA";125;"ADMINISTRADOR";4;"NÃO ELEITO"
"23/06/2021";"18:50:53";2014;2;"ELEIÇÃO ORDINÁRIA";1;143;"Eleições Gerais 2014";"05/10/2014";"FEDERAL";"AM";"AM";"AMAZONAS";7;"DEPUTADO ESTADUAL";40000000776;27190;"MARCELO BEZERRA DA CRUZ";"MARCELO CRUZ";"#NULO#";"47479310234";"#NULO#";12;"APTO";"COLIGAÇÃO";27;"PSDC";"PARTIDO SOCIAL DEMOCRATA CRISTÃO";-1;"#NULO#";"#NULO#";"#NULO#";40000000056;"RENOVAÇÃO E EXPERIÊNCIA 2";"PSDC / PPL";"AM";"14/02/1977";"017190592224";2;"MASCULINO";8;"SUPERIOR COMPLETO";9;"DIVORCIADO(A)";"03";"PARDA";232;"POLICIAL CIVIL";4;"NÃO ELEITO"
"23/06/2021";"18:50:53";2014;2;"ELEIÇÃO ORDINÁRIA";1;143;"Eleições Gerais 2014";"05/10/2014";"FEDERAL";"AM";"AM";"AMAZONAS";7;"DEPUTADO ESTADUAL";40000000879;33336;"ANDREZA ALMEIDA DE MELO";"ANDREZA MELO";"#NULO#";"97386448287";"PMN33AMAZONAS@GMAIL.COM";12;"APTO";"PARTIDO ISOLADO";33;"PMN";"PARTIDO DA MOBILIZAÇÃO NACIONAL";-1;"#NULO#";"#NULO#";"#NULO#";40000000059;"PARTIDO ISOLADO";"PMN";"AM";"31/07/1985";"022537172216";4;"FEMININO";6;"ENSINO MÉDIO COMPLETO";1;"SOLTEIRO(A)";"03";"PARDA";169;"COMERCIANTE";4;"NÃO ELEITO"
"23/06/2021";"18:50:53";2014;2;"ELEIÇÃO ORDINÁRIA";1;143;"Eleições Gerais 2014";"05/10/2014";"FEDERAL";"AM";"AM";"AMAZONAS";7;"DEPUTADO ESTADUAL";40000000506;90999;"LUCIANA CARVALHO PIMENTA";"LUCIANA CARVALHO";"#NULO#";"71845097220";"AMAZONAS@PROS.COM.BR";12;"APTO";"COLIGAÇÃO";90;"PROS";"PARTIDO REPUBLICANO DA ORDEM SOCIAL";-1;"#NULO#";"#NULO#";"#NULO#";40000000050;"FAZENDO MAIS POR NOSSA GENTE 1";"PROS / PSD / PSDB / PSC";"AM";"18/09/1978";"019973972275";4;"FEMININO";7;"SUPERIOR INCOMPLETO";1;"SOLTEIRO(A)";"03";"PARDA";303;"GERENTE";5;"SUPLENTE"
"23/06/2021";"18:50:53";2014;2;"ELEIÇÃO ORDINÁRIA";1;143;"Eleições Gerais 2014";"05/10/2014";"FEDERAL";"AM";"AM";"AMAZONAS";7;"DEPUTADO ESTADUAL";40000000658;22122;"JAQUELINE LUIZA SEBBEN CEMBRANI";"JACKIE CEMBRANI";"#NULO#";"32759983072";"#NULO#";12;"APTO";"COLIGAÇÃO";22;"PR";"PARTIDO DA REPÚBLICA";-1;"#NULO#";"#NULO#";"#NULO#";40000000053;"FAZENDO MAIS POR NOSSA GENTE III";"PR / PT do B / PSL / SD / PRP";"RS";"10/05/1963";"004490320400";4;"FEMININO";8;"SUPERIOR COMPLETO";3;"CASADO(A)";"01";"BRANCA";132;"PSICÓLOGO";5;"SUPLENTE"
"23/06/2021";"18:50:53";2014;2;"ELEIÇÃO ORDINÁRIA";1;143;"Eleições Gerais 2014";"05/10/2014";"FEDERAL";"AM";"AM";"AMAZONAS";6;"DEPUTADO FEDERAL";40000000092;1344;"IVONE MARIA DO NASCIMENTO PERRONE";"IVONE PERRONE";"#NULO#";"59275324204";"#NULO#";12;"APTO";"COLIGAÇÃO";13;"PT";"PARTIDO DOS TRABALHADORES";-1;"#NULO#";"#NULO#";"#NULO#";40000000022;"RENOVAÇÃO E EXPERIÊNCIA";"PMDB / PP / PT / PDT / PTB / PPS / PRB / PSDC / PPL / PC do B";"AM";"01/12/1976";"016060702291";4;"FEMININO";7;"SUPERIOR INCOMPLETO";3;"CASADO(A)";"01";"BRANCA";206;"INDUSTRIAL";5;"SUPLENTE"
"23/06/2021";"18:50:53";2014;2;"ELEIÇÃO ORDINÁRIA";1;143;"Eleições Gerais 2014";"05/10/2014";"FEDERAL";"AM";"AM";"AMAZONAS";7;"DEPUTADO ESTADUAL";40000000641;40100;"MAURO CEZAR MORAES DE OLIVEIRA";"MAURO CÉZAR";"#NULO#";"48178411091";"#NULO#";12;"APTO";"PARTIDO ISOLADO";40;"PSB";"PARTIDO SOCIALISTA BRASILEIRO";-1;"#NULO#";"#NULO#";"#NULO#";40000000052;"PARTIDO ISOLADO";"PSB";"RS";"11/11/1966";"027798680426";2;"MASCULINO";7;"SUPERIOR INCOMPLETO";3;"CASADO(A)";"01";"BRANCA";295;"MEMBRO DAS FORÇAS ARMADAS";5;"SUPLENTE"
"23/06/2021";"18:50:53";2014;2;"ELEIÇÃO ORDINÁRIA";1;143;"Eleições Gerais 2014";"05/10/2014";"FEDERAL";"AM";"AM";"AMAZONAS";6;"DEPUTADO FEDERAL";40000000341;3131;"MAURICIO WILKER DE AZEVEDO BARRETO";"WILKER BARRETO";"#NULO#";"57514240268";"WILKER.A.BARRETO@GMAIL.COM";12;"APTO";"COLIGAÇÃO";31;"PHS";"PARTIDO HUMANISTA DA SOLIDARIEDADE";-1;"#NULO#";"#NULO#";"#NULO#";40000000046;"FAZENDO MAIS POR NOSSA GENTE 1.";"PROS / DEM / PSDB / PR / PTN / PSC / PT do B / PTC / PRTB / PATRIOTA / PV / PHS / PSL / PSD / SD";"AM";"01/08/1976";"016497712267";2;"MASCULINO";8;"SUPERIOR COMPLETO";1;"SOLTEIRO(A)";"03";"PARDA";278;"VEREADOR";5;"SUPLENTE"
"23/06/2021";"18:50:53";2014;1;"ELEIÇÃO SUPLEMENTAR";1;268;"Eleição Suplementar Governador AM";"06/08/2017";"ESTADUAL";"AM";"AM";"AMAZONAS";3;"GOVERNADOR";40000012063;15;"CARLOS EDUARDO DE SOUZA BRAGA";"EDUARDO BRAGA";"#NULO#";"07810423215";"SUPLEMENTAR2017@NOGUEIRA.ADV.BR";12;"APTO";"COLIGAÇÃO";15;"PMDB";"PARTIDO DO MOVIMENTO DEMOCRÁTICO BRASILEIRO";-1;"#NULO#";"#NULO#";"#NULO#";40000000784;"UNIÃO PELO AMAZONAS";"PMDB / PTB / PSDC / PC do B / SD / PR";"PA";"06/12/1960";"002430682216";2;"MASCULINO";8;"SUPERIOR COMPLETO";3;"CASADO(A)";"01";"BRANCA";276;"SENADOR";6;"2º TURNO"
"23/06/2021";"18:50:53";2014;2;"ELEIÇÃO ORDINÁRIA";1;143;"Eleições Gerais 2014";"05/10/2014";"FEDERAL";"AM";"AM";"AMAZONAS";7;"DEPUTADO ESTADUAL";40000000877;33444;"ALESSANDRA ALMEIDA DE MELO";"ALE MELO";"#NULO#";"75905639272";"PMN33AMAZONAS@GMAIL.COM";12;"APTO";"PARTIDO ISOLADO";33;"PMN";"PARTIDO DA MOBILIZAÇÃO NACIONAL";-1;"#NULO#";"#NULO#";"#NULO#";40000000059;"PARTIDO ISOLADO";"PMN";"AM";"21/05/1985";"022420312224";4;"FEMININO";6;"ENSINO MÉDIO COMPLETO";1;"SOLTEIRO(A)";"03";"PARDA";206;"INDUSTRIAL";4;"NÃO ELEITO"
"23/06/2021";"18:50:53";2014;2;"ELEIÇÃO ORDINÁRIA";1;143;"Eleições Gerais 2014";"05/10/2014";"FEDERAL";"AM";"AM";"AMAZONAS";7;"DEPUTADO ESTADUAL";40000000042;19888;"MARIA ELIZABETH DOS SANTOS OLIVEIRA";"BETH OLIVEIRA";"#NULO#";"17113083315";"#NULO#";12;"APTO";"COLIGAÇÃO";19;"PTN";"PARTIDO TRABALHISTA NACIONAL";-1;"#NULO#";"#NULO#";"#NULO#";40000000021;"FAZENDO MAIS PELA NOSSA GENTE 5";"PTN / PRTB";"AM";"02/03/1964";"014122472224";4;"FEMININO";7;"SUPERIOR INCOMPLETO";9;"DIVORCIADO(A)";"03";"PARDA";257;"EMPRESÁRIO";5;"SUPLENTE"
"23/06/2021";"18:50:53";2014;2;"ELEIÇÃO ORDINÁRIA";1;143;"Eleições Gerais 2014";"05/10/2014";"FEDERAL";"AM";"AM";"AMAZONAS";6;"DEPUTADO FEDERAL";40000000001;1600;"PAULO VICTOR PENAFORT MENDES";"PAULO MENDES";"#NULO#";"74608983253";"PAULOPENAFORT@GMAIL.COM";12;"APTO";"PARTIDO ISOLADO";16;"PSTU";"PARTIDO SOCIALISTA DOS TRABALHADORES UNIFICADO";-1;"#NULO#";"#NULO#";"#NULO#";40000000001;"PARTIDO ISOLADO";"PSTU";"AM";"04/02/1983";"022337602216";2;"MASCULINO";8;"SUPERIOR COMPLETO";1;"SOLTEIRO(A)";"01";"BRANCA";126;"ANALISTA DE SISTEMAS";4;"NÃO ELEITO"
"23/06/2021";"18:50:53";2014;2;"ELEIÇÃO ORDINÁRIA";1;143;"Eleições Gerais 2014";"05/10/2014";"FEDERAL";"AM";"AM";"AMAZONAS";7;"DEPUTADO ESTADUAL";40000000636;40005;"ESTELA DE LIMA AZEVEDO";"ESTELA DE LIMA";"#NULO#";"59637870253";"#NULO#";12;"APTO";"PARTIDO ISOLADO";40;"PSB";"PARTIDO SOCIALISTA BRASILEIRO";-1;"#NULO#";"#NULO#";"#NULO#";40000000052;"PARTIDO ISOLADO";"PSB";"AM";"20/09/1978";"017266132208";4;"FEMININO";5;"ENSINO MÉDIO INCOMPLETO";3;"CASADO(A)";"01";"BRANCA";999;"OUTROS";5;"SUPLENTE"
"23/06/2021";"18:50:53";2014;2;"ELEIÇÃO ORDINÁRIA";1;143;"Eleições Gerais 2014";"05/10/2014";"FEDERAL";"AM";"AM";"AMAZONAS";7;"DEPUTADO ESTADUAL";40000000666;22666;"RAIMUNDO SILVANO FRAZÃO";"SILVANO FRAZÃO";"#NULO#";"25263420315";"#NULO#";12;"APTO";"COLIGAÇÃO";22;"PR";"PARTIDO DA REPÚBLICA";-1;"#NULO#";"#NULO#";"#NULO#";40000000053;"FAZENDO MAIS POR NOSSA GENTE III";"PR / PT do B / PSL / SD / PRP";"AM";"17/02/1966";"006342952275";2;"MASCULINO";6;"ENSINO MÉDIO COMPLETO";1;"SOLTEIRO(A)";"03";"PARDA";169;"COMERCIANTE";5;"SUPLENTE"
"23/06/2021";"18:50:53";2014;2;"ELEIÇÃO ORDINÁRIA";1;143;"Eleições Gerais 2014";"05/10/2014";"FEDERAL";"AM";"AM";"AMAZONAS";7;"DEPUTADO ESTADUAL";40000000544;45345;"LUCIENE DA SILVA SOUZA";"LUCIENE SOUZA";"#NULO#";"13506234234";"LUCIENE.SOUZA12@BOL.COM.BR";3;"INAPTO";"COLIGAÇÃO";45;"PSDB";"PARTIDO DA SOCIAL DEMOCRACIA BRASILEIRA";-1;"#NULO#";"#NULO#";"#NULO#";40000000050;"FAZENDO MAIS POR NOSSA GENTE 1";"PROS / PSD / PSDB / PSC";"AM";"27/09/1963";"003393662267";4;"FEMININO";7;"SUPERIOR INCOMPLETO";3;"CASADO(A)";"03";"PARDA";298;"SERVIDOR PÚBLICO MUNICIPAL";4;"NÃO ELEITO"
"23/06/2021";"18:50:53";2014;2;"ELEIÇÃO ORDINÁRIA";1;143;"Eleições Gerais 2014";"05/10/2014";"FEDERAL";"AM";"AM";"AMAZONAS";7;"DEPUTADO ESTADUAL";40000000791;27177;"PAULO CESAR PAULA DE SALLES";"PROFESSOR PAULO SALLES";"#NULO#";"42541840772";"#NULO#";12;"APTO";"COLIGAÇÃO";27;"PSDC";"PARTIDO SOCIAL DEMOCRATA CRISTÃO";-1;"#NULO#";"#NULO#";"#NULO#";40000000056;"RENOVAÇÃO E EXPERIÊNCIA 2";"PSDC / PPL";"RJ";"17/09/1958";"001337112240";2;"MASCULINO";8;"SUPERIOR COMPLETO";3;"CASADO(A)";"03";"PARDA";266;"PROFESSOR DE ENSINO MÉDIO";4;"NÃO ELEITO"
"23/06/2021";"18:50:53";2014;2;"ELEIÇÃO ORDINÁRIA";1;143;"Eleições Gerais 2014";"05/10/2014";"FEDERAL";"AM";"AM";"AMAZONAS";7;"DEPUTADO ESTADUAL";40000000103;11333;"FELIPE RAMOS ANDRÉ";"FELIPE RAMOS KABOCO DE FERRO";"#NULO#";"61302503200";"TESSAMIDIA@GMAIL.COM";12;"APTO";"COLIGAÇÃO";11;"PP";"PARTIDO PROGRESSISTA";-1;"#NULO#";"#NULO#";"#NULO#";40000000023;"RENOVAÇÃO E EXPERIÊNCIA 1";"PMDB / PP / PT / PTB / PRB";"RJ";"27/06/1978";"017807432232";2;"MASCULINO";8;"SUPERIOR COMPLETO";3;"CASADO(A)";"03";"PARDA";172;"PUBLICITÁRIO";5;"SUPLENTE"
"23/06/2021";"18:50:53";2014;2;"ELEIÇÃO ORDINÁRIA";1;143;"Eleições Gerais 2014";"05/10/2014";"FEDERAL";"AM";"AM";"AMAZONAS";7;"DEPUTADO ESTADUAL";40000000053;19007;"ROBERTO NEILO CAVALCANTE PORTO JUNIOR";"JUNIOR LIRA";"#NULO#";"74223569368";"JRCRISLIRA@HOTMAIL.COM";12;"APTO";"COLIGAÇÃO";19;"PTN";"PARTIDO TRABALHISTA NACIONAL";-1;"#NULO#";"#NULO#";"#NULO#";40000000021;"FAZENDO MAIS PELA NOSSA GENTE 5";"PTN / PRTB";"SP";"21/09/1977";"035337572259";2;"MASCULINO";3;"ENSINO FUNDAMENTAL INCOMPLETO";3;"CASADO(A)";"01";"BRANCA";164;"MÚSICO";5;"SUPLENTE"
"23/06/2021";"18:50:53";2014;2;"ELEIÇÃO ORDINÁRIA";1;143;"Eleições Gerais 2014";"05/10/2014";"FEDERAL";"AM";"AM";"AMAZONAS";6;"DEPUTADO FEDERAL";40000000344;1717;"GILMAR EDUARDO COSTA DO COUTO";"GILMAR COUTO";"#NULO#";"20161760244";"UFAMESPORTES@YAHOO.COM.BR";12;"APTO";"COLIGAÇÃO";17;"PSL";"PARTIDO SOCIAL LIBERAL";-1;"#NULO#";"#NULO#";"#NULO#";40000000046;"FAZENDO MAIS POR NOSSA GENTE 1.";"PROS / DEM / PSDB / PR / PTN / PSC / PT do B / PTC / PRTB / PATRIOTA / PV / PHS / PSL / PSD / SD";"RR";"17/12/1965";"005241222275";2;"MASCULINO";8;"SUPERIOR COMPLETO";3;"CASADO(A)";"03";"PARDA";142;"PROFESSOR DE ENSINO SUPERIOR";5;"SUPLENTE"
"23/06/2021";"18:50:53";2014;2;"ELEIÇÃO ORDINÁRIA";1;143;"Eleições Gerais 2014";"05/10/2014";"FEDERAL";"AM";"AM";"AMAZONAS";4;"VICE-GOVERNADOR";40000001122;50;"NELSON GOMES DE MELO JÚNIOR";"NELSON JUNIOR";"#NULO#";"07786662200";"#NULO#";12;"APTO";"PARTIDO ISOLADO";50;"PSOL";"PARTIDO SOCIALISMO E LIBERDADE";-1;"#NULO#";"#NULO#";"#NULO#";40000000054;"PARTIDO ISOLADO";"PSOL";"RJ";"16/06/1958";"001987982240";2;"MASCULINO";6;"ENSINO MÉDIO COMPLETO";3;"CASADO(A)";"03";"PARDA";237;"REPRESENTANTE COMERCIAL";4;"NÃO ELEITO"
"23/06/2021";"18:50:53";2014;2;"ELEIÇÃO ORDINÁRIA";1;143;"Eleições Gerais 2014";"05/10/2014";"FEDERAL";"AM";"AM";"AMAZONAS";7;"DEPUTADO ESTADUAL";40000000554;45301;"VICENTE SANTOS DE AZEVEDO";"VICENTE AZEVEDO";"#NULO#";"07256973268";"#NULO#";12;"APTO";"COLIGAÇÃO";45;"PSDB";"PARTIDO DA SOCIAL DEMOCRACIA BRASILEIRA";-1;"#NULO#";"#NULO#";"#NULO#";40000000050;"FAZENDO MAIS POR NOSSA GENTE 1";"PROS / PSD / PSDB / PSC";"AM";"02/08/1958";"018017682216";2;"MASCULINO";3;"ENSINO FUNDAMENTAL INCOMPLETO";3;"CASADO(A)";"03";"PARDA";537;"MOTORISTA PARTICULAR";5;"SUPLENTE"
"23/06/2021";"18:50:53";2014;2;"ELEIÇÃO ORDINÁRIA";1;143;"Eleições Gerais 2014";"05/10/2014";"FEDERAL";"AM";"AM";"AMAZONAS";7;"DEPUTADO ESTADUAL";40000000453;51789;"JOEL RODRIGUES LOBO";"JOEL LOBO";"#NULO#";"30526841168";"PJOELLOBO@GMAIL.COM";12;"APTO";"COLIGAÇÃO";51;"PATRIOTA";"PARTIDO ECOLÓGICO NACIONAL";-1;"#NULO#";"#NULO#";"#NULO#";40000000048;"FAZENDO MAIS POR NOSSA GENTE II";"DEM / PATRIOTA / PHS";"AM";"22/11/1962";"006021512240";2;"MASCULINO";7;"SUPERIOR INCOMPLETO";3;"CASADO(A)";"03";"PARDA";257;"EMPRESÁRIO";5;"SUPLENTE"
"23/06/2021";"18:50:53";2014;2;"ELEIÇÃO ORDINÁRIA";1;143;"Eleições Gerais 2014";"05/10/2014";"FEDERAL";"AM";"AM";"AMAZONAS";7;"DEPUTADO ESTADUAL";40000000122;15015;"MARCELO RUBIM PORTO";"MARCELO RUBIM";"#NULO#";"41371097291";"RUBIM.MARCELO@HOTMAIL.COM";12;"APTO";"COLIGAÇÃO";15;"PMDB";"PARTIDO DO MOVIMENTO DEMOCRÁTICO BRASILEIRO";-1;"#NULO#";"#NULO#";"#NULO#";40000000023;"RENOVAÇÃO E EXPERIÊNCIA 1";"PMDB / PP / PT / PTB / PRB";"AM";"23/08/1965";"004487322208";2;"MASCULINO";8;"SUPERIOR COMPLETO";3;"CASADO(A)";"01";"BRANCA";257;"EMPRESÁRIO";5;"SUPLENTE"
"23/06/2021";"18:50:53";2014;2;"ELEIÇÃO ORDINÁRIA";1;143;"Eleições Gerais 2014";"05/10/2014";"FEDERAL";"AM";"AM";"AMAZONAS";7;"DEPUTADO ESTADUAL";40000000809;54300;"WILSIANA DINIZ MORAES";"DR. WILSIANA";"#NULO#";"73295108234";"DR.CAMPELO007@HOTMAIL.COM";12;"APTO";"COLIGAÇÃO";54;"PPL";"PARTIDO PÁTRIA LIVRE";-1;"#NULO#";"#NULO#";"#NULO#";40000000056;"RENOVAÇÃO E EXPERIÊNCIA 2";"PSDC / PPL";"AM";"23/08/1979";"034164431309";4;"FEMININO";8;"SUPERIOR COMPLETO";3;"CASADO(A)";"03";"PARDA";134;"ASSISTENTE SOCIAL";4;"NÃO ELEITO"
"23/06/2021";"18:50:53";2014;2;"ELEIÇÃO ORDINÁRIA";1;143;"Eleições Gerais 2014";"05/10/2014";"FEDERAL";"AM";"AM";"AMAZONAS";7;"DEPUTADO ESTADUAL";40000000540;45456;"JEFFERSON PRAIA BEZERRA";"JEFFERSON PRAIA";"#NULO#";"13429612268";"JEFFERSON.PRAIA@GMAIL.COM";12;"APTO";"COLIGAÇÃO";45;"PSDB";"PARTIDO DA SOCIAL DEMOCRACIA BRASILEIRA";-1;"#NULO#";"#NULO#";"#NULO#";40000000050;"FAZENDO MAIS POR NOSSA GENTE 1";"PROS / PSD / PSDB / PSC";"AM";"31/05/1959";"004982122267";2;"MASCULINO";8;"SUPERIOR COMPLETO";3;"CASADO(A)";"01";"BRANCA";121;"ECONOMISTA";5;"SUPLENTE"
"23/06/2021";"18:50:53";2014;2;"ELEIÇÃO ORDINÁRIA";1;143;"Eleições Gerais 2014";"05/10/2014";"FEDERAL";"AM";"AM";"AMAZONAS";7;"DEPUTADO ESTADUAL";40000000741;50567;"ZILVETE GUALBERTO BEZERRA";"ZILVETE";"#NULO#";"52360407287";"#NULO#";12;"APTO";"PARTIDO ISOLADO";50;"PSOL";"PARTIDO SOCIALISMO E LIBERDADE";-1;"#NULO#";"#NULO#";"#NULO#";40000000054;"PARTIDO ISOLADO";"PSOL";"AM";"01/05/1982";"018793342275";4;"FEMININO";6;"ENSINO MÉDIO COMPLETO";1;"SOLTEIRO(A)";"03";"PARDA";298;"SERVIDOR PÚBLICO MUNICIPAL";4;"NÃO ELEITO"
"23/06/2021";"18:50:53";2014;2;"ELEIÇÃO ORDINÁRIA";1;143;"Eleições Gerais 2014";"05/10/2014";"FEDERAL";"AM";"AM";"AMAZONAS";7;"DEPUTADO ESTADUAL";40000000162;14456;"RAIMUNDA JUNIOR DA ROCHA PAULA";"PAULA ROCHA";"#NULO#";"57271232249";"#NULO#";12;"APTO";"COLIGAÇÃO";14;"PTB";"PARTIDO TRABALHISTA BRASILEIRO";-1;"#NULO#";"#NULO#";"#NULO#";40000000023;"RENOVAÇÃO E EXPERIÊNCIA 1";"PMDB / PP / PT / PTB / PRB";"AM";"11/06/1973";"011468162259";4;"FEMININO";6;"ENSINO MÉDIO COMPLETO";1;"SOLTEIRO(A)";"03";"PARDA";233;"POLICIAL MILITAR";5;"SUPLENTE"
"23/06/2021";"18:50:53";2014;2;"ELEIÇÃO ORDINÁRIA";1;143;"Eleições Gerais 2014";"05/10/2014";"FEDERAL";"AM";"AM";"AMAZONAS";7;"DEPUTADO ESTADUAL";40000000573;65000;"JUSTINA CANDIDO DIQUE";"JUSTINA TICUNA";"#NULO#";"41700007220";"JUSTINY7A@GMAIL.COM";12;"APTO";"PARTIDO ISOLADO";65;"PC do B";"PARTIDO COMUNISTA DO BRASIL";-1;"#NULO#";"#NULO#";"#NULO#";40000000051;"PARTIDO ISOLADO";"PC do B";"AM";"14/04/1973";"013038292208";4;"FEMININO";8;"SUPERIOR COMPLETO";1;"SOLTEIRO(A)";"05";"INDÍGENA";581;"DONA DE CASA";5;"SUPLENTE"
"23/06/2021";"18:50:53";2014;2;"ELEIÇÃO ORDINÁRIA";1;143;"Eleições Gerais 2014";"05/10/2014";"FEDERAL";"AM";"AM";"AMAZONAS";7;"DEPUTADO ESTADUAL";40000000941;12111;"RAPHAELA SEIXAS GONÇALVES";"RAPHAELA SEIXAS";"#NULO#";"01555830269";"#NULO#";12;"APTO";"COLIGAÇÃO";12;"PDT";"PARTIDO DEMOCRÁTICO TRABALHISTA";-1;"#NULO#";"#NULO#";"#NULO#";40000000043;"Renovação e Coragem";"PPS / PDT";"AM";"02/12/1991";"034052562291";4;"FEMININO";6;"ENSINO MÉDIO COMPLETO";1;"SOLTEIRO(A)";"03";"PARDA";257;"EMPRESÁRIO";5;"SUPLENTE"
"23/06/2021";"18:50:53";2014;2;"ELEIÇÃO ORDINÁRIA";1;143;"Eleições Gerais 2014";"05/10/2014";"FEDERAL";"AM";"AM";"AMAZONAS";7;"DEPUTADO ESTADUAL";40000000138;15444;"VICTOR MONTEIRO LITAIFF";"VICTOR LITAIFF";"#NULO#";"41852273291";"VMLITAIFF@HOTMAIL.COM";12;"APTO";"COLIGAÇÃO";15;"PMDB";"PARTIDO DO MOVIMENTO DEMOCRÁTICO BRASILEIRO";-1;"#NULO#";"#NULO#";"#NULO#";40000000023;"RENOVAÇÃO E EXPERIÊNCIA 1";"PMDB / PP / PT / PTB / PRB";"AM";"11/12/1972";"010785862283";2;"MASCULINO";8;"SUPERIOR COMPLETO";1;"SOLTEIRO(A)";"01";"BRANCA";125;"ADMINISTRADOR";5;"SUPLENTE"
"23/06/2021";"18:50:53";2014;2;"ELEIÇÃO ORDINÁRIA";1;143;"Eleições Gerais 2014";"05/10/2014";"FEDERAL";"AM";"AM";"AMAZONAS";7;"DEPUTADO ESTADUAL";40000000150;13310;"FRANCIMAR SANTOS JUNIOR";"FRANCY JUNIOR";"#NULO#";"24278866291";"FRANCY_JUNIOR@HOTMAIL.COM";3;"INAPTO";"COLIGAÇÃO";13;"PT";"PARTIDO DOS TRABALHADORES";-1;"#NULO#";"#NULO#";"#NULO#";40000000023;"RENOVAÇÃO E EXPERIÊNCIA 1";"PMDB / PP / PT / PTB / PRB";"AM";"03/01/1967";"004642942259";4;"FEMININO";8;"SUPERIOR COMPLETO";1;"SOLTEIRO(A)";"02";"PRETA";142;"PROFESSOR DE ENSINO SUPERIOR";-1;"#NULO#"
"23/06/2021";"18:50:53";2014;2;"ELEIÇÃO ORDINÁRIA";1;143;"Eleições Gerais 2014";"05/10/2014";"FEDERAL";"AM";"AM";"AMAZONAS";7;"DEPUTADO ESTADUAL";40000000943;12553;"MADALENA DE SOUZA SILVA";"LENE";"#NULO#";"59981172200";"#NULO#";3;"INAPTO";"COLIGAÇÃO";12;"PDT";"PARTIDO DEMOCRÁTICO TRABALHISTA";-1;"#NULO#";"#NULO#";"#NULO#";40000000043;"Renovação e Coragem";"PPS / PDT";"AM";"18/09/1974";"017494842224";4;"FEMININO";6;"ENSINO MÉDIO COMPLETO";1;"SOLTEIRO(A)";"03";"PARDA";257;"EMPRESÁRIO";-1;"#NULO#"
"23/06/2021";"18:50:53";2014;2;"ELEIÇÃO ORDINÁRIA";1;143;"Eleições Gerais 2014";"05/10/2014";"FEDERAL";"AM";"AM";"AMAZONAS";7;"DEPUTADO ESTADUAL";40000000277;36777;"CEZAR AUGUSTO BARROSO DE MORAES";"CEZAR AUGUSTO";"#NULO#";"38418266287";"CEZARBMORAES@GMAIL.COM";12;"APTO";"COLIGAÇÃO";36;"PTC";"PARTIDO TRABALHISTA CRISTÃO";-1;"#NULO#";"#NULO#";"#NULO#";40000000044;"JUNTOS PELO POVO";"PV / PTC";"AM";"12/01/1971";"017219302224";2;"MASCULINO";8;"SUPERIOR COMPLETO";3;"CASADO(A)";"03";"PARDA";125;"ADMINISTRADOR";5;"SUPLENTE"
"23/06/2021";"18:50:53";2014;2;"ELEIÇÃO ORDINÁRIA";1;143;"Eleições Gerais 2014";"05/10/2014";"FEDERAL";"AM";"AM";"AMAZONAS";7;"DEPUTADO ESTADUAL";40000000527;45444;"AMILCA RIBEIRO DAS CHAGAS";"AMYLKA RIBEIRO";"#NULO#";"79660614268";"#NULO#";12;"APTO";"COLIGAÇÃO";45;"PSDB";"PARTIDO DA SOCIAL DEMOCRACIA BRASILEIRA";-1;"#NULO#";"#NULO#";"#NULO#";40000000050;"FAZENDO MAIS POR NOSSA GENTE 1";"PROS / PSD / PSDB / PSC";"AM";"24/05/1984";"022807532259";4;"FEMININO";7;"SUPERIOR INCOMPLETO";1;"SOLTEIRO(A)";"01";"BRANCA";931;"ESTUDANTE, BOLSISTA, ESTAGIÁRIO E ASSEMELHADOS";5;"SUPLENTE"
"23/06/2021";"18:50:53";2014;2;"ELEIÇÃO ORDINÁRIA";1;143;"Eleições Gerais 2014";"05/10/2014";"FEDERAL";"AM";"AM";"AMAZONAS";7;"DEPUTADO ESTADUAL";40000000057;19456;"SANCAO QUEIROZ FELIX";"DR. SAN FÉLIX";"#NULO#";"07498365200";"SANCAOQUEIROZFELIZ@57GMAIL.COM";12;"APTO";"COLIGAÇÃO";19;"PTN";"PARTIDO TRABALHISTA NACIONAL";-1;"#NULO#";"#NULO#";"#NULO#";40000000021;"FAZENDO MAIS PELA NOSSA GENTE 5";"PTN / PRTB";"AM";"19/10/1957";"001988712291";2;"MASCULINO";8;"SUPERIOR COMPLETO";3;"CASADO(A)";"03";"PARDA";111;"MÉDICO";5;"SUPLENTE"
"23/06/2021";"18:50:53";2014;2;"ELEIÇÃO ORDINÁRIA";1;143;"Eleições Gerais 2014";"05/10/2014";"FEDERAL";"AM";"AM";"AMAZONAS";7;"DEPUTADO ESTADUAL";40000000154;14777;"ILTON RODRIGUES DE VASCONCELOS";"ILTON DO TAXI";"#NULO#";"72259671268";"#NULO#";12;"APTO";"COLIGAÇÃO";14;"PTB";"PARTIDO TRABALHISTA BRASILEIRO";-1;"#NULO#";"#NULO#";"#NULO#";40000000023;"RENOVAÇÃO E EXPERIÊNCIA 1";"PMDB / PP / PT / PTB / PRB";"AM";"07/03/1980";"019505792259";2;"MASCULINO";6;"ENSINO MÉDIO COMPLETO";3;"CASADO(A)";"03";"PARDA";536;"TAXISTA";5;"SUPLENTE"
"23/06/2021";"18:50:53";2014;2;"ELEIÇÃO ORDINÁRIA";1;143;"Eleições Gerais 2014";"05/10/2014";"FEDERAL";"AM";"AM";"AMAZONAS";7;"DEPUTADO ESTADUAL";40000000537;45145;"FRANK LUIZ DA CUNHA GARCIA";"BI GARCIA";"#NULO#";"23515007253";"#NULO#";12;"APTO";"COLIGAÇÃO";45;"PSDB";"PARTIDO DA SOCIAL DEMOCRACIA BRASILEIRA";-1;"#NULO#";"#NULO#";"#NULO#";40000000050;"FAZENDO MAIS POR NOSSA GENTE 1";"PROS / PSD / PSDB / PSC";"AM";"19/08/1966";"005484862232";2;"MASCULINO";6;"ENSINO MÉDIO COMPLETO";9;"DIVORCIADO(A)";"03";"PARDA";257;"EMPRESÁRIO";3;"ELEITO POR MÉDIA"
"23/06/2021";"18:50:53";2014;2;"ELEIÇÃO ORDINÁRIA";1;143;"Eleições Gerais 2014";"05/10/2014";"FEDERAL";"AM";"AM";"AMAZONAS";7;"DEPUTADO ESTADUAL";40000000574;65300;"NEY ANDERSON BARBOSA PEREIRA";"ENFERMEIRO NEY";"#NULO#";"51999161220";"ENFERMEIRONEY@GMAIL.COM";12;"APTO";"PARTIDO ISOLADO";65;"PC do B";"PARTIDO COMUNISTA DO BRASIL";-1;"#NULO#";"#NULO#";"#NULO#";40000000051;"PARTIDO ISOLADO";"PC do B";"CE";"25/10/1981";"019964172208";2;"MASCULINO";8;"SUPERIOR COMPLETO";1;"SOLTEIRO(A)";"03";"PARDA";113;"ENFERMEIRO";5;"SUPLENTE"
"23/06/2021";"18:50:53";2014;2;"ELEIÇÃO ORDINÁRIA";1;143;"Eleições Gerais 2014";"05/10/2014";"FEDERAL";"AM";"AM";"AMAZONAS";7;"DEPUTADO ESTADUAL";40000000691;44622;"FRANCISCO OCIMAR FERREIRA DA COSTA";"FRANCISCO OCIMAR";"#NULO#";"13399209215";"#NULO#";12;"APTO";"COLIGAÇÃO";44;"PRP";"PARTIDO REPUBLICANO PROGRESSISTA";-1;"#NULO#";"#NULO#";"#NULO#";40000000053;"FAZENDO MAIS POR NOSSA GENTE III";"PR / PT do B / PSL / SD / PRP";"AM";"27/03/1961";"002374262291";2;"MASCULINO";2;"LÊ E ESCREVE";1;"SOLTEIRO(A)";"01";"BRANCA";257;"EMPRESÁRIO";5;"SUPLENTE"
"23/06/2021";"18:50:53";2014;2;"ELEIÇÃO ORDINÁRIA";1;143;"Eleições Gerais 2014";"05/10/2014";"FEDERAL";"AM";"AM";"AMAZONAS";7;"DEPUTADO ESTADUAL";40000000779;27369;"MICHELL DE VASCONCELOS LIRA";"MICHELL LIRA";"#NULO#";"74649396204";"#NULO#";12;"APTO";"COLIGAÇÃO";27;"PSDC";"PARTIDO SOCIAL DEMOCRATA CRISTÃO";-1;"#NULO#";"#NULO#";"#NULO#";40000000056;"RENOVAÇÃO E EXPERIÊNCIA 2";"PSDC / PPL";"AM";"04/04/1983";"023110872224";2;"MASCULINO";6;"ENSINO MÉDIO COMPLETO";1;"SOLTEIRO(A)";"01";"BRANCA";257;"EMPRESÁRIO";4;"NÃO ELEITO"
"23/06/2021";"18:50:53";2014;2;"ELEIÇÃO ORDINÁRIA";1;143;"Eleições Gerais 2014";"05/10/2014";"FEDERAL";"AM";"AM";"AMAZONAS";7;"DEPUTADO ESTADUAL";40000000642;40622;"CARMELITA DA COSTA ALMEIDA";"CARMELITA ALMEIDA";"#NULO#";"14335077220";"#NULO#";12;"APTO";"PARTIDO ISOLADO";40;"PSB";"PARTIDO SOCIALISTA BRASILEIRO";-1;"#NULO#";"#NULO#";"#NULO#";40000000052;"PARTIDO ISOLADO";"PSB";"PA";"18/02/1956";"016060432216";4;"FEMININO";6;"ENSINO MÉDIO COMPLETO";3;"CASADO(A)";"01";"BRANCA";298;"SERVIDOR PÚBLICO MUNICIPAL";5;"SUPLENTE"
"23/06/2021";"18:50:53";2014;2;"ELEIÇÃO ORDINÁRIA";1;143;"Eleições Gerais 2014";"05/10/2014";"FEDERAL";"AM";"AM";"AMAZONAS";6;"DEPUTADO FEDERAL";40000000355;5151;"ERIVALDO COUTINHO AGUIAR";"ERIVALDINHO";"#NULO#";"23962437215";"#NULO#";12;"APTO";"COLIGAÇÃO";51;"PATRIOTA";"PARTIDO ECOLÓGICO NACIONAL";-1;"#NULO#";"#NULO#";"#NULO#";40000000046;"FAZENDO MAIS POR NOSSA GENTE 1.";"PROS / DEM / PSDB / PR / PTN / PSC / PT do B / PTC / PRTB / PATRIOTA / PV / PHS / PSL / PSD / SD";"AM";"18/02/1966";"003314532275";2;"MASCULINO";8;"SUPERIOR COMPLETO";3;"CASADO(A)";"03";"PARDA";266;"PROFESSOR DE ENSINO MÉDIO";5;"SUPLENTE"
"23/06/2021";"18:50:53";2014;2;"ELEIÇÃO ORDINÁRIA";1;143;"Eleições Gerais 2014";"05/10/2014";"FEDERAL";"AM";"AM";"AMAZONAS";7;"DEPUTADO ESTADUAL";40000000903;45012;"ERIVELTON MIRANDA LOPES";"PROFESSOR ERIVELTON";"#NULO#";"31066216215";"#NULO#";12;"APTO";"COLIGAÇÃO";45;"PSDB";"PARTIDO DA SOCIAL DEMOCRACIA BRASILEIRA";-1;"#NULO#";"#NULO#";"#NULO#";40000000050;"FAZENDO MAIS POR NOSSA GENTE 1";"PROS / PSD / PSDB / PSC";"AM";"14/05/1969";"034245492291";2;"MASCULINO";7;"SUPERIOR INCOMPLETO";1;"SOLTEIRO(A)";"03";"PARDA";257;"EMPRESÁRIO";5;"SUPLENTE"
"23/06/2021";"18:50:53";2014;2;"ELEIÇÃO ORDINÁRIA";1;143;"Eleições Gerais 2014";"05/10/2014";"FEDERAL";"AM";"AM";"AMAZONAS";7;"DEPUTADO ESTADUAL";40000000268;43999;"MARCIA MARTINS SOARES";"MARCIA MARTINS";"#NULO#";"16137213234";"#NULO#";12;"APTO";"COLIGAÇÃO";43;"PV";"PARTIDO VERDE";-1;"#NULO#";"#NULO#";"#NULO#";40000000044;"JUNTOS PELO POVO";"PV / PTC";"PA";"05/02/1963";"002414102240";4;"FEMININO";6;"ENSINO MÉDIO COMPLETO";9;"DIVORCIADO(A)";"01";"BRANCA";297;"SERVIDOR PÚBLICO ESTADUAL";5;"SUPLENTE"
"23/06/2021";"18:50:53";2014;2;"ELEIÇÃO ORDINÁRIA";1;143;"Eleições Gerais 2014";"05/10/2014";"FEDERAL";"AM";"AM";"AMAZONAS";7;"DEPUTADO ESTADUAL";40000000281;36000;"ELIELTON DE CASTRO ROFÉ DO NASCIMENTO";"ELIELTON ROFE";"#NULO#";"52314588215";"#NULO#";12;"APTO";"COLIGAÇÃO";36;"PTC";"PARTIDO TRABALHISTA CRISTÃO";-1;"#NULO#";"#NULO#";"#NULO#";40000000044;"JUNTOS PELO POVO";"PV / PTC";"AM";"01/11/1977";"015138482283";2;"MASCULINO";6;"ENSINO MÉDIO COMPLETO";1;"SOLTEIRO(A)";"03";"PARDA";148;"CERAMISTA E OLEIRO";5;"SUPLENTE"
"23/06/2021";"18:50:53";2014;2;"ELEIÇÃO ORDINÁRIA";1;143;"Eleições Gerais 2014";"05/10/2014";"FEDERAL";"AM";"AM";"AMAZONAS";7;"DEPUTADO ESTADUAL";40000000194;12222;"DERMILSON CARVALHO DAS CHAGAS";"DERMILSON CHAGAS";"#NULO#";"34476741215";"DERMILSONCHAGAS@GMAIL.COM";12;"APTO";"COLIGAÇÃO";12;"PDT";"PARTIDO DEMOCRÁTICO TRABALHISTA";-1;"#NULO#";"#NULO#";"#NULO#";40000000043;"Renovação e Coragem";"PPS / PDT";"AM";"10/08/1970";"010546202208";2;"MASCULINO";8;"SUPERIOR COMPLETO";1;"SOLTEIRO(A)";"03";"PARDA";125;"ADMINISTRADOR";2;"ELEITO POR QP"
"23/06/2021";"18:50:53";2014;2;"ELEIÇÃO ORDINÁRIA";1;143;"Eleições Gerais 2014";"05/10/2014";"FEDERAL";"AM";"AM";"AMAZONAS";7;"DEPUTADO ESTADUAL";40000000234;23007;"MARCIO MARQUES DA SILVA";"PROF. MARCIO";"#NULO#";"05194217790";"#NULO#";3;"INAPTO";"COLIGAÇÃO";23;"PPS";"PARTIDO POPULAR SOCIALISTA";-1;"#NULO#";"#NULO#";"#NULO#";40000000043;"Renovação e Coragem";"PPS / PDT";"RJ";"09/06/1978";"103593540337";2;"MASCULINO";8;"SUPERIOR COMPLETO";1;"SOLTEIRO(A)";"03";"PARDA";266;"PROFESSOR DE ENSINO MÉDIO";-1;"#NULO#"
"23/06/2021";"18:50:53";2014;2;"ELEIÇÃO ORDINÁRIA";1;143;"Eleições Gerais 2014";"05/10/2014";"FEDERAL";"AM";"AM";"AMAZONAS";7;"DEPUTADO ESTADUAL";40000000039;19171;"MANOEL NUNES DE ASSIS";"OSAMA BIN LADEN";"#NULO#";"47099216520";"MANOELASSISPJ@HOTMAIL.COM";12;"APTO";"COLIGAÇÃO";19;"PTN";"PARTIDO TRABALHISTA NACIONAL";-1;"#NULO#";"#NULO#";"#NULO#";40000000021;"FAZENDO MAIS PELA NOSSA GENTE 5";"PTN / PRTB";"BA";"05/08/1968";"016958482291";2;"MASCULINO";6;"ENSINO MÉDIO COMPLETO";3;"CASADO(A)";"02";"PRETA";999;"OUTROS";5;"SUPLENTE"
"23/06/2021";"18:50:53";2014;2;"ELEIÇÃO ORDINÁRIA";1;143;"Eleições Gerais 2014";"05/10/2014";"FEDERAL";"AM";"AM";"AMAZONAS";7;"DEPUTADO ESTADUAL";40000000792;27005;"EDMILSON AGUIAR DE SOUZA";"EDMILSON AGUIAR";"#NULO#";"51826640282";"#NULO#";12;"APTO";"COLIGAÇÃO";27;"PSDC";"PARTIDO SOCIAL DEMOCRATA CRISTÃO";-1;"#NULO#";"#NULO#";"#NULO#";40000000056;"RENOVAÇÃO E EXPERIÊNCIA 2";"PSDC / PPL";"AM";"17/10/1980";"018327332283";2;"MASCULINO";8;"SUPERIOR COMPLETO";1;"SOLTEIRO(A)";"03";"PARDA";233;"POLICIAL MILITAR";4;"NÃO ELEITO"
"23/06/2021";"18:50:53";2014;2;"ELEIÇÃO ORDINÁRIA";1;143;"Eleições Gerais 2014";"05/10/2014";"FEDERAL";"AM";"AM";"AMAZONAS";7;"DEPUTADO ESTADUAL";40000000224;23623;"MARCIO FLEURY MENDES";"MARCIO FLEURY";"#NULO#";"45663378200";"#NULO#";12;"APTO";"COLIGAÇÃO";23;"PPS";"PARTIDO POPULAR SOCIALISTA";-1;"#NULO#";"#NULO#";"#NULO#";40000000043;"Renovação e Coragem";"PPS / PDT";"AM";"22/07/1971";"011420712259";2;"MASCULINO";6;"ENSINO MÉDIO COMPLETO";3;"CASADO(A)";"03";"PARDA";536;"TAXISTA";5;"SUPLENTE"
"23/06/2021";"18:50:53";2014;2;"ELEIÇÃO ORDINÁRIA";1;143;"Eleições Gerais 2014";"05/10/2014";"FEDERAL";"AM";"AM";"AMAZONAS";7;"DEPUTADO ESTADUAL";40000000864;33333;"ANATALICIO MAURICIO DE LEMOS";"LEMOS";"#NULO#";"60709839200";"AMAZONEQUIPAMENTOS@UOL.COM.BR";12;"APTO";"PARTIDO ISOLADO";33;"PMN";"PARTIDO DA MOBILIZAÇÃO NACIONAL";-1;"#NULO#";"#NULO#";"#NULO#";40000000059;"PARTIDO ISOLADO";"PMN";"AM";"01/07/1977";"008983812305";2;"MASCULINO";6;"ENSINO MÉDIO COMPLETO";3;"CASADO(A)";"03";"PARDA";125;"ADMINISTRADOR";4;"NÃO ELEITO"
"23/06/2021";"18:50:53";2014;2;"ELEIÇÃO ORDINÁRIA";1;143;"Eleições Gerais 2014";"05/10/2014";"FEDERAL";"AM";"AM";"AMAZONAS";6;"DEPUTADO FEDERAL";40000000754;4406;"MARIA ONEIZE DAS CHAGAS SALDANHA";"MARIA ONEIZE SALDANHA";"#NULO#";"02581574291";"#NULO#";3;"INAPTO";"PARTIDO ISOLADO";44;"PRP";"PARTIDO REPUBLICANO PROGRESSISTA";-1;"#NULO#";"#NULO#";"#NULO#";40000000055;"PARTIDO ISOLADO";"PRP";"AM";"06/12/1954";"003397932291";4;"FEMININO";8;"SUPERIOR COMPLETO";7;"SEPARADO(A) JUDICIALMENTE";"03";"PARDA";230;"PEDAGOGO";-1;"#NULO#"
"23/06/2021";"18:50:53";2014;2;"ELEIÇÃO ORDINÁRIA";1;143;"Eleições Gerais 2014";"05/10/2014";"FEDERAL";"AM";"AM";"AMAZONAS";6;"DEPUTADO FEDERAL";40000000096;1234;"RONYERVERSON PEREIRA SIQUEIRA";"PROF. RONY SIQUEIRA";"#NULO#";"50807030244";"RONYCAMU@HOTMAIL.COM";12;"APTO";"COLIGAÇÃO";12;"PDT";"PARTIDO DEMOCRÁTICO TRABALHISTA";-1;"#NULO#";"#NULO#";"#NULO#";40000000022;"RENOVAÇÃO E EXPERIÊNCIA";"PMDB / PP / PT / PDT / PTB / PPS / PRB / PSDC / PPL / PC do B";"AM";"28/12/1978";"018508532275";2;"MASCULINO";8;"SUPERIOR COMPLETO";1;"SOLTEIRO(A)";"01";"BRANCA";142;"PROFESSOR DE ENSINO SUPERIOR";5;"SUPLENTE"
"23/06/2021";"18:50:53";2014;2;"ELEIÇÃO ORDINÁRIA";1;143;"Eleições Gerais 2014";"05/10/2014";"FEDERAL";"AM";"AM";"AMAZONAS";7;"DEPUTADO ESTADUAL";40000000226;23452;"MARIA DO ROSARIO OLIVEIRA BASTOS";"MARIA DO ROSARIO";"#NULO#";"24269808268";"#NULO#";3;"INAPTO";"COLIGAÇÃO";23;"PPS";"PARTIDO POPULAR SOCIALISTA";-1;"#NULO#";"#NULO#";"#NULO#";40000000043;"Renovação e Coragem";"PPS / PDT";"MA";"23/02/1954";"003991542275";4;"FEMININO";6;"ENSINO MÉDIO COMPLETO";3;"CASADO(A)";"03";"PARDA";601;"AGRICULTOR";4;"NÃO ELEITO"
"23/06/2021";"18:50:53";2014;2;"ELEIÇÃO ORDINÁRIA";1;143;"Eleições Gerais 2014";"05/10/2014";"FEDERAL";"AM";"AM";"AMAZONAS";7;"DEPUTADO ESTADUAL";40000000803;54555;"JUCINARA HONORIO DA SILVA";"DR. JUCINARA";"#NULO#";"31425143253";"DR.CAMPELO007@HOTMAIL.COM";12;"APTO";"COLIGAÇÃO";54;"PPL";"PARTIDO PÁTRIA LIVRE";-1;"#NULO#";"#NULO#";"#NULO#";40000000056;"RENOVAÇÃO E EXPERIÊNCIA 2";"PSDC / PPL";"AM";"13/02/1969";"014822492208";4;"FEMININO";8;"SUPERIOR COMPLETO";1;"SOLTEIRO(A)";"03";"PARDA";134;"ASSISTENTE SOCIAL";4;"NÃO ELEITO"
"23/06/2021";"18:50:53";2014;2;"ELEIÇÃO ORDINÁRIA";1;143;"Eleições Gerais 2014";"05/10/2014";"FEDERAL";"AM";"AM";"AMAZONAS";7;"DEPUTADO ESTADUAL";40000000523;90333;"SÂMARA SILVA BATISTA DE CARVALHO";"SÂMARA CARVALHO";"#NULO#";"47430575234";"SAMARA_HSHS@HOTMIL.COM";3;"INAPTO";"COLIGAÇÃO";90;"PROS";"PARTIDO REPUBLICANO DA ORDEM SOCIAL";-1;"#NULO#";"#NULO#";"#NULO#";40000000050;"FAZENDO MAIS POR NOSSA GENTE 1";"PROS / PSD / PSDB / PSC";"AM";"03/03/1973";"013709762232";4;"FEMININO";8;"SUPERIOR COMPLETO";3;"CASADO(A)";"03";"PARDA";999;"OUTROS";4;"NÃO ELEITO"
"23/06/2021";"18:50:53";2014;2;"ELEIÇÃO ORDINÁRIA";1;143;"Eleições Gerais 2014";"05/10/2014";"FEDERAL";"AM";"AM";"AMAZONAS";7;"DEPUTADO ESTADUAL";40000001182;17789;"WALDIR NELSON OLIVEIRA DE AZEVEDO";"WALDIR DOS RODOVIARIOS";"#NULO#";"41411153200";"WALDIRNELSON1972@HOTMAIL.COM";12;"APTO";"COLIGAÇÃO";17;"PSL";"PARTIDO SOCIAL LIBERAL";-1;"#NULO#";"#NULO#";"#NULO#";40000000053;"FAZENDO MAIS POR NOSSA GENTE III";"PR / PT do B / PSL / SD / PRP";"PA";"28/09/1972";"023887121350";2;"MASCULINO";7;"SUPERIOR INCOMPLETO";9;"DIVORCIADO(A)";"03";"PARDA";931;"ESTUDANTE, BOLSISTA, ESTAGIÁRIO E ASSEMELHADOS";5;"SUPLENTE"
"23/06/2021";"18:50:53";2014;2;"ELEIÇÃO ORDINÁRIA";1;143;"Eleições Gerais 2014";"05/10/2014";"FEDERAL";"AM";"AM";"AMAZONAS";7;"DEPUTADO ESTADUAL";40000000520;90010;"PRUDENCIA CORDEIRO NETA DE AQUINO";"PRUDENCIA COREIRO";"#NULO#";"40659038234";"AMAZONAS@PROS.COM.BR";12;"APTO";"COLIGAÇÃO";90;"PROS";"PARTIDO REPUBLICANO DA ORDEM SOCIAL";-1;"#NULO#";"#NULO#";"#NULO#";40000000050;"FAZENDO MAIS POR NOSSA GENTE 1";"PROS / PSD / PSDB / PSC";"PI";"19/08/1968";"020457182291";4;"FEMININO";3;"ENSINO FUNDAMENTAL INCOMPLETO";3;"CASADO(A)";"03";"PARDA";169;"COMERCIANTE";5;"SUPLENTE"
"23/06/2021";"18:50:53";2014;2;"ELEIÇÃO ORDINÁRIA";1;143;"Eleições Gerais 2014";"05/10/2014";"FEDERAL";"AM";"AM";"AMAZONAS";7;"DEPUTADO ESTADUAL";40000000260;43236;"VENÂNCIO SILVA FREITAS";"ENGENHEIRO VENANCIO FREITAS";"#NULO#";"29139732215";"VENANCIOENG.PESCA@HOTMAIL.COM";12;"APTO";"COLIGAÇÃO";43;"PV";"PARTIDO VERDE";-1;"#NULO#";"#NULO#";"#NULO#";40000000044;"JUNTOS PELO POVO";"PV / PTC";"AM";"07/11/1960";"005722712232";2;"MASCULINO";8;"SUPERIOR COMPLETO";3;"CASADO(A)";"02";"PRETA";999;"OUTROS";5;"SUPLENTE"
"23/06/2021";"18:50:53";2014;2;"ELEIÇÃO ORDINÁRIA";1;143;"Eleições Gerais 2014";"05/10/2014";"FEDERAL";"AM";"AM";"AMAZONAS";7;"DEPUTADO ESTADUAL";40000000512;90007;"JAIRO RIBEIRO DIAS";"JAIRO DA VICAL";"#NULO#";"34766898249";"F_DARLISON@HOTMAIL.COM";12;"APTO";"COLIGAÇÃO";90;"PROS";"PARTIDO REPUBLICANO DA ORDEM SOCIAL";-1;"#NULO#";"#NULO#";"#NULO#";40000000050;"FAZENDO MAIS POR NOSSA GENTE 1";"PROS / PSD / PSDB / PSC";"AM";"14/10/1970";"011600282240";2;"MASCULINO";6;"ENSINO MÉDIO COMPLETO";3;"CASADO(A)";"03";"PARDA";278;"VEREADOR";5;"SUPLENTE"
"23/06/2021";"18:50:53";2014;2;"ELEIÇÃO ORDINÁRIA";1;143;"Eleições Gerais 2014";"05/10/2014";"FEDERAL";"AM";"AM";"AMAZONAS";7;"DEPUTADO ESTADUAL";40000000253;43127;"JONAS DE SOUZA OLIVEIRA";"JONAS OLIVEIRA";"#NULO#";"44429037272";"JONAS.OLIVEIRASOUZA@HOTMAIL.COM";3;"INAPTO";"COLIGAÇÃO";43;"PV";"PARTIDO VERDE";-1;"#NULO#";"#NULO#";"#NULO#";40000000044;"JUNTOS PELO POVO";"PV / PTC";"AM";"21/06/1972";"012188082259";2;"MASCULINO";4;"ENSINO FUNDAMENTAL COMPLETO";1;"SOLTEIRO(A)";"03";"PARDA";254;"VIGILANTE";-1;"#NULO#"
"23/06/2021";"18:50:53";2014;2;"ELEIÇÃO ORDINÁRIA";1;143;"Eleições Gerais 2014";"05/10/2014";"FEDERAL";"AM";"AM";"AMAZONAS";7;"DEPUTADO ESTADUAL";40000000044;19323;"MARIA NATALI DA SILVA VASCONCELOS";"NATALI VASCONCELOS";"#NULO#";"20150776268";"#NULO#";12;"APTO";"COLIGAÇÃO";19;"PTN";"PARTIDO TRABALHISTA NACIONAL";-1;"#NULO#";"#NULO#";"#NULO#";40000000021;"FAZENDO MAIS PELA NOSSA GENTE 5";"PTN / PRTB";"AM";"25/12/1959";"006518942208";4;"FEMININO";6;"ENSINO MÉDIO COMPLETO";3;"CASADO(A)";"03";"PARDA";999;"OUTROS";5;"SUPLENTE"
"23/06/2021";"18:50:53";2014;2;"ELEIÇÃO ORDINÁRIA";1;143;"Eleições Gerais 2014";"05/10/2014";"FEDERAL";"AM";"AM";"AMAZONAS";7;"DEPUTADO ESTADUAL";40000000114;11234;"JOAO BOSCO RODRIGUES";"BOSCO RODRIGUES";"#NULO#";"07403836200";"PP_AM_11@HOTMAIL.COM";12;"APTO";"COLIGAÇÃO";11;"PP";"PARTIDO PROGRESSISTA";-1;"#NULO#";"#NULO#";"#NULO#";40000000023;"RENOVAÇÃO E EXPERIÊNCIA 1";"PMDB / PP / PT / PTB / PRB";"AM";"23/06/1959";"005376032232";2;"MASCULINO";8;"SUPERIOR COMPLETO";3;"CASADO(A)";"03";"PARDA";278;"VEREADOR";5;"SUPLENTE"
"23/06/2021";"18:50:53";2014;2;"ELEIÇÃO ORDINÁRIA";1;143;"Eleições Gerais 2014";"05/10/2014";"FEDERAL";"AM";"AM";"AMAZONAS";7;"DEPUTADO ESTADUAL";40000000773;27347;"JOSE NASCIMENTO DOS SANTOS";"PASTOR NASCIMENTO";"#NULO#";"22971882268";"#NULO#";12;"APTO";"COLIGAÇÃO";27;"PSDC";"PARTIDO SOCIAL DEMOCRATA CRISTÃO";-1;"#NULO#";"#NULO#";"#NULO#";40000000056;"RENOVAÇÃO E EXPERIÊNCIA 2";"PSDC / PPL";"AM";"22/10/1963";"006131172240";2;"MASCULINO";4;"ENSINO FUNDAMENTAL COMPLETO";3;"CASADO(A)";"03";"PARDA";257;"EMPRESÁRIO";4;"NÃO ELEITO"
"23/06/2021";"18:50:53";2014;2;"ELEIÇÃO ORDINÁRIA";1;143;"Eleições Gerais 2014";"05/10/2014";"FEDERAL";"AM";"AM";"AMAZONAS";7;"DEPUTADO ESTADUAL";40000000499;55333;"ANDRE LUIZ SIQUEIRA DE SOUZA CRUZ";"MISSIONARIO ANDRE";"#NULO#";"32004770244";"#NULO#";12;"APTO";"COLIGAÇÃO";55;"PSD";"PARTIDO SOCIAL DEMOCRÁTICO";-1;"#NULO#";"#NULO#";"#NULO#";40000000050;"FAZENDO MAIS POR NOSSA GENTE 1";"PROS / PSD / PSDB / PSC";"AM";"23/02/1968";"000995722208";2;"MASCULINO";6;"ENSINO MÉDIO COMPLETO";3;"CASADO(A)";"03";"PARDA";999;"OUTROS";5;"SUPLENTE"
"23/06/2021";"18:50:53";2014;2;"ELEIÇÃO ORDINÁRIA";1;143;"Eleições Gerais 2014";"05/10/2014";"FEDERAL";"AM";"AM";"AMAZONAS";7;"DEPUTADO ESTADUAL";40000000153;13123;"HELENA ALVES DIAS";"HELENA DIAS";"#NULO#";"62659480249";"#NULO#";12;"APTO";"COLIGAÇÃO";13;"PT";"PARTIDO DOS TRABALHADORES";-1;"#NULO#";"#NULO#";"#NULO#";40000000023;"RENOVAÇÃO E EXPERIÊNCIA 1";"PMDB / PP / PT / PTB / PRB";"PA";"09/08/1978";"018822542216";4;"FEMININO";8;"SUPERIOR COMPLETO";1;"SOLTEIRO(A)";"03";"PARDA";134;"ASSISTENTE SOCIAL";5;"SUPLENTE"
"23/06/2021";"18:50:53";2014;2;"ELEIÇÃO ORDINÁRIA";1;143;"Eleições Gerais 2014";"05/10/2014";"FEDERAL";"AM";"AM";"AMAZONAS";7;"DEPUTADO ESTADUAL";40000000427;25111;"ROBSON DA SILVA TEIXEIRA";"RAULZINHO";"#NULO#";"41836618204";"RAULZINHOMANAUS@HOTMAIL.COM";12;"APTO";"COLIGAÇÃO";25;"DEM";"DEMOCRATAS";-1;"#NULO#";"#NULO#";"#NULO#";40000000048;"FAZENDO MAIS POR NOSSA GENTE II";"DEM / PATRIOTA / PHS";"AM";"08/02/1974";"016029092275";2;"MASCULINO";3;"ENSINO FUNDAMENTAL INCOMPLETO";3;"CASADO(A)";"01";"BRANCA";999;"OUTROS";5;"SUPLENTE"
"23/06/2021";"18:50:53";2014;2;"ELEIÇÃO ORDINÁRIA";1;143;"Eleições Gerais 2014";"05/10/2014";"FEDERAL";"AM";"AM";"AMAZONAS";7;"DEPUTADO ESTADUAL";40000000578;65187;"MARIA NATIVIDADE DA SILVA RODRIGUES";"NATI RODRIGUES";"#NULO#";"13446428291";"#NULO#";12;"APTO";"PARTIDO ISOLADO";65;"PC do B";"PARTIDO COMUNISTA DO BRASIL";-1;"#NULO#";"#NULO#";"#NULO#";40000000051;"PARTIDO ISOLADO";"PC do B";"AM";"06/02/1959";"004313392291";4;"FEMININO";7;"SUPERIOR INCOMPLETO";1;"SOLTEIRO(A)";"03";"PARDA";103;"AGRÔNOMO";5;"SUPLENTE"
"23/06/2021";"18:50:53";2014;2;"ELEIÇÃO ORDINÁRIA";1;143;"Eleições Gerais 2014";"05/10/2014";"FEDERAL";"AM";"AM";"AMAZONAS";7;"DEPUTADO ESTADUAL";40000000662;22123;"SEBASTIÃO DA SILVA REIS";"SABA REIS";"#NULO#";"24004260230";"PR22-AM@HOTMAIL.COM";12;"APTO";"COLIGAÇÃO";22;"PR";"PARTIDO DA REPÚBLICA";-1;"#NULO#";"#NULO#";"#NULO#";40000000053;"FAZENDO MAIS POR NOSSA GENTE III";"PR / PT do B / PSL / SD / PRP";"AM";"24/03/1955";"000711012224";2;"MASCULINO";8;"SUPERIOR COMPLETO";9;"DIVORCIADO(A)";"03";"PARDA";134;"ASSISTENTE SOCIAL";3;"ELEITO POR MÉDIA"
"23/06/2021";"18:50:53";2014;2;"ELEIÇÃO ORDINÁRIA";1;143;"Eleições Gerais 2014";"05/10/2014";"FEDERAL";"AM";"AM";"AMAZONAS";7;"DEPUTADO ESTADUAL";40000000448;31789;"JOSÉ RODRIGUES MOURÃO";"PROF. JOSÉ MOURÃO";"#NULO#";"07525656215";"#NULO#";12;"APTO";"COLIGAÇÃO";31;"PHS";"PARTIDO HUMANISTA DA SOLIDARIEDADE";-1;"#NULO#";"#NULO#";"#NULO#";40000000048;"FAZENDO MAIS POR NOSSA GENTE II";"DEM / PATRIOTA / PHS";"CE";"26/07/1950";"000271192259";2;"MASCULINO";8;"SUPERIOR COMPLETO";3;"CASADO(A)";"01";"BRANCA";266;"PROFESSOR DE ENSINO MÉDIO";5;"SUPLENTE"
"23/06/2021";"18:50:53";2014;2;"ELEIÇÃO ORDINÁRIA";1;143;"Eleições Gerais 2014";"05/10/2014";"FEDERAL";"AM";"AM";"AMAZONAS";7;"DEPUTADO ESTADUAL";40000000624;40840;"RITA MARIA DA SILVA SIQUEIRA";"RITINHA SIQUEIRA";"#NULO#";"57120986287";"#NULO#";12;"APTO";"PARTIDO ISOLADO";40;"PSB";"PARTIDO SOCIALISTA BRASILEIRO";-1;"#NULO#";"#NULO#";"#NULO#";40000000052;"PARTIDO ISOLADO";"PSB";"AM";"14/02/1975";"016052762259";4;"FEMININO";6;"ENSINO MÉDIO COMPLETO";1;"SOLTEIRO(A)";"03";"PARDA";298;"SERVIDOR PÚBLICO MUNICIPAL";5;"SUPLENTE"
"23/06/2021";"18:50:53";2014;2;"ELEIÇÃO ORDINÁRIA";1;143;"Eleições Gerais 2014";"05/10/2014";"FEDERAL";"AM";"AM";"AMAZONAS";7;"DEPUTADO ESTADUAL";40000000457;31010;"ÁDREA MARIA XAVIER LIRA";"ÁDRIA LIRA";"#NULO#";"72658452268";"#NULO#";12;"APTO";"COLIGAÇÃO";31;"PHS";"PARTIDO HUMANISTA DA SOLIDARIEDADE";-1;"#NULO#";"#NULO#";"#NULO#";40000000048;"FAZENDO MAIS POR NOSSA GENTE II";"DEM / PATRIOTA / PHS";"AM";"04/02/1973";"012942542259";4;"FEMININO";6;"ENSINO MÉDIO COMPLETO";3;"CASADO(A)";"03";"PARDA";109;"AGENTE DE SAÚDE E SANITARISTA";5;"SUPLENTE"
"23/06/2021";"18:50:53";2014;2;"ELEIÇÃO ORDINÁRIA";1;143;"Eleições Gerais 2014";"05/10/2014";"FEDERAL";"AM";"AM";"AMAZONAS";7;"DEPUTADO ESTADUAL";40000000675;17190;"JACO MENEZES FERNANDES";"CB JACO FERNANDES";"#NULO#";"34576991272";"JACOFERNANDES1@YAHOO.COM.BR";12;"APTO";"COLIGAÇÃO";17;"PSL";"PARTIDO SOCIAL LIBERAL";-1;"#NULO#";"#NULO#";"#NULO#";40000000053;"FAZENDO MAIS POR NOSSA GENTE III";"PR / PT do B / PSL / SD / PRP";"AM";"21/01/1969";"010971832216";2;"MASCULINO";8;"SUPERIOR COMPLETO";9;"DIVORCIADO(A)";"03";"PARDA";233;"POLICIAL MILITAR";5;"SUPLENTE"
"23/06/2021";"18:50:53";2014;2;"ELEIÇÃO ORDINÁRIA";1;143;"Eleições Gerais 2014";"05/10/2014";"FEDERAL";"AM";"AM";"AMAZONAS";7;"DEPUTADO ESTADUAL";40000000113;11171;"SOCORRO MARIA ROCHA DE LIRA";"SOCORRO LIRA";"#NULO#";"31425364268";"#NULO#";12;"APTO";"COLIGAÇÃO";11;"PP";"PARTIDO PROGRESSISTA";-1;"#NULO#";"#NULO#";"#NULO#";40000000023;"RENOVAÇÃO E EXPERIÊNCIA 1";"PMDB / PP / PT / PTB / PRB";"AM";"18/05/1971";"010817032240";4;"FEMININO";7;"SUPERIOR INCOMPLETO";3;"CASADO(A)";"03";"PARDA";390;"SECRETÁRIO E DATILÓGRAFO";5;"SUPLENTE"
"23/06/2021";"18:50:53";2014;2;"ELEIÇÃO ORDINÁRIA";1;143;"Eleições Gerais 2014";"05/10/2014";"FEDERAL";"AM";"AM";"AMAZONAS";7;"DEPUTADO ESTADUAL";40000000982;43774;"ROSA MARIA OLIVEIRA DA SILVA";"DONA ROSA";"#NULO#";"40681530278";"#NULO#";3;"INAPTO";"COLIGAÇÃO";43;"PV";"PARTIDO VERDE";-1;"#NULO#";"#NULO#";"#NULO#";40000000044;"JUNTOS PELO POVO";"PV / PTC";"PA";"12/02/1961";"004767712232";4;"FEMININO";8;"SUPERIOR COMPLETO";3;"CASADO(A)";"03";"PARDA";923;"APOSENTADO (EXCETO SERVIDOR PÚBLICO)";-1;"#NULO#"
"23/06/2021";"18:50:53";2014;2;"ELEIÇÃO ORDINÁRIA";1;143;"Eleições Gerais 2014";"05/10/2014";"FEDERAL";"AM";"AM";"AMAZONAS";7;"DEPUTADO ESTADUAL";40000000165;13111;"ANTONIO PEIXOTO DE OLIVEIRA";"PEIXOTO DO PT";"#NULO#";"11965614272";"#NULO#";12;"APTO";"COLIGAÇÃO";13;"PT";"PARTIDO DOS TRABALHADORES";-1;"#NULO#";"#NULO#";"#NULO#";40000000023;"RENOVAÇÃO E EXPERIÊNCIA 1";"PMDB / PP / PT / PTB / PRB";"AM";"14/01/1955";"000250682267";2;"MASCULINO";3;"ENSINO FUNDAMENTAL INCOMPLETO";3;"CASADO(A)";"03";"PARDA";601;"AGRICULTOR";5;"SUPLENTE"
"23/06/2021";"18:50:53";2014;2;"ELEIÇÃO ORDINÁRIA";1;143;"Eleições Gerais 2014";"05/10/2014";"FEDERAL";"AM";"AM";"AMAZONAS";7;"DEPUTADO ESTADUAL";40000000433;25325;"ANTÔNIO CARMO DE LIMA";"CEARÁ DO SANTO ETELVINA";"#NULO#";"16331230300";"#NULO#";12;"APTO";"COLIGAÇÃO";25;"DEM";"DEMOCRATAS";-1;"#NULO#";"#NULO#";"#NULO#";40000000048;"FAZENDO MAIS POR NOSSA GENTE II";"DEM / PATRIOTA / PHS";"CE";"21/05/1955";"004942112267";2;"MASCULINO";4;"ENSINO FUNDAMENTAL COMPLETO";3;"CASADO(A)";"01";"BRANCA";999;"OUTROS";5;"SUPLENTE"
"23/06/2021";"18:50:53";2014;2;"ELEIÇÃO ORDINÁRIA";1;143;"Eleições Gerais 2014";"05/10/2014";"FEDERAL";"AM";"AM";"AMAZONAS";7;"DEPUTADO ESTADUAL";40000000546;45888;"MARILIA SOUZA RAPOSO";"MARILIA RAPOSO";"#NULO#";"93767765268";"#NULO#";12;"APTO";"COLIGAÇÃO";45;"PSDB";"PARTIDO DA SOCIAL DEMOCRACIA BRASILEIRA";-1;"#NULO#";"#NULO#";"#NULO#";40000000050;"FAZENDO MAIS POR NOSSA GENTE 1";"PROS / PSD / PSDB / PSC";"AM";"15/07/1988";"032803142216";4;"FEMININO";8;"SUPERIOR COMPLETO";1;"SOLTEIRO(A)";"03";"PARDA";999;"OUTROS";5;"SUPLENTE"
"23/06/2021";"18:50:53";2014;2;"ELEIÇÃO ORDINÁRIA";1;143;"Eleições Gerais 2014";"05/10/2014";"FEDERAL";"AM";"AM";"AMAZONAS";6;"DEPUTADO FEDERAL";40000000756;4400;"ELSON CARVALHO BEZERRA";"ELSON BEZERRA";"#NULO#";"02673380230";"#NULO#";3;"INAPTO";"PARTIDO ISOLADO";44;"PRP";"PARTIDO REPUBLICANO PROGRESSISTA";-1;"#NULO#";"#NULO#";"#NULO#";40000000055;"PARTIDO ISOLADO";"PRP";"AM";"21/08/1952";"011077772283";2;"MASCULINO";8;"SUPERIOR COMPLETO";3;"CASADO(A)";"03";"PARDA";101;"ENGENHEIRO";-1;"#NULO#"
"23/06/2021";"18:50:53";2014;2;"ELEIÇÃO ORDINÁRIA";1;143;"Eleições Gerais 2014";"05/10/2014";"FEDERAL";"AM";"AM";"AMAZONAS";7;"DEPUTADO ESTADUAL";40000000041;19118;"MARIA DE NAZARÉ GOMES DE SOUZA";"NAZARÉ GOMES";"#NULO#";"52111032204";"NAZAREGOMES16@HOTMAIL.COM";12;"APTO";"COLIGAÇÃO";19;"PTN";"PARTIDO TRABALHISTA NACIONAL";-1;"#NULO#";"#NULO#";"#NULO#";40000000021;"FAZENDO MAIS PELA NOSSA GENTE 5";"PTN / PRTB";"AM";"16/06/1977";"017393932208";4;"FEMININO";8;"SUPERIOR COMPLETO";9;"DIVORCIADO(A)";"03";"PARDA";134;"ASSISTENTE SOCIAL";5;"SUPLENTE"
"23/06/2021";"18:50:53";2014;2;"ELEIÇÃO ORDINÁRIA";1;143;"Eleições Gerais 2014";"05/10/2014";"FEDERAL";"AM";"AM";"AMAZONAS";7;"DEPUTADO ESTADUAL";40000000682;17123;"EMIDIO NIRO KOHASHI";"NIRO JAPONES";"#NULO#";"19256590204";"MARIOKOHASHI@YAHOO.COM.BR";12;"APTO";"COLIGAÇÃO";17;"PSL";"PARTIDO SOCIAL LIBERAL";-1;"#NULO#";"#NULO#";"#NULO#";40000000053;"FAZENDO MAIS POR NOSSA GENTE III";"PR / PT do B / PSL / SD / PRP";"AM";"15/10/1965";"004969712259";2;"MASCULINO";8;"SUPERIOR COMPLETO";3;"CASADO(A)";"03";"PARDA";297;"SERVIDOR PÚBLICO ESTADUAL";5;"SUPLENTE"
"23/06/2021";"18:50:53";2014;2;"ELEIÇÃO ORDINÁRIA";1;143;"Eleições Gerais 2014";"05/10/2014";"FEDERAL";"AM";"AM";"AMAZONAS";7;"DEPUTADO ESTADUAL";40000000045;19666;"MAURO TEIXEIRA PIRES JUNIOR";"MAURO TEIXEIRA";"#NULO#";"44146795249";"MAUROTPJ@YAHOO.COM.BR";12;"APTO";"COLIGAÇÃO";19;"PTN";"PARTIDO TRABALHISTA NACIONAL";-1;"#NULO#";"#NULO#";"#NULO#";40000000021;"FAZENDO MAIS PELA NOSSA GENTE 5";"PTN / PRTB";"SP";"07/07/1974";"015904222291";2;"MASCULINO";8;"SUPERIOR COMPLETO";9;"DIVORCIADO(A)";"03";"PARDA";134;"ASSISTENTE SOCIAL";5;"SUPLENTE"
"23/06/2021";"18:50:53";2014;2;"ELEIÇÃO ORDINÁRIA";1;143;"Eleições Gerais 2014";"05/10/2014";"FEDERAL";"AM";"AM";"AMAZONAS";7;"DEPUTADO ESTADUAL";40000000464;25963;"CAMILA RAMOS FERREIRA";"CAMILA FERREIRA";"#NULO#";"01444251228";"#NULO#";12;"APTO";"COLIGAÇÃO";25;"DEM";"DEMOCRATAS";-1;"#NULO#";"#NULO#";"#NULO#";40000000048;"FAZENDO MAIS POR NOSSA GENTE II";"DEM / PATRIOTA / PHS";"AM";"21/05/1991";"034887552259";4;"FEMININO";6;"ENSINO MÉDIO COMPLETO";9;"DIVORCIADO(A)";"01";"BRANCA";257;"EMPRESÁRIO";5;"SUPLENTE"
"23/06/2021";"18:50:53";2014;2;"ELEIÇÃO ORDINÁRIA";1;143;"Eleições Gerais 2014";"05/10/2014";"FEDERAL";"AM";"AM";"AMAZONAS";7;"DEPUTADO ESTADUAL";40000000590;65165;"ISIS LITAIFF DE SOUZA";"ISIS LITAIFF";"#NULO#";"38463318215";"ISSISLITAIFF@HOTMAIL.COM";3;"INAPTO";"PARTIDO ISOLADO";65;"PC do B";"PARTIDO COMUNISTA DO BRASIL";-1;"#NULO#";"#NULO#";"#NULO#";40000000051;"PARTIDO ISOLADO";"PC do B";"AM";"07/08/1965";"011383702240";4;"FEMININO";8;"SUPERIOR COMPLETO";9;"DIVORCIADO(A)";"01";"BRANCA";265;"PROFESSOR DE ENSINO FUNDAMENTAL";4;"NÃO ELEITO"
"23/06/2021";"18:50:53";2014;2;"ELEIÇÃO ORDINÁRIA";1;143;"Eleições Gerais 2014";"05/10/2014";"FEDERAL";"AM";"AM";"AMAZONAS";7;"DEPUTADO ESTADUAL";40000000243;43043;"EVERALDO FARIAS LIMA";"EVERALDO FARIAS";"#NULO#";"32126425215";"EVERALDOFARIAS43@GMAIL.COM";12;"APTO";"COLIGAÇÃO";43;"PV";"PARTIDO VERDE";-1;"#NULO#";"#NULO#";"#NULO#";40000000044;"JUNTOS PELO POVO";"PV / PTC";"AM";"17/02/1973";"011397472208";2;"MASCULINO";8;"SUPERIOR COMPLETO";3;"CASADO(A)";"03";"PARDA";125;"ADMINISTRADOR";5;"SUPLENTE"
"23/06/2021";"18:50:53";2014;2;"ELEIÇÃO ORDINÁRIA";1;143;"Eleições Gerais 2014";"05/10/2014";"FEDERAL";"AM";"AM";"AMAZONAS";7;"DEPUTADO ESTADUAL";40000000787;27123;"LEANDRO RIBEIRO PAIXAO";"LEANDRO RIBEIRO";"#NULO#";"33436296856";"#NULO#";12;"APTO";"COLIGAÇÃO";27;"PSDC";"PARTIDO SOCIAL DEMOCRATA CRISTÃO";-1;"#NULO#";"#NULO#";"#NULO#";40000000056;"RENOVAÇÃO E EXPERIÊNCIA 2";"PSDC / PPL";"AM";"19/11/1984";"318393500167";2;"MASCULINO";6;"ENSINO MÉDIO COMPLETO";3;"CASADO(A)";"01";"BRANCA";166;"LOCUTOR E COMENTARISTA DE RÁDIO E TELEVISÃO E RADIALISTA";4;"NÃO ELEITO"
"23/06/2021";"18:50:53";2014;2;"ELEIÇÃO ORDINÁRIA";1;143;"Eleições Gerais 2014";"05/10/2014";"FEDERAL";"AM";"AM";"AMAZONAS";7;"DEPUTADO ESTADUAL";40000000228;23312;"OZILENE SILVA TAVARES";"LENE TAVARES";"#NULO#";"20031653200";"TEMPODEAGIR@GMAIL.COM";12;"APTO";"COLIGAÇÃO";23;"PPS";"PARTIDO POPULAR SOCIALISTA";-1;"#NULO#";"#NULO#";"#NULO#";40000000043;"Renovação e Coragem";"PPS / PDT";"PA";"02/07/1967";"002782042690";4;"FEMININO";7;"SUPERIOR INCOMPLETO";3;"CASADO(A)";"03";"PARDA";999;"OUTROS";5;"SUPLENTE"
"23/06/2021";"18:50:53";2014;2;"ELEIÇÃO ORDINÁRIA";1;143;"Eleições Gerais 2014";"05/10/2014";"FEDERAL";"AM";"AM";"AMAZONAS";7;"DEPUTADO ESTADUAL";40000000279;36036;"JEOVAM JORGE MARTINIANO BARBOSA";"JB ITACOATIARA";"#NULO#";"19318715234";"#NULO#";3;"INAPTO";"COLIGAÇÃO";36;"PTC";"PARTIDO TRABALHISTA CRISTÃO";-1;"#NULO#";"#NULO#";"#NULO#";40000000044;"JUNTOS PELO POVO";"PV / PTC";"AM";"21/10/1963";"000604162208";2;"MASCULINO";6;"ENSINO MÉDIO COMPLETO";1;"SOLTEIRO(A)";"03";"PARDA";155;"TÉCNICO DE MECÂNICA";4;"NÃO ELEITO"
"23/06/2021";"18:50:53";2014;2;"ELEIÇÃO ORDINÁRIA";1;143;"Eleições Gerais 2014";"05/10/2014";"FEDERAL";"AM";"AM";"AMAZONAS";7;"DEPUTADO ESTADUAL";40000000219;23222;"LAURIMAR WAGNO DE OLIVEIRA JUNIOR";"WAGNO OLIVEIRA";"#NULO#";"77597435215";"WAGNOOLIVEIRA@HOTMAIL.COM";12;"APTO";"COLIGAÇÃO";23;"PPS";"PARTIDO POPULAR SOCIALISTA";-1;"#NULO#";"#NULO#";"#NULO#";40000000043;"Renovação e Coragem";"PPS / PDT";"AM";"08/09/1980";"030085822291";2;"MASCULINO";7;"SUPERIOR INCOMPLETO";1;"SOLTEIRO(A)";"01";"BRANCA";257;"EMPRESÁRIO";5;"SUPLENTE"
"23/06/2021";"18:50:53";2014;2;"ELEIÇÃO ORDINÁRIA";1;143;"Eleições Gerais 2014";"05/10/2014";"FEDERAL";"AM";"AM";"AMAZONAS";7;"DEPUTADO ESTADUAL";40000000549;45333;"OSMAR RENATO RODRIGUES NETTO";"OSMAR RODRIGUES";"#NULO#";"20245327215";"OSMARNETTON@BOL.COM.BR";3;"INAPTO";"COLIGAÇÃO";45;"PSDB";"PARTIDO DA SOCIAL DEMOCRACIA BRASILEIRA";-1;"#NULO#";"#NULO#";"#NULO#";40000000050;"FAZENDO MAIS POR NOSSA GENTE 1";"PROS / PSD / PSDB / PSC";"AM";"25/02/1964";"004689162208";2;"MASCULINO";8;"SUPERIOR COMPLETO";3;"CASADO(A)";"05";"INDÍGENA";296;"SERVIDOR PÚBLICO FEDERAL";4;"NÃO ELEITO"
"23/06/2021";"18:50:53";2014;2;"ELEIÇÃO ORDINÁRIA";1;143;"Eleições Gerais 2014";"05/10/2014";"FEDERAL";"AM";"AM";"AMAZONAS";7;"DEPUTADO ESTADUAL";40000000637;40640;"ROBSON FERREIRA DIOZA";"DIOZA DO MAUAZINHO";"#NULO#";"07129398736";"ROBSONDIOZA@GMAIL.COM";12;"APTO";"PARTIDO ISOLADO";40;"PSB";"PARTIDO SOCIALISTA BRASILEIRO";-1;"#NULO#";"#NULO#";"#NULO#";40000000052;"PARTIDO ISOLADO";"PSB";"RJ";"06/11/1978";"107478170302";2;"MASCULINO";8;"SUPERIOR COMPLETO";1;"SOLTEIRO(A)";"01";"BRANCA";295;"MEMBRO DAS FORÇAS ARMADAS";5;"SUPLENTE"
"23/06/2021";"18:50:53";2014;2;"ELEIÇÃO ORDINÁRIA";1;143;"Eleições Gerais 2014";"05/10/2014";"FEDERAL";"AM";"AM";"AMAZONAS";7;"DEPUTADO ESTADUAL";40000000004;16016;"ENEIDA MARIA SILVA LOPES VASCONCELOS";"ENEIDA MARIA";"#NULO#";"34272658204";"#NULO#";12;"APTO";"PARTIDO ISOLADO";16;"PSTU";"PARTIDO SOCIALISTA DOS TRABALHADORES UNIFICADO";-1;"#NULO#";"#NULO#";"#NULO#";40000000001;"PARTIDO ISOLADO";"PSTU";"CE";"05/01/1968";"004020082216";4;"FEMININO";8;"SUPERIOR COMPLETO";3;"CASADO(A)";"01";"BRANCA";265;"PROFESSOR DE ENSINO FUNDAMENTAL";4;"NÃO ELEITO"
"23/06/2021";"18:50:53";2014;2;"ELEIÇÃO ORDINÁRIA";1;143;"Eleições Gerais 2014";"05/10/2014";"FEDERAL";"AM";"AM";"AMAZONAS";7;"DEPUTADO ESTADUAL";40000000035;19789;"JOEL BANDEIRA MAIA";"JOEL BANDEIRA";"#NULO#";"31022545272";"#NULO#";12;"APTO";"COLIGAÇÃO";19;"PTN";"PARTIDO TRABALHISTA NACIONAL";-1;"#NULO#";"#NULO#";"#NULO#";40000000021;"FAZENDO MAIS PELA NOSSA GENTE 5";"PTN / PRTB";"AM";"09/11/1969";"010715892240";2;"MASCULINO";8;"SUPERIOR COMPLETO";3;"CASADO(A)";"01";"BRANCA";257;"EMPRESÁRIO";5;"SUPLENTE"
"23/06/2021";"18:50:53";2014;2;"ELEIÇÃO ORDINÁRIA";1;143;"Eleições Gerais 2014";"05/10/2014";"FEDERAL";"AM";"AM";"AMAZONAS";7;"DEPUTADO ESTADUAL";40000000596;65147;"WILSON FERREIRA LISBOA";"DR WILSON LISBOA";"#NULO#";"05262950230";"#NULO#";3;"INAPTO";"PARTIDO ISOLADO";65;"PC do B";"PARTIDO COMUNISTA DO BRASIL";-1;"#NULO#";"#NULO#";"#NULO#";40000000051;"PARTIDO ISOLADO";"PC do B";"AM";"26/08/1954";"001397762216";2;"MASCULINO";8;"SUPERIOR COMPLETO";3;"CASADO(A)";"03";"PARDA";111;"MÉDICO";4;"NÃO ELEITO"
"23/06/2021";"18:50:53";2014;2;"ELEIÇÃO ORDINÁRIA";1;143;"Eleições Gerais 2014";"05/10/2014";"FEDERAL";"AM";"AM";"AMAZONAS";7;"DEPUTADO ESTADUAL";40000000629;40258;"EDILZETE SILVA NUNES";"EDILZETE SILVA";"#NULO#";"44101392234";"#NULO#";12;"APTO";"PARTIDO ISOLADO";40;"PSB";"PARTIDO SOCIALISTA BRASILEIRO";-1;"#NULO#";"#NULO#";"#NULO#";40000000052;"PARTIDO ISOLADO";"PSB";"AM";"18/02/1976";"016049042275";4;"FEMININO";6;"ENSINO MÉDIO COMPLETO";1;"SOLTEIRO(A)";"03";"PARDA";298;"SERVIDOR PÚBLICO MUNICIPAL";5;"SUPLENTE"
"23/06/2021";"18:50:53";2014;2;"ELEIÇÃO ORDINÁRIA";1;143;"Eleições Gerais 2014";"05/10/2014";"FEDERAL";"AM";"AM";"AMAZONAS";7;"DEPUTADO ESTADUAL";40000000777;27003;"MARCUS VINICIUS MARQUES PESSOA";"MARCUS PESSOA";"#NULO#";"82338132220";"MVMPESSOA@GMAIL.COM";12;"APTO";"COLIGAÇÃO";27;"PSDC";"PARTIDO SOCIAL DEMOCRATA CRISTÃO";-1;"#NULO#";"#NULO#";"#NULO#";40000000056;"RENOVAÇÃO E EXPERIÊNCIA 2";"PSDC / PPL";"AM";"19/04/1985";"022946362259";2;"MASCULINO";8;"SUPERIOR COMPLETO";3;"CASADO(A)";"01";"BRANCA";257;"EMPRESÁRIO";4;"NÃO ELEITO"
"23/06/2021";"18:50:53";2014;2;"ELEIÇÃO ORDINÁRIA";1;143;"Eleições Gerais 2014";"05/10/2014";"FEDERAL";"AM";"AM";"AMAZONAS";7;"DEPUTADO ESTADUAL";40000000772;27237;"JOSÉ EDIMILSON MAIA BRITO";"EDIMILSON MAIA";"#NULO#";"20040229220";"#NULO#";12;"APTO";"COLIGAÇÃO";27;"PSDC";"PARTIDO SOCIAL DEMOCRATA CRISTÃO";-1;"#NULO#";"#NULO#";"#NULO#";40000000056;"RENOVAÇÃO E EXPERIÊNCIA 2";"PSDC / PPL";"AM";"10/02/1964";"004295202208";2;"MASCULINO";6;"ENSINO MÉDIO COMPLETO";3;"CASADO(A)";"03";"PARDA";257;"EMPRESÁRIO";4;"NÃO ELEITO"
"23/06/2021";"18:50:53";2014;2;"ELEIÇÃO ORDINÁRIA";1;143;"Eleições Gerais 2014";"05/10/2014";"FEDERAL";"AM";"AM";"AMAZONAS";7;"DEPUTADO ESTADUAL";40000000672;77222;"WANESSA GALIZA MALTA DE OLIVEIRA";"WANESSA MALTA";"#NULO#";"51578492220";"WANESSAOLIVEIRA19@HOTMAIL.COM";12;"APTO";"COLIGAÇÃO";77;"SD";"SOLIDARIEDADE";-1;"#NULO#";"#NULO#";"#NULO#";40000000053;"FAZENDO MAIS POR NOSSA GENTE III";"PR / PT do B / PSL / SD / PRP";"AM";"14/03/1983";"022813422208";4;"FEMININO";8;"SUPERIOR COMPLETO";1;"SOLTEIRO(A)";"01";"BRANCA";931;"ESTUDANTE, BOLSISTA, ESTAGIÁRIO E ASSEMELHADOS";5;"SUPLENTE"
"23/06/2021";"18:50:53";2014;2;"ELEIÇÃO ORDINÁRIA";1;143;"Eleições Gerais 2014";"05/10/2014";"FEDERAL";"AM";"AM";"AMAZONAS";7;"DEPUTADO ESTADUAL";40000000621;40121;"MILENA DA CRUZ DE ARAUJO";"MILENA CRUZ";"#NULO#";"88616622268";"#NULO#";12;"APTO";"PARTIDO ISOLADO";40;"PSB";"PARTIDO SOCIALISTA BRASILEIRO";-1;"#NULO#";"#NULO#";"#NULO#";40000000052;"PARTIDO ISOLADO";"PSB";"AM";"09/08/1981";"023236042232";4;"FEMININO";7;"SUPERIOR INCOMPLETO";1;"SOLTEIRO(A)";"03";"PARDA";298;"SERVIDOR PÚBLICO MUNICIPAL";5;"SUPLENTE"
"23/06/2021";"18:50:53";2014;2;"ELEIÇÃO ORDINÁRIA";1;143;"Eleições Gerais 2014";"05/10/2014";"FEDERAL";"AM";"AM";"AMAZONAS";6;"DEPUTADO FEDERAL";40000000185;2111;"MARCELO FURTADO MACHADO LEITÃO";"MARCELO LEITÃO";"#NULO#";"01142427200";"MARCELO_LEITAO25@YAHOO.COM";12;"APTO";"PARTIDO ISOLADO";21;"PCB";"PARTIDO COMUNISTA BRASILEIRO";-1;"#NULO#";"#NULO#";"#NULO#";40000000042;"PARTIDO ISOLADO";"PCB";"AM";"01/12/1990";"035465882232";2;"MASCULINO";7;"SUPERIOR INCOMPLETO";1;"SOLTEIRO(A)";"01";"BRANCA";394;"AUXILIAR DE ESCRITÓRIO E ASSEMELHADOS";4;"NÃO ELEITO"
"23/06/2021";"18:50:53";2014;2;"ELEIÇÃO ORDINÁRIA";1;143;"Eleições Gerais 2014";"05/10/2014";"FEDERAL";"AM";"AM";"AMAZONAS";7;"DEPUTADO ESTADUAL";40000000449;31567;"ELIANDRO JORGE NOGUEIRA DE ARAÚJO";"LICO ARAÚJO";"#NULO#";"24026867234";"#NULO#";12;"APTO";"COLIGAÇÃO";31;"PHS";"PARTIDO HUMANISTA DA SOLIDARIEDADE";-1;"#NULO#";"#NULO#";"#NULO#";40000000048;"FAZENDO MAIS POR NOSSA GENTE II";"DEM / PATRIOTA / PHS";"AM";"14/03/1965";"004041632216";2;"MASCULINO";7;"SUPERIOR INCOMPLETO";1;"SOLTEIRO(A)";"03";"PARDA";999;"OUTROS";5;"SUPLENTE"
"23/06/2021";"18:50:53";2014;2;"ELEIÇÃO ORDINÁRIA";1;143;"Eleições Gerais 2014";"05/10/2014";"FEDERAL";"AM";"AM";"AMAZONAS";7;"DEPUTADO ESTADUAL";40000000101;11011;"ÁLVARO JOÃO CAMPELO DA MATA";"ÁLVARO CAMPELO";"#NULO#";"49315781287";"PP_AM_11@HOTMAIL.COM";12;"APTO";"COLIGAÇÃO";11;"PP";"PARTIDO PROGRESSISTA";-1;"#NULO#";"#NULO#";"#NULO#";40000000023;"RENOVAÇÃO E EXPERIÊNCIA 1";"PMDB / PP / PT / PTB / PRB";"AM";"19/11/1975";"015836832259";2;"MASCULINO";8;"SUPERIOR COMPLETO";3;"CASADO(A)";"01";"BRANCA";278;"VEREADOR";5;"SUPLENTE"
"23/06/2021";"18:50:53";2014;2;"ELEIÇÃO ORDINÁRIA";1;143;"Eleições Gerais 2014";"05/10/2014";"FEDERAL";"AM";"AM";"AMAZONAS";7;"DEPUTADO ESTADUAL";40000000650;70113;"MOISES SOARES DA CUNHA";"MOISES CUNHA";"#NULO#";"62230964291";"MOISES_CINEGRAFISTA.TV44@YAHOO.COM.BR";12;"APTO";"COLIGAÇÃO";70;"PT do B";"PARTIDO TRABALHISTA DO BRASIL";-1;"#NULO#";"#NULO#";"#NULO#";40000000053;"FAZENDO MAIS POR NOSSA GENTE III";"PR / PT do B / PSL / SD / PRP";"RR";"28/02/1980";"017892472232";2;"MASCULINO";6;"ENSINO MÉDIO COMPLETO";1;"SOLTEIRO(A)";"03";"PARDA";167;"OPERADOR DE EQUIPAMENTO DE RÁDIO, TELEVISÃO, SOM E CINEMA";5;"SUPLENTE"
"23/06/2021";"18:50:53";2014;2;"ELEIÇÃO ORDINÁRIA";1;143;"Eleições Gerais 2014";"05/10/2014";"FEDERAL";"AM";"AM";"AMAZONAS";7;"DEPUTADO ESTADUAL";40000001003;19445;"LIDIA KELLY LOPES DA SILVA";"LIDIA KELLY";"#NULO#";"78487196268";"#NULO#";12;"APTO";"COLIGAÇÃO";19;"PTN";"PARTIDO TRABALHISTA NACIONAL";-1;"#NULO#";"#NULO#";"#NULO#";40000000021;"FAZENDO MAIS PELA NOSSA GENTE 5";"PTN / PRTB";"AM";"31/12/1982";"022641142291";4;"FEMININO";6;"ENSINO MÉDIO COMPLETO";1;"SOLTEIRO(A)";"03";"PARDA";999;"OUTROS";5;"SUPLENTE"
"23/06/2021";"18:50:53";2014;2;"ELEIÇÃO ORDINÁRIA";1;143;"Eleições Gerais 2014";"05/10/2014";"FEDERAL";"AM";"AM";"AMAZONAS";6;"DEPUTADO FEDERAL";40000000082;1122;"MARIA DA CONCEIÇÃO SAMPAIO MOURA";"CONCEIÇÃO SAMPAIO";"#NULO#";"23934409253";"DEPUTADACONCEICAOSAMPAIO@ALEAM.GOV.BR";12;"APTO";"COLIGAÇÃO";11;"PP";"PARTIDO PROGRESSISTA";-1;"#NULO#";"#NULO#";"#NULO#";40000000022;"RENOVAÇÃO E EXPERIÊNCIA";"PMDB / PP / PT / PDT / PTB / PPS / PRB / PSDC / PPL / PC do B";"PA";"01/01/1966";"002946212216";4;"FEMININO";7;"SUPERIOR INCOMPLETO";3;"CASADO(A)";"01";"BRANCA";277;"DEPUTADO";2;"ELEITO POR QP"
"23/06/2021";"18:50:53";2014;2;"ELEIÇÃO ORDINÁRIA";1;143;"Eleições Gerais 2014";"05/10/2014";"FEDERAL";"AM";"AM";"AMAZONAS";7;"DEPUTADO ESTADUAL";40000000278;36190;"MOISÉS XAVIER SANTANA";"CABO XAVIER";"#NULO#";"31723780200";"#NULO#";12;"APTO";"COLIGAÇÃO";36;"PTC";"PARTIDO TRABALHISTA CRISTÃO";-1;"#NULO#";"#NULO#";"#NULO#";40000000044;"JUNTOS PELO POVO";"PV / PTC";"AM";"22/01/1968";"001324182275";2;"MASCULINO";6;"ENSINO MÉDIO COMPLETO";3;"CASADO(A)";"01";"BRANCA";233;"POLICIAL MILITAR";5;"SUPLENTE"
"23/06/2021";"18:50:53";2014;2;"ELEIÇÃO ORDINÁRIA";1;143;"Eleições Gerais 2014";"05/10/2014";"FEDERAL";"AM";"AM";"AMAZONAS";7;"DEPUTADO ESTADUAL";40000000479;25357;"MICHELLE COSTA MONTEIRO";"MICHELLE MONTEIRO";"#NULO#";"52238580263";"#NULO#";3;"INAPTO";"COLIGAÇÃO";25;"DEM";"DEMOCRATAS";-1;"#NULO#";"#NULO#";"#NULO#";40000000048;"FAZENDO MAIS POR NOSSA GENTE II";"DEM / PATRIOTA / PHS";"AM";"12/06/1982";"021181732208";4;"FEMININO";6;"ENSINO MÉDIO COMPLETO";1;"SOLTEIRO(A)";"03";"PARDA";999;"OUTROS";4;"NÃO ELEITO"
"23/06/2021";"18:50:53";2014;2;"ELEIÇÃO ORDINÁRIA";1;143;"Eleições Gerais 2014";"05/10/2014";"FEDERAL";"AM";"AM";"AMAZONAS";6;"DEPUTADO FEDERAL";40000000865;3344;"RODRIGO FROTA";"RODRIGO FROTA";"#NULO#";"28962964848";"PMN33AMAZONAS@GMAIL.COM";12;"APTO";"PARTIDO ISOLADO";33;"PMN";"PARTIDO DA MOBILIZAÇÃO NACIONAL";-1;"#NULO#";"#NULO#";"#NULO#";40000000059;"PARTIDO ISOLADO";"PMN";"AM";"23/02/1978";"228863360183";2;"MASCULINO";8;"SUPERIOR COMPLETO";3;"CASADO(A)";"03";"PARDA";257;"EMPRESÁRIO";4;"NÃO ELEITO"
"23/06/2021";"18:50:53";2014;1;"ELEIÇÃO SUPLEMENTAR";1;268;"Eleição Suplementar Governador AM";"06/08/2017";"ESTADUAL";"AM";"AM";"AMAZONAS";4;"VICE-GOVERNADOR";40000012064;15;"MARCELO RAMOS RODRIGUES";"MARCELO RAMOS";"#NULO#";"43634745215";"PR22-AM@HOTMAIL.COM";12;"APTO";"COLIGAÇÃO";22;"PR";"PARTIDO DA REPÚBLICA";-1;"#NULO#";"#NULO#";"#NULO#";40000000784;"UNIÃO PELO AMAZONAS";"PMDB / PTB / PSDC / PC do B / SD / PR";"AM";"29/08/1973";"013094742224";2;"MASCULINO";8;"SUPERIOR COMPLETO";3;"CASADO(A)";"01";"BRANCA";131;"ADVOGADO";6;"2º TURNO"
"23/06/2021";"18:50:53";2014;2;"ELEIÇÃO ORDINÁRIA";1;143;"Eleições Gerais 2014";"05/10/2014";"FEDERAL";"AM";"AM";"AMAZONAS";7;"DEPUTADO ESTADUAL";40000000069;19556;"CRISTINA LÚCIA FERREIRA PAIVA";"CRIS PAIVA";"#NULO#";"57636281287";"#NULO#";3;"INAPTO";"COLIGAÇÃO";19;"PTN";"PARTIDO TRABALHISTA NACIONAL";-1;"#NULO#";"#NULO#";"#NULO#";40000000021;"FAZENDO MAIS PELA NOSSA GENTE 5";"PTN / PRTB";"PA";"17/01/1976";"016469492267";4;"FEMININO";6;"ENSINO MÉDIO COMPLETO";1;"SOLTEIRO(A)";"01";"BRANCA";298;"SERVIDOR PÚBLICO MUNICIPAL";-1;"#NULO#"
"23/06/2021";"18:50:53";2014;2;"ELEIÇÃO ORDINÁRIA";1;143;"Eleições Gerais 2014";"05/10/2014";"FEDERAL";"AM";"AM";"AMAZONAS";7;"DEPUTADO ESTADUAL";40000000166;13610;"JOSÉ RICARDO WENDLING";"JOSÉ RICARDO";"#NULO#";"18660037200";"#NULO#";12;"APTO";"COLIGAÇÃO";13;"PT";"PARTIDO DOS TRABALHADORES";-1;"#NULO#";"#NULO#";"#NULO#";40000000023;"RENOVAÇÃO E EXPERIÊNCIA 1";"PMDB / PP / PT / PTB / PRB";"RS";"23/06/1964";"004469272259";2;"MASCULINO";8;"SUPERIOR COMPLETO";3;"CASADO(A)";"01";"BRANCA";121;"ECONOMISTA";2;"ELEITO POR QP"
"23/06/2021";"18:50:53";2014;2;"ELEIÇÃO ORDINÁRIA";1;143;"Eleições Gerais 2014";"05/10/2014";"FEDERAL";"AM";"AM";"AMAZONAS";7;"DEPUTADO ESTADUAL";40000000587;65555;"FRANCISCO RODRIGUES BALIEIRO";"BALIEIRO";"#NULO#";"07813341287";"F_BALIEIRO@HOTMAIL.COM";12;"APTO";"PARTIDO ISOLADO";65;"PC do B";"PARTIDO COMUNISTA DO BRASIL";-1;"#NULO#";"#NULO#";"#NULO#";40000000051;"PARTIDO ISOLADO";"PC do B";"AM";"27/04/1956";"004647512232";2;"MASCULINO";8;"SUPERIOR COMPLETO";3;"CASADO(A)";"01";"BRANCA";131;"ADVOGADO";5;"SUPLENTE"
"23/06/2021";"18:50:53";2014;2;"ELEIÇÃO ORDINÁRIA";1;143;"Eleições Gerais 2014";"05/10/2014";"FEDERAL";"AM";"AM";"AMAZONAS";7;"DEPUTADO ESTADUAL";40000000585;65111;"PAULO HENRIQUE REGIS DA CUNHA";"ZÉ BONITINHO";"#NULO#";"63133741268";"#NULO#";12;"APTO";"PARTIDO ISOLADO";65;"PC do B";"PARTIDO COMUNISTA DO BRASIL";-1;"#NULO#";"#NULO#";"#NULO#";40000000051;"PARTIDO ISOLADO";"PC do B";"AM";"23/02/1972";"016067232216";2;"MASCULINO";3;"ENSINO FUNDAMENTAL INCOMPLETO";3;"CASADO(A)";"03";"PARDA";923;"APOSENTADO (EXCETO SERVIDOR PÚBLICO)";5;"SUPLENTE"
"23/06/2021";"18:50:53";2014;1;"ELEIÇÃO SUPLEMENTAR";1;268;"Eleição Suplementar Governador AM";"06/08/2017";"ESTADUAL";"AM";"AM";"AMAZONAS";3;"GOVERNADOR";40000012071;11;"REBECCA MARTINS GARCIA";"REBECCA GARCIA";"#NULO#";"43935117272";"SIPELLI@HOTMAIL.COM";12;"APTO";"COLIGAÇÃO";11;"PP";"PARTIDO PROGRESSISTA";-1;"#NULO#";"#NULO#";"#NULO#";40000000788;"CORAGEM PARA RENOVAR";"PP / PODE / PT do B";"AM";"28/04/1973";"016271842208";4;"FEMININO";8;"SUPERIOR COMPLETO";3;"CASADO(A)";"03";"PARDA";121;"ECONOMISTA";4;"NÃO ELEITO"
"23/06/2021";"18:50:53";2014;2;"ELEIÇÃO ORDINÁRIA";1;143;"Eleições Gerais 2014";"05/10/2014";"FEDERAL";"AM";"AM";"AMAZONAS";7;"DEPUTADO ESTADUAL";40000000271;43167;"MARINETE GUEDES MACIEL";"MARINETE MACIEL";"#NULO#";"62929828234";"#NULO#";3;"INAPTO";"COLIGAÇÃO";43;"PV";"PARTIDO VERDE";-1;"#NULO#";"#NULO#";"#NULO#";40000000044;"JUNTOS PELO POVO";"PV / PTC";"AM";"21/03/1989";"032004802208";4;"FEMININO";6;"ENSINO MÉDIO COMPLETO";1;"SOLTEIRO(A)";"01";"BRANCA";999;"OUTROS";-1;"#NULO#"
"23/06/2021";"18:50:53";2014;2;"ELEIÇÃO ORDINÁRIA";1;143;"Eleições Gerais 2014";"05/10/2014";"FEDERAL";"AM";"AM";"AMAZONAS";9;"1º SUPLENTE";40000001161;131;"FRANCISCO JORGE RIBEIRO GUIMARÃES";"JORGE GUIMARAES";"#NULO#";"13851551249";"JORGEGUIMARAES@HOTMAIL.COM";12;"APTO";"COLIGAÇÃO";13;"PT";"PARTIDO DOS TRABALHADORES";-1;"#NULO#";"#NULO#";"#NULO#";40000000022;"RENOVAÇÃO E EXPERIÊNCIA";"PMDB / PP / PT / PDT / PTB / PPS / PRB / PSDC / PPL / PC do B";"AM";"04/05/1962";"003594452291";2;"MASCULINO";8;"SUPERIOR COMPLETO";3;"CASADO(A)";"03";"PARDA";131;"ADVOGADO";4;"NÃO ELEITO"
"23/06/2021";"18:50:53";2014;2;"ELEIÇÃO ORDINÁRIA";1;143;"Eleições Gerais 2014";"05/10/2014";"FEDERAL";"AM";"AM";"AMAZONAS";7;"DEPUTADO ESTADUAL";40000000519;90456;"NELSON RAIMUNDO DE OLIVEIRA AZEDO";"NELSON AZEDO";"#NULO#";"02758431220";"NELSONAZEDO@HOTMAIL.COM";12;"APTO";"COLIGAÇÃO";90;"PROS";"PARTIDO REPUBLICANO DA ORDEM SOCIAL";-1;"#NULO#";"#NULO#";"#NULO#";40000000050;"FAZENDO MAIS POR NOSSA GENTE 1";"PROS / PSD / PSDB / PSC";"AM";"25/09/1950";"001804162224";2;"MASCULINO";8;"SUPERIOR COMPLETO";3;"CASADO(A)";"03";"PARDA";115;"ODONTÓLOGO";5;"SUPLENTE"
"23/06/2021";"18:50:53";2014;2;"ELEIÇÃO ORDINÁRIA";1;143;"Eleições Gerais 2014";"05/10/2014";"FEDERAL";"AM";"AM";"AMAZONAS";7;"DEPUTADO ESTADUAL";40000000572;65190;"FREDERICO DE SOUZA OLIVEIRA";"TENENTE SOUZA O JACARÉ";"#NULO#";"03116883220";"FREDDYOLIVEIRA@IBEST.COM.BR";12;"APTO";"PARTIDO ISOLADO";65;"PC do B";"PARTIDO COMUNISTA DO BRASIL";-1;"#NULO#";"#NULO#";"#NULO#";40000000051;"PARTIDO ISOLADO";"PC do B";"AM";"04/05/1949";"004894062259";2;"MASCULINO";6;"ENSINO MÉDIO COMPLETO";3;"CASADO(A)";"03";"PARDA";233;"POLICIAL MILITAR";5;"SUPLENTE"
"23/06/2021";"18:50:53";2014;2;"ELEIÇÃO ORDINÁRIA";1;143;"Eleições Gerais 2014";"05/10/2014";"FEDERAL";"AM";"AM";"AMAZONAS";7;"DEPUTADO ESTADUAL";40000000104;11111;"ADJUTO RODRIGUES AFONSO";"ADJUTO AFONSO";"#NULO#";"01882090268";"PP_AM_11@HOTMAIL.COM";12;"APTO";"COLIGAÇÃO";11;"PP";"PARTIDO PROGRESSISTA";-1;"#NULO#";"#NULO#";"#NULO#";40000000023;"RENOVAÇÃO E EXPERIÊNCIA 1";"PMDB / PP / PT / PTB / PRB";"AM";"16/06/1952";"004088702208";2;"MASCULINO";8;"SUPERIOR COMPLETO";3;"CASADO(A)";"03";"PARDA";277;"DEPUTADO";2;"ELEITO POR QP"
"23/06/2021";"18:50:53";2014;2;"ELEIÇÃO ORDINÁRIA";1;143;"Eleições Gerais 2014";"05/10/2014";"FEDERAL";"AM";"AM";"AMAZONAS";9;"1º SUPLENTE";40000000709;500;"RICARDO VASCONCELOS DE SOUZA";"RICARDO VASCONCELOS";"#NULO#";"57782920230";"#NULO#";3;"INAPTO";"PARTIDO ISOLADO";50;"PSOL";"PARTIDO SOCIALISMO E LIBERDADE";-1;"#NULO#";"#NULO#";"#NULO#";40000000054;"PARTIDO ISOLADO";"PSOL";"AM";"07/04/1976";"020339492267";2;"MASCULINO";8;"SUPERIOR COMPLETO";3;"CASADO(A)";"01";"BRANCA";297;"SERVIDOR PÚBLICO ESTADUAL";-1;"#NULO#"
"23/06/2021";"18:50:53";2014;2;"ELEIÇÃO ORDINÁRIA";1;143;"Eleições Gerais 2014";"05/10/2014";"FEDERAL";"AM";"AM";"AMAZONAS";7;"DEPUTADO ESTADUAL";40000000108;11447;"ROBSON NONATO RODRIGUES DA GAMA";"ROBSON GAMA";"#NULO#";"31010199234";"PP_AM_11@HOTMAIL.COM";3;"INAPTO";"COLIGAÇÃO";11;"PP";"PARTIDO PROGRESSISTA";-1;"#NULO#";"#NULO#";"#NULO#";40000000023;"RENOVAÇÃO E EXPERIÊNCIA 1";"PMDB / PP / PT / PTB / PRB";"AM";"07/01/1969";"010255302232";2;"MASCULINO";6;"ENSINO MÉDIO COMPLETO";3;"CASADO(A)";"03";"PARDA";254;"VIGILANTE";-1;"#NULO#"
"23/06/2021";"18:50:53";2014;2;"ELEIÇÃO ORDINÁRIA";1;143;"Eleições Gerais 2014";"05/10/2014";"FEDERAL";"AM";"AM";"AMAZONAS";7;"DEPUTADO ESTADUAL";40000000553;45777;"VALCY FERREIRA DA SILVA";"PROF.  VALCY";"#NULO#";"07815875220";"#NULO#";12;"APTO";"COLIGAÇÃO";45;"PSDB";"PARTIDO DA SOCIAL DEMOCRACIA BRASILEIRA";-1;"#NULO#";"#NULO#";"#NULO#";40000000050;"FAZENDO MAIS POR NOSSA GENTE 1";"PROS / PSD / PSDB / PSC";"AM";"06/11/1957";"000355602275";4;"FEMININO";8;"SUPERIOR COMPLETO";9;"DIVORCIADO(A)";"03";"PARDA";923;"APOSENTADO (EXCETO SERVIDOR PÚBLICO)";5;"SUPLENTE"
"23/06/2021";"18:50:53";2014;2;"ELEIÇÃO ORDINÁRIA";1;143;"Eleições Gerais 2014";"05/10/2014";"FEDERAL";"AM";"AM";"AMAZONAS";7;"DEPUTADO ESTADUAL";40000000141;15111;"QUITERIA ALVES PALHETA";"IRMÃ QUITERIA";"#NULO#";"28509404291";"#NULO#";12;"APTO";"COLIGAÇÃO";15;"PMDB";"PARTIDO DO MOVIMENTO DEMOCRÁTICO BRASILEIRO";-1;"#NULO#";"#NULO#";"#NULO#";40000000023;"RENOVAÇÃO E EXPERIÊNCIA 1";"PMDB / PP / PT / PTB / PRB";"AM";"05/05/1955";"004999372216";4;"FEMININO";6;"ENSINO MÉDIO COMPLETO";1;"SOLTEIRO(A)";"01";"BRANCA";125;"ADMINISTRADOR";5;"SUPLENTE"
"23/06/2021";"18:50:53";2014;2;"ELEIÇÃO ORDINÁRIA";1;143;"Eleições Gerais 2014";"05/10/2014";"FEDERAL";"AM";"AM";"AMAZONAS";7;"DEPUTADO ESTADUAL";40000000031;19655;"EVANDRO PADILHA BARROSO";"DR EVANDRO";"#NULO#";"06145426268";"#NULO#";12;"APTO";"COLIGAÇÃO";19;"PTN";"PARTIDO TRABALHISTA NACIONAL";-1;"#NULO#";"#NULO#";"#NULO#";40000000021;"FAZENDO MAIS PELA NOSSA GENTE 5";"PTN / PRTB";"AM";"06/10/1957";"010733892224";2;"MASCULINO";8;"SUPERIOR COMPLETO";1;"SOLTEIRO(A)";"03";"PARDA";111;"MÉDICO";5;"SUPLENTE"
"23/06/2021";"18:50:53";2014;2;"ELEIÇÃO ORDINÁRIA";1;143;"Eleições Gerais 2014";"05/10/2014";"FEDERAL";"AM";"AM";"AMAZONAS";7;"DEPUTADO ESTADUAL";40000000441;31011;"LUIZA MARTA PEREIRA SEVALHO";"MARTINHA";"#NULO#";"11943874204";"#NULO#";12;"APTO";"COLIGAÇÃO";31;"PHS";"PARTIDO HUMANISTA DA SOLIDARIEDADE";-1;"#NULO#";"#NULO#";"#NULO#";40000000048;"FAZENDO MAIS POR NOSSA GENTE II";"DEM / PATRIOTA / PHS";"AM";"28/07/1952";"004450442224";4;"FEMININO";6;"ENSINO MÉDIO COMPLETO";1;"SOLTEIRO(A)";"03";"PARDA";292;"AGENTE ADMINISTRATIVO";5;"SUPLENTE"
"23/06/2021";"18:50:53";2014;2;"ELEIÇÃO ORDINÁRIA";1;143;"Eleições Gerais 2014";"05/10/2014";"FEDERAL";"AM";"AM";"AMAZONAS";6;"DEPUTADO FEDERAL";40000000339;1919;"SARAH KALILAH FERNANDES FURTADO";"SARAH FURTADO";"#NULO#";"74493876204";"SARAHKALILAH@HOTMAIL.COM";12;"APTO";"COLIGAÇÃO";19;"PTN";"PARTIDO TRABALHISTA NACIONAL";-1;"#NULO#";"#NULO#";"#NULO#";40000000046;"FAZENDO MAIS POR NOSSA GENTE 1.";"PROS / DEM / PSDB / PR / PTN / PSC / PT do B / PTC / PRTB / PATRIOTA / PV / PHS / PSL / PSD / SD";"AM";"13/11/1984";"022781902208";4;"FEMININO";8;"SUPERIOR COMPLETO";1;"SOLTEIRO(A)";"03";"PARDA";999;"OUTROS";5;"SUPLENTE"
"23/06/2021";"18:50:53";2014;2;"ELEIÇÃO ORDINÁRIA";1;143;"Eleições Gerais 2014";"05/10/2014";"FEDERAL";"AM";"AM";"AMAZONAS";7;"DEPUTADO ESTADUAL";40000000731;50150;"ANA CLÁUDIA BOTELHO NÓBREGA";"ANA BOTELHO";"#NULO#";"46399712220";"#NULO#";12;"APTO";"PARTIDO ISOLADO";50;"PSOL";"PARTIDO SOCIALISMO E LIBERDADE";-1;"#NULO#";"#NULO#";"#NULO#";40000000054;"PARTIDO ISOLADO";"PSOL";"AM";"27/04/1970";"016063932275";4;"FEMININO";6;"ENSINO MÉDIO COMPLETO";1;"SOLTEIRO(A)";"03";"PARDA";512;"CABELEIREIRO E BARBEIRO";4;"NÃO ELEITO"
"23/06/2021";"18:50:53";2014;2;"ELEIÇÃO ORDINÁRIA";1;143;"Eleições Gerais 2014";"05/10/2014";"FEDERAL";"AM";"AM";"AMAZONAS";7;"DEPUTADO ESTADUAL";40000000288;43006;"EDIMARA COSTA DE ARAÚJO";"EDIMARA COSTA";"#NULO#";"97967459253";"#NULO#";3;"INAPTO";"COLIGAÇÃO";43;"PV";"PARTIDO VERDE";-1;"#NULO#";"#NULO#";"#NULO#";40000000044;"JUNTOS PELO POVO";"PV / PTC";"AM";"05/07/1985";"030720822267";4;"FEMININO";6;"ENSINO MÉDIO COMPLETO";1;"SOLTEIRO(A)";"01";"BRANCA";999;"OUTROS";-1;"#NULO#"
"23/06/2021";"18:50:53";2014;2;"ELEIÇÃO ORDINÁRIA";1;143;"Eleições Gerais 2014";"05/10/2014";"FEDERAL";"AM";"AM";"AMAZONAS";7;"DEPUTADO ESTADUAL";40000000588;65328;"JOAO MARTINS";"JOAO MARTINS";"#NULO#";"01177036215";"#NULO#";3;"INAPTO";"PARTIDO ISOLADO";65;"PC do B";"PARTIDO COMUNISTA DO BRASIL";-1;"#NULO#";"#NULO#";"#NULO#";40000000051;"PARTIDO ISOLADO";"PC do B";"AM";"12/01/1933";"010227892208";2;"MASCULINO";2;"LÊ E ESCREVE";9;"DIVORCIADO(A)";"03";"PARDA";999;"OUTROS";-1;"#NULO#"
"23/06/2021";"18:50:53";2014;2;"ELEIÇÃO ORDINÁRIA";1;143;"Eleições Gerais 2014";"05/10/2014";"FEDERAL";"AM";"AM";"AMAZONAS";7;"DEPUTADO ESTADUAL";40000000925;19004;"ALTAIR VIEIRA RODRIGUES";"ALTAIR VIEIRA RODRIGUES";"#NULO#";"03112667204";"#NULO#";12;"APTO";"COLIGAÇÃO";19;"PTN";"PARTIDO TRABALHISTA NACIONAL";-1;"#NULO#";"#NULO#";"#NULO#";40000000021;"FAZENDO MAIS PELA NOSSA GENTE 5";"PTN / PRTB";"AM";"16/01/1941";"019510092283";2;"MASCULINO";6;"ENSINO MÉDIO COMPLETO";3;"CASADO(A)";"03";"PARDA";257;"EMPRESÁRIO";5;"SUPLENTE"
"23/06/2021";"18:50:53";2014;2;"ELEIÇÃO ORDINÁRIA";1;143;"Eleições Gerais 2014";"05/10/2014";"FEDERAL";"AM";"AM";"AMAZONAS";7;"DEPUTADO ESTADUAL";40000000678;17777;"JOÃO WELLIGTON DE MEDEIROS CURSINO";"TONY MEDEIROS";"#NULO#";"16149793249";"TONYMEDEIROSPARINTINS@GMAIL.COM";12;"APTO";"COLIGAÇÃO";17;"PSL";"PARTIDO SOCIAL LIBERAL";-1;"#NULO#";"#NULO#";"#NULO#";40000000053;"FAZENDO MAIS POR NOSSA GENTE III";"PR / PT do B / PSL / SD / PRP";"AM";"02/11/1964";"003067682283";2;"MASCULINO";8;"SUPERIOR COMPLETO";9;"DIVORCIADO(A)";"03";"PARDA";277;"DEPUTADO";5;"SUPLENTE"
"23/06/2021";"18:50:53";2014;2;"ELEIÇÃO ORDINÁRIA";1;143;"Eleições Gerais 2014";"05/10/2014";"FEDERAL";"AM";"AM";"AMAZONAS";7;"DEPUTADO ESTADUAL";40000000863;33000;"ALESSANDRO DOS SANTOS FROIS";"ALESSANDRO FROIS";"#NULO#";"64841480234";"AMAZONEQUIPAMENTOS@UOL.COM.BR";12;"APTO";"PARTIDO ISOLADO";33;"PMN";"PARTIDO DA MOBILIZAÇÃO NACIONAL";-1;"#NULO#";"#NULO#";"#NULO#";40000000059;"PARTIDO ISOLADO";"PMN";"AM";"22/11/1976";"037701522259";2;"MASCULINO";8;"SUPERIOR COMPLETO";3;"CASADO(A)";"01";"BRANCA";257;"EMPRESÁRIO";4;"NÃO ELEITO"
"23/06/2021";"18:50:53";2014;2;"ELEIÇÃO ORDINÁRIA";1;143;"Eleições Gerais 2014";"05/10/2014";"FEDERAL";"AM";"AM";"AMAZONAS";7;"DEPUTADO ESTADUAL";40000000275;36333;"JONAS DOS SANTOS MOURA";"JONAS MOURA";"#NULO#";"33710996287";"#NULO#";12;"APTO";"COLIGAÇÃO";36;"PTC";"PARTIDO TRABALHISTA CRISTÃO";-1;"#NULO#";"#NULO#";"#NULO#";40000000044;"JUNTOS PELO POVO";"PV / PTC";"AM";"23/10/1973";"013151142224";2;"MASCULINO";6;"ENSINO MÉDIO COMPLETO";1;"SOLTEIRO(A)";"01";"BRANCA";999;"OUTROS";5;"SUPLENTE"
"23/06/2021";"18:50:53";2014;2;"ELEIÇÃO ORDINÁRIA";1;143;"Eleições Gerais 2014";"05/10/2014";"FEDERAL";"AM";"AM";"AMAZONAS";7;"DEPUTADO ESTADUAL";40000001183;27275;"ALTIENE DE CARVALHO SALVIANO";"ALTIENE SALVIANO";"#NULO#";"93655398204";"ALTIENE_CARVALHO@HOTMAIL.COM";3;"INAPTO";"COLIGAÇÃO";27;"PSDC";"PARTIDO SOCIAL DEMOCRATA CRISTÃO";-1;"#NULO#";"#NULO#";"#NULO#";40000000056;"RENOVAÇÃO E EXPERIÊNCIA 2";"PSDC / PPL";"AM";"31/12/1984";"023925262240";2;"MASCULINO";6;"ENSINO MÉDIO COMPLETO";1;"SOLTEIRO(A)";"02";"PRETA";257;"EMPRESÁRIO";-1;"#NULO#"
"23/06/2021";"18:50:53";2014;2;"ELEIÇÃO ORDINÁRIA";1;143;"Eleições Gerais 2014";"05/10/2014";"FEDERAL";"AM";"AM";"AMAZONAS";7;"DEPUTADO ESTADUAL";40000000251;43333;"ROBERTO BARRETO DE SOUZA";"ROBERTO BARRETO";"#NULO#";"15534944234";"#NULO#";12;"APTO";"COLIGAÇÃO";43;"PV";"PARTIDO VERDE";-1;"#NULO#";"#NULO#";"#NULO#";40000000044;"JUNTOS PELO POVO";"PV / PTC";"AM";"07/06/1960";"001212922232";2;"MASCULINO";4;"ENSINO FUNDAMENTAL COMPLETO";3;"CASADO(A)";"03";"PARDA";999;"OUTROS";5;"SUPLENTE"
"23/06/2021";"18:50:53";2014;2;"ELEIÇÃO ORDINÁRIA";1;143;"Eleições Gerais 2014";"05/10/2014";"FEDERAL";"AM";"AM";"AMAZONAS";7;"DEPUTADO ESTADUAL";40000000736;50321;"MIGUEL DE MOURA RIBEIRO";"DR. MIGUEL";"#NULO#";"06879489249";"MIGUELRIBEIRO.COARI@HOTMAIL.COM";12;"APTO";"PARTIDO ISOLADO";50;"PSOL";"PARTIDO SOCIALISMO E LIBERDADE";-1;"#NULO#";"#NULO#";"#NULO#";40000000054;"PARTIDO ISOLADO";"PSOL";"AM";"13/07/1958";"002743732666";2;"MASCULINO";8;"SUPERIOR COMPLETO";3;"CASADO(A)";"03";"PARDA";298;"SERVIDOR PÚBLICO MUNICIPAL";4;"NÃO ELEITO"
"23/06/2021";"18:50:53";2014;2;"ELEIÇÃO ORDINÁRIA";1;143;"Eleições Gerais 2014";"05/10/2014";"FEDERAL";"AM";"AM";"AMAZONAS";7;"DEPUTADO ESTADUAL";40000000471;25555;"CARLOS JORGE ATAIDE DE OLIVEIRA";"JORGE ATAIDE";"#NULO#";"06228399268";"#NULO#";12;"APTO";"COLIGAÇÃO";25;"DEM";"DEMOCRATAS";-1;"#NULO#";"#NULO#";"#NULO#";40000000048;"FAZENDO MAIS POR NOSSA GENTE II";"DEM / PATRIOTA / PHS";"AM";"16/02/1956";"000708612259";2;"MASCULINO";8;"SUPERIOR COMPLETO";3;"CASADO(A)";"03";"PARDA";999;"OUTROS";4;"NÃO ELEITO"
"23/06/2021";"18:50:53";2014;2;"ELEIÇÃO ORDINÁRIA";1;143;"Eleições Gerais 2014";"05/10/2014";"FEDERAL";"AM";"AM";"AMAZONAS";7;"DEPUTADO ESTADUAL";40000000593;65077;"HERMENEGILDO DE CASTRO CAVALCANTE";"GUARDA SORRISO";"#NULO#";"33715327200";"HERMENEGILDOMIL@IBEST.COM.BR";3;"INAPTO";"PARTIDO ISOLADO";65;"PC do B";"PARTIDO COMUNISTA DO BRASIL";-1;"#NULO#";"#NULO#";"#NULO#";40000000051;"PARTIDO ISOLADO";"PC do B";"CE";"20/12/1968";"010691162224";2;"MASCULINO";6;"ENSINO MÉDIO COMPLETO";3;"CASADO(A)";"03";"PARDA";258;"BOMBEIRO MILITAR";-1;"#NULO#"
"23/06/2021";"18:50:53";2014;2;"ELEIÇÃO ORDINÁRIA";1;143;"Eleições Gerais 2014";"05/10/2014";"FEDERAL";"AM";"AM";"AMAZONAS";7;"DEPUTADO ESTADUAL";40000000518;90789;"NELSON CAVALCANTE CAMPOS";"NELSINHO";"#NULO#";"02737272220";"RIGTRANSPORTE@HOTMAIL.COM";3;"INAPTO";"COLIGAÇÃO";90;"PROS";"PARTIDO REPUBLICANO DA ORDEM SOCIAL";-1;"#NULO#";"#NULO#";"#NULO#";40000000050;"FAZENDO MAIS POR NOSSA GENTE 1";"PROS / PSD / PSDB / PSC";"AM";"08/05/1953";"005055632267";2;"MASCULINO";7;"SUPERIOR INCOMPLETO";3;"CASADO(A)";"01";"BRANCA";257;"EMPRESÁRIO";4;"NÃO ELEITO"
"23/06/2021";"18:50:53";2014;2;"ELEIÇÃO ORDINÁRIA";1;143;"Eleições Gerais 2014";"05/10/2014";"FEDERAL";"AM";"AM";"AMAZONAS";4;"VICE-GOVERNADOR";40000000006;16;"GILBERTO VASCONCELOS DA SILVA";"GILBERTO VASCONCELOS";"#NULO#";"20030401291";"VASCOSILVA@IBEST.COM.BR";12;"APTO";"PARTIDO ISOLADO";16;"PSTU";"PARTIDO SOCIALISTA DOS TRABALHADORES UNIFICADO";-1;"#NULO#";"#NULO#";"#NULO#";40000000001;"PARTIDO ISOLADO";"PSTU";"AM";"15/04/1967";"010974822224";2;"MASCULINO";8;"SUPERIOR COMPLETO";3;"CASADO(A)";"02";"PRETA";265;"PROFESSOR DE ENSINO FUNDAMENTAL";4;"NÃO ELEITO"
"23/06/2021";"18:50:53";2014;2;"ELEIÇÃO ORDINÁRIA";1;143;"Eleições Gerais 2014";"05/10/2014";"FEDERAL";"AM";"AM";"AMAZONAS";7;"DEPUTADO ESTADUAL";40000000482;25200;"ADAIL ALVES CELESTINO";"SGT ADAIL DA ACASOTA";"#NULO#";"51583305734";"#NULO#";12;"APTO";"COLIGAÇÃO";25;"DEM";"DEMOCRATAS";-1;"#NULO#";"#NULO#";"#NULO#";40000000048;"FAZENDO MAIS POR NOSSA GENTE II";"DEM / PATRIOTA / PHS";"RJ";"12/08/1958";"032885342224";2;"MASCULINO";8;"SUPERIOR COMPLETO";3;"CASADO(A)";"03";"PARDA";921;"MILITAR REFORMADO";5;"SUPLENTE"
"23/06/2021";"18:50:53";2014;2;"ELEIÇÃO ORDINÁRIA";1;143;"Eleições Gerais 2014";"05/10/2014";"FEDERAL";"AM";"AM";"AMAZONAS";7;"DEPUTADO ESTADUAL";40000001201;40676;"KLEYFANI SOARES DE SOUZA";"KLEYFANI SOARES";"#NULO#";"01134584288";"#NULO#";3;"INAPTO";"PARTIDO ISOLADO";40;"PSB";"PARTIDO SOCIALISTA BRASILEIRO";-1;"#NULO#";"#NULO#";"#NULO#";40000000052;"PARTIDO ISOLADO";"PSB";"AM";"21/03/1991";"033559322259";4;"FEMININO";6;"ENSINO MÉDIO COMPLETO";1;"SOLTEIRO(A)";"02";"PRETA";999;"OUTROS";-1;"#NULO#"
"23/06/2021";"18:50:53";2014;2;"ELEIÇÃO ORDINÁRIA";1;143;"Eleições Gerais 2014";"05/10/2014";"FEDERAL";"AM";"AM";"AMAZONAS";7;"DEPUTADO ESTADUAL";40000000105;11338;"WANDER PINTO CHICOLET";"WANDER CHICOLET";"#NULO#";"15442780200";"#NULO#";12;"APTO";"COLIGAÇÃO";11;"PP";"PARTIDO PROGRESSISTA";-1;"#NULO#";"#NULO#";"#NULO#";40000000023;"RENOVAÇÃO E EXPERIÊNCIA 1";"PMDB / PP / PT / PTB / PRB";"AM";"03/08/1963";"000643982208";2;"MASCULINO";8;"SUPERIOR COMPLETO";5;"VIÚVO(A)";"02";"PRETA";403;"CORRETOR DE IMÓVEIS, SEGUROS, TÍTULOS E VALORES";5;"SUPLENTE"
"23/06/2021";"18:50:53";2014;2;"ELEIÇÃO ORDINÁRIA";1;143;"Eleições Gerais 2014";"05/10/2014";"FEDERAL";"AM";"AM";"AMAZONAS";7;"DEPUTADO ESTADUAL";40000000436;25622;"JOSÉ AUGUSTO FERRAZ DE LIMA";"AUGUSTO FERRAZ";"#NULO#";"21489513272";"#NULO#";12;"APTO";"COLIGAÇÃO";25;"DEM";"DEMOCRATAS";-1;"#NULO#";"#NULO#";"#NULO#";40000000048;"FAZENDO MAIS POR NOSSA GENTE II";"DEM / PATRIOTA / PHS";"AC";"09/08/1962";"014813932291";2;"MASCULINO";7;"SUPERIOR INCOMPLETO";3;"CASADO(A)";"03";"PARDA";257;"EMPRESÁRIO";2;"ELEITO POR QP"
"23/06/2021";"18:50:53";2014;2;"ELEIÇÃO ORDINÁRIA";1;143;"Eleições Gerais 2014";"05/10/2014";"FEDERAL";"AM";"AM";"AMAZONAS";7;"DEPUTADO ESTADUAL";40000000291;36456;"RONALD DA SILVA MAGALHÃES";"RONALD MAGALHÃES";"#NULO#";"77626885287";"#NULO#";3;"INAPTO";"COLIGAÇÃO";36;"PTC";"PARTIDO TRABALHISTA CRISTÃO";-1;"#NULO#";"#NULO#";"#NULO#";40000000044;"JUNTOS PELO POVO";"PV / PTC";"AM";"16/05/1982";"020142492283";2;"MASCULINO";6;"ENSINO MÉDIO COMPLETO";1;"SOLTEIRO(A)";"03";"PARDA";999;"OUTROS";-1;"#NULO#"
"23/06/2021";"18:50:53";2014;2;"ELEIÇÃO ORDINÁRIA";1;143;"Eleições Gerais 2014";"05/10/2014";"FEDERAL";"AM";"AM";"AMAZONAS";7;"DEPUTADO ESTADUAL";40000000784;27122;"SANTIAGO PEREIRA DA SILVA FILHO";"TIRIRICA DO AMAZONAS";"#NULO#";"43616321204";"#NULO#";12;"APTO";"COLIGAÇÃO";27;"PSDC";"PARTIDO SOCIAL DEMOCRATA CRISTÃO";-1;"#NULO#";"#NULO#";"#NULO#";40000000056;"RENOVAÇÃO E EXPERIÊNCIA 2";"PSDC / PPL";"AM";"26/09/1972";"036561292208";2;"MASCULINO";2;"LÊ E ESCREVE";1;"SOLTEIRO(A)";"03";"PARDA";130;"ARTISTA DE CIRCO";4;"NÃO ELEITO"
"23/06/2021";"18:50:53";2014;2;"ELEIÇÃO ORDINÁRIA";1;143;"Eleições Gerais 2014";"05/10/2014";"FEDERAL";"AM";"AM";"AMAZONAS";7;"DEPUTADO ESTADUAL";40000000442;31555;"ALTAMIR PEREIRA DE OLIVEIRA FILHO";"MIRO";"#NULO#";"21475997272";"#NULO#";12;"APTO";"COLIGAÇÃO";31;"PHS";"PARTIDO HUMANISTA DA SOLIDARIEDADE";-1;"#NULO#";"#NULO#";"#NULO#";40000000048;"FAZENDO MAIS POR NOSSA GENTE II";"DEM / PATRIOTA / PHS";"AM";"14/01/1965";"000095702224";2;"MASCULINO";3;"ENSINO FUNDAMENTAL INCOMPLETO";3;"CASADO(A)";"03";"PARDA";999;"OUTROS";5;"SUPLENTE"
"23/06/2021";"18:50:53";2014;2;"ELEIÇÃO ORDINÁRIA";1;143;"Eleições Gerais 2014";"05/10/2014";"FEDERAL";"AM";"AM";"AMAZONAS";7;"DEPUTADO ESTADUAL";40000000983;36009;"MARIA DE JESUS BALIEIRO RIBEIRO MELO";"MARIA RIBEIRO";"#NULO#";"31072100215";"#NULO#";12;"APTO";"COLIGAÇÃO";36;"PTC";"PARTIDO TRABALHISTA CRISTÃO";-1;"#NULO#";"#NULO#";"#NULO#";40000000044;"JUNTOS PELO POVO";"PV / PTC";"AM";"09/12/1969";"010125992208";4;"FEMININO";8;"SUPERIOR COMPLETO";3;"CASADO(A)";"01";"BRANCA";134;"ASSISTENTE SOCIAL";5;"SUPLENTE"
"23/06/2021";"18:50:53";2014;2;"ELEIÇÃO ORDINÁRIA";1;143;"Eleições Gerais 2014";"05/10/2014";"FEDERAL";"AM";"AM";"AMAZONAS";7;"DEPUTADO ESTADUAL";40000000619;40016;"RUI BARBOSA DE AZEVEDO JUNIOR";"RUI JUNIOR";"#NULO#";"87134047253";"#NULO#";12;"APTO";"PARTIDO ISOLADO";40;"PSB";"PARTIDO SOCIALISTA BRASILEIRO";-1;"#NULO#";"#NULO#";"#NULO#";40000000052;"PARTIDO ISOLADO";"PSB";"AM";"16/09/1984";"023247752240";2;"MASCULINO";6;"ENSINO MÉDIO COMPLETO";1;"SOLTEIRO(A)";"03";"PARDA";537;"MOTORISTA PARTICULAR";5;"SUPLENTE"
"23/06/2021";"18:50:53";2014;2;"ELEIÇÃO ORDINÁRIA";1;143;"Eleições Gerais 2014";"05/10/2014";"FEDERAL";"AM";"AM";"AMAZONAS";7;"DEPUTADO ESTADUAL";40000000738;50444;"JOSÉ LUIZ DA SILVA VASQUES";"JOSÉ LUIZ";"#NULO#";"40516253204";"J.LUIZVASQUES@HOTMAIL.COM";12;"APTO";"PARTIDO ISOLADO";50;"PSOL";"PARTIDO SOCIALISMO E LIBERDADE";-1;"#NULO#";"#NULO#";"#NULO#";40000000054;"PARTIDO ISOLADO";"PSOL";"AM";"10/09/1973";"012263972240";2;"MASCULINO";8;"SUPERIOR COMPLETO";1;"SOLTEIRO(A)";"03";"PARDA";298;"SERVIDOR PÚBLICO MUNICIPAL";4;"NÃO ELEITO"
"23/06/2021";"18:50:53";2014;2;"ELEIÇÃO ORDINÁRIA";1;143;"Eleições Gerais 2014";"05/10/2014";"FEDERAL";"AM";"AM";"AMAZONAS";9;"1º SUPLENTE";40000000599;400;"EDUARDO HENRIQUE GRANJA COGO";"EDUARDO COGO";"#NULO#";"60770376215";"ELEICAO2014@PSBAM.ORG.BR";12;"APTO";"PARTIDO ISOLADO";40;"PSB";"PARTIDO SOCIALISTA BRASILEIRO";-1;"#NULO#";"#NULO#";"#NULO#";40000000052;"PARTIDO ISOLADO";"PSB";"AM";"27/01/1978";"016544192267";2;"MASCULINO";8;"SUPERIOR COMPLETO";3;"CASADO(A)";"01";"BRANCA";291;"OCUPANTE DE CARGO EM COMISSÃO";4;"NÃO ELEITO"
"23/06/2021";"18:50:53";2014;2;"ELEIÇÃO ORDINÁRIA";1;143;"Eleições Gerais 2014";"05/10/2014";"FEDERAL";"AM";"AM";"AMAZONAS";6;"DEPUTADO FEDERAL";40000000616;4022;"DEUSA RAMIRO LOPES";"DEUSA SILVA";"#NULO#";"44605781234";"#NULO#";12;"APTO";"PARTIDO ISOLADO";40;"PSB";"PARTIDO SOCIALISTA BRASILEIRO";-1;"#NULO#";"#NULO#";"#NULO#";40000000052;"PARTIDO ISOLADO";"PSB";"AM";"14/05/1956";"005272432224";4;"FEMININO";6;"ENSINO MÉDIO COMPLETO";3;"CASADO(A)";"03";"PARDA";999;"OUTROS";4;"NÃO ELEITO"
"23/06/2021";"18:50:53";2014;2;"ELEIÇÃO ORDINÁRIA";1;143;"Eleições Gerais 2014";"05/10/2014";"FEDERAL";"AM";"AM";"AMAZONAS";10;"2º SUPLENTE";40000001162;333;"ALAN CIRO VIDEO DE SOUZA";"ALAN CIRO";"#NULO#";"27494772200";"#NULO#";12;"APTO";"PARTIDO ISOLADO";33;"PMN";"PARTIDO DA MOBILIZAÇÃO NACIONAL";-1;"#NULO#";"#NULO#";"#NULO#";40000000059;"PARTIDO ISOLADO";"PMN";"AM";"26/06/1976";"000813212240";2;"MASCULINO";6;"ENSINO MÉDIO COMPLETO";1;"SOLTEIRO(A)";"03";"PARDA";999;"OUTROS";4;"NÃO ELEITO"
"23/06/2021";"18:50:53";2014;2;"ELEIÇÃO ORDINÁRIA";1;143;"Eleições Gerais 2014";"05/10/2014";"FEDERAL";"AM";"AM";"AMAZONAS";7;"DEPUTADO ESTADUAL";40000000233;23233;"VLADIMIR MITSUO TAKEDA";"VLADIMIR TAKEDA";"#NULO#";"03504320826";"#NULO#";12;"APTO";"COLIGAÇÃO";23;"PPS";"PARTIDO POPULAR SOCIALISTA";-1;"#NULO#";"#NULO#";"#NULO#";40000000043;"Renovação e Coragem";"PPS / PDT";"AM";"20/12/1958";"016021722208";2;"MASCULINO";8;"SUPERIOR COMPLETO";3;"CASADO(A)";"03";"PARDA";999;"OUTROS";5;"SUPLENTE"
"23/06/2021";"18:50:53";2014;2;"ELEIÇÃO ORDINÁRIA";1;143;"Eleições Gerais 2014";"05/10/2014";"FEDERAL";"AM";"AM";"AMAZONAS";7;"DEPUTADO ESTADUAL";40000000783;27666;"ROGERIO COSTA MENDES";"ROGERIO MANAUS";"#NULO#";"00988407205";"#NULO#";12;"APTO";"COLIGAÇÃO";27;"PSDC";"PARTIDO SOCIAL DEMOCRATA CRISTÃO";-1;"#NULO#";"#NULO#";"#NULO#";40000000056;"RENOVAÇÃO E EXPERIÊNCIA 2";"PSDC / PPL";"AM";"04/09/1991";"038971372224";2;"MASCULINO";6;"ENSINO MÉDIO COMPLETO";1;"SOLTEIRO(A)";"03";"PARDA";257;"EMPRESÁRIO";4;"NÃO ELEITO"
"23/06/2021";"18:50:53";2014;2;"ELEIÇÃO ORDINÁRIA";1;143;"Eleições Gerais 2014";"05/10/2014";"FEDERAL";"AM";"AM";"AMAZONAS";7;"DEPUTADO ESTADUAL";40000000285;36500;"MARILEU JORGE DUARTE VARELA";"JORGE VARELA";"#NULO#";"02539183832";"JVARELA@OI.COM.BR";12;"APTO";"COLIGAÇÃO";36;"PTC";"PARTIDO TRABALHISTA CRISTÃO";-1;"#NULO#";"#NULO#";"#NULO#";40000000044;"JUNTOS PELO POVO";"PV / PTC";"AM";"24/09/1961";"010596022208";2;"MASCULINO";4;"ENSINO FUNDAMENTAL COMPLETO";1;"SOLTEIRO(A)";"03";"PARDA";169;"COMERCIANTE";5;"SUPLENTE"
"23/06/2021";"18:50:53";2014;2;"ELEIÇÃO ORDINÁRIA";1;143;"Eleições Gerais 2014";"05/10/2014";"FEDERAL";"AM";"AM";"AMAZONAS";7;"DEPUTADO ESTADUAL";40000000432;25333;"EDSON REGIS DA SILVA";"EDSON BROTHER";"#NULO#";"06835910291";"#NULO#";12;"APTO";"COLIGAÇÃO";25;"DEM";"DEMOCRATAS";-1;"#NULO#";"#NULO#";"#NULO#";40000000048;"FAZENDO MAIS POR NOSSA GENTE II";"DEM / PATRIOTA / PHS";"AM";"17/12/1957";"001406702216";2;"MASCULINO";6;"ENSINO MÉDIO COMPLETO";3;"CASADO(A)";"03";"PARDA";999;"OUTROS";5;"SUPLENTE"
"23/06/2021";"18:50:53";2014;1;"ELEIÇÃO SUPLEMENTAR";2;269;"Eleição Suplementar Governador AM";"27/08/2017";"ESTADUAL";"AM";"AM";"AMAZONAS";3;"GOVERNADOR";40000012063;15;"CARLOS EDUARDO DE SOUZA BRAGA";"EDUARDO BRAGA";"#NULO#";"07810423215";"SUPLEMENTAR2017@NOGUEIRA.ADV.BR";12;"APTO";"COLIGAÇÃO";15;"PMDB";"PARTIDO DO MOVIMENTO DEMOCRÁTICO BRASILEIRO";-1;"#NULO#";"#NULO#";"#NULO#";40000000784;"UNIÃO PELO AMAZONAS";"PMDB / PTB / PSDC / PC do B / SD / PR";"PA";"06/12/1960";"002430682216";2;"MASCULINO";8;"SUPERIOR COMPLETO";3;"CASADO(A)";"01";"BRANCA";276;"SENADOR";4;"NÃO ELEITO"
"23/06/2021";"18:50:53";2014;2;"ELEIÇÃO ORDINÁRIA";1;143;"Eleições Gerais 2014";"05/10/2014";"FEDERAL";"AM";"AM";"AMAZONAS";7;"DEPUTADO ESTADUAL";40000000763;27277;"CLEIDE CARDOSO DE LIMA";"CLEIDE CARDOZO";"#NULO#";"68864604200";"#NULO#";12;"APTO";"COLIGAÇÃO";27;"PSDC";"PARTIDO SOCIAL DEMOCRATA CRISTÃO";-1;"#NULO#";"#NULO#";"#NULO#";40000000056;"RENOVAÇÃO E EXPERIÊNCIA 2";"PSDC / PPL";"AM";"18/12/1974";"018469022275";4;"FEMININO";6;"ENSINO MÉDIO COMPLETO";1;"SOLTEIRO(A)";"03";"PARDA";257;"EMPRESÁRIO";4;"NÃO ELEITO"
"23/06/2021";"18:50:53";2014;2;"ELEIÇÃO ORDINÁRIA";1;143;"Eleições Gerais 2014";"05/10/2014";"FEDERAL";"AM";"AM";"AMAZONAS";6;"DEPUTADO FEDERAL";40000000746;4422;"BENILDES DOS SANTOS SILVA";"BENILDES SILVA";"#NULO#";"07709781500";"BENILDES.SILVA@HOTMAIL.COM";12;"APTO";"PARTIDO ISOLADO";44;"PRP";"PARTIDO REPUBLICANO PROGRESSISTA";-1;"#NULO#";"#NULO#";"#NULO#";40000000055;"PARTIDO ISOLADO";"PRP";"SE";"24/07/1952";"001304782208";2;"MASCULINO";6;"ENSINO MÉDIO COMPLETO";9;"DIVORCIADO(A)";"01";"BRANCA";257;"EMPRESÁRIO";4;"NÃO ELEITO"
"23/06/2021";"18:50:53";2014;2;"ELEIÇÃO ORDINÁRIA";1;143;"Eleições Gerais 2014";"05/10/2014";"FEDERAL";"AM";"AM";"AMAZONAS";7;"DEPUTADO ESTADUAL";40000000135;10931;"ROSELY DA SILVA CAMPELLO";"ROSELY CAMPELLO";"#NULO#";"40436500272";"#NULO#";12;"APTO";"COLIGAÇÃO";10;"PRB";"PARTIDO REPUBLICANO BRASILEIRO";-1;"#NULO#";"#NULO#";"#NULO#";40000000023;"RENOVAÇÃO E EXPERIÊNCIA 1";"PMDB / PP / PT / PTB / PRB";"AM";"17/01/1973";"011602492208";4;"FEMININO";8;"SUPERIOR COMPLETO";3;"CASADO(A)";"03";"PARDA";581;"DONA DE CASA";5;"SUPLENTE"
"23/06/2021";"18:50:53";2014;2;"ELEIÇÃO ORDINÁRIA";1;143;"Eleições Gerais 2014";"05/10/2014";"FEDERAL";"AM";"AM";"AMAZONAS";7;"DEPUTADO ESTADUAL";40000000204;12190;"WALTER RODRIGUES DA CRUZ JUNIOR";"CORONEL WALTER CRUZ";"#NULO#";"32090358220";"COLPMWALTERCRUZ@GMAIL.COM";12;"APTO";"COLIGAÇÃO";12;"PDT";"PARTIDO DEMOCRÁTICO TRABALHISTA";-1;"#NULO#";"#NULO#";"#NULO#";40000000043;"Renovação e Coragem";"PPS / PDT";"AM";"01/01/1968";"005162112240";2;"MASCULINO";7;"SUPERIOR INCOMPLETO";7;"SEPARADO(A) JUDICIALMENTE";"03";"PARDA";233;"POLICIAL MILITAR";5;"SUPLENTE"
"23/06/2021";"18:50:53";2014;2;"ELEIÇÃO ORDINÁRIA";1;143;"Eleições Gerais 2014";"05/10/2014";"FEDERAL";"AM";"AM";"AMAZONAS";7;"DEPUTADO ESTADUAL";40000000646;22222;"MARIA MIRTES SALES DE OLIVEIRA";"MIRTES SALLES";"#NULO#";"40736040234";"MIRTESSALLES@BOL.COM.BR";12;"APTO";"COLIGAÇÃO";22;"PR";"PARTIDO DA REPÚBLICA";-1;"#NULO#";"#NULO#";"#NULO#";40000000053;"FAZENDO MAIS POR NOSSA GENTE III";"PR / PT do B / PSL / SD / PRP";"AM";"24/10/1972";"015917132240";4;"FEMININO";8;"SUPERIOR COMPLETO";1;"SOLTEIRO(A)";"03";"PARDA";171;"JORNALISTA E REDATOR";5;"SUPLENTE"
"23/06/2021";"18:50:53";2014;2;"ELEIÇÃO ORDINÁRIA";1;143;"Eleições Gerais 2014";"05/10/2014";"FEDERAL";"AM";"AM";"AMAZONAS";7;"DEPUTADO ESTADUAL";40000000192;12456;"CELSO ODILON PAULA DE CASTRO";"CELSO CASTRO";"#NULO#";"12643416287";"CELSOODILON@HOTMAIL.COM";12;"APTO";"COLIGAÇÃO";12;"PDT";"PARTIDO DEMOCRÁTICO TRABALHISTA";-1;"#NULO#";"#NULO#";"#NULO#";40000000043;"Renovação e Coragem";"PPS / PDT";"AM";"07/02/1958";"003113962259";2;"MASCULINO";8;"SUPERIOR COMPLETO";1;"SOLTEIRO(A)";"03";"PARDA";293;"SERVENTUÁRIO DE JUSTIÇA";5;"SUPLENTE"
"23/06/2021";"18:50:53";2014;2;"ELEIÇÃO ORDINÁRIA";1;143;"Eleições Gerais 2014";"05/10/2014";"FEDERAL";"AM";"AM";"AMAZONAS";7;"DEPUTADO ESTADUAL";40000000667;70122;"RAIMUNDO SOUZA DA SILVA";"MONTEIRO";"#NULO#";"32047282268";"EDILSONHAYLANDER@HOTMAIL.COM";12;"APTO";"COLIGAÇÃO";70;"PT do B";"PARTIDO TRABALHISTA DO BRASIL";-1;"#NULO#";"#NULO#";"#NULO#";40000000053;"FAZENDO MAIS POR NOSSA GENTE III";"PR / PT do B / PSL / SD / PRP";"AM";"20/03/1969";"010671922275";2;"MASCULINO";4;"ENSINO FUNDAMENTAL COMPLETO";1;"SOLTEIRO(A)";"03";"PARDA";206;"INDUSTRIAL";5;"SUPLENTE"
"23/06/2021";"18:50:53";2014;2;"ELEIÇÃO ORDINÁRIA";1;143;"Eleições Gerais 2014";"05/10/2014";"FEDERAL";"AM";"AM";"AMAZONAS";6;"DEPUTADO FEDERAL";40000000095;1212;"STONES DA COSTA MACHADO";"STONES MACHADO";"#NULO#";"03523357268";"PTDAMAZONAS@YAHOO.COM.BR";12;"APTO";"COLIGAÇÃO";12;"PDT";"PARTIDO DEMOCRÁTICO TRABALHISTA";-1;"#NULO#";"#NULO#";"#NULO#";40000000022;"RENOVAÇÃO E EXPERIÊNCIA";"PMDB / PP / PT / PDT / PTB / PPS / PRB / PSDC / PPL / PC do B";"PA";"15/05/1955";"010205282240";2;"MASCULINO";8;"SUPERIOR COMPLETO";3;"CASADO(A)";"03";"PARDA";206;"INDUSTRIAL";5;"SUPLENTE"
"23/06/2021";"18:50:53";2014;2;"ELEIÇÃO ORDINÁRIA";1;143;"Eleições Gerais 2014";"05/10/2014";"FEDERAL";"AM";"AM";"AMAZONAS";7;"DEPUTADO ESTADUAL";40000000922;13866;"ROSICLEIDE SOARES BRASIL FERREIRA";"PROFESSORA ROSICLEIDE";"#NULO#";"31391257200";"ROSICLEIDESOARES@GMAIL.COM";12;"APTO";"COLIGAÇÃO";13;"PT";"PARTIDO DOS TRABALHADORES";-1;"#NULO#";"#NULO#";"#NULO#";40000000023;"RENOVAÇÃO E EXPERIÊNCIA 1";"PMDB / PP / PT / PTB / PRB";"AM";"04/11/1971";"011559212275";4;"FEMININO";8;"SUPERIOR COMPLETO";1;"SOLTEIRO(A)";"03";"PARDA";266;"PROFESSOR DE ENSINO MÉDIO";5;"SUPLENTE"
"23/06/2021";"18:50:53";2014;2;"ELEIÇÃO ORDINÁRIA";1;143;"Eleições Gerais 2014";"05/10/2014";"FEDERAL";"AM";"AM";"AMAZONAS";7;"DEPUTADO ESTADUAL";40000000603;40321;"GLEUSON MESQUITA DE LIMA";"GLEUSON";"#NULO#";"62997203287";"ELEICAO2014@PSBAM.ORG.BR";12;"APTO";"PARTIDO ISOLADO";40;"PSB";"PARTIDO SOCIALISTA BRASILEIRO";-1;"#NULO#";"#NULO#";"#NULO#";40000000052;"PARTIDO ISOLADO";"PSB";"AM";"07/08/1979";"016172212232";2;"MASCULINO";6;"ENSINO MÉDIO COMPLETO";3;"CASADO(A)";"01";"BRANCA";278;"VEREADOR";5;"SUPLENTE"
"23/06/2021";"18:50:53";2014;2;"ELEIÇÃO ORDINÁRIA";1;143;"Eleições Gerais 2014";"05/10/2014";"FEDERAL";"AM";"AM";"AMAZONAS";7;"DEPUTADO ESTADUAL";40000000644;40117;"ANDREZA DE AZEVEDO NOVOA";"ANDREZA AZEVEDO";"#NULO#";"91372976272";"#NULO#";12;"APTO";"PARTIDO ISOLADO";40;"PSB";"PARTIDO SOCIALISTA BRASILEIRO";-1;"#NULO#";"#NULO#";"#NULO#";40000000052;"PARTIDO ISOLADO";"PSB";"AM";"27/04/1988";"032184652240";4;"FEMININO";2;"LÊ E ESCREVE";1;"SOLTEIRO(A)";"03";"PARDA";999;"OUTROS";5;"SUPLENTE"
"23/06/2021";"18:50:53";2014;2;"ELEIÇÃO ORDINÁRIA";1;143;"Eleições Gerais 2014";"05/10/2014";"FEDERAL";"AM";"AM";"AMAZONAS";7;"DEPUTADO ESTADUAL";40000001203;25456;"KATIANE GAMA FEITOZA";"KATY FEITOZA";"#NULO#";"79789447272";"KATY_FEITOZA@HOTMAIL.COM";12;"APTO";"COLIGAÇÃO";25;"DEM";"DEMOCRATAS";-1;"#NULO#";"#NULO#";"#NULO#";40000000048;"FAZENDO MAIS POR NOSSA GENTE II";"DEM / PATRIOTA / PHS";"AM";"22/05/1984";"022702602216";4;"FEMININO";8;"SUPERIOR COMPLETO";1;"SOLTEIRO(A)";"03";"PARDA";257;"EMPRESÁRIO";5;"SUPLENTE"
"23/06/2021";"18:50:53";2014;2;"ELEIÇÃO ORDINÁRIA";1;143;"Eleições Gerais 2014";"05/10/2014";"FEDERAL";"AM";"AM";"AMAZONAS";7;"DEPUTADO ESTADUAL";40000000128;15092;"MAURO GIOVANNI LIPPI FILHO";"DR. MAURO LIPPI";"#NULO#";"12264431253";"MAURO.LIPPI@HOTMAIL.COM";12;"APTO";"COLIGAÇÃO";15;"PMDB";"PARTIDO DO MOVIMENTO DEMOCRÁTICO BRASILEIRO";-1;"#NULO#";"#NULO#";"#NULO#";40000000023;"RENOVAÇÃO E EXPERIÊNCIA 1";"PMDB / PP / PT / PTB / PRB";"SP";"01/05/1960";"000705662070";2;"MASCULINO";8;"SUPERIOR COMPLETO";3;"CASADO(A)";"01";"BRANCA";233;"POLICIAL MILITAR";5;"SUPLENTE"
"23/06/2021";"18:50:53";2014;2;"ELEIÇÃO ORDINÁRIA";1;143;"Eleições Gerais 2014";"05/10/2014";"FEDERAL";"AM";"AM";"AMAZONAS";7;"DEPUTADO ESTADUAL";40000000507;90000;"RAIMUNDO NONATO DA SILVA";"NATO LEITE";"#NULO#";"19399510204";"PREFEITONATOLEITE@YAHOO.COM.BR";12;"APTO";"COLIGAÇÃO";90;"PROS";"PARTIDO REPUBLICANO DA ORDEM SOCIAL";-1;"#NULO#";"#NULO#";"#NULO#";40000000050;"FAZENDO MAIS POR NOSSA GENTE 1";"PROS / PSD / PSDB / PSC";"AM";"05/11/1964";"006548962224";2;"MASCULINO";8;"SUPERIOR COMPLETO";1;"SOLTEIRO(A)";"03";"PARDA";999;"OUTROS";5;"SUPLENTE"
"23/06/2021";"18:50:53";2014;2;"ELEIÇÃO ORDINÁRIA";1;143;"Eleições Gerais 2014";"05/10/2014";"FEDERAL";"AM";"AM";"AMAZONAS";6;"DEPUTADO FEDERAL";40000001042;7035;"CLEISIANE OLIVEIRA DA SILVA";"CLEISIANE OLIVEIRA";"#NULO#";"98416367272";"#NULO#";12;"APTO";"COLIGAÇÃO";70;"PT do B";"PARTIDO TRABALHISTA DO BRASIL";-1;"#NULO#";"#NULO#";"#NULO#";40000000046;"FAZENDO MAIS POR NOSSA GENTE 1.";"PROS / DEM / PSDB / PR / PTN / PSC / PT do B / PTC / PRTB / PATRIOTA / PV / PHS / PSL / PSD / SD";"AM";"14/03/1987";"032483852267";4;"FEMININO";6;"ENSINO MÉDIO COMPLETO";3;"CASADO(A)";"03";"PARDA";598;"EMPREGADO DOMÉSTICO";5;"SUPLENTE"
"23/06/2021";"18:50:53";2014;2;"ELEIÇÃO ORDINÁRIA";1;143;"Eleições Gerais 2014";"05/10/2014";"FEDERAL";"AM";"AM";"AMAZONAS";7;"DEPUTADO ESTADUAL";40000000425;25444;"JANUARIO FRANCISCO ROCHA";"JANUARIO DO GRANDE VITORIA";"#NULO#";"12965430300";"DEMOCRATAS.AM25@HOTMAIL.COM";12;"APTO";"COLIGAÇÃO";25;"DEM";"DEMOCRATAS";-1;"#NULO#";"#NULO#";"#NULO#";40000000048;"FAZENDO MAIS POR NOSSA GENTE II";"DEM / PATRIOTA / PHS";"PI";"10/08/1956";"022195352216";2;"MASCULINO";7;"SUPERIOR INCOMPLETO";3;"CASADO(A)";"02";"PRETA";402;"VENDEDOR PRACISTA, REPRESENTANTE, CAIXEIRO-VIAJANTE E ASSEMELHADOS";5;"SUPLENTE"
"23/06/2021";"18:50:53";2014;2;"ELEIÇÃO ORDINÁRIA";1;143;"Eleições Gerais 2014";"05/10/2014";"FEDERAL";"AM";"AM";"AMAZONAS";9;"1º SUPLENTE";40000001123;500;"FRANK NELSON PEREIRA SOUZA";"FRANK NELSON";"#NULO#";"18250394291";"#NULO#";12;"APTO";"PARTIDO ISOLADO";50;"PSOL";"PARTIDO SOCIALISMO E LIBERDADE";-1;"#NULO#";"#NULO#";"#NULO#";40000000054;"PARTIDO ISOLADO";"PSOL";"AM";"16/01/1963";"005254262240";2;"MASCULINO";7;"SUPERIOR INCOMPLETO";1;"SOLTEIRO(A)";"03";"PARDA";125;"ADMINISTRADOR";4;"NÃO ELEITO"
"23/06/2021";"18:50:53";2014;2;"ELEIÇÃO ORDINÁRIA";1;143;"Eleições Gerais 2014";"05/10/2014";"FEDERAL";"AM";"AM";"AMAZONAS";7;"DEPUTADO ESTADUAL";40000000605;40222;"JAILSON SOUSA SILVA";"CAIO SILVA";"#NULO#";"38751828200";"ELEICAO2014@PSBAM.ORG.BR";12;"APTO";"PARTIDO ISOLADO";40;"PSB";"PARTIDO SOCIALISTA BRASILEIRO";-1;"#NULO#";"#NULO#";"#NULO#";40000000052;"PARTIDO ISOLADO";"PSB";"PA";"05/12/1971";"033452181309";2;"MASCULINO";6;"ENSINO MÉDIO COMPLETO";3;"CASADO(A)";"03";"PARDA";292;"AGENTE ADMINISTRATIVO";5;"SUPLENTE"
"23/06/2021";"18:50:53";2014;2;"ELEIÇÃO ORDINÁRIA";1;143;"Eleições Gerais 2014";"05/10/2014";"FEDERAL";"AM";"AM";"AMAZONAS";7;"DEPUTADO ESTADUAL";40000000254;43053;"MARTIONEZ FERNANDES GOMES";"MARTIONEZ";"#NULO#";"03533603253";"MARTIONEZPAI@HOTMAIL.COM";12;"APTO";"COLIGAÇÃO";43;"PV";"PARTIDO VERDE";-1;"#NULO#";"#NULO#";"#NULO#";40000000044;"JUNTOS PELO POVO";"PV / PTC";"AM";"20/03/1953";"006309112291";2;"MASCULINO";8;"SUPERIOR COMPLETO";1;"SOLTEIRO(A)";"02";"PRETA";237;"REPRESENTANTE COMERCIAL";5;"SUPLENTE"
"23/06/2021";"18:50:53";2014;2;"ELEIÇÃO ORDINÁRIA";1;143;"Eleições Gerais 2014";"05/10/2014";"FEDERAL";"AM";"AM";"AMAZONAS";7;"DEPUTADO ESTADUAL";40000000212;23005;"JACQUELINE NUNES DE MELO";"JACQUELINE MELO";"#NULO#";"00152959238";"#NULO#";12;"APTO";"COLIGAÇÃO";23;"PPS";"PARTIDO POPULAR SOCIALISTA";-1;"#NULO#";"#NULO#";"#NULO#";40000000043;"Renovação e Coragem";"PPS / PDT";"AM";"11/05/1990";"034250292283";4;"FEMININO";7;"SUPERIOR INCOMPLETO";1;"SOLTEIRO(A)";"03";"PARDA";931;"ESTUDANTE, BOLSISTA, ESTAGIÁRIO E ASSEMELHADOS";5;"SUPLENTE"
"23/06/2021";"18:50:53";2014;2;"ELEIÇÃO ORDINÁRIA";1;143;"Eleições Gerais 2014";"05/10/2014";"FEDERAL";"AM";"AM";"AMAZONAS";7;"DEPUTADO ESTADUAL";40000000767;27027;"EULER PASSOS DE MOURA";"EULER MOURA";"#NULO#";"82320004220";"EULERPDM@HOTMAIL.COM";12;"APTO";"COLIGAÇÃO";27;"PSDC";"PARTIDO SOCIAL DEMOCRATA CRISTÃO";-1;"#NULO#";"#NULO#";"#NULO#";40000000056;"RENOVAÇÃO E EXPERIÊNCIA 2";"PSDC / PPL";"AM";"02/11/1984";"022982432240";2;"MASCULINO";8;"SUPERIOR COMPLETO";3;"CASADO(A)";"01";"BRANCA";131;"ADVOGADO";4;"NÃO ELEITO"
"23/06/2021";"18:50:53";2014;2;"ELEIÇÃO ORDINÁRIA";1;143;"Eleições Gerais 2014";"05/10/2014";"FEDERAL";"AM";"AM";"AMAZONAS";7;"DEPUTADO ESTADUAL";40000001142;23110;"ERICKA BARBOSA DOS SANTOS";"ERIKA SANTOS";"#NULO#";"57295271287";"#NULO#";12;"APTO";"COLIGAÇÃO";23;"PPS";"PARTIDO POPULAR SOCIALISTA";-1;"#NULO#";"#NULO#";"#NULO#";40000000043;"Renovação e Coragem";"PPS / PDT";"AM";"13/05/1977";"017908702216";4;"FEMININO";8;"SUPERIOR COMPLETO";3;"CASADO(A)";"03";"PARDA";257;"EMPRESÁRIO";5;"SUPLENTE"
"23/06/2021";"18:50:53";2014;2;"ELEIÇÃO ORDINÁRIA";1;143;"Eleições Gerais 2014";"05/10/2014";"FEDERAL";"AM";"AM";"AMAZONAS";7;"DEPUTADO ESTADUAL";40000000701;44222;"WLADEMIR JOSE ARAUJO DE AMORIM";"PROF. WLADEMIR AMORIM";"#NULO#";"12645648215";"ABIDY_4@HOTMAIL.COM";3;"INAPTO";"COLIGAÇÃO";44;"PRP";"PARTIDO REPUBLICANO PROGRESSISTA";-1;"#NULO#";"#NULO#";"#NULO#";40000000053;"FAZENDO MAIS POR NOSSA GENTE III";"PR / PT do B / PSL / SD / PRP";"AM";"19/10/1961";"000268462216";2;"MASCULINO";8;"SUPERIOR COMPLETO";3;"CASADO(A)";"01";"BRANCA";297;"SERVIDOR PÚBLICO ESTADUAL";-1;"#NULO#"
"23/06/2021";"18:50:53";2014;2;"ELEIÇÃO ORDINÁRIA";1;143;"Eleições Gerais 2014";"05/10/2014";"FEDERAL";"AM";"AM";"AMAZONAS";7;"DEPUTADO ESTADUAL";40000000633;40130;"LUIZ WILSON DE QUEIROZ GOMES";"LUIZ WILSON";"#NULO#";"12009423291";"#NULO#";3;"INAPTO";"PARTIDO ISOLADO";40;"PSB";"PARTIDO SOCIALISTA BRASILEIRO";-1;"#NULO#";"#NULO#";"#NULO#";40000000052;"PARTIDO ISOLADO";"PSB";"AM";"21/06/1960";"002306982208";2;"MASCULINO";8;"SUPERIOR COMPLETO";1;"SOLTEIRO(A)";"01";"BRANCA";297;"SERVIDOR PÚBLICO ESTADUAL";-1;"#NULO#"
"23/06/2021";"18:50:53";2014;2;"ELEIÇÃO ORDINÁRIA";1;143;"Eleições Gerais 2014";"05/10/2014";"FEDERAL";"AM";"AM";"AMAZONAS";7;"DEPUTADO ESTADUAL";40000000643;40402;"VIVIANE BRASIL SOARES";"VIVIANE BRASIL";"#NULO#";"00127867210";"#NULO#";12;"APTO";"PARTIDO ISOLADO";40;"PSB";"PARTIDO SOCIALISTA BRASILEIRO";-1;"#NULO#";"#NULO#";"#NULO#";40000000052;"PARTIDO ISOLADO";"PSB";"AM";"08/12/1989";"032587382240";4;"FEMININO";6;"ENSINO MÉDIO COMPLETO";1;"SOLTEIRO(A)";"01";"BRANCA";298;"SERVIDOR PÚBLICO MUNICIPAL";5;"SUPLENTE"
"23/06/2021";"18:50:53";2014;2;"ELEIÇÃO ORDINÁRIA";1;143;"Eleições Gerais 2014";"05/10/2014";"FEDERAL";"AM";"AM";"AMAZONAS";4;"VICE-GOVERNADOR";40000000712;50;"MARIO LUCIO DA SILVA";"MARIO LUCIO";"#NULO#";"43552951253";"LUCCIO2006@HOTMAIL.COM";3;"INAPTO";"PARTIDO ISOLADO";50;"PSOL";"PARTIDO SOCIALISMO E LIBERDADE";-1;"#NULO#";"#NULO#";"#NULO#";40000000054;"PARTIDO ISOLADO";"PSOL";"AM";"29/06/1972";"013206852208";2;"MASCULINO";8;"SUPERIOR COMPLETO";1;"SOLTEIRO(A)";"03";"PARDA";142;"PROFESSOR DE ENSINO SUPERIOR";-1;"#NULO#"
"23/06/2021";"18:50:53";2014;2;"ELEIÇÃO ORDINÁRIA";1;143;"Eleições Gerais 2014";"05/10/2014";"FEDERAL";"AM";"AM";"AMAZONAS";7;"DEPUTADO ESTADUAL";40000000739;50500;"MAURO PEREIRA COELHO";"MAURO PAM";"#NULO#";"73135534200";"MAUROPCOELHO@HOTMAIL.COM";12;"APTO";"PARTIDO ISOLADO";50;"PSOL";"PARTIDO SOCIALISMO E LIBERDADE";-1;"#NULO#";"#NULO#";"#NULO#";40000000054;"PARTIDO ISOLADO";"PSOL";"AM";"03/02/1975";"014827622208";2;"MASCULINO";6;"ENSINO MÉDIO COMPLETO";1;"SOLTEIRO(A)";"03";"PARDA";999;"OUTROS";4;"NÃO ELEITO"
"23/06/2021";"18:50:53";2014;2;"ELEIÇÃO ORDINÁRIA";1;143;"Eleições Gerais 2014";"05/10/2014";"FEDERAL";"AM";"AM";"AMAZONAS";4;"VICE-GOVERNADOR";40000000187;21;"FRANCISCO PEREIRA CASTELO";"DOUTOR CASTELO";"#NULO#";"00523402287";"FRANCISCOCASTELO@BOL.COM.BR";12;"APTO";"PARTIDO ISOLADO";21;"PCB";"PARTIDO COMUNISTA BRASILEIRO";-1;"#NULO#";"#NULO#";"#NULO#";40000000042;"PARTIDO ISOLADO";"PCB";"AM";"16/10/1940";"001297032216";2;"MASCULINO";8;"SUPERIOR COMPLETO";3;"CASADO(A)";"01";"BRANCA";923;"APOSENTADO (EXCETO SERVIDOR PÚBLICO)";4;"NÃO ELEITO"
"23/06/2021";"18:50:53";2014;2;"ELEIÇÃO ORDINÁRIA";1;143;"Eleições Gerais 2014";"05/10/2014";"FEDERAL";"AM";"AM";"AMAZONAS";7;"DEPUTADO ESTADUAL";40000000055;19157;"ROSILENE ZOGAHIB GOMES";"ROSILENE";"#NULO#";"20178557234";"#NULO#";3;"INAPTO";"COLIGAÇÃO";19;"PTN";"PARTIDO TRABALHISTA NACIONAL";-1;"#NULO#";"#NULO#";"#NULO#";40000000021;"FAZENDO MAIS PELA NOSSA GENTE 5";"PTN / PRTB";"AM";"12/10/1957";"002339162216";4;"FEMININO";8;"SUPERIOR COMPLETO";3;"CASADO(A)";"01";"BRANCA";109;"AGENTE DE SAÚDE E SANITARISTA";-1;"#NULO#"
"23/06/2021";"18:50:53";2014;2;"ELEIÇÃO ORDINÁRIA";1;143;"Eleições Gerais 2014";"05/10/2014";"FEDERAL";"AM";"AM";"AMAZONAS";7;"DEPUTADO ESTADUAL";40000000121;15144;"MARCEL ALEXANDRE DA SILVA";"MARCEL ALEXANDRE";"#NULO#";"26201100504";"#NULO#";12;"APTO";"COLIGAÇÃO";15;"PMDB";"PARTIDO DO MOVIMENTO DEMOCRÁTICO BRASILEIRO";-1;"#NULO#";"#NULO#";"#NULO#";40000000023;"RENOVAÇÃO E EXPERIÊNCIA 1";"PMDB / PP / PT / PTB / PRB";"BA";"04/10/1963";"017185222208";2;"MASCULINO";8;"SUPERIOR COMPLETO";3;"CASADO(A)";"02";"PRETA";278;"VEREADOR";5;"SUPLENTE"
"23/06/2021";"18:50:53";2014;2;"ELEIÇÃO ORDINÁRIA";1;143;"Eleições Gerais 2014";"05/10/2014";"FEDERAL";"AM";"AM";"AMAZONAS";7;"DEPUTADO ESTADUAL";40000000884;33663;"ELIZANDRA DA SILVA OLIVEIRA";"ELIZANDRA OLIVEIRA";"#NULO#";"02022455274";"PMN33AMAZONAS@GMAIL.COM";3;"INAPTO";"PARTIDO ISOLADO";33;"PMN";"PARTIDO DA MOBILIZAÇÃO NACIONAL";-1;"#NULO#";"#NULO#";"#NULO#";40000000059;"PARTIDO ISOLADO";"PMN";"AM";"31/10/1994";"036398172291";4;"FEMININO";4;"ENSINO FUNDAMENTAL COMPLETO";3;"CASADO(A)";"03";"PARDA";999;"OUTROS";-1;"#NULO#"
"23/06/2021";"18:50:53";2014;1;"ELEIÇÃO SUPLEMENTAR";1;268;"Eleição Suplementar Governador AM";"06/08/2017";"ESTADUAL";"AM";"AM";"AMAZONAS";4;"VICE-GOVERNADOR";40000012070;40;"SIRLAM GOMES COHEN";"SIRLAM COHEN";"#NULO#";"11926856287";"LRMENEZES_AM@HOTMAIL.COM";12;"APTO";"COLIGAÇÃO";33;"PMN";"PARTIDO DA MOBILIZAÇÃO NACIONAL";-1;"#NULO#";"#NULO#";"#NULO#";40000000787;"CORAGEM E ATITUDE PARA MUDAR O AMAZONAS";"PSB / PMN";"AM";"19/08/1960";"000771282275";2;"MASCULINO";8;"SUPERIOR COMPLETO";7;"SEPARADO(A) JUDICIALMENTE";"03";"PARDA";125;"ADMINISTRADOR";4;"NÃO ELEITO"
"23/06/2021";"18:50:53";2014;2;"ELEIÇÃO ORDINÁRIA";1;143;"Eleições Gerais 2014";"05/10/2014";"FEDERAL";"AM";"AM";"AMAZONAS";7;"DEPUTADO ESTADUAL";40000000129;15777;"JOSE LUPERCIO RAMOS DE OLIVEIRA";"LUPERCIO RAMOS";"#NULO#";"03476065200";"LUPERCIORAMOS15@GMAIL.COM";12;"APTO";"COLIGAÇÃO";15;"PMDB";"PARTIDO DO MOVIMENTO DEMOCRÁTICO BRASILEIRO";-1;"#NULO#";"#NULO#";"#NULO#";40000000023;"RENOVAÇÃO E EXPERIÊNCIA 1";"PMDB / PP / PT / PTB / PRB";"AM";"30/10/1950";"004948962232";2;"MASCULINO";8;"SUPERIOR COMPLETO";9;"DIVORCIADO(A)";"01";"BRANCA";131;"ADVOGADO";5;"SUPLENTE"
"23/06/2021";"18:50:53";2014;2;"ELEIÇÃO ORDINÁRIA";1;143;"Eleições Gerais 2014";"05/10/2014";"FEDERAL";"AM";"AM";"AMAZONAS";7;"DEPUTADO ESTADUAL";40000000191;12007;"ARMANDO JOSÉ SOARES DO ESPIRÍTO SANTO JÚNIOR";"ARMANDINHO TODY";"#NULO#";"70456798234";"ARMANDINHO-TODY@GMAIL.COM";12;"APTO";"COLIGAÇÃO";12;"PDT";"PARTIDO DEMOCRÁTICO TRABALHISTA";-1;"#NULO#";"#NULO#";"#NULO#";40000000043;"Renovação e Coragem";"PPS / PDT";"AM";"04/07/1980";"020382922283";2;"MASCULINO";6;"ENSINO MÉDIO COMPLETO";1;"SOLTEIRO(A)";"03";"PARDA";931;"ESTUDANTE, BOLSISTA, ESTAGIÁRIO E ASSEMELHADOS";5;"SUPLENTE"
"23/06/2021";"18:50:53";2014;2;"ELEIÇÃO ORDINÁRIA";1;143;"Eleições Gerais 2014";"05/10/2014";"FEDERAL";"AM";"AM";"AMAZONAS";7;"DEPUTADO ESTADUAL";40000000797;54123;"DAGMO VARELA DA CUNHA";"DR.DAGMO VARELA";"#NULO#";"56917236772";"DR.CAMPELO007@HOTMAIL.COM";12;"APTO";"COLIGAÇÃO";54;"PPL";"PARTIDO PÁTRIA LIVRE";-1;"#NULO#";"#NULO#";"#NULO#";40000000056;"RENOVAÇÃO E EXPERIÊNCIA 2";"PSDC / PPL";"BA";"12/11/1957";"018859672240";2;"MASCULINO";8;"SUPERIOR COMPLETO";1;"SOLTEIRO(A)";"03";"PARDA";257;"EMPRESÁRIO";4;"NÃO ELEITO"
"23/06/2021";"18:50:53";2014;2;"ELEIÇÃO ORDINÁRIA";1;143;"Eleições Gerais 2014";"05/10/2014";"FEDERAL";"AM";"AM";"AMAZONAS";7;"DEPUTADO ESTADUAL";40000000689;44122;"DILMA REGINA NASCIMENTO PARENTE";"DILMA REGINA";"#NULO#";"23932180259";"CASTROFABIO34@GMAIL.COM";12;"APTO";"COLIGAÇÃO";44;"PRP";"PARTIDO REPUBLICANO PROGRESSISTA";-1;"#NULO#";"#NULO#";"#NULO#";40000000053;"FAZENDO MAIS POR NOSSA GENTE III";"PR / PT do B / PSL / SD / PRP";"AM";"14/05/1965";"003979932283";4;"FEMININO";6;"ENSINO MÉDIO COMPLETO";3;"CASADO(A)";"02";"PRETA";233;"POLICIAL MILITAR";5;"SUPLENTE"
"23/06/2021";"18:50:53";2014;2;"ELEIÇÃO ORDINÁRIA";1;143;"Eleições Gerais 2014";"05/10/2014";"FEDERAL";"AM";"AM";"AMAZONAS";7;"DEPUTADO ESTADUAL";40000000201;12000;"MAURO TIAGO MACHADO CONTENTE NOGUEIRA";"MAURO TIAGO";"#NULO#";"53113357268";"#NULO#";12;"APTO";"COLIGAÇÃO";12;"PDT";"PARTIDO DEMOCRÁTICO TRABALHISTA";-1;"#NULO#";"#NULO#";"#NULO#";40000000043;"Renovação e Coragem";"PPS / PDT";"AM";"07/04/1988";"031234422291";2;"MASCULINO";7;"SUPERIOR INCOMPLETO";1;"SOLTEIRO(A)";"01";"BRANCA";395;"BANCÁRIO E ECONOMIÁRIO";5;"SUPLENTE"
"23/06/2021";"18:50:53";2014;2;"ELEIÇÃO ORDINÁRIA";1;143;"Eleições Gerais 2014";"05/10/2014";"FEDERAL";"AM";"AM";"AMAZONAS";7;"DEPUTADO ESTADUAL";40000000270;43004;"MARIA VERONICA TELES DE FRANÇA";"MARIA VERONICA";"#NULO#";"07766912287";"#NULO#";3;"INAPTO";"COLIGAÇÃO";43;"PV";"PARTIDO VERDE";-1;"#NULO#";"#NULO#";"#NULO#";40000000044;"JUNTOS PELO POVO";"PV / PTC";"AM";"04/08/1957";"010310802208";4;"FEMININO";6;"ENSINO MÉDIO COMPLETO";1;"SOLTEIRO(A)";"01";"BRANCA";999;"OUTROS";-1;"#NULO#"
"23/06/2021";"18:50:53";2014;2;"ELEIÇÃO ORDINÁRIA";1;143;"Eleições Gerais 2014";"05/10/2014";"FEDERAL";"AM";"AM";"AMAZONAS";7;"DEPUTADO ESTADUAL";40000000231;23777;"VERANILDE PEREIRA CUNHA";"DRA VERANILDE";"#NULO#";"06383084291";"#NULO#";12;"APTO";"COLIGAÇÃO";23;"PPS";"PARTIDO POPULAR SOCIALISTA";-1;"#NULO#";"#NULO#";"#NULO#";40000000043;"Renovação e Coragem";"PPS / PDT";"AM";"27/10/1955";"006366912208";4;"FEMININO";8;"SUPERIOR COMPLETO";9;"DIVORCIADO(A)";"03";"PARDA";111;"MÉDICO";5;"SUPLENTE"
"23/06/2021";"18:50:53";2014;2;"ELEIÇÃO ORDINÁRIA";1;143;"Eleições Gerais 2014";"05/10/2014";"FEDERAL";"AM";"AM";"AMAZONAS";7;"DEPUTADO ESTADUAL";40000000871;33133;"ARNALDO ALMEIDA MITOUSO";"MITOUSO";"#NULO#";"07392133268";"ARNALDOMITOSO@HOTMAIL.COM";12;"APTO";"PARTIDO ISOLADO";33;"PMN";"PARTIDO DA MOBILIZAÇÃO NACIONAL";-1;"#NULO#";"#NULO#";"#NULO#";40000000059;"PARTIDO ISOLADO";"PMN";"AM";"01/05/1958";"002238062232";2;"MASCULINO";6;"ENSINO MÉDIO COMPLETO";3;"CASADO(A)";"03";"PARDA";999;"OUTROS";4;"NÃO ELEITO"
"23/06/2021";"18:50:53";2014;2;"ELEIÇÃO ORDINÁRIA";1;143;"Eleições Gerais 2014";"05/10/2014";"FEDERAL";"AM";"AM";"AMAZONAS";7;"DEPUTADO ESTADUAL";40000000870;33777;"SEBASTIÃO DA SILVA PESSOA";"NONE";"#NULO#";"41676130268";"PMN33AMAZONAS@GMAIL.COM";12;"APTO";"PARTIDO ISOLADO";33;"PMN";"PARTIDO DA MOBILIZAÇÃO NACIONAL";-1;"#NULO#";"#NULO#";"#NULO#";40000000059;"PARTIDO ISOLADO";"PMN";"AM";"11/03/1966";"002656882640";2;"MASCULINO";6;"ENSINO MÉDIO COMPLETO";3;"CASADO(A)";"03";"PARDA";999;"OUTROS";4;"NÃO ELEITO"
"23/06/2021";"18:50:53";2014;2;"ELEIÇÃO ORDINÁRIA";1;143;"Eleições Gerais 2014";"05/10/2014";"FEDERAL";"AM";"AM";"AMAZONAS";7;"DEPUTADO ESTADUAL";40000000145;15678;"MARLIETE DE AGUIAR BASTOS";"MARLIETE AGUIAR";"#NULO#";"89784219620";"MARLIETEAGUIAR@GMAIL.COM";12;"APTO";"COLIGAÇÃO";15;"PMDB";"PARTIDO DO MOVIMENTO DEMOCRÁTICO BRASILEIRO";-1;"#NULO#";"#NULO#";"#NULO#";40000000023;"RENOVAÇÃO E EXPERIÊNCIA 1";"PMDB / PP / PT / PTB / PRB";"AM";"08/02/1969";"019675622232";4;"FEMININO";7;"SUPERIOR INCOMPLETO";9;"DIVORCIADO(A)";"02";"PRETA";257;"EMPRESÁRIO";5;"SUPLENTE"
"23/06/2021";"18:50:53";2014;2;"ELEIÇÃO ORDINÁRIA";1;143;"Eleições Gerais 2014";"05/10/2014";"FEDERAL";"AM";"AM";"AMAZONAS";7;"DEPUTADO ESTADUAL";40000000424;25125;"JOAO BOSCO NERY DE OLIVEIRA";"JOAO BOSCO NERY";"#NULO#";"34348263272";"DEMOCRATAS.AM25@HOTMAIL.COM";12;"APTO";"COLIGAÇÃO";25;"DEM";"DEMOCRATAS";-1;"#NULO#";"#NULO#";"#NULO#";40000000048;"FAZENDO MAIS POR NOSSA GENTE II";"DEM / PATRIOTA / PHS";"AM";"31/10/1971";"012963052240";2;"MASCULINO";8;"SUPERIOR COMPLETO";3;"CASADO(A)";"03";"PARDA";999;"OUTROS";5;"SUPLENTE"
"23/06/2021";"18:50:53";2014;2;"ELEIÇÃO ORDINÁRIA";1;143;"Eleições Gerais 2014";"05/10/2014";"FEDERAL";"AM";"AM";"AMAZONAS";7;"DEPUTADO ESTADUAL";40000000703;22895;"DIRCE DE OLIVEIRA LEMOS";"DIRCE LEMOS";"#NULO#";"13598082215";"PR22-AM@HOTMAIL.COM";12;"APTO";"COLIGAÇÃO";22;"PR";"PARTIDO DA REPÚBLICA";-1;"#NULO#";"#NULO#";"#NULO#";40000000053;"FAZENDO MAIS POR NOSSA GENTE III";"PR / PT do B / PSL / SD / PRP";"AM";"05/08/1959";"002123242208";4;"FEMININO";8;"SUPERIOR COMPLETO";1;"SOLTEIRO(A)";"03";"PARDA";134;"ASSISTENTE SOCIAL";5;"SUPLENTE"
"23/06/2021";"18:50:53";2014;2;"ELEIÇÃO ORDINÁRIA";1;143;"Eleições Gerais 2014";"05/10/2014";"FEDERAL";"AM";"AM";"AMAZONAS";6;"DEPUTADO FEDERAL";40000000602;4077;"STANLEY PINHEIRO BRAGA";"STANLEY  BRAGA";"#NULO#";"43677894204";"STANLEYDPD@HOTMAIL.COM";12;"APTO";"PARTIDO ISOLADO";40;"PSB";"PARTIDO SOCIALISTA BRASILEIRO";-1;"#NULO#";"#NULO#";"#NULO#";40000000052;"PARTIDO ISOLADO";"PSB";"AM";"18/07/1971";"010751352216";2;"MASCULINO";6;"ENSINO MÉDIO COMPLETO";3;"CASADO(A)";"03";"PARDA";257;"EMPRESÁRIO";4;"NÃO ELEITO"
"23/06/2021";"18:50:53";2014;2;"ELEIÇÃO ORDINÁRIA";1;143;"Eleições Gerais 2014";"05/10/2014";"FEDERAL";"AM";"AM";"AMAZONAS";6;"DEPUTADO FEDERAL";40000000750;4456;"GILBERTO HILARIO DA SILVA";"GILBERTO HILARIO";"#NULO#";"15977595204";"#NULO#";12;"APTO";"PARTIDO ISOLADO";44;"PRP";"PARTIDO REPUBLICANO PROGRESSISTA";-1;"#NULO#";"#NULO#";"#NULO#";40000000055;"PARTIDO ISOLADO";"PRP";"AM";"24/08/1960";"000664922283";2;"MASCULINO";6;"ENSINO MÉDIO COMPLETO";3;"CASADO(A)";"03";"PARDA";531;"MOTORISTA DE VEÍCULOS DE TRANSPORTE COLETIVO DE PASSAGEIROS";4;"NÃO ELEITO"
"23/06/2021";"18:50:53";2014;2;"ELEIÇÃO ORDINÁRIA";1;143;"Eleições Gerais 2014";"05/10/2014";"FEDERAL";"AM";"AM";"AMAZONAS";7;"DEPUTADO ESTADUAL";40000000716;50560;"MARIA AUXILIADORA DOS SANTOS CAMPOS";"AUXILIADORA";"#NULO#";"44547692220";"#NULO#";3;"INAPTO";"PARTIDO ISOLADO";50;"PSOL";"PARTIDO SOCIALISMO E LIBERDADE";-1;"#NULO#";"#NULO#";"#NULO#";40000000054;"PARTIDO ISOLADO";"PSOL";"AM";"29/03/1964";"035457632259";4;"FEMININO";4;"ENSINO FUNDAMENTAL COMPLETO";1;"SOLTEIRO(A)";"03";"PARDA";581;"DONA DE CASA";-1;"#NULO#"
"23/06/2021";"18:50:53";2014;1;"ELEIÇÃO SUPLEMENTAR";1;268;"Eleição Suplementar Governador AM";"06/08/2017";"ESTADUAL";"AM";"AM";"AMAZONAS";3;"GOVERNADOR";40000012059;18;"LUIZ CASTRO ANDRADE NETO";"LUIZ CASTRO";"#NULO#";"07396570204";"DEP.LUIZCASTRO@HOTMAIL.COM";12;"APTO";"COLIGAÇÃO";18;"REDE";"REDE SUSTENTABILIDADE";-1;"#NULO#";"#NULO#";"#NULO#";40000000782;"O COMEÇO DE UMA GRANDE MUDANÇA";"REDE / PSOL";"AM";"14/10/1958";"003836842232";2;"MASCULINO";8;"SUPERIOR COMPLETO";3;"CASADO(A)";"03";"PARDA";277;"DEPUTADO";4;"NÃO ELEITO"
"23/06/2021";"18:50:53";2014;2;"ELEIÇÃO ORDINÁRIA";1;143;"Eleições Gerais 2014";"05/10/2014";"FEDERAL";"AM";"AM";"AMAZONAS";7;"DEPUTADO ESTADUAL";40000000597;40111;"SERAFIM FERNANDES CORREA";"SERAFIM CORREA";"#NULO#";"00153958200";"ELEICAO2014@PSBAM.ORG.BR";12;"APTO";"PARTIDO ISOLADO";40;"PSB";"PARTIDO SOCIALISTA BRASILEIRO";-1;"#NULO#";"#NULO#";"#NULO#";40000000052;"PARTIDO ISOLADO";"PSB";"AM";"03/04/1947";"004968442216";2;"MASCULINO";8;"SUPERIOR COMPLETO";3;"CASADO(A)";"01";"BRANCA";922;"SERVIDOR PÚBLICO CIVIL APOSENTADO";2;"ELEITO POR QP"
"23/06/2021";"18:50:53";2014;2;"ELEIÇÃO ORDINÁRIA";1;143;"Eleições Gerais 2014";"05/10/2014";"FEDERAL";"AM";"AM";"AMAZONAS";7;"DEPUTADO ESTADUAL";40000000443;31007;"ANTÔNIO DE MATOS BARBOSA";"ANTÔNIO MATOS";"#NULO#";"24073237268";"#NULO#";12;"APTO";"COLIGAÇÃO";31;"PHS";"PARTIDO HUMANISTA DA SOLIDARIEDADE";-1;"#NULO#";"#NULO#";"#NULO#";40000000048;"FAZENDO MAIS POR NOSSA GENTE II";"DEM / PATRIOTA / PHS";"AM";"08/10/1965";"004449182259";2;"MASCULINO";6;"ENSINO MÉDIO COMPLETO";3;"CASADO(A)";"03";"PARDA";999;"OUTROS";5;"SUPLENTE"
"23/06/2021";"18:50:53";2014;2;"ELEIÇÃO ORDINÁRIA";1;143;"Eleições Gerais 2014";"05/10/2014";"FEDERAL";"AM";"AM";"AMAZONAS";6;"DEPUTADO FEDERAL";40000000352;9090;"VILMA FLORENÇO QUEIROZ";"VILMA QUEIROZ";"#NULO#";"66112680220";"WILSONBRAGAOABAM6360@HOTMAIL.COM";12;"APTO";"COLIGAÇÃO";90;"PROS";"PARTIDO REPUBLICANO DA ORDEM SOCIAL";-1;"#NULO#";"#NULO#";"#NULO#";40000000046;"FAZENDO MAIS POR NOSSA GENTE 1.";"PROS / DEM / PSDB / PR / PTN / PSC / PT do B / PTC / PRTB / PATRIOTA / PV / PHS / PSL / PSD / SD";"AM";"12/11/1979";"018505822216";4;"FEMININO";7;"SUPERIOR INCOMPLETO";1;"SOLTEIRO(A)";"03";"PARDA";278;"VEREADOR";5;"SUPLENTE"
"23/06/2021";"18:50:53";2014;2;"ELEIÇÃO ORDINÁRIA";1;143;"Eleições Gerais 2014";"05/10/2014";"FEDERAL";"AM";"AM";"AMAZONAS";7;"DEPUTADO ESTADUAL";40000000563;65500;"ORLANDO PANTOJA SANTANA";"PANTOJA DOS  VIGILANTE";"#NULO#";"13055410220";"#NULO#";3;"INAPTO";"PARTIDO ISOLADO";65;"PC do B";"PARTIDO COMUNISTA DO BRASIL";-1;"#NULO#";"#NULO#";"#NULO#";40000000051;"PARTIDO ISOLADO";"PC do B";"AM";"15/06/1962";"000373332283";2;"MASCULINO";6;"ENSINO MÉDIO COMPLETO";1;"SOLTEIRO(A)";"02";"PRETA";254;"VIGILANTE";-1;"#NULO#"
"23/06/2021";"18:50:53";2014;2;"ELEIÇÃO ORDINÁRIA";1;143;"Eleições Gerais 2014";"05/10/2014";"FEDERAL";"AM";"AM";"AMAZONAS";7;"DEPUTADO ESTADUAL";40000000649;70036;"SIDENY FREITAS DA COSTA";"SIDENY COSTA";"#NULO#";"41737750244";"EDILSONHAYLANDER@HOTMAIL.COM";12;"APTO";"COLIGAÇÃO";70;"PT do B";"PARTIDO TRABALHISTA DO BRASIL";-1;"#NULO#";"#NULO#";"#NULO#";40000000053;"FAZENDO MAIS POR NOSSA GENTE III";"PR / PT do B / PSL / SD / PRP";"AM";"29/06/1968";"012477302232";4;"FEMININO";5;"ENSINO MÉDIO INCOMPLETO";3;"CASADO(A)";"03";"PARDA";176;"COZINHEIRO";5;"SUPLENTE"
"23/06/2021";"18:50:53";2014;2;"ELEIÇÃO ORDINÁRIA";1;143;"Eleições Gerais 2014";"05/10/2014";"FEDERAL";"AM";"AM";"AMAZONAS";7;"DEPUTADO ESTADUAL";40000000724;50000;"ELIENILSON FERREIRA MOTA";"NILSON MAGALHÃES";"#NULO#";"99650215204";"#NULO#";12;"APTO";"PARTIDO ISOLADO";50;"PSOL";"PARTIDO SOCIALISMO E LIBERDADE";-1;"#NULO#";"#NULO#";"#NULO#";40000000054;"PARTIDO ISOLADO";"PSOL";"AM";"25/02/1990";"031658332240";2;"MASCULINO";8;"SUPERIOR COMPLETO";1;"SOLTEIRO(A)";"03";"PARDA";254;"VIGILANTE";4;"NÃO ELEITO"
"23/06/2021";"18:50:53";2014;2;"ELEIÇÃO ORDINÁRIA";1;143;"Eleições Gerais 2014";"05/10/2014";"FEDERAL";"AM";"AM";"AMAZONAS";7;"DEPUTADO ESTADUAL";40000000025;19777;"ALFREDO JACAUNA PINHEIRO FILHO";"ALFREDO JACAUNA PINHEIRO";"#NULO#";"11446277291";"APFJACAUNA@GMAIL.COM";12;"APTO";"COLIGAÇÃO";19;"PTN";"PARTIDO TRABALHISTA NACIONAL";-1;"#NULO#";"#NULO#";"#NULO#";40000000021;"FAZENDO MAIS PELA NOSSA GENTE 5";"PTN / PRTB";"AM";"08/10/1954";"034584592259";2;"MASCULINO";8;"SUPERIOR COMPLETO";3;"CASADO(A)";"01";"BRANCA";232;"POLICIAL CIVIL";5;"SUPLENTE"
"23/06/2021";"18:50:53";2014;2;"ELEIÇÃO ORDINÁRIA";1;143;"Eleições Gerais 2014";"05/10/2014";"FEDERAL";"AM";"AM";"AMAZONAS";6;"DEPUTADO FEDERAL";40000000961;2100;"VALDIRENE PICANÇO DE CASTRO";"VALDIRENE CASTRO";"#NULO#";"51895323215";"NAVARRO_LUIZ@YAHOO.COM.BR";12;"APTO";"PARTIDO ISOLADO";21;"PCB";"PARTIDO COMUNISTA BRASILEIRO";-1;"#NULO#";"#NULO#";"#NULO#";40000000042;"PARTIDO ISOLADO";"PCB";"AM";"23/08/1979";"017911672224";4;"FEMININO";6;"ENSINO MÉDIO COMPLETO";1;"SOLTEIRO(A)";"03";"PARDA";581;"DONA DE CASA";4;"NÃO ELEITO"
"23/06/2021";"18:50:53";2014;2;"ELEIÇÃO ORDINÁRIA";1;143;"Eleições Gerais 2014";"05/10/2014";"FEDERAL";"AM";"AM";"AMAZONAS";7;"DEPUTADO ESTADUAL";40000000566;65123;"ALESSANDRA CAMPELO DA SILVA";"ALESSANDRA CAMPELO";"#NULO#";"45601941220";"ALECAMPELO@UOL.COM.BR";12;"APTO";"PARTIDO ISOLADO";65;"PC do B";"PARTIDO COMUNISTA DO BRASIL";-1;"#NULO#";"#NULO#";"#NULO#";40000000051;"PARTIDO ISOLADO";"PC do B";"AM";"01/11/1974";"015572882291";4;"FEMININO";8;"SUPERIOR COMPLETO";9;"DIVORCIADO(A)";"03";"PARDA";232;"POLICIAL CIVIL";2;"ELEITO POR QP"
"23/06/2021";"18:50:53";2014;2;"ELEIÇÃO ORDINÁRIA";1;143;"Eleições Gerais 2014";"05/10/2014";"FEDERAL";"AM";"AM";"AMAZONAS";7;"DEPUTADO ESTADUAL";40000000696;44101;"KEUDMA DA SILVA RODRIGUES DE LIMA";"KEUDMA AVLIS";"#NULO#";"47589639249";"KEUDMAAVLIS@HOTMAIL.COM";12;"APTO";"COLIGAÇÃO";44;"PRP";"PARTIDO REPUBLICANO PROGRESSISTA";-1;"#NULO#";"#NULO#";"#NULO#";40000000053;"FAZENDO MAIS POR NOSSA GENTE III";"PR / PT do B / PSL / SD / PRP";"AM";"03/04/1973";"012055092232";4;"FEMININO";7;"SUPERIOR INCOMPLETO";3;"CASADO(A)";"03";"PARDA";137;"RELAÇÕES-PÚBLICAS";5;"SUPLENTE"
"23/06/2021";"18:50:53";2014;2;"ELEIÇÃO ORDINÁRIA";1;143;"Eleições Gerais 2014";"05/10/2014";"FEDERAL";"AM";"AM";"AMAZONAS";7;"DEPUTADO ESTADUAL";40000000068;19111;"TATIANA SOUZA ARRUDA";"DRA TATIANA";"#NULO#";"58048421291";"#NULO#";12;"APTO";"COLIGAÇÃO";19;"PTN";"PARTIDO TRABALHISTA NACIONAL";-1;"#NULO#";"#NULO#";"#NULO#";40000000021;"FAZENDO MAIS PELA NOSSA GENTE 5";"PTN / PRTB";"AM";"22/07/1975";"016782082291";4;"FEMININO";8;"SUPERIOR COMPLETO";3;"CASADO(A)";"01";"BRANCA";111;"MÉDICO";5;"SUPLENTE"
"23/06/2021";"18:50:53";2014;2;"ELEIÇÃO ORDINÁRIA";1;143;"Eleições Gerais 2014";"05/10/2014";"FEDERAL";"AM";"AM";"AMAZONAS";7;"DEPUTADO ESTADUAL";40000000051;19127;"RENATA DE SOUZA MILLER";"RENATA MILLER";"#NULO#";"88286363272";"RENATAMILLER2013@HOTMAIL.COM";12;"APTO";"COLIGAÇÃO";19;"PTN";"PARTIDO TRABALHISTA NACIONAL";-1;"#NULO#";"#NULO#";"#NULO#";40000000021;"FAZENDO MAIS PELA NOSSA GENTE 5";"PTN / PRTB";"AM";"25/06/1985";"023535922208";4;"FEMININO";3;"ENSINO FUNDAMENTAL INCOMPLETO";1;"SOLTEIRO(A)";"03";"PARDA";999;"OUTROS";5;"SUPLENTE"
"23/06/2021";"18:50:53";2014;2;"ELEIÇÃO ORDINÁRIA";1;143;"Eleições Gerais 2014";"05/10/2014";"FEDERAL";"AM";"AM";"AMAZONAS";6;"DEPUTADO FEDERAL";40000001024;5080;"MARCELA LIMA TEIXEIRA";"MARCELA TEIXEIRA";"#NULO#";"75531640200";"PSOLAM2014@GMAIL.COM";12;"APTO";"PARTIDO ISOLADO";50;"PSOL";"PARTIDO SOCIALISMO E LIBERDADE";-1;"#NULO#";"#NULO#";"#NULO#";40000000054;"PARTIDO ISOLADO";"PSOL";"AM";"23/01/1974";"012319772259";4;"FEMININO";7;"SUPERIOR INCOMPLETO";1;"SOLTEIRO(A)";"03";"PARDA";158;"TÉCNICO EM INFORMÁTICA";4;"NÃO ELEITO"
"23/06/2021";"18:50:53";2014;2;"ELEIÇÃO ORDINÁRIA";1;143;"Eleições Gerais 2014";"05/10/2014";"FEDERAL";"AM";"AM";"AMAZONAS";6;"DEPUTADO FEDERAL";40000000343;3122;"SUELI GOMES DE MEDEIROS";"SUELI MEDEIROS";"#NULO#";"33705666215";"#NULO#";3;"INAPTO";"COLIGAÇÃO";31;"PHS";"PARTIDO HUMANISTA DA SOLIDARIEDADE";-1;"#NULO#";"#NULO#";"#NULO#";40000000046;"FAZENDO MAIS POR NOSSA GENTE 1.";"PROS / DEM / PSDB / PR / PTN / PSC / PT do B / PTC / PRTB / PATRIOTA / PV / PHS / PSL / PSD / SD";"AM";"29/09/1957";"001435802291";4;"FEMININO";6;"ENSINO MÉDIO COMPLETO";1;"SOLTEIRO(A)";"03";"PARDA";922;"SERVIDOR PÚBLICO CIVIL APOSENTADO";-1;"#NULO#"
"23/06/2021";"18:50:53";2014;2;"ELEIÇÃO ORDINÁRIA";1;143;"Eleições Gerais 2014";"05/10/2014";"FEDERAL";"AM";"AM";"AMAZONAS";7;"DEPUTADO ESTADUAL";40000000679;17234;"JOSE AMERICO ALMEIDA DE OLIVEIRA";"AMERICO";"#NULO#";"23387270291";"JOSEAMERICO.OLIVEIRA@HOTMAIL.COM";3;"INAPTO";"COLIGAÇÃO";17;"PSL";"PARTIDO SOCIAL LIBERAL";-1;"#NULO#";"#NULO#";"#NULO#";40000000053;"FAZENDO MAIS POR NOSSA GENTE III";"PR / PT do B / PSL / SD / PRP";"AM";"11/09/1964";"004468322259";2;"MASCULINO";8;"SUPERIOR COMPLETO";3;"CASADO(A)";"03";"PARDA";257;"EMPRESÁRIO";-1;"#NULO#"
"23/06/2021";"18:50:53";2014;2;"ELEIÇÃO ORDINÁRIA";1;143;"Eleições Gerais 2014";"05/10/2014";"FEDERAL";"AM";"AM";"AMAZONAS";7;"DEPUTADO ESTADUAL";40000000683;17456;"EVALDO PEREIRA COUTO";"EVALDO COUTO";"#NULO#";"16013450200";"EVALDOCOUTO@HOTMAIL.COM";12;"APTO";"COLIGAÇÃO";17;"PSL";"PARTIDO SOCIAL LIBERAL";-1;"#NULO#";"#NULO#";"#NULO#";40000000053;"FAZENDO MAIS POR NOSSA GENTE III";"PR / PT do B / PSL / SD / PRP";"AM";"18/02/1961";"000351412259";2;"MASCULINO";6;"ENSINO MÉDIO COMPLETO";3;"CASADO(A)";"03";"PARDA";257;"EMPRESÁRIO";5;"SUPLENTE"
"23/06/2021";"18:50:53";2014;2;"ELEIÇÃO ORDINÁRIA";1;143;"Eleições Gerais 2014";"05/10/2014";"FEDERAL";"AM";"AM";"AMAZONAS";5;"SENADOR";40000000708;500;"MARCOS ANTONIO DE QUEIROZ";"PROFESSOR QUEIROZ";"#NULO#";"64505065472";"PROFESSORQUEIROZ500@HOTMAIL.COM";12;"APTO";"PARTIDO ISOLADO";50;"PSOL";"PARTIDO SOCIALISMO E LIBERDADE";-1;"#NULO#";"#NULO#";"#NULO#";40000000054;"PARTIDO ISOLADO";"PSOL";"PB";"14/03/1968";"013702702208";2;"MASCULINO";8;"SUPERIOR COMPLETO";1;"SOLTEIRO(A)";"01";"BRANCA";297;"SERVIDOR PÚBLICO ESTADUAL";4;"NÃO ELEITO"
"23/06/2021";"18:50:53";2014;2;"ELEIÇÃO ORDINÁRIA";1;143;"Eleições Gerais 2014";"05/10/2014";"FEDERAL";"AM";"AM";"AMAZONAS";6;"DEPUTADO FEDERAL";40000000721;5033;"PAULO JOSÉ RIBEIRO DA SILVA";"PAULO APURINÃ";"#NULO#";"50851152287";"PAULOAPURINA@LIVE.COM";12;"APTO";"PARTIDO ISOLADO";50;"PSOL";"PARTIDO SOCIALISMO E LIBERDADE";-1;"#NULO#";"#NULO#";"#NULO#";40000000054;"PARTIDO ISOLADO";"PSOL";"AM";"19/04/1974";"013077632259";2;"MASCULINO";8;"SUPERIOR COMPLETO";3;"CASADO(A)";"05";"INDÍGENA";125;"ADMINISTRADOR";4;"NÃO ELEITO"
"23/06/2021";"18:50:53";2014;2;"ELEIÇÃO ORDINÁRIA";1;143;"Eleições Gerais 2014";"05/10/2014";"FEDERAL";"AM";"AM";"AMAZONAS";6;"DEPUTADO FEDERAL";40000001202;1321;"ALCINEIDE PEREIRA DA SILVA";"ALCINEIDE SILVA";"#NULO#";"94369445272";"NEIDEMOZ@GMAIL.COM";12;"APTO";"COLIGAÇÃO";13;"PT";"PARTIDO DOS TRABALHADORES";-1;"#NULO#";"#NULO#";"#NULO#";40000000022;"RENOVAÇÃO E EXPERIÊNCIA";"PMDB / PP / PT / PDT / PTB / PPS / PRB / PSDC / PPL / PC do B";"PA";"08/02/1986";"038353261317";4;"FEMININO";5;"ENSINO MÉDIO INCOMPLETO";1;"SOLTEIRO(A)";"03";"PARDA";257;"EMPRESÁRIO";5;"SUPLENTE"
"23/06/2021";"18:50:53";2014;2;"ELEIÇÃO ORDINÁRIA";1;143;"Eleições Gerais 2014";"05/10/2014";"FEDERAL";"AM";"AM";"AMAZONAS";3;"GOVERNADOR";40000000072;15;"CARLOS EDUARDO DE SOUZA BRAGA";"EDUARDO BRAGA";"#NULO#";"07810423215";"ELEITORAL@NOGUEIRA.ADV.BR";12;"APTO";"COLIGAÇÃO";15;"PMDB";"PARTIDO DO MOVIMENTO DEMOCRÁTICO BRASILEIRO";-1;"#NULO#";"#NULO#";"#NULO#";40000000022;"RENOVAÇÃO E EXPERIÊNCIA";"PMDB / PP / PT / PDT / PTB / PPS / PRB / PSDC / PPL / PC do B";"PA";"06/12/1960";"002430682216";2;"MASCULINO";8;"SUPERIOR COMPLETO";3;"CASADO(A)";"01";"BRANCA";276;"SENADOR";6;"2º TURNO"
"23/06/2021";"18:50:53";2014;2;"ELEIÇÃO ORDINÁRIA";1;143;"Eleições Gerais 2014";"05/10/2014";"FEDERAL";"AM";"AM";"AMAZONAS";7;"DEPUTADO ESTADUAL";40000000157;14000;"JOÃO FERREIRA VITAL NETO";"JOÃO VITAL";"#NULO#";"17971144253";"JOAONETO_FERREIRA@HOTMAIL.COM";12;"APTO";"COLIGAÇÃO";14;"PTB";"PARTIDO TRABALHISTA BRASILEIRO";-1;"#NULO#";"#NULO#";"#NULO#";40000000023;"RENOVAÇÃO E EXPERIÊNCIA 1";"PMDB / PP / PT / PTB / PRB";"AM";"20/10/1962";"013615152275";2;"MASCULINO";6;"ENSINO MÉDIO COMPLETO";3;"CASADO(A)";"03";"PARDA";403;"CORRETOR DE IMÓVEIS, SEGUROS, TÍTULOS E VALORES";5;"SUPLENTE"
"23/06/2021";"18:50:53";2014;2;"ELEIÇÃO ORDINÁRIA";1;143;"Eleições Gerais 2014";"05/10/2014";"FEDERAL";"AM";"AM";"AMAZONAS";7;"DEPUTADO ESTADUAL";40000000160;14656;"MARCOS GOMES TAVEIRA";"MARQUINHO MARCKIÊ";"#NULO#";"44549601272";"MARQUINHOSMARCKIE@HOTMAIL.COM";12;"APTO";"COLIGAÇÃO";14;"PTB";"PARTIDO TRABALHISTA BRASILEIRO";-1;"#NULO#";"#NULO#";"#NULO#";40000000023;"RENOVAÇÃO E EXPERIÊNCIA 1";"PMDB / PP / PT / PTB / PRB";"AM";"01/04/1974";"014629312232";2;"MASCULINO";8;"SUPERIOR COMPLETO";9;"DIVORCIADO(A)";"02";"PRETA";257;"EMPRESÁRIO";5;"SUPLENTE"
"23/06/2021";"18:50:53";2014;2;"ELEIÇÃO ORDINÁRIA";1;143;"Eleições Gerais 2014";"05/10/2014";"FEDERAL";"AM";"AM";"AMAZONAS";7;"DEPUTADO ESTADUAL";40000000612;40333;"WILDE ARAUJO CELANI";"MALBA";"#NULO#";"21397589272";"ELEICAO2014@PSBAM.ORG.BR";12;"APTO";"PARTIDO ISOLADO";40;"PSB";"PARTIDO SOCIALISTA BRASILEIRO";-1;"#NULO#";"#NULO#";"#NULO#";40000000052;"PARTIDO ISOLADO";"PSB";"AM";"12/12/1967";"002123292208";2;"MASCULINO";8;"SUPERIOR COMPLETO";3;"CASADO(A)";"01";"BRANCA";999;"OUTROS";5;"SUPLENTE"
"23/06/2021";"18:50:53";2014;2;"ELEIÇÃO ORDINÁRIA";1;143;"Eleições Gerais 2014";"05/10/2014";"FEDERAL";"AM";"AM";"AMAZONAS";7;"DEPUTADO ESTADUAL";40000000638;40567;"GIL ADRIANO MAIA DOS SANTOS";"GIL ADRIANO";"#NULO#";"68510640220";"#NULO#";12;"APTO";"PARTIDO ISOLADO";40;"PSB";"PARTIDO SOCIALISTA BRASILEIRO";-1;"#NULO#";"#NULO#";"#NULO#";40000000052;"PARTIDO ISOLADO";"PSB";"AM";"22/06/1981";"020021622232";2;"MASCULINO";5;"ENSINO MÉDIO INCOMPLETO";1;"SOLTEIRO(A)";"03";"PARDA";257;"EMPRESÁRIO";5;"SUPLENTE"
"23/06/2021";"18:50:53";2014;2;"ELEIÇÃO ORDINÁRIA";1;143;"Eleições Gerais 2014";"05/10/2014";"FEDERAL";"AM";"AM";"AMAZONAS";7;"DEPUTADO ESTADUAL";40000000437;31222;"IVANILSON DOS SANTOS";"IVANILSON";"#NULO#";"23972254253";"BRAULIO.BRAULE@GMAIL.COM";12;"APTO";"COLIGAÇÃO";31;"PHS";"PARTIDO HUMANISTA DA SOLIDARIEDADE";-1;"#NULO#";"#NULO#";"#NULO#";40000000048;"FAZENDO MAIS POR NOSSA GENTE II";"DEM / PATRIOTA / PHS";"AM";"17/08/1963";"001104112208";2;"MASCULINO";6;"ENSINO MÉDIO COMPLETO";3;"CASADO(A)";"03";"PARDA";292;"AGENTE ADMINISTRATIVO";5;"SUPLENTE"
"23/06/2021";"18:50:53";2014;2;"ELEIÇÃO ORDINÁRIA";1;143;"Eleições Gerais 2014";"05/10/2014";"FEDERAL";"AM";"AM";"AMAZONAS";7;"DEPUTADO ESTADUAL";40000000516;90671;"MOCILDA DE OLIVEIRA GUIMARÃES";"CIDA GURGEL";"#NULO#";"32130066291";"CIDHAGURGEL@GMAIL.COM";12;"APTO";"COLIGAÇÃO";90;"PROS";"PARTIDO REPUBLICANO DA ORDEM SOCIAL";-1;"#NULO#";"#NULO#";"#NULO#";40000000050;"FAZENDO MAIS POR NOSSA GENTE 1";"PROS / PSD / PSDB / PSC";"AM";"09/01/1968";"003646292275";4;"FEMININO";7;"SUPERIOR INCOMPLETO";3;"CASADO(A)";"01";"BRANCA";999;"OUTROS";5;"SUPLENTE"
"23/06/2021";"18:50:53";2014;2;"ELEIÇÃO ORDINÁRIA";1;143;"Eleições Gerais 2014";"05/10/2014";"FEDERAL";"AM";"AM";"AMAZONAS";7;"DEPUTADO ESTADUAL";40000000139;15555;"FRANCISCO DAS CHAGAS DISSICA VALERIO TOMAZ";"DISSICA VALÉRIO TOMAZ";"#NULO#";"01514016249";"#NULO#";3;"INAPTO";"COLIGAÇÃO";15;"PMDB";"PARTIDO DO MOVIMENTO DEMOCRÁTICO BRASILEIRO";-1;"#NULO#";"#NULO#";"#NULO#";40000000023;"RENOVAÇÃO E EXPERIÊNCIA 1";"PMDB / PP / PT / PTB / PRB";"AM";"20/01/1953";"000622762216";2;"MASCULINO";7;"SUPERIOR INCOMPLETO";9;"DIVORCIADO(A)";"03";"PARDA";125;"ADMINISTRADOR";4;"NÃO ELEITO"
"23/06/2021";"18:50:53";2014;2;"ELEIÇÃO ORDINÁRIA";1;143;"Eleições Gerais 2014";"05/10/2014";"FEDERAL";"AM";"AM";"AMAZONAS";7;"DEPUTADO ESTADUAL";40000000454;51133;"DANIEL DA SILVA FALCÃO";"DANIEL FALCÃO";"#NULO#";"95933794287";"DANIELL5FALCAO@GMAIL.COM";12;"APTO";"COLIGAÇÃO";51;"PATRIOTA";"PARTIDO ECOLÓGICO NACIONAL";-1;"#NULO#";"#NULO#";"#NULO#";40000000048;"FAZENDO MAIS POR NOSSA GENTE II";"DEM / PATRIOTA / PHS";"AM";"05/08/1984";"031855672291";2;"MASCULINO";6;"ENSINO MÉDIO COMPLETO";3;"CASADO(A)";"03";"PARDA";999;"OUTROS";5;"SUPLENTE"
"23/06/2021";"18:50:53";2014;2;"ELEIÇÃO ORDINÁRIA";1;143;"Eleições Gerais 2014";"05/10/2014";"FEDERAL";"AM";"AM";"AMAZONAS";7;"DEPUTADO ESTADUAL";40000000611;40014;"JOAQUIM FONSECA GOUVEIA";"GOUVEIA";"#NULO#";"01587277204";"JOAQUIMFGOUVEIA@BOL.COM.BR";12;"APTO";"PARTIDO ISOLADO";40;"PSB";"PARTIDO SOCIALISTA BRASILEIRO";-1;"#NULO#";"#NULO#";"#NULO#";40000000052;"PARTIDO ISOLADO";"PSB";"PA";"26/02/1949";"001143272216";2;"MASCULINO";8;"SUPERIOR COMPLETO";9;"DIVORCIADO(A)";"01";"BRANCA";999;"OUTROS";5;"SUPLENTE"
"23/06/2021";"18:50:53";2014;2;"ELEIÇÃO ORDINÁRIA";1;143;"Eleições Gerais 2014";"05/10/2014";"FEDERAL";"AM";"AM";"AMAZONAS";4;"VICE-GOVERNADOR";40000000882;33;"LUIS GUSTAVO FRANK BRAZ";"GUSTAVO BRAZ";"#NULO#";"15946405802";"GUSTAVOFBRAZ@HOTMAIL.COM";12;"APTO";"PARTIDO ISOLADO";33;"PMN";"PARTIDO DA MOBILIZAÇÃO NACIONAL";-1;"#NULO#";"#NULO#";"#NULO#";40000000059;"PARTIDO ISOLADO";"PMN";"RJ";"09/04/1975";"263460630116";2;"MASCULINO";8;"SUPERIOR COMPLETO";3;"CASADO(A)";"01";"BRANCA";131;"ADVOGADO";4;"NÃO ELEITO"
"23/06/2021";"18:50:53";2014;1;"ELEIÇÃO SUPLEMENTAR";1;268;"Eleição Suplementar Governador AM";"06/08/2017";"ESTADUAL";"AM";"AM";"AMAZONAS";4;"VICE-GOVERNADOR";40000012074;54;"FABIANA CAMPOS SILVA WILKENS";"DRA FABIANA WILKENS";"#NULO#";"61804975249";"ADVOGADOMANAUS@HOTMAIL.COM";12;"APTO";"PARTIDO ISOLADO";54;"PPL";"PARTIDO PÁTRIA LIVRE";-1;"#NULO#";"#NULO#";"#NULO#";40000000789;"PARTIDO ISOLADO";"PPL";"AM";"04/12/1974";"014645782259";4;"FEMININO";8;"SUPERIOR COMPLETO";3;"CASADO(A)";"01";"BRANCA";111;"MÉDICO";4;"NÃO ELEITO"
"23/06/2021";"18:50:53";2014;2;"ELEIÇÃO ORDINÁRIA";1;143;"Eleições Gerais 2014";"05/10/2014";"FEDERAL";"AM";"AM";"AMAZONAS";7;"DEPUTADO ESTADUAL";40000000782;27012;"RENAN CRUZ BELMIRO";"RENAN BELMIRO";"#NULO#";"99277425253";"#NULO#";12;"APTO";"COLIGAÇÃO";27;"PSDC";"PARTIDO SOCIAL DEMOCRATA CRISTÃO";-1;"#NULO#";"#NULO#";"#NULO#";40000000056;"RENOVAÇÃO E EXPERIÊNCIA 2";"PSDC / PPL";"AM";"08/02/1985";"032781232275";2;"MASCULINO";6;"ENSINO MÉDIO COMPLETO";1;"SOLTEIRO(A)";"03";"PARDA";164;"MÚSICO";4;"NÃO ELEITO"
"23/06/2021";"18:50:53";2014;2;"ELEIÇÃO ORDINÁRIA";1;143;"Eleições Gerais 2014";"05/10/2014";"FEDERAL";"AM";"AM";"AMAZONAS";7;"DEPUTADO ESTADUAL";40000000715;50350;"HELENA SILVA CORDEIRO";"LENA CORDEIRO";"#NULO#";"77318706268";"#NULO#";12;"APTO";"PARTIDO ISOLADO";50;"PSOL";"PARTIDO SOCIALISMO E LIBERDADE";-1;"#NULO#";"#NULO#";"#NULO#";40000000054;"PARTIDO ISOLADO";"PSOL";"AC";"08/06/1974";"002165072445";4;"FEMININO";6;"ENSINO MÉDIO COMPLETO";1;"SOLTEIRO(A)";"03";"PARDA";931;"ESTUDANTE, BOLSISTA, ESTAGIÁRIO E ASSEMELHADOS";4;"NÃO ELEITO"
"23/06/2021";"18:50:53";2014;2;"ELEIÇÃO ORDINÁRIA";1;143;"Eleições Gerais 2014";"05/10/2014";"FEDERAL";"AM";"AM";"AMAZONAS";7;"DEPUTADO ESTADUAL";40000000029;19444;"DELIENE DO SOCORRO DO NASCIMENTO GARCIA";"PROF. DELIENE GARCIA";"#NULO#";"58312056220";"PROFA.DELIENE@YAHOO.COM.BR";12;"APTO";"COLIGAÇÃO";19;"PTN";"PARTIDO TRABALHISTA NACIONAL";-1;"#NULO#";"#NULO#";"#NULO#";40000000021;"FAZENDO MAIS PELA NOSSA GENTE 5";"PTN / PRTB";"AM";"23/10/1974";"016049412216";4;"FEMININO";8;"SUPERIOR COMPLETO";9;"DIVORCIADO(A)";"01";"BRANCA";265;"PROFESSOR DE ENSINO FUNDAMENTAL";5;"SUPLENTE"
"23/06/2021";"18:50:53";2014;2;"ELEIÇÃO ORDINÁRIA";1;143;"Eleições Gerais 2014";"05/10/2014";"FEDERAL";"AM";"AM";"AMAZONAS";7;"DEPUTADO ESTADUAL";40000000193;12770;"CLAUDETE DA SILVA ANGELIM";"CLAUDETE ANGELIM";"#NULO#";"72799749291";"ANGELIMGALVAO@HOTMAIL.COM";12;"APTO";"COLIGAÇÃO";12;"PDT";"PARTIDO DEMOCRÁTICO TRABALHISTA";-1;"#NULO#";"#NULO#";"#NULO#";40000000043;"Renovação e Coragem";"PPS / PDT";"AM";"23/04/1989";"022700432291";4;"FEMININO";8;"SUPERIOR COMPLETO";1;"SOLTEIRO(A)";"02";"PRETA";230;"PEDAGOGO";5;"SUPLENTE"
"23/06/2021";"18:50:53";2014;2;"ELEIÇÃO ORDINÁRIA";1;143;"Eleições Gerais 2014";"05/10/2014";"FEDERAL";"AM";"AM";"AMAZONAS";6;"DEPUTADO FEDERAL";40000000748;4423;"ANA SUZY DE ALMEIDA CAVALCANTE";"ANA SUZY";"#NULO#";"34806911291";"SUZYFRED@HOTMAIL.COM";12;"APTO";"PARTIDO ISOLADO";44;"PRP";"PARTIDO REPUBLICANO PROGRESSISTA";-1;"#NULO#";"#NULO#";"#NULO#";40000000055;"PARTIDO ISOLADO";"PRP";"AM";"04/05/1969";"013620272240";4;"FEMININO";8;"SUPERIOR COMPLETO";9;"DIVORCIADO(A)";"03";"PARDA";169;"COMERCIANTE";4;"NÃO ELEITO"
"23/06/2021";"18:50:53";2014;2;"ELEIÇÃO ORDINÁRIA";1;143;"Eleições Gerais 2014";"05/10/2014";"FEDERAL";"AM";"AM";"AMAZONAS";5;"SENADOR";40000000598;400;"MARCELO AUGUSTO DA EIRA CORREA";"MARCELO SERAFIM";"#NULO#";"50864173253";"ELEICAO2014@PSBAM.ORG.BR";12;"APTO";"PARTIDO ISOLADO";40;"PSB";"PARTIDO SOCIALISTA BRASILEIRO";-1;"#NULO#";"#NULO#";"#NULO#";40000000052;"PARTIDO ISOLADO";"PSB";"AM";"09/01/1977";"016858522224";2;"MASCULINO";8;"SUPERIOR COMPLETO";3;"CASADO(A)";"01";"BRANCA";278;"VEREADOR";4;"NÃO ELEITO"
"23/06/2021";"18:50:53";2014;2;"ELEIÇÃO ORDINÁRIA";1;143;"Eleições Gerais 2014";"05/10/2014";"FEDERAL";"AM";"AM";"AMAZONAS";6;"DEPUTADO FEDERAL";40000000099;1040;"MARTA FRANCISCA COSTA DOS SANTOS";"MARTA KRAMER";"#NULO#";"89729889287";"#NULO#";3;"INAPTO";"COLIGAÇÃO";10;"PRB";"PARTIDO REPUBLICANO BRASILEIRO";-1;"#NULO#";"#NULO#";"#NULO#";40000000022;"RENOVAÇÃO E EXPERIÊNCIA";"PMDB / PP / PT / PDT / PTB / PPS / PRB / PSDC / PPL / PC do B";"AM";"30/06/1987";"031233322259";4;"FEMININO";7;"SUPERIOR INCOMPLETO";3;"CASADO(A)";"03";"PARDA";581;"DONA DE CASA";-1;"#NULO#"
"23/06/2021";"18:50:53";2014;2;"ELEIÇÃO ORDINÁRIA";1;143;"Eleições Gerais 2014";"05/10/2014";"FEDERAL";"AM";"AM";"AMAZONAS";6;"DEPUTADO FEDERAL";40000000713;5000;"AUXILIADORA DE SOUZA SANTOS";"DORA SANTOS";"#NULO#";"40784010234";"#NULO#";12;"APTO";"PARTIDO ISOLADO";50;"PSOL";"PARTIDO SOCIALISMO E LIBERDADE";-1;"#NULO#";"#NULO#";"#NULO#";40000000054;"PARTIDO ISOLADO";"PSOL";"AM";"27/05/1972";"035443332224";4;"FEMININO";8;"SUPERIOR COMPLETO";1;"SOLTEIRO(A)";"03";"PARDA";265;"PROFESSOR DE ENSINO FUNDAMENTAL";4;"NÃO ELEITO"
"23/06/2021";"18:50:53";2014;2;"ELEIÇÃO ORDINÁRIA";1;143;"Eleições Gerais 2014";"05/10/2014";"FEDERAL";"AM";"AM";"AMAZONAS";7;"DEPUTADO ESTADUAL";40000001181;17888;"SEBASTIÃO ALVES PENEDO";"PASTOR SABA PENEDO";"#NULO#";"04986180215";"#NULO#";12;"APTO";"COLIGAÇÃO";17;"PSL";"PARTIDO SOCIAL LIBERAL";-1;"#NULO#";"#NULO#";"#NULO#";40000000053;"FAZENDO MAIS POR NOSSA GENTE III";"PR / PT do B / PSL / SD / PRP";"AM";"12/03/1957";"003039852240";2;"MASCULINO";7;"SUPERIOR INCOMPLETO";3;"CASADO(A)";"03";"PARDA";910;"SACERDOTE OU MEMBRO DE ORDEM OU SEITA RELIGIOSA";5;"SUPLENTE"
"23/06/2021";"18:50:53";2014;2;"ELEIÇÃO ORDINÁRIA";1;143;"Eleições Gerais 2014";"05/10/2014";"FEDERAL";"AM";"AM";"AMAZONAS";10;"2º SUPLENTE";40000001023;500;"ALCIONE DAVID DE MOURA RIBEIRO";"ALCIONE RIBEIRO";"#NULO#";"43512542468";"#NULO#";3;"INAPTO";"PARTIDO ISOLADO";50;"PSOL";"PARTIDO SOCIALISMO E LIBERDADE";-1;"#NULO#";"#NULO#";"#NULO#";40000000054;"PARTIDO ISOLADO";"PSOL";"PE";"26/06/1964";"002631742615";4;"FEMININO";6;"ENSINO MÉDIO COMPLETO";3;"CASADO(A)";"01";"BRANCA";266;"PROFESSOR DE ENSINO MÉDIO";-1;"#NULO#"
"23/06/2021";"18:50:53";2014;2;"ELEIÇÃO ORDINÁRIA";1;143;"Eleições Gerais 2014";"05/10/2014";"FEDERAL";"AM";"AM";"AMAZONAS";7;"DEPUTADO ESTADUAL";40000000496;20014;"WANDERLAN CARDOSO CRISTO";"WANDERLAN";"#NULO#";"57933510272";"#NULO#";12;"APTO";"COLIGAÇÃO";20;"PSC";"PARTIDO SOCIAL CRISTÃO";-1;"#NULO#";"#NULO#";"#NULO#";40000000050;"FAZENDO MAIS POR NOSSA GENTE 1";"PROS / PSD / PSDB / PSC";"AM";"06/08/1974";"016709842259";2;"MASCULINO";6;"ENSINO MÉDIO COMPLETO";1;"SOLTEIRO(A)";"03";"PARDA";923;"APOSENTADO (EXCETO SERVIDOR PÚBLICO)";5;"SUPLENTE"
"23/06/2021";"18:50:53";2014;2;"ELEIÇÃO ORDINÁRIA";1;143;"Eleições Gerais 2014";"05/10/2014";"FEDERAL";"AM";"AM";"AMAZONAS";7;"DEPUTADO ESTADUAL";40000000037;19555;"JOSÉ FRANCISCO CAMPOS DE OLIVEIRA";"DR. FRANCISCO CAMPOS";"#NULO#";"33765901253";"FCOFRANCISCOCAMPOS@HOTMAIL.COM";12;"APTO";"COLIGAÇÃO";19;"PTN";"PARTIDO TRABALHISTA NACIONAL";-1;"#NULO#";"#NULO#";"#NULO#";40000000021;"FAZENDO MAIS PELA NOSSA GENTE 5";"PTN / PRTB";"AM";"04/02/1963";"002402912224";2;"MASCULINO";8;"SUPERIOR COMPLETO";3;"CASADO(A)";"01";"BRANCA";111;"MÉDICO";5;"SUPLENTE"
"23/06/2021";"18:50:53";2014;2;"ELEIÇÃO ORDINÁRIA";1;143;"Eleições Gerais 2014";"05/10/2014";"FEDERAL";"AM";"AM";"AMAZONAS";7;"DEPUTADO ESTADUAL";40000000116;15666;"BELARMINO LINS DE ALBUQUERQUE";"BELARMINO LINS";"#NULO#";"00521663253";"GABINETE.BELARMINO@ALEAM.GOV.BR";12;"APTO";"COLIGAÇÃO";15;"PMDB";"PARTIDO DO MOVIMENTO DEMOCRÁTICO BRASILEIRO";-1;"#NULO#";"#NULO#";"#NULO#";40000000023;"RENOVAÇÃO E EXPERIÊNCIA 1";"PMDB / PP / PT / PTB / PRB";"AM";"01/01/1946";"005813582216";2;"MASCULINO";8;"SUPERIOR COMPLETO";3;"CASADO(A)";"01";"BRANCA";277;"DEPUTADO";2;"ELEITO POR QP"
"23/06/2021";"18:50:53";2014;2;"ELEIÇÃO ORDINÁRIA";1;143;"Eleições Gerais 2014";"05/10/2014";"FEDERAL";"AM";"AM";"AMAZONAS";7;"DEPUTADO ESTADUAL";40000000040;19009;"MARCOS ANTONIO DE SOUZA";"MARCOS ANTONIO-MARQUINHO";"#NULO#";"39505529104";"#NULO#";12;"APTO";"COLIGAÇÃO";19;"PTN";"PARTIDO TRABALHISTA NACIONAL";-1;"#NULO#";"#NULO#";"#NULO#";40000000021;"FAZENDO MAIS PELA NOSSA GENTE 5";"PTN / PRTB";"GO";"15/02/1967";"018810592240";2;"MASCULINO";6;"ENSINO MÉDIO COMPLETO";3;"CASADO(A)";"01";"BRANCA";234;"PRODUTOR AGROPECUÁRIO";5;"SUPLENTE"
"23/06/2021";"18:50:53";2014;2;"ELEIÇÃO ORDINÁRIA";1;143;"Eleições Gerais 2014";"05/10/2014";"FEDERAL";"AM";"AM";"AMAZONAS";6;"DEPUTADO FEDERAL";40000000078;1555;"GEDEAO TIMOTEO AMORIM";"GEDEÃO AMORIM";"#NULO#";"01196820287";"GEDEAOAMORIM@HOTMAIL.COM";12;"APTO";"COLIGAÇÃO";15;"PMDB";"PARTIDO DO MOVIMENTO DEMOCRÁTICO BRASILEIRO";-1;"#NULO#";"#NULO#";"#NULO#";40000000022;"RENOVAÇÃO E EXPERIÊNCIA";"PMDB / PP / PT / PDT / PTB / PPS / PRB / PSDC / PPL / PC do B";"CE";"12/10/1952";"001550122283";2;"MASCULINO";8;"SUPERIOR COMPLETO";3;"CASADO(A)";"03";"PARDA";923;"APOSENTADO (EXCETO SERVIDOR PÚBLICO)";5;"SUPLENTE"
"23/06/2021";"18:50:53";2014;2;"ELEIÇÃO ORDINÁRIA";1;143;"Eleições Gerais 2014";"05/10/2014";"FEDERAL";"AM";"AM";"AMAZONAS";3;"GOVERNADOR";40000000880;33;"MARCO ANTÔNIO SOUZA RIBEIRO DA COSTA";"CHICO PRETO";"#NULO#";"09331269803";"CHICOPRETOAM@GMAIL.COM";12;"APTO";"PARTIDO ISOLADO";33;"PMN";"PARTIDO DA MOBILIZAÇÃO NACIONAL";-1;"#NULO#";"#NULO#";"#NULO#";40000000059;"PARTIDO ISOLADO";"PMN";"AM";"25/06/1969";"010203822267";2;"MASCULINO";8;"SUPERIOR COMPLETO";3;"CASADO(A)";"01";"BRANCA";277;"DEPUTADO";4;"NÃO ELEITO"
"23/06/2021";"18:50:53";2014;2;"ELEIÇÃO ORDINÁRIA";1;143;"Eleições Gerais 2014";"05/10/2014";"FEDERAL";"AM";"AM";"AMAZONAS";7;"DEPUTADO ESTADUAL";40000000775;27321;"MARA LUCIA GOMES PASSARINHO";"MARA PASSARINHO";"#NULO#";"50970437234";"#NULO#";12;"APTO";"COLIGAÇÃO";27;"PSDC";"PARTIDO SOCIAL DEMOCRATA CRISTÃO";-1;"#NULO#";"#NULO#";"#NULO#";40000000056;"RENOVAÇÃO E EXPERIÊNCIA 2";"PSDC / PPL";"RJ";"12/01/1978";"017358172259";4;"FEMININO";8;"SUPERIOR COMPLETO";3;"CASADO(A)";"01";"BRANCA";232;"POLICIAL CIVIL";4;"NÃO ELEITO"
"23/06/2021";"18:50:53";2014;2;"ELEIÇÃO ORDINÁRIA";1;143;"Eleições Gerais 2014";"05/10/2014";"FEDERAL";"AM";"AM";"AMAZONAS";7;"DEPUTADO ESTADUAL";40000000476;51510;"HUDSON CABRAL DE MORAES";"HUDSON";"#NULO#";"63686481200";"#NULO#";12;"APTO";"COLIGAÇÃO";51;"PATRIOTA";"PARTIDO ECOLÓGICO NACIONAL";-1;"#NULO#";"#NULO#";"#NULO#";40000000048;"FAZENDO MAIS POR NOSSA GENTE II";"DEM / PATRIOTA / PHS";"AM";"16/02/1978";"016520902240";2;"MASCULINO";6;"ENSINO MÉDIO COMPLETO";1;"SOLTEIRO(A)";"03";"PARDA";254;"VIGILANTE";5;"SUPLENTE"
"23/06/2021";"18:50:53";2014;2;"ELEIÇÃO ORDINÁRIA";1;143;"Eleições Gerais 2014";"05/10/2014";"FEDERAL";"AM";"AM";"AMAZONAS";6;"DEPUTADO FEDERAL";40000000862;3300;"RICARDO ZIMA AGUIAR";"RICARDO AGUIAR";"#NULO#";"42073189253";"RICARDO_AGUIAR_AM@HOTMAIL.COM";12;"APTO";"PARTIDO ISOLADO";33;"PMN";"PARTIDO DA MOBILIZAÇÃO NACIONAL";-1;"#NULO#";"#NULO#";"#NULO#";40000000059;"PARTIDO ISOLADO";"PMN";"SP";"16/09/1973";"017232962216";2;"MASCULINO";8;"SUPERIOR COMPLETO";3;"CASADO(A)";"01";"BRANCA";169;"COMERCIANTE";4;"NÃO ELEITO"
"23/06/2021";"18:50:53";2014;2;"ELEIÇÃO ORDINÁRIA";1;143;"Eleições Gerais 2014";"05/10/2014";"FEDERAL";"AM";"AM";"AMAZONAS";7;"DEPUTADO ESTADUAL";40000000676;17333;"VANGELA BARRETO DE FREITAS";"VANGELA FREITAS";"#NULO#";"75799030249";"VANGELA_FREITAS@HOTMAIL.COM";12;"APTO";"COLIGAÇÃO";17;"PSL";"PARTIDO SOCIAL LIBERAL";-1;"#NULO#";"#NULO#";"#NULO#";40000000053;"FAZENDO MAIS POR NOSSA GENTE III";"PR / PT do B / PSL / SD / PRP";"AM";"21/04/1982";"020646172283";4;"FEMININO";8;"SUPERIOR COMPLETO";1;"SOLTEIRO(A)";"01";"BRANCA";298;"SERVIDOR PÚBLICO MUNICIPAL";5;"SUPLENTE"
"23/06/2021";"18:50:53";2014;2;"ELEIÇÃO ORDINÁRIA";1;143;"Eleições Gerais 2014";"05/10/2014";"FEDERAL";"AM";"AM";"AMAZONAS";10;"2º SUPLENTE";40000000076;131;"LUIZ DE SOUZA BORGES NETO";"LUIZ BORGES";"#NULO#";"30888433204";"LUIZBORGESLM@GMAIL.COM";12;"APTO";"COLIGAÇÃO";13;"PT";"PARTIDO DOS TRABALHADORES";-1;"#NULO#";"#NULO#";"#NULO#";40000000022;"RENOVAÇÃO E EXPERIÊNCIA";"PMDB / PP / PT / PDT / PTB / PPS / PRB / PSDC / PPL / PC do B";"AM";"26/02/1967";"005083692291";2;"MASCULINO";8;"SUPERIOR COMPLETO";3;"CASADO(A)";"02";"PRETA";266;"PROFESSOR DE ENSINO MÉDIO";4;"NÃO ELEITO"
"23/06/2021";"18:50:53";2014;2;"ELEIÇÃO ORDINÁRIA";1;143;"Eleições Gerais 2014";"05/10/2014";"FEDERAL";"AM";"AM";"AMAZONAS";7;"DEPUTADO ESTADUAL";40000000213;23456;"JOAQUIM FRANCISCO DA SILVA CORADO";"JOAQUIM CORADO";"#NULO#";"00682292249";"#NULO#";12;"APTO";"COLIGAÇÃO";23;"PPS";"PARTIDO POPULAR SOCIALISTA";-1;"#NULO#";"#NULO#";"#NULO#";40000000043;"Renovação e Coragem";"PPS / PDT";"AM";"04/10/1947";"000369832275";2;"MASCULINO";8;"SUPERIOR COMPLETO";3;"CASADO(A)";"03";"PARDA";999;"OUTROS";5;"SUPLENTE"
"23/06/2021";"18:50:53";2014;1;"ELEIÇÃO SUPLEMENTAR";1;268;"Eleição Suplementar Governador AM";"06/08/2017";"ESTADUAL";"AM";"AM";"AMAZONAS";4;"VICE-GOVERNADOR";40000012068;12;"JOÃO BOSCO GOMES SARAIVA";"BOSCO SARAIVA";"#NULO#";"13717820249";"PDT.AM12@GMAIL.COM";12;"APTO";"COLIGAÇÃO";45;"PSDB";"PARTIDO DA SOCIAL DEMOCRACIA BRASILEIRA";-1;"#NULO#";"#NULO#";"#NULO#";40000000786;"MOVIMENTO PELA RECONSTRUÇÃO DO AMAZONAS";"PDT / DEM / PV / PSDB / PSD / PRB / PSC";"AM";"10/10/1959";"003343832291";2;"MASCULINO";8;"SUPERIOR COMPLETO";3;"CASADO(A)";"01";"BRANCA";277;"DEPUTADO";6;"2º TURNO"
"23/06/2021";"18:50:53";2014;2;"ELEIÇÃO ORDINÁRIA";1;143;"Eleições Gerais 2014";"05/10/2014";"FEDERAL";"AM";"AM";"AMAZONAS";7;"DEPUTADO ESTADUAL";40000000664;22316;"MARIVALDO RAIMUNDO DUARTE DE ANDRADE";"PÃO TORRADO";"#NULO#";"02697084215";"#NULO#";3;"INAPTO";"COLIGAÇÃO";22;"PR";"PARTIDO DA REPÚBLICA";-1;"#NULO#";"#NULO#";"#NULO#";40000000053;"FAZENDO MAIS POR NOSSA GENTE III";"PR / PT do B / PSL / SD / PRP";"AM";"04/11/1954";"004177972259";2;"MASCULINO";3;"ENSINO FUNDAMENTAL INCOMPLETO";1;"SOLTEIRO(A)";"02";"PRETA";228;"PADEIRO, CONFEITEIRO E ASSEMELHADOS";4;"NÃO ELEITO"
"23/06/2021";"18:50:53";2014;2;"ELEIÇÃO ORDINÁRIA";1;143;"Eleições Gerais 2014";"05/10/2014";"FEDERAL";"AM";"AM";"AMAZONAS";7;"DEPUTADO ESTADUAL";40000000768;27007;"FABIO JOSE CAETANO";"FABÃO";"#NULO#";"44527900200";"PROGSUPERSHOPTV@HOTMAIL.COM";12;"APTO";"COLIGAÇÃO";27;"PSDC";"PARTIDO SOCIAL DEMOCRATA CRISTÃO";-1;"#NULO#";"#NULO#";"#NULO#";40000000056;"RENOVAÇÃO E EXPERIÊNCIA 2";"PSDC / PPL";"PE";"24/12/1972";"016416812232";2;"MASCULINO";6;"ENSINO MÉDIO COMPLETO";1;"SOLTEIRO(A)";"03";"PARDA";257;"EMPRESÁRIO";4;"NÃO ELEITO"
"23/06/2021";"18:50:53";2014;2;"ELEIÇÃO ORDINÁRIA";1;143;"Eleições Gerais 2014";"05/10/2014";"FEDERAL";"AM";"AM";"AMAZONAS";7;"DEPUTADO ESTADUAL";40000000473;51777;"ALDO EMANUEL DE OLIVEIRA LUCAS";"ALDO LUCAS";"#NULO#";"14662027268";"#NULO#";12;"APTO";"COLIGAÇÃO";51;"PATRIOTA";"PARTIDO ECOLÓGICO NACIONAL";-1;"#NULO#";"#NULO#";"#NULO#";40000000048;"FAZENDO MAIS POR NOSSA GENTE II";"DEM / PATRIOTA / PHS";"AM";"26/04/1962";"000665222232";2;"MASCULINO";6;"ENSINO MÉDIO COMPLETO";3;"CASADO(A)";"03";"PARDA";257;"EMPRESÁRIO";5;"SUPLENTE"
"23/06/2021";"18:50:53";2014;2;"ELEIÇÃO ORDINÁRIA";1;143;"Eleições Gerais 2014";"05/10/2014";"FEDERAL";"AM";"AM";"AMAZONAS";7;"DEPUTADO ESTADUAL";40000000514;90009;"JOÃO DOS SANTOS FRIAES NETO";"JOAO FRIAES";"#NULO#";"22974202268";"JOAO_FRIAES@HOTMAIL.COM";12;"APTO";"COLIGAÇÃO";90;"PROS";"PARTIDO REPUBLICANO DA ORDEM SOCIAL";-1;"#NULO#";"#NULO#";"#NULO#";40000000050;"FAZENDO MAIS POR NOSSA GENTE 1";"PROS / PSD / PSDB / PSC";"PA";"22/01/1962";"002692962216";2;"MASCULINO";8;"SUPERIOR COMPLETO";3;"CASADO(A)";"03";"PARDA";999;"OUTROS";5;"SUPLENTE"
"23/06/2021";"18:50:53";2014;2;"ELEIÇÃO ORDINÁRIA";1;143;"Eleições Gerais 2014";"05/10/2014";"FEDERAL";"AM";"AM";"AMAZONAS";7;"DEPUTADO ESTADUAL";40000000778;27115;"MARIA DO SOCORRO GRANGEIRO HENRIQUES";"SOCORRO GRANGEIRO";"#NULO#";"41819802272";"#NULO#";12;"APTO";"COLIGAÇÃO";27;"PSDC";"PARTIDO SOCIAL DEMOCRATA CRISTÃO";-1;"#NULO#";"#NULO#";"#NULO#";40000000056;"RENOVAÇÃO E EXPERIÊNCIA 2";"PSDC / PPL";"AM";"15/06/1961";"002344402283";4;"FEMININO";6;"ENSINO MÉDIO COMPLETO";3;"CASADO(A)";"01";"BRANCA";257;"EMPRESÁRIO";4;"NÃO ELEITO"
"23/06/2021";"18:50:53";2014;2;"ELEIÇÃO ORDINÁRIA";1;143;"Eleições Gerais 2014";"05/10/2014";"FEDERAL";"AM";"AM";"AMAZONAS";7;"DEPUTADO ESTADUAL";40000000510;90234;"FRANCISCO COELHO DA SILVA";"COELHO";"#NULO#";"29139163253";"#NULO#";12;"APTO";"COLIGAÇÃO";90;"PROS";"PARTIDO REPUBLICANO DA ORDEM SOCIAL";-1;"#NULO#";"#NULO#";"#NULO#";40000000050;"FAZENDO MAIS POR NOSSA GENTE 1";"PROS / PSD / PSDB / PSC";"AM";"18/03/1968";"000080052259";2;"MASCULINO";8;"SUPERIOR COMPLETO";3;"CASADO(A)";"03";"PARDA";131;"ADVOGADO";5;"SUPLENTE"
"23/06/2021";"18:50:53";2014;2;"ELEIÇÃO ORDINÁRIA";1;143;"Eleições Gerais 2014";"05/10/2014";"FEDERAL";"AM";"AM";"AMAZONAS";6;"DEPUTADO FEDERAL";40000000342;3101;"LUIZ GONZAGA OLIVEIRA DE MORAES";"GONZAGA DO ARSENAL";"#NULO#";"06866220220";"LGON14@HOTMAIL.COM";12;"APTO";"COLIGAÇÃO";31;"PHS";"PARTIDO HUMANISTA DA SOLIDARIEDADE";-1;"#NULO#";"#NULO#";"#NULO#";40000000046;"FAZENDO MAIS POR NOSSA GENTE 1.";"PROS / DEM / PSDB / PR / PTN / PSC / PT do B / PTC / PRTB / PATRIOTA / PV / PHS / PSL / PSD / SD";"AM";"05/11/1958";"004168272259";2;"MASCULINO";6;"ENSINO MÉDIO COMPLETO";3;"CASADO(A)";"03";"PARDA";169;"COMERCIANTE";5;"SUPLENTE"
"23/06/2021";"18:50:53";2014;2;"ELEIÇÃO ORDINÁRIA";1;143;"Eleições Gerais 2014";"05/10/2014";"FEDERAL";"AM";"AM";"AMAZONAS";7;"DEPUTADO ESTADUAL";40000000571;65100;"EVERALDO VICENTE BATISTA";"EVERALDO BATISTA";"#NULO#";"27453316200";"EVERALDOBATISTA@YAHOO.COM.BR";12;"APTO";"PARTIDO ISOLADO";65;"PC do B";"PARTIDO COMUNISTA DO BRASIL";-1;"#NULO#";"#NULO#";"#NULO#";40000000051;"PARTIDO ISOLADO";"PC do B";"PB";"16/05/1966";"003445922259";2;"MASCULINO";6;"ENSINO MÉDIO COMPLETO";3;"CASADO(A)";"01";"BRANCA";234;"PRODUTOR AGROPECUÁRIO";5;"SUPLENTE"
"23/06/2021";"18:50:53";2014;2;"ELEIÇÃO ORDINÁRIA";1;143;"Eleições Gerais 2014";"05/10/2014";"FEDERAL";"AM";"AM";"AMAZONAS";7;"DEPUTADO ESTADUAL";40000000729;50100;"FRANCISCO OZIEL BALBINO MACHADO";"GAROTINHO OZIEL";"#NULO#";"64400247287";"THIAGO_BRITOP@HOTMAIL.COM";12;"APTO";"PARTIDO ISOLADO";50;"PSOL";"PARTIDO SOCIALISMO E LIBERDADE";-1;"#NULO#";"#NULO#";"#NULO#";40000000054;"PARTIDO ISOLADO";"PSOL";"AC";"04/10/1963";"038194842283";2;"MASCULINO";4;"ENSINO FUNDAMENTAL COMPLETO";1;"SOLTEIRO(A)";"02";"PRETA";532;"MOTORISTA DE VEÍCULOS DE TRANSPORTE DE CARGA";4;"NÃO ELEITO"
"23/06/2021";"18:50:53";2014;2;"ELEIÇÃO ORDINÁRIA";1;143;"Eleições Gerais 2014";"05/10/2014";"FEDERAL";"AM";"AM";"AMAZONAS";7;"DEPUTADO ESTADUAL";40000000033;19900;"GILVANDRO DOS SANTOS LUCAS";"GIL LUCAS";"#NULO#";"58896350263";"GIL_LUCAS_2010@HOTMAIL.COM";12;"APTO";"COLIGAÇÃO";19;"PTN";"PARTIDO TRABALHISTA NACIONAL";-1;"#NULO#";"#NULO#";"#NULO#";40000000021;"FAZENDO MAIS PELA NOSSA GENTE 5";"PTN / PRTB";"AM";"03/08/1976";"016125132240";2;"MASCULINO";7;"SUPERIOR INCOMPLETO";1;"SOLTEIRO(A)";"03";"PARDA";601;"AGRICULTOR";5;"SUPLENTE"
"23/06/2021";"18:50:53";2014;2;"ELEIÇÃO ORDINÁRIA";1;143;"Eleições Gerais 2014";"05/10/2014";"FEDERAL";"AM";"AM";"AMAZONAS";7;"DEPUTADO ESTADUAL";40000000652;70235;"TELMO JOSÉ REIS MACIEL";"TELMO MACIEL";"#NULO#";"57786410287";"EDILSONHAYLANDER@HOTMAIL.COM";12;"APTO";"COLIGAÇÃO";70;"PT do B";"PARTIDO TRABALHISTA DO BRASIL";-1;"#NULO#";"#NULO#";"#NULO#";40000000053;"FAZENDO MAIS POR NOSSA GENTE III";"PR / PT do B / PSL / SD / PRP";"AM";"23/11/1975";"016701992224";2;"MASCULINO";3;"ENSINO FUNDAMENTAL INCOMPLETO";1;"SOLTEIRO(A)";"03";"PARDA";176;"COZINHEIRO";5;"SUPLENTE"
"23/06/2021";"18:50:53";2014;2;"ELEIÇÃO ORDINÁRIA";1;143;"Eleições Gerais 2014";"05/10/2014";"FEDERAL";"AM";"AM";"AMAZONAS";7;"DEPUTADO ESTADUAL";40000000580;65777;"ELIZONEIDE RODRIGUES SILVA";"PROF. ELIZONEIDE AFRO INDIGENA";"#NULO#";"33401535315";"#NULO#";12;"APTO";"PARTIDO ISOLADO";65;"PC do B";"PARTIDO COMUNISTA DO BRASIL";-1;"#NULO#";"#NULO#";"#NULO#";40000000051;"PARTIDO ISOLADO";"PC do B";"AM";"09/05/1964";"018317992259";4;"FEMININO";8;"SUPERIOR COMPLETO";9;"DIVORCIADO(A)";"02";"PRETA";266;"PROFESSOR DE ENSINO MÉDIO";5;"SUPLENTE"
"23/06/2021";"18:50:53";2014;2;"ELEIÇÃO ORDINÁRIA";1;143;"Eleições Gerais 2014";"05/10/2014";"FEDERAL";"AM";"AM";"AMAZONAS";7;"DEPUTADO ESTADUAL";40000000250;43555;"ONACIO DANIS FERREIRA DA COSTA";"ONACIO DANIS";"#NULO#";"61830020200";"ONACIODANISFERREIRA@GMAIL.COOM";12;"APTO";"COLIGAÇÃO";43;"PV";"PARTIDO VERDE";-1;"#NULO#";"#NULO#";"#NULO#";40000000044;"JUNTOS PELO POVO";"PV / PTC";"AM";"21/02/1978";"016854422208";2;"MASCULINO";8;"SUPERIOR COMPLETO";3;"CASADO(A)";"01";"BRANCA";168;"ATLETA PROFISSIONAL E TÉCNICO EM DESPORTOS";5;"SUPLENTE"
"23/06/2021";"18:50:53";2014;2;"ELEIÇÃO ORDINÁRIA";1;143;"Eleições Gerais 2014";"05/10/2014";"FEDERAL";"AM";"AM";"AMAZONAS";7;"DEPUTADO ESTADUAL";40000000902;31500;"JOHNSON HELEN SOARES MICHILES";"PROF. MICHILES";"#NULO#";"45481288400";"#NULO#";12;"APTO";"COLIGAÇÃO";31;"PHS";"PARTIDO HUMANISTA DA SOLIDARIEDADE";-1;"#NULO#";"#NULO#";"#NULO#";40000000048;"FAZENDO MAIS POR NOSSA GENTE II";"DEM / PATRIOTA / PHS";"AM";"02/10/1964";"020467112275";2;"MASCULINO";8;"SUPERIOR COMPLETO";3;"CASADO(A)";"03";"PARDA";142;"PROFESSOR DE ENSINO SUPERIOR";5;"SUPLENTE"
"23/06/2021";"18:50:53";2014;2;"ELEIÇÃO ORDINÁRIA";1;143;"Eleições Gerais 2014";"05/10/2014";"FEDERAL";"AM";"AM";"AMAZONAS";7;"DEPUTADO ESTADUAL";40000000765;27100;"ELIDIANE SAMIA VIEIRA DE OLVEIRA";"LICA GENEROSO";"#NULO#";"75096170225";"#NULO#";12;"APTO";"COLIGAÇÃO";27;"PSDC";"PARTIDO SOCIAL DEMOCRATA CRISTÃO";-1;"#NULO#";"#NULO#";"#NULO#";40000000056;"RENOVAÇÃO E EXPERIÊNCIA 2";"PSDC / PPL";"AM";"17/01/1982";"022280522291";4;"FEMININO";6;"ENSINO MÉDIO COMPLETO";1;"SOLTEIRO(A)";"03";"PARDA";257;"EMPRESÁRIO";4;"NÃO ELEITO"
"23/06/2021";"18:50:53";2014;2;"ELEIÇÃO ORDINÁRIA";1;143;"Eleições Gerais 2014";"05/10/2014";"FEDERAL";"AM";"AM";"AMAZONAS";7;"DEPUTADO ESTADUAL";40000000647;70014;"SIDNEY MORAIS";"PR. SIDNEY MORAIS";"#NULO#";"61786900297";"EDILSONHAYLANDER@HOTMAIL.COM";12;"APTO";"COLIGAÇÃO";70;"PT do B";"PARTIDO TRABALHISTA DO BRASIL";-1;"#NULO#";"#NULO#";"#NULO#";40000000053;"FAZENDO MAIS POR NOSSA GENTE III";"PR / PT do B / PSL / SD / PRP";"PA";"27/03/1979";"002346162682";2;"MASCULINO";6;"ENSINO MÉDIO COMPLETO";3;"CASADO(A)";"03";"PARDA";910;"SACERDOTE OU MEMBRO DE ORDEM OU SEITA RELIGIOSA";5;"SUPLENTE"
"23/06/2021";"18:50:53";2014;2;"ELEIÇÃO ORDINÁRIA";1;143;"Eleições Gerais 2014";"05/10/2014";"FEDERAL";"AM";"AM";"AMAZONAS";7;"DEPUTADO ESTADUAL";40000000197;12369;"JOSÉ ARNALDO FARIAS DE SOUZA";"BOLINHA";"#NULO#";"27514226249";"#NULO#";12;"APTO";"COLIGAÇÃO";12;"PDT";"PARTIDO DEMOCRÁTICO TRABALHISTA";-1;"#NULO#";"#NULO#";"#NULO#";40000000043;"Renovação e Coragem";"PPS / PDT";"AM";"10/06/1968";"010312192267";2;"MASCULINO";3;"ENSINO FUNDAMENTAL INCOMPLETO";3;"CASADO(A)";"03";"PARDA";999;"OUTROS";5;"SUPLENTE"
"23/06/2021";"18:50:53";2014;2;"ELEIÇÃO ORDINÁRIA";1;143;"Eleições Gerais 2014";"05/10/2014";"FEDERAL";"AM";"AM";"AMAZONAS";7;"DEPUTADO ESTADUAL";40000001004;31999;"SUELI GOMES DE MEDEIROS";"SUELI MEDEIROS";"#NULO#";"33705666215";"#NULO#";12;"APTO";"COLIGAÇÃO";31;"PHS";"PARTIDO HUMANISTA DA SOLIDARIEDADE";-1;"#NULO#";"#NULO#";"#NULO#";40000000048;"FAZENDO MAIS POR NOSSA GENTE II";"DEM / PATRIOTA / PHS";"AM";"29/09/1957";"001435802291";4;"FEMININO";6;"ENSINO MÉDIO COMPLETO";1;"SOLTEIRO(A)";"03";"PARDA";298;"SERVIDOR PÚBLICO MUNICIPAL";5;"SUPLENTE"
"23/06/2021";"18:50:53";2014;2;"ELEIÇÃO ORDINÁRIA";1;143;"Eleições Gerais 2014";"05/10/2014";"FEDERAL";"AM";"AM";"AMAZONAS";7;"DEPUTADO ESTADUAL";40000000134;10555;"RENÊ OLIVEIRA FARIAS";"RENÊ FARIAS";"#NULO#";"40698734220";"ESTADUALPRB10.AM@HOTMAIL.COM";12;"APTO";"COLIGAÇÃO";10;"PRB";"PARTIDO REPUBLICANO BRASILEIRO";-1;"#NULO#";"#NULO#";"#NULO#";40000000023;"RENOVAÇÃO E EXPERIÊNCIA 1";"PMDB / PP / PT / PTB / PRB";"AM";"22/11/1971";"013204712283";2;"MASCULINO";6;"ENSINO MÉDIO COMPLETO";3;"CASADO(A)";"01";"BRANCA";295;"MEMBRO DAS FORÇAS ARMADAS";5;"SUPLENTE"
"23/06/2021";"18:50:53";2014;2;"ELEIÇÃO ORDINÁRIA";1;143;"Eleições Gerais 2014";"05/10/2014";"FEDERAL";"AM";"AM";"AMAZONAS";7;"DEPUTADO ESTADUAL";40000000595;65236;"TAIANE SALES DE ARAUJO";"TAIANE SALES";"#NULO#";"00173777228";"TAIANE_SALES@HOTMAIL.COM";12;"APTO";"PARTIDO ISOLADO";65;"PC do B";"PARTIDO COMUNISTA DO BRASIL";-1;"#NULO#";"#NULO#";"#NULO#";40000000051;"PARTIDO ISOLADO";"PC do B";"AM";"26/05/1989";"032938162208";4;"FEMININO";6;"ENSINO MÉDIO COMPLETO";1;"SOLTEIRO(A)";"02";"PRETA";999;"OUTROS";5;"SUPLENTE"
"23/06/2021";"18:50:53";2014;2;"ELEIÇÃO ORDINÁRIA";1;143;"Eleições Gerais 2014";"05/10/2014";"FEDERAL";"AM";"AM";"AMAZONAS";7;"DEPUTADO ESTADUAL";40000000760;27999;"CASSIO MUNIZ CRESPO DA SILVA";"CASSIO MUNIZ";"#NULO#";"20034644253";"CASSIOCK@HOTMAIL.COM";12;"APTO";"COLIGAÇÃO";27;"PSDC";"PARTIDO SOCIAL DEMOCRATA CRISTÃO";-1;"#NULO#";"#NULO#";"#NULO#";40000000056;"RENOVAÇÃO E EXPERIÊNCIA 2";"PSDC / PPL";"AM";"20/12/1970";"010754352208";2;"MASCULINO";8;"SUPERIOR COMPLETO";1;"SOLTEIRO(A)";"03";"PARDA";232;"POLICIAL CIVIL";4;"NÃO ELEITO"
"23/06/2021";"18:50:53";2014;2;"ELEIÇÃO ORDINÁRIA";1;143;"Eleições Gerais 2014";"05/10/2014";"FEDERAL";"AM";"AM";"AMAZONAS";7;"DEPUTADO ESTADUAL";40000000054;19012;"ROSANA SOCORRO FREITAS DA SILVA";"ROSANA FREITAS";"#NULO#";"41613864272";"#NULO#";3;"INAPTO";"COLIGAÇÃO";19;"PTN";"PARTIDO TRABALHISTA NACIONAL";-1;"#NULO#";"#NULO#";"#NULO#";40000000021;"FAZENDO MAIS PELA NOSSA GENTE 5";"PTN / PRTB";"AM";"13/12/1971";"013117422240";4;"FEMININO";8;"SUPERIOR COMPLETO";3;"CASADO(A)";"01";"BRANCA";297;"SERVIDOR PÚBLICO ESTADUAL";-1;"#NULO#"
"23/06/2021";"18:50:53";2014;2;"ELEIÇÃO ORDINÁRIA";1;143;"Eleições Gerais 2014";"05/10/2014";"FEDERAL";"AM";"AM";"AMAZONAS";7;"DEPUTADO ESTADUAL";40000000484;25015;"MARIA DE FATIMA FERNANDES DE OLIVEIRA";"FATIMA FERNANDES";"#NULO#";"27539881291";"#NULO#";12;"APTO";"COLIGAÇÃO";25;"DEM";"DEMOCRATAS";-1;"#NULO#";"#NULO#";"#NULO#";40000000048;"FAZENDO MAIS POR NOSSA GENTE II";"DEM / PATRIOTA / PHS";"AM";"29/01/1955";"002097822267";4;"FEMININO";6;"ENSINO MÉDIO COMPLETO";1;"SOLTEIRO(A)";"01";"BRANCA";411;"VENDEDOR DE COMÉRCIO VAREJISTA E ATACADISTA";5;"SUPLENTE"
"23/06/2021";"18:50:53";2014;2;"ELEIÇÃO ORDINÁRIA";1;143;"Eleições Gerais 2014";"05/10/2014";"FEDERAL";"AM";"AM";"AMAZONAS";7;"DEPUTADO ESTADUAL";40000000021;19000;"ABDALA HABIB FRAXE JUNIOR";"ABDALA FRAXE";"#NULO#";"33460825200";"#NULO#";12;"APTO";"COLIGAÇÃO";19;"PTN";"PARTIDO TRABALHISTA NACIONAL";-1;"#NULO#";"#NULO#";"#NULO#";40000000021;"FAZENDO MAIS PELA NOSSA GENTE 5";"PTN / PRTB";"RR";"19/09/1969";"010155292259";2;"MASCULINO";8;"SUPERIOR COMPLETO";3;"CASADO(A)";"03";"PARDA";277;"DEPUTADO";2;"ELEITO POR QP"
"23/06/2021";"18:50:53";2014;2;"ELEIÇÃO ORDINÁRIA";1;143;"Eleições Gerais 2014";"05/10/2014";"FEDERAL";"AM";"AM";"AMAZONAS";6;"DEPUTADO FEDERAL";40000000094;1300;"FRANCISCO NAZARENO CORREA NEVES";"CHICO NEVES";"#NULO#";"23860677268";"CHCICONEVESPT@GMAIL.COM";12;"APTO";"COLIGAÇÃO";13;"PT";"PARTIDO DOS TRABALHADORES";-1;"#NULO#";"#NULO#";"#NULO#";40000000022;"RENOVAÇÃO E EXPERIÊNCIA";"PMDB / PP / PT / PDT / PTB / PPS / PRB / PSDC / PPL / PC do B";"AM";"30/10/1964";"002461662283";2;"MASCULINO";6;"ENSINO MÉDIO COMPLETO";1;"SOLTEIRO(A)";"03";"PARDA";257;"EMPRESÁRIO";5;"SUPLENTE"
"23/06/2021";"18:50:53";2014;2;"ELEIÇÃO ORDINÁRIA";1;143;"Eleições Gerais 2014";"05/10/2014";"FEDERAL";"AM";"AM";"AMAZONAS";4;"VICE-GOVERNADOR";40000000073;15;"REBECCA MARTINS GARCIA";"REBECCA GARCIA";"#NULO#";"43935117272";"SIPELLI@HOTMAIL.COM";12;"APTO";"COLIGAÇÃO";11;"PP";"PARTIDO PROGRESSISTA";-1;"#NULO#";"#NULO#";"#NULO#";40000000022;"RENOVAÇÃO E EXPERIÊNCIA";"PMDB / PP / PT / PDT / PTB / PPS / PRB / PSDC / PPL / PC do B";"AM";"28/04/1973";"016271842208";4;"FEMININO";8;"SUPERIOR COMPLETO";3;"CASADO(A)";"01";"BRANCA";277;"DEPUTADO";6;"2º TURNO"
"23/06/2021";"18:50:53";2014;2;"ELEIÇÃO ORDINÁRIA";1;143;"Eleições Gerais 2014";"05/10/2014";"FEDERAL";"AM";"AM";"AMAZONAS";7;"DEPUTADO ESTADUAL";40000000470;25192;"CARLOS AUGUSTO DA COSTA E SILVA";"PROF. CARLOS";"#NULO#";"03546179234";"#NULO#";12;"APTO";"COLIGAÇÃO";25;"DEM";"DEMOCRATAS";-1;"#NULO#";"#NULO#";"#NULO#";40000000048;"FAZENDO MAIS POR NOSSA GENTE II";"DEM / PATRIOTA / PHS";"AM";"20/07/1955";"003479762259";2;"MASCULINO";8;"SUPERIOR COMPLETO";3;"CASADO(A)";"01";"BRANCA";265;"PROFESSOR DE ENSINO FUNDAMENTAL";5;"SUPLENTE"
"23/06/2021";"18:50:53";2014;1;"ELEIÇÃO SUPLEMENTAR";1;268;"Eleição Suplementar Governador AM";"06/08/2017";"ESTADUAL";"AM";"AM";"AMAZONAS";3;"GOVERNADOR";40000012073;54;"JADELVONE NOGUEIRA DELTRUDES";"JARDEL";"#NULO#";"44179669234";"JARDELTRUDES@HOTMAIL.COM";12;"APTO";"PARTIDO ISOLADO";54;"PPL";"PARTIDO PÁTRIA LIVRE";-1;"#NULO#";"#NULO#";"#NULO#";40000000789;"PARTIDO ISOLADO";"PPL";"AM";"09/05/1975";"015112352275";2;"MASCULINO";7;"SUPERIOR INCOMPLETO";3;"CASADO(A)";"03";"PARDA";257;"EMPRESÁRIO";4;"NÃO ELEITO"
"23/06/2021";"18:50:53";2014;2;"ELEIÇÃO ORDINÁRIA";1;143;"Eleições Gerais 2014";"05/10/2014";"FEDERAL";"AM";"AM";"AMAZONAS";7;"DEPUTADO ESTADUAL";40000000439;31321;"ANDREIA LADISLAU DE SOUZA";"ANDRÉIA LADISLAU";"#NULO#";"71903500206";"#NULO#";12;"APTO";"COLIGAÇÃO";31;"PHS";"PARTIDO HUMANISTA DA SOLIDARIEDADE";-1;"#NULO#";"#NULO#";"#NULO#";40000000048;"FAZENDO MAIS POR NOSSA GENTE II";"DEM / PATRIOTA / PHS";"AM";"11/02/1982";"020752132208";4;"FEMININO";8;"SUPERIOR COMPLETO";1;"SOLTEIRO(A)";"01";"BRANCA";999;"OUTROS";5;"SUPLENTE"
"23/06/2021";"18:50:53";2014;2;"ELEIÇÃO ORDINÁRIA";1;143;"Eleições Gerais 2014";"05/10/2014";"FEDERAL";"AM";"AM";"AMAZONAS";7;"DEPUTADO ESTADUAL";40000000216;23171;"JOSÉ HAMILTON RIBEIRO PINHEIRO";"SGT HAMILTON";"#NULO#";"32018347268";"#NULO#";12;"APTO";"COLIGAÇÃO";23;"PPS";"PARTIDO POPULAR SOCIALISTA";-1;"#NULO#";"#NULO#";"#NULO#";40000000043;"Renovação e Coragem";"PPS / PDT";"AM";"29/02/1968";"000491902208";2;"MASCULINO";6;"ENSINO MÉDIO COMPLETO";3;"CASADO(A)";"03";"PARDA";273;"MINISTRO DE ESTADO";5;"SUPLENTE"
"23/06/2021";"18:50:53";2014;2;"ELEIÇÃO ORDINÁRIA";1;143;"Eleições Gerais 2014";"05/10/2014";"FEDERAL";"AM";"AM";"AMAZONAS";7;"DEPUTADO ESTADUAL";40000000151;13777;"MILTINHO CASTRO DA SILVA";"MILTINHO CASTRO";"#NULO#";"43004776200";"MILTONCASTRO@MANAUSHOJE.COM.BR";12;"APTO";"COLIGAÇÃO";13;"PT";"PARTIDO DOS TRABALHADORES";-1;"#NULO#";"#NULO#";"#NULO#";40000000023;"RENOVAÇÃO E EXPERIÊNCIA 1";"PMDB / PP / PT / PTB / PRB";"AM";"27/02/1974";"026816851376";2;"MASCULINO";7;"SUPERIOR INCOMPLETO";1;"SOLTEIRO(A)";"03";"PARDA";172;"PUBLICITÁRIO";5;"SUPLENTE"
"23/06/2021";"18:50:53";2014;2;"ELEIÇÃO ORDINÁRIA";1;143;"Eleições Gerais 2014";"05/10/2014";"FEDERAL";"AM";"AM";"AMAZONAS";3;"GOVERNADOR";40000000005;16;"HERBERT AMAZONAS MASSULO";"HERBERT AMAZONAS";"#NULO#";"23021888291";"HERBERTAMAZONAS@YAHOO.COM.BR";12;"APTO";"PARTIDO ISOLADO";16;"PSTU";"PARTIDO SOCIALISTA DOS TRABALHADORES UNIFICADO";-1;"#NULO#";"#NULO#";"#NULO#";40000000001;"PARTIDO ISOLADO";"PSTU";"AM";"16/10/1960";"001539752224";2;"MASCULINO";6;"ENSINO MÉDIO COMPLETO";3;"CASADO(A)";"01";"BRANCA";296;"SERVIDOR PÚBLICO FEDERAL";4;"NÃO ELEITO"
"23/06/2021";"18:50:53";2014;2;"ELEIÇÃO ORDINÁRIA";1;143;"Eleições Gerais 2014";"05/10/2014";"FEDERAL";"AM";"AM";"AMAZONAS";3;"GOVERNADOR";40000000600;40;"MARCELO RAMOS RODRIGUES";"MARCELO RAMOS";"#NULO#";"43634745215";"MARCELO_RAMOS_@HOTMAIL.COM";12;"APTO";"PARTIDO ISOLADO";40;"PSB";"PARTIDO SOCIALISTA BRASILEIRO";-1;"#NULO#";"#NULO#";"#NULO#";40000000052;"PARTIDO ISOLADO";"PSB";"AM";"29/08/1973";"013094742224";2;"MASCULINO";8;"SUPERIOR COMPLETO";3;"CASADO(A)";"01";"BRANCA";277;"DEPUTADO";4;"NÃO ELEITO"
"23/06/2021";"18:50:53";2014;2;"ELEIÇÃO ORDINÁRIA";1;143;"Eleições Gerais 2014";"05/10/2014";"FEDERAL";"AM";"AM";"AMAZONAS";7;"DEPUTADO ESTADUAL";40000000267;43233;"ANTONIO JOSÉ SANTOS DE SOUZA";"ANTONIO SOUZA DOS RODOVIÁRIOS";"#NULO#";"07338554234";"#NULO#";12;"APTO";"COLIGAÇÃO";43;"PV";"PARTIDO VERDE";-1;"#NULO#";"#NULO#";"#NULO#";40000000044;"JUNTOS PELO POVO";"PV / PTC";"AM";"13/06/1958";"003411242291";2;"MASCULINO";6;"ENSINO MÉDIO COMPLETO";3;"CASADO(A)";"02";"PRETA";923;"APOSENTADO (EXCETO SERVIDOR PÚBLICO)";5;"SUPLENTE"
"23/06/2021";"18:50:53";2014;2;"ELEIÇÃO ORDINÁRIA";1;143;"Eleições Gerais 2014";"05/10/2014";"FEDERAL";"AM";"AM";"AMAZONAS";6;"DEPUTADO FEDERAL";40000000077;1515;"MARCOS SERGIO ROTTA";"MARCOS ROTTA";"#NULO#";"49274350910";"MIKABRAGA@HOTMAIL.COM";12;"APTO";"COLIGAÇÃO";15;"PMDB";"PARTIDO DO MOVIMENTO DEMOCRÁTICO BRASILEIRO";-1;"#NULO#";"#NULO#";"#NULO#";40000000022;"RENOVAÇÃO E EXPERIÊNCIA";"PMDB / PP / PT / PDT / PTB / PPS / PRB / PSDC / PPL / PC do B";"PR";"11/03/1967";"019368262275";2;"MASCULINO";8;"SUPERIOR COMPLETO";1;"SOLTEIRO(A)";"01";"BRANCA";277;"DEPUTADO";2;"ELEITO POR QP"
"23/06/2021";"18:50:53";2014;2;"ELEIÇÃO ORDINÁRIA";1;143;"Eleições Gerais 2014";"05/10/2014";"FEDERAL";"AM";"AM";"AMAZONAS";6;"DEPUTADO FEDERAL";40000000752;4413;"LAURI DA SILVA GUERREIRO";"LAURI GUERREIRO";"#NULO#";"04671805200";"#NULO#";12;"APTO";"PARTIDO ISOLADO";44;"PRP";"PARTIDO REPUBLICANO PROGRESSISTA";-1;"#NULO#";"#NULO#";"#NULO#";40000000055;"PARTIDO ISOLADO";"PRP";"AM";"15/04/1950";"013751342240";2;"MASCULINO";6;"ENSINO MÉDIO COMPLETO";1;"SOLTEIRO(A)";"03";"PARDA";999;"OUTROS";4;"NÃO ELEITO"
"23/06/2021";"18:50:53";2014;2;"ELEIÇÃO ORDINÁRIA";1;143;"Eleições Gerais 2014";"05/10/2014";"FEDERAL";"AM";"AM";"AMAZONAS";7;"DEPUTADO ESTADUAL";40000000904;13654;"WILLIAM GONÇALVES PINTO";"WILLIAM DO TAXI";"#NULO#";"24072109215";"WILLIAMDOTAXI@HOTMAIL.COM";3;"INAPTO";"COLIGAÇÃO";13;"PT";"PARTIDO DOS TRABALHADORES";-1;"#NULO#";"#NULO#";"#NULO#";40000000023;"RENOVAÇÃO E EXPERIÊNCIA 1";"PMDB / PP / PT / PTB / PRB";"AM";"19/12/1966";"005353982208";2;"MASCULINO";5;"ENSINO MÉDIO INCOMPLETO";3;"CASADO(A)";"03";"PARDA";536;"TAXISTA";-1;"#NULO#"
"23/06/2021";"18:50:53";2014;2;"ELEIÇÃO ORDINÁRIA";1;143;"Eleições Gerais 2014";"05/10/2014";"FEDERAL";"AM";"AM";"AMAZONAS";7;"DEPUTADO ESTADUAL";40000000265;43987;"YASMINE NASCIMENTO DA COSTA BASTOS";"YASMINE BASTOS";"#NULO#";"44146850282";"AURELIO4343@HOTMAIL.COM";12;"APTO";"COLIGAÇÃO";43;"PV";"PARTIDO VERDE";-1;"#NULO#";"#NULO#";"#NULO#";40000000044;"JUNTOS PELO POVO";"PV / PTC";"AM";"20/08/1974";"014818642275";4;"FEMININO";8;"SUPERIOR COMPLETO";3;"CASADO(A)";"02";"PRETA";394;"AUXILIAR DE ESCRITÓRIO E ASSEMELHADOS";5;"SUPLENTE"
"23/06/2021";"18:50:53";2014;2;"ELEIÇÃO ORDINÁRIA";1;143;"Eleições Gerais 2014";"05/10/2014";"FEDERAL";"AM";"AM";"AMAZONAS";7;"DEPUTADO ESTADUAL";40000000557;65955;"GILDO ARAUJO  DA COSTA";"GILDO COSTA ROSARINHO";"#NULO#";"04318706249";"GILDO.COSTA@CONAB.GOV.BR";12;"APTO";"PARTIDO ISOLADO";65;"PC do B";"PARTIDO COMUNISTA DO BRASIL";-1;"#NULO#";"#NULO#";"#NULO#";40000000051;"PARTIDO ISOLADO";"PC do B";"AM";"09/02/1955";"000150982232";2;"MASCULINO";6;"ENSINO MÉDIO COMPLETO";3;"CASADO(A)";"03";"PARDA";999;"OUTROS";5;"SUPLENTE"
"23/06/2021";"18:50:53";2014;2;"ELEIÇÃO ORDINÁRIA";1;143;"Eleições Gerais 2014";"05/10/2014";"FEDERAL";"AM";"AM";"AMAZONAS";7;"DEPUTADO ESTADUAL";40000000158;14007;"JOÃO HERCULANO DE FARIAS";"PROFESSOR HERCULANO";"#NULO#";"06865615204";"#NULO#";12;"APTO";"COLIGAÇÃO";14;"PTB";"PARTIDO TRABALHISTA BRASILEIRO";-1;"#NULO#";"#NULO#";"#NULO#";40000000023;"RENOVAÇÃO E EXPERIÊNCIA 1";"PMDB / PP / PT / PTB / PRB";"AM";"01/05/1957";"016051172232";2;"MASCULINO";8;"SUPERIOR COMPLETO";9;"DIVORCIADO(A)";"03";"PARDA";921;"MILITAR REFORMADO";5;"SUPLENTE"
"23/06/2021";"18:50:53";2014;1;"ELEIÇÃO SUPLEMENTAR";1;268;"Eleição Suplementar Governador AM";"06/08/2017";"ESTADUAL";"AM";"AM";"AMAZONAS";4;"VICE-GOVERNADOR";40000012060;18;"JOÃO VICTOR TAYAH LIMA";"JOÃO VICTOR TAYAH";"#NULO#";"83706674220";"JVTAYAH@GMAIL.COM";12;"APTO";"COLIGAÇÃO";50;"PSOL";"PARTIDO SOCIALISMO E LIBERDADE";-1;"#NULO#";"#NULO#";"#NULO#";40000000782;"O COMEÇO DE UMA GRANDE MUDANÇA";"REDE / PSOL";"AM";"15/01/1986";"023145502216";2;"MASCULINO";8;"SUPERIOR COMPLETO";1;"SOLTEIRO(A)";"03";"PARDA";232;"POLICIAL CIVIL";4;"NÃO ELEITO"
"23/06/2021";"18:50:53";2014;2;"ELEIÇÃO ORDINÁRIA";1;143;"Eleições Gerais 2014";"05/10/2014";"FEDERAL";"AM";"AM";"AMAZONAS";5;"SENADOR";40000000489;555;"OMAR JOSE ABDEL AZIZ";"OMAR AZIZ";"#NULO#";"07588615249";"PAULO@RADIN.COM.BR";12;"APTO";"COLIGAÇÃO";55;"PSD";"PARTIDO SOCIAL DEMOCRÁTICO";-1;"#NULO#";"#NULO#";"#NULO#";40000000049;"Fazendo Mais Por Nossa Gente";"PROS / DEM / PSL / PTN / PSC / PR / PRTB / PHS / PTC / PV / PRP / PSDB / PATRIOTA / PSD / SD / PT do B";"SP";"13/08/1958";"005198432275";2;"MASCULINO";8;"SUPERIOR COMPLETO";3;"CASADO(A)";"01";"BRANCA";101;"ENGENHEIRO";1;"ELEITO"
"23/06/2021";"18:50:53";2014;2;"ELEIÇÃO ORDINÁRIA";1;143;"Eleições Gerais 2014";"05/10/2014";"FEDERAL";"AM";"AM";"AMAZONAS";7;"DEPUTADO ESTADUAL";40000000700;44888;"RUI DA SILVA LOPES";"RUI LOPES";"#NULO#";"06644554253";"JAVE.LTDA@HOTMAIL.COM";12;"APTO";"COLIGAÇÃO";44;"PRP";"PARTIDO REPUBLICANO PROGRESSISTA";-1;"#NULO#";"#NULO#";"#NULO#";40000000053;"FAZENDO MAIS POR NOSSA GENTE III";"PR / PT do B / PSL / SD / PRP";"GO";"27/09/1959";"020789172232";2;"MASCULINO";6;"ENSINO MÉDIO COMPLETO";1;"SOLTEIRO(A)";"01";"BRANCA";257;"EMPRESÁRIO";5;"SUPLENTE"
"23/06/2021";"18:50:53";2014;2;"ELEIÇÃO ORDINÁRIA";1;143;"Eleições Gerais 2014";"05/10/2014";"FEDERAL";"AM";"AM";"AMAZONAS";6;"DEPUTADO FEDERAL";40000001121;4411;"LUIZ ANTONIO CAMPOS CORREA";"LUIZ ANTONIO";"#NULO#";"01098411234";"#NULO#";12;"APTO";"PARTIDO ISOLADO";44;"PRP";"PARTIDO REPUBLICANO PROGRESSISTA";-1;"#NULO#";"#NULO#";"#NULO#";40000000055;"PARTIDO ISOLADO";"PRP";"PA";"11/06/1944";"005943631392";2;"MASCULINO";8;"SUPERIOR COMPLETO";3;"CASADO(A)";"03";"PARDA";257;"EMPRESÁRIO";4;"NÃO ELEITO"
"23/06/2021";"18:50:53";2014;2;"ELEIÇÃO ORDINÁRIA";1;143;"Eleições Gerais 2014";"05/10/2014";"FEDERAL";"AM";"AM";"AMAZONAS";7;"DEPUTADO ESTADUAL";40000000730;50123;"ARINOS MARCIÃO ESQUERDO";"ARINOS ESQUERDO";"#NULO#";"20090064291";"ARINOS.ESQUERDO@GMAIL.COM";12;"APTO";"PARTIDO ISOLADO";50;"PSOL";"PARTIDO SOCIALISMO E LIBERDADE";-1;"#NULO#";"#NULO#";"#NULO#";40000000054;"PARTIDO ISOLADO";"PSOL";"PA";"09/07/1966";"011434402267";2;"MASCULINO";8;"SUPERIOR COMPLETO";1;"SOLTEIRO(A)";"01";"BRANCA";298;"SERVIDOR PÚBLICO MUNICIPAL";4;"NÃO ELEITO"
"23/06/2021";"18:50:53";2014;2;"ELEIÇÃO ORDINÁRIA";1;143;"Eleições Gerais 2014";"05/10/2014";"FEDERAL";"AM";"AM";"AMAZONAS";7;"DEPUTADO ESTADUAL";40000000923;40555;"AURIO NOGUEIRA DA CRUZ";"AURIO NOGUEIRA";"#NULO#";"04432033851";"AN_CRUZ@HOTMAIL.COM";12;"APTO";"PARTIDO ISOLADO";40;"PSB";"PARTIDO SOCIALISTA BRASILEIRO";-1;"#NULO#";"#NULO#";"#NULO#";40000000052;"PARTIDO ISOLADO";"PSB";"SP";"30/09/1963";"102941150175";2;"MASCULINO";8;"SUPERIOR COMPLETO";7;"SEPARADO(A) JUDICIALMENTE";"01";"BRANCA";257;"EMPRESÁRIO";5;"SUPLENTE"
"23/06/2021";"18:50:53";2014;2;"ELEIÇÃO ORDINÁRIA";1;143;"Eleições Gerais 2014";"05/10/2014";"FEDERAL";"AM";"AM";"AMAZONAS";6;"DEPUTADO FEDERAL";40000000640;4050;"REGINA CÉLIA SICSU DOS SANTOS";"REGINA SICSÚ";"#NULO#";"34695672200";"#NULO#";12;"APTO";"PARTIDO ISOLADO";40;"PSB";"PARTIDO SOCIALISTA BRASILEIRO";-1;"#NULO#";"#NULO#";"#NULO#";40000000052;"PARTIDO ISOLADO";"PSB";"AM";"15/02/1971";"011176192291";4;"FEMININO";8;"SUPERIOR COMPLETO";1;"SOLTEIRO(A)";"01";"BRANCA";999;"OUTROS";4;"NÃO ELEITO"
"23/06/2021";"18:50:53";2014;2;"ELEIÇÃO ORDINÁRIA";1;143;"Eleições Gerais 2014";"05/10/2014";"FEDERAL";"AM";"AM";"AMAZONAS";7;"DEPUTADO ESTADUAL";40000000543;45123;"JOÃO BOSCO GOMES SARAIVA";"BOSCO SARAIVA";"#NULO#";"13717820249";"BOSCOSARAIVA@UOL.COM.BR";12;"APTO";"COLIGAÇÃO";45;"PSDB";"PARTIDO DA SOCIAL DEMOCRACIA BRASILEIRA";-1;"#NULO#";"#NULO#";"#NULO#";40000000050;"FAZENDO MAIS POR NOSSA GENTE 1";"PROS / PSD / PSDB / PSC";"AM";"10/10/1959";"003343832291";2;"MASCULINO";8;"SUPERIOR COMPLETO";3;"CASADO(A)";"01";"BRANCA";278;"VEREADOR";2;"ELEITO POR QP"
"23/06/2021";"18:50:53";2014;2;"ELEIÇÃO ORDINÁRIA";1;143;"Eleições Gerais 2014";"05/10/2014";"FEDERAL";"AM";"AM";"AMAZONAS";7;"DEPUTADO ESTADUAL";40000000465;25610;"RENATO NASCIMENTO DE CASTRO";"RENATO CASTRO";"#NULO#";"59693800249";"#NULO#";12;"APTO";"COLIGAÇÃO";25;"DEM";"DEMOCRATAS";-1;"#NULO#";"#NULO#";"#NULO#";40000000048;"FAZENDO MAIS POR NOSSA GENTE II";"DEM / PATRIOTA / PHS";"AM";"18/07/1976";"017334572283";2;"MASCULINO";4;"ENSINO FUNDAMENTAL COMPLETO";1;"SOLTEIRO(A)";"01";"BRANCA";537;"MOTORISTA PARTICULAR";5;"SUPLENTE"
"23/06/2021";"18:50:53";2014;2;"ELEIÇÃO ORDINÁRIA";1;143;"Eleições Gerais 2014";"05/10/2014";"FEDERAL";"AM";"AM";"AMAZONAS";7;"DEPUTADO ESTADUAL";40000000252;43000;"JUCINEI SIQUEIRA BARBOSA";"LEY SIQUEIRA";"#NULO#";"60013575287";"#NULO#";12;"APTO";"COLIGAÇÃO";43;"PV";"PARTIDO VERDE";-1;"#NULO#";"#NULO#";"#NULO#";40000000044;"JUNTOS PELO POVO";"PV / PTC";"AM";"18/01/1976";"030793692267";2;"MASCULINO";6;"ENSINO MÉDIO COMPLETO";1;"SOLTEIRO(A)";"01";"BRANCA";999;"OUTROS";5;"SUPLENTE"
"23/06/2021";"18:50:53";2014;2;"ELEIÇÃO ORDINÁRIA";1;143;"Eleições Gerais 2014";"05/10/2014";"FEDERAL";"AM";"AM";"AMAZONAS";6;"DEPUTADO FEDERAL";40000000753;4445;"DARCY GRAÇA VALERIO DE SOUSA";"DARCY VALERIO";"#NULO#";"13078038220";"#NULO#";12;"APTO";"PARTIDO ISOLADO";44;"PRP";"PARTIDO REPUBLICANO PROGRESSISTA";-1;"#NULO#";"#NULO#";"#NULO#";40000000055;"PARTIDO ISOLADO";"PRP";"AM";"03/03/1965";"006376772208";4;"FEMININO";8;"SUPERIOR COMPLETO";3;"CASADO(A)";"03";"PARDA";125;"ADMINISTRADOR";4;"NÃO ELEITO"
"23/06/2021";"18:50:53";2014;2;"ELEIÇÃO ORDINÁRIA";1;143;"Eleições Gerais 2014";"05/10/2014";"FEDERAL";"AM";"AM";"AMAZONAS";7;"DEPUTADO ESTADUAL";40000000050;19159;"RAIMUNDO OLIMPIO FURTADO NETO";"RAIMUNDO FURTADO";"#NULO#";"02674505249";"RAIFUR.SDA@GMAIL.COM";12;"APTO";"COLIGAÇÃO";19;"PTN";"PARTIDO TRABALHISTA NACIONAL";-1;"#NULO#";"#NULO#";"#NULO#";40000000021;"FAZENDO MAIS PELA NOSSA GENTE 5";"PTN / PRTB";"AC";"20/04/1955";"001491472240";2;"MASCULINO";8;"SUPERIOR COMPLETO";3;"CASADO(A)";"01";"BRANCA";999;"OUTROS";5;"SUPLENTE"
"23/06/2021";"18:50:53";2014;2;"ELEIÇÃO ORDINÁRIA";1;143;"Eleições Gerais 2014";"05/10/2014";"FEDERAL";"AM";"AM";"AMAZONAS";7;"DEPUTADO ESTADUAL";40000000071;19045;"DEUSAMIR PEREIRA";"PROF. DEUSAMIR";"#NULO#";"02962900259";"#NULO#";3;"INAPTO";"COLIGAÇÃO";19;"PTN";"PARTIDO TRABALHISTA NACIONAL";-1;"#NULO#";"#NULO#";"#NULO#";40000000021;"FAZENDO MAIS PELA NOSSA GENTE 5";"PTN / PRTB";"AM";"06/08/1957";"001240042283";2;"MASCULINO";8;"SUPERIOR COMPLETO";3;"CASADO(A)";"01";"BRANCA";142;"PROFESSOR DE ENSINO SUPERIOR";4;"NÃO ELEITO"
"23/06/2021";"18:50:53";2014;2;"ELEIÇÃO ORDINÁRIA";1;143;"Eleições Gerais 2014";"05/10/2014";"FEDERAL";"AM";"AM";"AMAZONAS";7;"DEPUTADO ESTADUAL";40000000133;10111;"JOÃO DE DEUS SANTOS COELHO";"JOÃO DE DEUS";"#NULO#";"29246296249";"ESTADUALPRB10.AM@HOTMAIL.COM";12;"APTO";"COLIGAÇÃO";10;"PRB";"PARTIDO REPUBLICANO BRASILEIRO";-1;"#NULO#";"#NULO#";"#NULO#";40000000023;"RENOVAÇÃO E EXPERIÊNCIA 1";"PMDB / PP / PT / PTB / PRB";"MA";"20/10/1967";"013579172275";2;"MASCULINO";8;"SUPERIOR COMPLETO";3;"CASADO(A)";"03";"PARDA";257;"EMPRESÁRIO";5;"SUPLENTE"
"23/06/2021";"18:50:53";2014;2;"ELEIÇÃO ORDINÁRIA";1;143;"Eleições Gerais 2014";"05/10/2014";"FEDERAL";"AM";"AM";"AMAZONAS";7;"DEPUTADO ESTADUAL";40000000659;22234;"SONIA MARIA SILVA DE QUEIROZ";"SONIA QUEIROZ";"#NULO#";"07569777204";"KPQUEIROZ@HOTMAIL.COM";12;"APTO";"COLIGAÇÃO";22;"PR";"PARTIDO DA REPÚBLICA";-1;"#NULO#";"#NULO#";"#NULO#";40000000053;"FAZENDO MAIS POR NOSSA GENTE III";"PR / PT do B / PSL / SD / PRP";"PA";"16/08/1951";"010530022291";4;"FEMININO";8;"SUPERIOR COMPLETO";9;"DIVORCIADO(A)";"03";"PARDA";411;"VENDEDOR DE COMÉRCIO VAREJISTA E ATACADISTA";5;"SUPLENTE"
"23/06/2021";"18:50:53";2014;2;"ELEIÇÃO ORDINÁRIA";1;143;"Eleições Gerais 2014";"05/10/2014";"FEDERAL";"AM";"AM";"AMAZONAS";7;"DEPUTADO ESTADUAL";40000000530;45313;"CLEOSENEIDE DOS SANTOS LOPES";"CLÉO LOPES";"#NULO#";"43649505215";"#NULO#";12;"APTO";"COLIGAÇÃO";45;"PSDB";"PARTIDO DA SOCIAL DEMOCRACIA BRASILEIRA";-1;"#NULO#";"#NULO#";"#NULO#";40000000050;"FAZENDO MAIS POR NOSSA GENTE 1";"PROS / PSD / PSDB / PSC";"AM";"28/04/1974";"013716612216";4;"FEMININO";8;"SUPERIOR COMPLETO";3;"CASADO(A)";"01";"BRANCA";125;"ADMINISTRADOR";5;"SUPLENTE"
"23/06/2021";"18:50:53";2014;2;"ELEIÇÃO ORDINÁRIA";1;143;"Eleições Gerais 2014";"05/10/2014";"FEDERAL";"AM";"AM";"AMAZONAS";7;"DEPUTADO ESTADUAL";40000000215;23111;"JOELMA BORGES SOARES";"JOELMA SOARES";"#NULO#";"78433150200";"#NULO#";12;"APTO";"COLIGAÇÃO";23;"PPS";"PARTIDO POPULAR SOCIALISTA";-1;"#NULO#";"#NULO#";"#NULO#";40000000043;"Renovação e Coragem";"PPS / PDT";"AM";"27/10/1983";"022627532275";4;"FEMININO";5;"ENSINO MÉDIO INCOMPLETO";1;"SOLTEIRO(A)";"03";"PARDA";999;"OUTROS";5;"SUPLENTE"
"23/06/2021";"18:50:53";2014;2;"ELEIÇÃO ORDINÁRIA";1;143;"Eleições Gerais 2014";"05/10/2014";"FEDERAL";"AM";"AM";"AMAZONAS";7;"DEPUTADO ESTADUAL";40000000984;36200;"KATIA REGINA DE LIMA GUEDES";"KATIA GUEDES";"#NULO#";"40594386268";"#NULO#";3;"INAPTO";"COLIGAÇÃO";36;"PTC";"PARTIDO TRABALHISTA CRISTÃO";-1;"#NULO#";"#NULO#";"#NULO#";40000000044;"JUNTOS PELO POVO";"PV / PTC";"RJ";"03/02/1969";"010981592240";4;"FEMININO";6;"ENSINO MÉDIO COMPLETO";3;"CASADO(A)";"02";"PRETA";999;"OUTROS";-1;"#NULO#"
"23/06/2021";"18:50:53";2014;2;"ELEIÇÃO ORDINÁRIA";1;143;"Eleições Gerais 2014";"05/10/2014";"FEDERAL";"AM";"AM";"AMAZONAS";7;"DEPUTADO ESTADUAL";40000000589;65655;"MARIA JANUARIA CUNHA DE OLIVEIRA";"JANUARIA";"#NULO#";"04861990297";"#NULO#";12;"APTO";"PARTIDO ISOLADO";65;"PC do B";"PARTIDO COMUNISTA DO BRASIL";-1;"#NULO#";"#NULO#";"#NULO#";40000000051;"PARTIDO ISOLADO";"PC do B";"AM";"24/11/1956";"005923392259";4;"FEMININO";8;"SUPERIOR COMPLETO";3;"CASADO(A)";"03";"PARDA";266;"PROFESSOR DE ENSINO MÉDIO";5;"SUPLENTE"
"23/06/2021";"18:50:53";2014;2;"ELEIÇÃO ORDINÁRIA";1;143;"Eleições Gerais 2014";"05/10/2014";"FEDERAL";"AM";"AM";"AMAZONAS";7;"DEPUTADO ESTADUAL";40000000766;27111;"ERNALDO DE VASCONCELOS";"VASCON";"#NULO#";"30985072253";"#NULO#";12;"APTO";"COLIGAÇÃO";27;"PSDC";"PARTIDO SOCIAL DEMOCRATA CRISTÃO";-1;"#NULO#";"#NULO#";"#NULO#";40000000056;"RENOVAÇÃO E EXPERIÊNCIA 2";"PSDC / PPL";"AM";"17/11/1966";"000194682291";2;"MASCULINO";8;"SUPERIOR COMPLETO";3;"CASADO(A)";"03";"PARDA";257;"EMPRESÁRIO";4;"NÃO ELEITO"
"23/06/2021";"18:50:53";2014;2;"ELEIÇÃO ORDINÁRIA";1;143;"Eleições Gerais 2014";"05/10/2014";"FEDERAL";"AM";"AM";"AMAZONAS";7;"DEPUTADO ESTADUAL";40000000536;45000;"FRANCISCO PLINIO VALERIO TOMAZ";"PLINIO VALERIO";"#NULO#";"03537250215";"#NULO#";12;"APTO";"COLIGAÇÃO";45;"PSDB";"PARTIDO DA SOCIAL DEMOCRACIA BRASILEIRA";-1;"#NULO#";"#NULO#";"#NULO#";40000000050;"FAZENDO MAIS POR NOSSA GENTE 1";"PROS / PSD / PSDB / PSC";"AM";"31/01/1955";"000854162267";2;"MASCULINO";8;"SUPERIOR COMPLETO";5;"VIÚVO(A)";"03";"PARDA";278;"VEREADOR";5;"SUPLENTE"
"23/06/2021";"18:50:53";2014;2;"ELEIÇÃO ORDINÁRIA";2;144;"Eleições Gerais 2014";"26/10/2014";"FEDERAL";"AM";"AM";"AMAZONAS";3;"GOVERNADOR";40000000072;15;"CARLOS EDUARDO DE SOUZA BRAGA";"EDUARDO BRAGA";"#NULO#";"07810423215";"ELEITORAL@NOGUEIRA.ADV.BR";12;"APTO";"COLIGAÇÃO";15;"PMDB";"PARTIDO DO MOVIMENTO DEMOCRÁTICO BRASILEIRO";-1;"#NULO#";"#NULO#";"#NULO#";40000000022;"RENOVAÇÃO E EXPERIÊNCIA";"PMDB / PP / PT / PDT / PTB / PPS / PRB / PSDC / PPL / PC do B";"PA";"06/12/1960";"002430682216";2;"MASCULINO";8;"SUPERIOR COMPLETO";3;"CASADO(A)";"01";"BRANCA";276;"SENADOR";4;"NÃO ELEITO"
"23/06/2021";"18:50:53";2014;2;"ELEIÇÃO ORDINÁRIA";1;143;"Eleições Gerais 2014";"05/10/2014";"FEDERAL";"AM";"AM";"AMAZONAS";7;"DEPUTADO ESTADUAL";40000000036;19006;"JOSE ARISTIDES MARTINS RIBEIRO";"ARISTIDES";"#NULO#";"23401583204";"#NULO#";12;"APTO";"COLIGAÇÃO";19;"PTN";"PARTIDO TRABALHISTA NACIONAL";-1;"#NULO#";"#NULO#";"#NULO#";40000000021;"FAZENDO MAIS PELA NOSSA GENTE 5";"PTN / PRTB";"AM";"19/03/1965";"002930482208";2;"MASCULINO";6;"ENSINO MÉDIO COMPLETO";3;"CASADO(A)";"01";"BRANCA";999;"OUTROS";5;"SUPLENTE"
"23/06/2021";"18:50:53";2014;2;"ELEIÇÃO ORDINÁRIA";1;143;"Eleições Gerais 2014";"05/10/2014";"FEDERAL";"AM";"AM";"AMAZONAS";7;"DEPUTADO ESTADUAL";40000000513;90300;"JOSE CARLOS ROSA";"CARLLOS ROSA";"#NULO#";"94098280906";"#NULO#";12;"APTO";"COLIGAÇÃO";90;"PROS";"PARTIDO REPUBLICANO DA ORDEM SOCIAL";-1;"#NULO#";"#NULO#";"#NULO#";40000000050;"FAZENDO MAIS POR NOSSA GENTE 1";"PROS / PSD / PSDB / PSC";"PR";"01/09/1974";"057240610620";2;"MASCULINO";7;"SUPERIOR INCOMPLETO";1;"SOLTEIRO(A)";"01";"BRANCA";303;"GERENTE";5;"SUPLENTE"
"23/06/2021";"18:50:53";2014;2;"ELEIÇÃO ORDINÁRIA";1;143;"Eleições Gerais 2014";"05/10/2014";"FEDERAL";"AM";"AM";"AMAZONAS";10;"2º SUPLENTE";40000000883;333;"RODRIGO DURAES FUGII";"RODRIGO JUGII";"#NULO#";"28430912843";"RFUJII@HOTMAIL.COM";3;"INAPTO";"PARTIDO ISOLADO";33;"PMN";"PARTIDO DA MOBILIZAÇÃO NACIONAL";-1;"#NULO#";"#NULO#";"#NULO#";40000000059;"PARTIDO ISOLADO";"PMN";"SP";"22/10/1980";"283438630116";2;"MASCULINO";8;"SUPERIOR COMPLETO";3;"CASADO(A)";"01";"BRANCA";131;"ADVOGADO";-1;"#NULO#"
"23/06/2021";"18:50:53";2014;2;"ELEIÇÃO ORDINÁRIA";1;143;"Eleições Gerais 2014";"05/10/2014";"FEDERAL";"AM";"AM";"AMAZONAS";7;"DEPUTADO ESTADUAL";40000000244;43666;"PEDRO NUNES OLIVEIRA";"RING BOXE";"#NULO#";"47429240291";"RINGBOXE@BOL.COM.BR";12;"APTO";"COLIGAÇÃO";43;"PV";"PARTIDO VERDE";-1;"#NULO#";"#NULO#";"#NULO#";40000000044;"JUNTOS PELO POVO";"PV / PTC";"BA";"01/06/1965";"016226682224";2;"MASCULINO";6;"ENSINO MÉDIO COMPLETO";3;"CASADO(A)";"03";"PARDA";298;"SERVIDOR PÚBLICO MUNICIPAL";5;"SUPLENTE"
"23/06/2021";"18:50:53";2014;2;"ELEIÇÃO ORDINÁRIA";1;143;"Eleições Gerais 2014";"05/10/2014";"FEDERAL";"AM";"AM";"AMAZONAS";7;"DEPUTADO ESTADUAL";40000000561;65144;"JOSILDO DE OLIVEIRA SILVA";"JOSILDO DOS RODOVIARIOS";"#NULO#";"34511440263";"JOSILDODORODOVIARIOS@HOTMAIL.COM";12;"APTO";"PARTIDO ISOLADO";65;"PC do B";"PARTIDO COMUNISTA DO BRASIL";-1;"#NULO#";"#NULO#";"#NULO#";40000000051;"PARTIDO ISOLADO";"PC do B";"AM";"05/07/1970";"010729522267";2;"MASCULINO";6;"ENSINO MÉDIO COMPLETO";3;"CASADO(A)";"02";"PRETA";531;"MOTORISTA DE VEÍCULOS DE TRANSPORTE COLETIVO DE PASSAGEIROS";5;"SUPLENTE"
"23/06/2021";"18:50:53";2014;2;"ELEIÇÃO ORDINÁRIA";1;143;"Eleições Gerais 2014";"05/10/2014";"FEDERAL";"AM";"AM";"AMAZONAS";7;"DEPUTADO ESTADUAL";40000000558;65676;"CLECIO ARAUJO SILVA";"CLECIO ARAUJO";"#NULO#";"37531212315";"CLECIOARAUJO65@GMAIL.COM";12;"APTO";"PARTIDO ISOLADO";65;"PC do B";"PARTIDO COMUNISTA DO BRASIL";-1;"#NULO#";"#NULO#";"#NULO#";40000000051;"PARTIDO ISOLADO";"PC do B";"MA";"30/10/1968";"020520992291";2;"MASCULINO";7;"SUPERIOR INCOMPLETO";1;"SOLTEIRO(A)";"03";"PARDA";999;"OUTROS";5;"SUPLENTE"
"23/06/2021";"18:50:53";2014;2;"ELEIÇÃO ORDINÁRIA";1;143;"Eleições Gerais 2014";"05/10/2014";"FEDERAL";"AM";"AM";"AMAZONAS";7;"DEPUTADO ESTADUAL";40000000189;12555;"ALCINDO JATOBÁ SIMÕES";"ALCINDO JATOBÁ";"#NULO#";"04120086291";"ALCINDO.JATOBA@HOTMAIL.COM";12;"APTO";"COLIGAÇÃO";12;"PDT";"PARTIDO DEMOCRÁTICO TRABALHISTA";-1;"#NULO#";"#NULO#";"#NULO#";40000000043;"Renovação e Coragem";"PPS / PDT";"AM";"13/09/1955";"000892242267";2;"MASCULINO";8;"SUPERIOR COMPLETO";3;"CASADO(A)";"01";"BRANCA";395;"BANCÁRIO E ECONOMIÁRIO";5;"SUPLENTE"
"23/06/2021";"18:50:53";2014;2;"ELEIÇÃO ORDINÁRIA";1;143;"Eleições Gerais 2014";"05/10/2014";"FEDERAL";"AM";"AM";"AMAZONAS";7;"DEPUTADO ESTADUAL";40000001043;43665;"ELENE MARIA SOARES FERREIRA";"LAURA FERREIRA";"#NULO#";"71867295253";"#NULO#";3;"INAPTO";"COLIGAÇÃO";43;"PV";"PARTIDO VERDE";-1;"#NULO#";"#NULO#";"#NULO#";40000000044;"JUNTOS PELO POVO";"PV / PTC";"AM";"21/05/1977";"018692312216";4;"FEMININO";6;"ENSINO MÉDIO COMPLETO";1;"SOLTEIRO(A)";"03";"PARDA";999;"OUTROS";-1;"#NULO#"
"23/06/2021";"18:50:53";2014;2;"ELEIÇÃO ORDINÁRIA";1;143;"Eleições Gerais 2014";"05/10/2014";"FEDERAL";"AM";"AM";"AMAZONAS";7;"DEPUTADO ESTADUAL";40000000734;50222;"LEONARDO MISSISSIPE DE SOUZA";"LEONARDO MISSISSIPE";"#NULO#";"12973033268";"MISSISSIPE56@HOTMAIL.COM";12;"APTO";"PARTIDO ISOLADO";50;"PSOL";"PARTIDO SOCIALISMO E LIBERDADE";-1;"#NULO#";"#NULO#";"#NULO#";40000000054;"PARTIDO ISOLADO";"PSOL";"AM";"22/12/1956";"006157192208";2;"MASCULINO";8;"SUPERIOR COMPLETO";1;"SOLTEIRO(A)";"01";"BRANCA";125;"ADMINISTRADOR";4;"NÃO ELEITO"
"23/06/2021";"18:50:53";2014;2;"ELEIÇÃO ORDINÁRIA";1;143;"Eleições Gerais 2014";"05/10/2014";"FEDERAL";"AM";"AM";"AMAZONAS";7;"DEPUTADO ESTADUAL";40000000205;23223;"ADRIA SILVA DO NASCIMENTO";"PROF. ADRIA DO PARAMAZONAS";"#NULO#";"64343421287";"#NULO#";12;"APTO";"COLIGAÇÃO";23;"PPS";"PARTIDO POPULAR SOCIALISTA";-1;"#NULO#";"#NULO#";"#NULO#";40000000043;"Renovação e Coragem";"PPS / PDT";"AM";"15/12/1978";"016691782240";4;"FEMININO";8;"SUPERIOR COMPLETO";3;"CASADO(A)";"03";"PARDA";266;"PROFESSOR DE ENSINO MÉDIO";5;"SUPLENTE"
"23/06/2021";"18:50:53";2014;2;"ELEIÇÃO ORDINÁRIA";1;143;"Eleições Gerais 2014";"05/10/2014";"FEDERAL";"AM";"AM";"AMAZONAS";7;"DEPUTADO ESTADUAL";40000000743;50950;"MÁRCIO RICARDO DE SOUZA GOMES";"MÁRCIO GOMES";"#NULO#";"66667216249";"MARCIORSG@GMAIL.COM";12;"APTO";"PARTIDO ISOLADO";50;"PSOL";"PARTIDO SOCIALISMO E LIBERDADE";-1;"#NULO#";"#NULO#";"#NULO#";40000000054;"PARTIDO ISOLADO";"PSOL";"AM";"29/09/1980";"019233882240";2;"MASCULINO";8;"SUPERIOR COMPLETO";1;"SOLTEIRO(A)";"03";"PARDA";298;"SERVIDOR PÚBLICO MUNICIPAL";4;"NÃO ELEITO"
"23/06/2021";"18:50:53";2014;2;"ELEIÇÃO ORDINÁRIA";1;143;"Eleições Gerais 2014";"05/10/2014";"FEDERAL";"AM";"AM";"AMAZONAS";7;"DEPUTADO ESTADUAL";40000000671;77123;"FABRICIO SILVA LIMA";"FABRICIO LIMA";"#NULO#";"51110903200";"SECRETARIA@SOLIDARIEDADEAM.ORG.BR";12;"APTO";"COLIGAÇÃO";77;"SD";"SOLIDARIEDADE";-1;"#NULO#";"#NULO#";"#NULO#";40000000053;"FAZENDO MAIS POR NOSSA GENTE III";"PR / PT do B / PSL / SD / PRP";"AM";"07/10/1975";"016884122240";2;"MASCULINO";8;"SUPERIOR COMPLETO";3;"CASADO(A)";"01";"BRANCA";278;"VEREADOR";5;"SUPLENTE"
"23/06/2021";"18:50:53";2014;2;"ELEIÇÃO ORDINÁRIA";1;143;"Eleições Gerais 2014";"05/10/2014";"FEDERAL";"AM";"AM";"AMAZONAS";7;"DEPUTADO ESTADUAL";40000000648;70035;"CLEOMARA BARROSO DOS SANTOS";"CLEOMARA SANTOS";"#NULO#";"52539156215";"EDILSONHAYLANDER@HOTMAIL.COM";12;"APTO";"COLIGAÇÃO";70;"PT do B";"PARTIDO TRABALHISTA DO BRASIL";-1;"#NULO#";"#NULO#";"#NULO#";40000000053;"FAZENDO MAIS POR NOSSA GENTE III";"PR / PT do B / PSL / SD / PRP";"AM";"19/07/1977";"016796492275";4;"FEMININO";3;"ENSINO FUNDAMENTAL INCOMPLETO";3;"CASADO(A)";"03";"PARDA";598;"EMPREGADO DOMÉSTICO";5;"SUPLENTE"
"23/06/2021";"18:50:53";2014;2;"ELEIÇÃO ORDINÁRIA";1;143;"Eleições Gerais 2014";"05/10/2014";"FEDERAL";"AM";"AM";"AMAZONAS";7;"DEPUTADO ESTADUAL";40000000661;22223;"FRANCINALDO MAIA DO NASCIMENTO";"NARF MAIA";"#NULO#";"51701197200";"NARFMAIA@HOTMAIL.COM";12;"APTO";"COLIGAÇÃO";22;"PR";"PARTIDO DA REPÚBLICA";-1;"#NULO#";"#NULO#";"#NULO#";40000000053;"FAZENDO MAIS POR NOSSA GENTE III";"PR / PT do B / PSL / SD / PRP";"AM";"01/06/1979";"018871182267";2;"MASCULINO";8;"SUPERIOR COMPLETO";1;"SOLTEIRO(A)";"03";"PARDA";394;"AUXILIAR DE ESCRITÓRIO E ASSEMELHADOS";5;"SUPLENTE"
"23/06/2021";"18:50:53";2014;2;"ELEIÇÃO ORDINÁRIA";1;143;"Eleições Gerais 2014";"05/10/2014";"FEDERAL";"AM";"AM";"AMAZONAS";5;"SENADOR";40000000866;333;"JONATAS ALMEIDA DE OLIVEIRA";"JONATAS ALMEIDA";"#NULO#";"01806998220";"OLIVEIRAJONATAS113@GMAIL.COM";12;"APTO";"PARTIDO ISOLADO";33;"PMN";"PARTIDO DA MOBILIZAÇÃO NACIONAL";-1;"#NULO#";"#NULO#";"#NULO#";40000000059;"PARTIDO ISOLADO";"PMN";"AM";"13/05/1952";"002452432208";2;"MASCULINO";8;"SUPERIOR COMPLETO";3;"CASADO(A)";"03";"PARDA";297;"SERVIDOR PÚBLICO ESTADUAL";4;"NÃO ELEITO"
"23/06/2021";"18:50:53";2014;2;"ELEIÇÃO ORDINÁRIA";1;143;"Eleições Gerais 2014";"05/10/2014";"FEDERAL";"AM";"AM";"AMAZONAS";7;"DEPUTADO ESTADUAL";40000000548;45789;"OSMAN BATISTA BARRETO";"OSMAN BARRETO";"#NULO#";"40546241204";"#NULO#";12;"APTO";"COLIGAÇÃO";45;"PSDB";"PARTIDO DA SOCIAL DEMOCRACIA BRASILEIRA";-1;"#NULO#";"#NULO#";"#NULO#";40000000050;"FAZENDO MAIS POR NOSSA GENTE 1";"PROS / PSD / PSDB / PSC";"AM";"26/04/1970";"015029192208";2;"MASCULINO";8;"SUPERIOR COMPLETO";3;"CASADO(A)";"03";"PARDA";121;"ECONOMISTA";5;"SUPLENTE"
"23/06/2021";"18:50:53";2014;2;"ELEIÇÃO ORDINÁRIA";1;143;"Eleições Gerais 2014";"05/10/2014";"FEDERAL";"AM";"AM";"AMAZONAS";7;"DEPUTADO ESTADUAL";40000000663;22610;"JULIO PEREIRA DE MELO";"JULIO MELO";"#NULO#";"02762170206";"PEREIRADEMELOJULIO@GMAIL.COM";12;"APTO";"COLIGAÇÃO";22;"PR";"PARTIDO DA REPÚBLICA";-1;"#NULO#";"#NULO#";"#NULO#";40000000053;"FAZENDO MAIS POR NOSSA GENTE III";"PR / PT do B / PSL / SD / PRP";"AM";"30/01/1954";"000766912275";2;"MASCULINO";6;"ENSINO MÉDIO COMPLETO";3;"CASADO(A)";"03";"PARDA";923;"APOSENTADO (EXCETO SERVIDOR PÚBLICO)";5;"SUPLENTE"
"23/06/2021";"18:50:53";2014;2;"ELEIÇÃO ORDINÁRIA";1;143;"Eleições Gerais 2014";"05/10/2014";"FEDERAL";"AM";"AM";"AMAZONAS";7;"DEPUTADO ESTADUAL";40000000131;10123;"CARLOS ALBERTO DE CASTRO ALMEIDA";"PASTOR CARLOS ALBERTO";"#NULO#";"48499692753";"CARLOSALBERTO-CA@HOTMAIL.COM";12;"APTO";"COLIGAÇÃO";10;"PRB";"PARTIDO REPUBLICANO BRASILEIRO";-1;"#NULO#";"#NULO#";"#NULO#";40000000023;"RENOVAÇÃO E EXPERIÊNCIA 1";"PMDB / PP / PT / PTB / PRB";"RJ";"17/07/1951";"040406821023";2;"MASCULINO";4;"ENSINO FUNDAMENTAL COMPLETO";3;"CASADO(A)";"03";"PARDA";999;"OUTROS";3;"ELEITO POR MÉDIA"
"23/06/2021";"18:50:53";2014;2;"ELEIÇÃO ORDINÁRIA";1;143;"Eleições Gerais 2014";"05/10/2014";"FEDERAL";"AM";"AM";"AMAZONAS";7;"DEPUTADO ESTADUAL";40000000046;19114;"MICHAEL MACEDO BESSA";"MICHAEL BESSA";"#NULO#";"63015870220";"MICHAELBESSA@BOL.COM.BR";12;"APTO";"COLIGAÇÃO";19;"PTN";"PARTIDO TRABALHISTA NACIONAL";-1;"#NULO#";"#NULO#";"#NULO#";40000000021;"FAZENDO MAIS PELA NOSSA GENTE 5";"PTN / PRTB";"AM";"06/06/1978";"017000232283";2;"MASCULINO";8;"SUPERIOR COMPLETO";3;"CASADO(A)";"03";"PARDA";131;"ADVOGADO";5;"SUPLENTE"
"23/06/2021";"18:50:53";2014;1;"ELEIÇÃO SUPLEMENTAR";1;268;"Eleição Suplementar Governador AM";"06/08/2017";"ESTADUAL";"AM";"AM";"AMAZONAS";4;"VICE-GOVERNADOR";40000012066;23;"JEVERSON VARGAS LOBO";"CABO LOBO";"#NULO#";"64218716234";"JEVERSONLOBO@YAHOO.COM.BR";12;"APTO";"PARTIDO ISOLADO";23;"PPS";"PARTIDO POPULAR SOCIALISTA";-1;"#NULO#";"#NULO#";"#NULO#";40000000785;"PARTIDO ISOLADO";"PPS";"AM";"16/11/1975";"014450672240";2;"MASCULINO";8;"SUPERIOR COMPLETO";3;"CASADO(A)";"03";"PARDA";233;"POLICIAL MILITAR";4;"NÃO ELEITO"
"23/06/2021";"18:50:53";2014;2;"ELEIÇÃO ORDINÁRIA";1;143;"Eleições Gerais 2014";"05/10/2014";"FEDERAL";"AM";"AM";"AMAZONAS";7;"DEPUTADO ESTADUAL";40000000981;21021;"AUGUSTO FELIPE DE CASTRO";"AUGUSTO CASTRO";"#NULO#";"09831452291";"NAVARRO_LUIZ@YAHOO.COM.BR";3;"INAPTO";"PARTIDO ISOLADO";21;"PCB";"PARTIDO COMUNISTA BRASILEIRO";-1;"#NULO#";"#NULO#";"#NULO#";40000000042;"PARTIDO ISOLADO";"PCB";"PA";"16/08/1951";"001230832224";2;"MASCULINO";2;"LÊ E ESCREVE";3;"CASADO(A)";"03";"PARDA";169;"COMERCIANTE";-1;"#NULO#"
"23/06/2021";"18:50:53";2014;2;"ELEIÇÃO ORDINÁRIA";1;143;"Eleições Gerais 2014";"05/10/2014";"FEDERAL";"AM";"AM";"AMAZONAS";7;"DEPUTADO ESTADUAL";40000000653;70333;"ANTONIO ARRUDA ARAGÃO";"ANTONIO ARAGÃO";"#NULO#";"16281713249";"#NULO#";12;"APTO";"COLIGAÇÃO";70;"PT do B";"PARTIDO TRABALHISTA DO BRASIL";-1;"#NULO#";"#NULO#";"#NULO#";40000000053;"FAZENDO MAIS POR NOSSA GENTE III";"PR / PT do B / PSL / SD / PRP";"CE";"25/07/1963";"017103902283";2;"MASCULINO";4;"ENSINO FUNDAMENTAL COMPLETO";1;"SOLTEIRO(A)";"03";"PARDA";254;"VIGILANTE";5;"SUPLENTE"
"23/06/2021";"18:50:53";2014;2;"ELEIÇÃO ORDINÁRIA";1;143;"Eleições Gerais 2014";"05/10/2014";"FEDERAL";"AM";"AM";"AMAZONAS";7;"DEPUTADO ESTADUAL";40000000699;44155;"RAIMUNDO MENEZES DE ALMEIDA";"RAIMUNDO MENEZES";"#NULO#";"07715617253";"FERNANDO.ALMEIDA@HOTMAIL.COM";12;"APTO";"COLIGAÇÃO";44;"PRP";"PARTIDO REPUBLICANO PROGRESSISTA";-1;"#NULO#";"#NULO#";"#NULO#";40000000053;"FAZENDO MAIS POR NOSSA GENTE III";"PR / PT do B / PSL / SD / PRP";"AM";"08/05/1958";"004944742275";2;"MASCULINO";6;"ENSINO MÉDIO COMPLETO";3;"CASADO(A)";"03";"PARDA";233;"POLICIAL MILITAR";5;"SUPLENTE"
"23/06/2021";"18:50:53";2014;2;"ELEIÇÃO ORDINÁRIA";1;143;"Eleições Gerais 2014";"05/10/2014";"FEDERAL";"AM";"AM";"AMAZONAS";7;"DEPUTADO ESTADUAL";40000000770;27678;"JIVAGO MONTEIRO DE ALENCAR";"JIVAGO ALENCAR";"#NULO#";"87275686287";"#NULO#";12;"APTO";"COLIGAÇÃO";27;"PSDC";"PARTIDO SOCIAL DEMOCRATA CRISTÃO";-1;"#NULO#";"#NULO#";"#NULO#";40000000056;"RENOVAÇÃO E EXPERIÊNCIA 2";"PSDC / PPL";"AM";"18/09/1986";"023413852291";2;"MASCULINO";6;"ENSINO MÉDIO COMPLETO";3;"CASADO(A)";"01";"BRANCA";257;"EMPRESÁRIO";4;"NÃO ELEITO"
"23/06/2021";"18:50:53";2014;2;"ELEIÇÃO ORDINÁRIA";1;143;"Eleições Gerais 2014";"05/10/2014";"FEDERAL";"AM";"AM";"AMAZONAS";7;"DEPUTADO ESTADUAL";40000000608;40234;"WALDEMAR JOSE SANTOS";"BAIANO";"#NULO#";"24391867591";"ELEICAO2014@PSBAM.ORG.BR";12;"APTO";"PARTIDO ISOLADO";40;"PSB";"PARTIDO SOCIALISTA BRASILEIRO";-1;"#NULO#";"#NULO#";"#NULO#";40000000052;"PARTIDO ISOLADO";"PSB";"BA";"09/06/1959";"019346302216";2;"MASCULINO";6;"ENSINO MÉDIO COMPLETO";3;"CASADO(A)";"03";"PARDA";297;"SERVIDOR PÚBLICO ESTADUAL";5;"SUPLENTE"
"23/06/2021";"18:50:53";2014;2;"ELEIÇÃO ORDINÁRIA";1;143;"Eleições Gerais 2014";"05/10/2014";"FEDERAL";"AM";"AM";"AMAZONAS";7;"DEPUTADO ESTADUAL";40000000052;19010;"RENATA FONSECA QUEIROZ";"RENATA QUEIROZ";"#NULO#";"85144118291";"#NULO#";12;"APTO";"COLIGAÇÃO";19;"PTN";"PARTIDO TRABALHISTA NACIONAL";-1;"#NULO#";"#NULO#";"#NULO#";40000000021;"FAZENDO MAIS PELA NOSSA GENTE 5";"PTN / PRTB";"AM";"09/05/1988";"031802692291";4;"FEMININO";8;"SUPERIOR COMPLETO";3;"CASADO(A)";"01";"BRANCA";297;"SERVIDOR PÚBLICO ESTADUAL";5;"SUPLENTE"
"23/06/2021";"18:50:53";2014;2;"ELEIÇÃO ORDINÁRIA";1;143;"Eleições Gerais 2014";"05/10/2014";"FEDERAL";"AM";"AM";"AMAZONAS";6;"DEPUTADO FEDERAL";40000000003;1616;"DAMIANA AMORIM CABRAL";"DAMIANA AMORIM";"#NULO#";"58860193249";"DAMINUTRI@HOTMAIL.COM";12;"APTO";"PARTIDO ISOLADO";16;"PSTU";"PARTIDO SOCIALISTA DOS TRABALHADORES UNIFICADO";-1;"#NULO#";"#NULO#";"#NULO#";40000000001;"PARTIDO ISOLADO";"PSTU";"AM";"26/02/1974";"015397132208";4;"FEMININO";8;"SUPERIOR COMPLETO";3;"CASADO(A)";"02";"PRETA";222;"NUTRICIONISTA E ASSEMELHADOS";4;"NÃO ELEITO"
"23/06/2021";"18:50:53";2014;1;"ELEIÇÃO SUPLEMENTAR";1;268;"Eleição Suplementar Governador AM";"06/08/2017";"ESTADUAL";"AM";"AM";"AMAZONAS";3;"GOVERNADOR";40000012065;23;"LILIANE ARAUJO DE ALMEIDA";"LILIANE ARAÚJO";"#NULO#";"71172092249";"MANOELDAJPS23@GMAIL.COM";12;"APTO";"PARTIDO ISOLADO";23;"PPS";"PARTIDO POPULAR SOCIALISTA";-1;"#NULO#";"#NULO#";"#NULO#";40000000785;"PARTIDO ISOLADO";"PPS";"RN";"15/06/1982";"020710622232";4;"FEMININO";8;"SUPERIOR COMPLETO";3;"CASADO(A)";"03";"PARDA";171;"JORNALISTA E REDATOR";4;"NÃO ELEITO"
"23/06/2021";"18:50:53";2014;2;"ELEIÇÃO ORDINÁRIA";1;143;"Eleições Gerais 2014";"05/10/2014";"FEDERAL";"AM";"AM";"AMAZONAS";7;"DEPUTADO ESTADUAL";40000000634;40789;"JOÃO VICTOR PEREIRA MARTINS DA SILVA";"JOÃO VICTOR MARTINS";"#NULO#";"00719645255";"#NULO#";12;"APTO";"PARTIDO ISOLADO";40;"PSB";"PARTIDO SOCIALISTA BRASILEIRO";-1;"#NULO#";"#NULO#";"#NULO#";40000000052;"PARTIDO ISOLADO";"PSB";"AM";"07/03/1991";"033600632259";2;"MASCULINO";8;"SUPERIOR COMPLETO";1;"SOLTEIRO(A)";"01";"BRANCA";297;"SERVIDOR PÚBLICO ESTADUAL";5;"SUPLENTE"
"23/06/2021";"18:50:53";2014;1;"ELEIÇÃO SUPLEMENTAR";1;268;"Eleição Suplementar Governador AM";"06/08/2017";"ESTADUAL";"AM";"AM";"AMAZONAS";3;"GOVERNADOR";40000012057;13;"JOSÉ RICARDO WENDLING";"JOSÉ RICARDO";"#NULO#";"18660037200";"JOSERICARDOW@GMAIL.COM";12;"APTO";"PARTIDO ISOLADO";13;"PT";"PARTIDO DOS TRABALHADORES";-1;"#NULO#";"#NULO#";"#NULO#";40000000781;"PARTIDO ISOLADO";"PT";"RS";"23/06/1964";"004469272259";2;"MASCULINO";8;"SUPERIOR COMPLETO";3;"CASADO(A)";"01";"BRANCA";277;"DEPUTADO";4;"NÃO ELEITO"
"23/06/2021";"18:50:53";2014;2;"ELEIÇÃO ORDINÁRIA";1;143;"Eleições Gerais 2014";"05/10/2014";"FEDERAL";"AM";"AM";"AMAZONAS";7;"DEPUTADO ESTADUAL";40000000148;13456;"VALTAIR CRUZ OBANDO";"VALTAIR";"#NULO#";"33624356291";"CRUZVALTAIR@HOTMAIL.COM";12;"APTO";"COLIGAÇÃO";13;"PT";"PARTIDO DOS TRABALHADORES";-1;"#NULO#";"#NULO#";"#NULO#";40000000023;"RENOVAÇÃO E EXPERIÊNCIA 1";"PMDB / PP / PT / PTB / PRB";"AM";"24/05/1969";"021095332275";2;"MASCULINO";8;"SUPERIOR COMPLETO";1;"SOLTEIRO(A)";"03";"PARDA";257;"EMPRESÁRIO";5;"SUPLENTE"
"23/06/2021";"18:50:53";2014;2;"ELEIÇÃO ORDINÁRIA";1;143;"Eleições Gerais 2014";"05/10/2014";"FEDERAL";"AM";"AM";"AMAZONAS";7;"DEPUTADO ESTADUAL";40000000946;13013;"ELY RIBEIRO DE SOUZA";"PROF ELY RIBEIRO";"#NULO#";"18167853268";"ELYMACUXI@HOTMAIL.COM";3;"INAPTO";"COLIGAÇÃO";13;"PT";"PARTIDO DOS TRABALHADORES";-1;"#NULO#";"#NULO#";"#NULO#";40000000023;"RENOVAÇÃO E EXPERIÊNCIA 1";"PMDB / PP / PT / PTB / PRB";"AM";"14/09/1961";"016925582208";2;"MASCULINO";8;"SUPERIOR COMPLETO";3;"CASADO(A)";"05";"INDÍGENA";297;"SERVIDOR PÚBLICO ESTADUAL";-1;"#NULO#"
"23/06/2021";"18:50:53";2014;2;"ELEIÇÃO ORDINÁRIA";1;143;"Eleições Gerais 2014";"05/10/2014";"FEDERAL";"AM";"AM";"AMAZONAS";7;"DEPUTADO ESTADUAL";40000000493;20000;"DAVI FERREIRA DA SILVA";"DAVI FERREIRA";"#NULO#";"58860428220";"DAVIFERREIRADASILVA@HOTMAIL.COM";12;"APTO";"COLIGAÇÃO";20;"PSC";"PARTIDO SOCIAL CRISTÃO";-1;"#NULO#";"#NULO#";"#NULO#";40000000050;"FAZENDO MAIS POR NOSSA GENTE 1";"PROS / PSD / PSDB / PSC";"AM";"19/10/1976";"014656732267";2;"MASCULINO";6;"ENSINO MÉDIO COMPLETO";9;"DIVORCIADO(A)";"03";"PARDA";999;"OUTROS";5;"SUPLENTE"
"23/06/2021";"18:50:53";2014;2;"ELEIÇÃO ORDINÁRIA";1;143;"Eleições Gerais 2014";"05/10/2014";"FEDERAL";"AM";"AM";"AMAZONAS";7;"DEPUTADO ESTADUAL";40000000062;19552;"ARMANDO DE OLIVEIRA FREITAS";"DR. ARMANDO FREITAS";"#NULO#";"01778617204";"#NULO#";12;"APTO";"COLIGAÇÃO";19;"PTN";"PARTIDO TRABALHISTA NACIONAL";-1;"#NULO#";"#NULO#";"#NULO#";40000000021;"FAZENDO MAIS PELA NOSSA GENTE 5";"PTN / PRTB";"AM";"16/11/1938";"001638322275";2;"MASCULINO";8;"SUPERIOR COMPLETO";3;"CASADO(A)";"03";"PARDA";131;"ADVOGADO";5;"SUPLENTE"
"23/06/2021";"18:50:53";2014;2;"ELEIÇÃO ORDINÁRIA";1;143;"Eleições Gerais 2014";"05/10/2014";"FEDERAL";"AM";"AM";"AMAZONAS";7;"DEPUTADO ESTADUAL";40000000727;50090;"JOSÉ CARLOS RAMALHO CUTRIM";"RISCA-FACA";"#NULO#";"14895820378";"#NULO#";12;"APTO";"PARTIDO ISOLADO";50;"PSOL";"PARTIDO SOCIALISMO E LIBERDADE";-1;"#NULO#";"#NULO#";"#NULO#";40000000054;"PARTIDO ISOLADO";"PSOL";"MA";"21/06/1959";"038512611104";2;"MASCULINO";6;"ENSINO MÉDIO COMPLETO";1;"SOLTEIRO(A)";"03";"PARDA";169;"COMERCIANTE";4;"NÃO ELEITO"
"23/06/2021";"18:50:53";2014;2;"ELEIÇÃO ORDINÁRIA";1;143;"Eleições Gerais 2014";"05/10/2014";"FEDERAL";"AM";"AM";"AMAZONAS";7;"DEPUTADO ESTADUAL";40000000804;54234;"MANOEL DA PAIXAO TAVARES DA GRAÇA";"PAIXÃO";"#NULO#";"13510410297";"DR.CAMPELO007@HOTMAIL.COM";12;"APTO";"COLIGAÇÃO";54;"PPL";"PARTIDO PÁTRIA LIVRE";-1;"#NULO#";"#NULO#";"#NULO#";40000000056;"RENOVAÇÃO E EXPERIÊNCIA 2";"PSDC / PPL";"AM";"27/03/1959";"012286612232";2;"MASCULINO";8;"SUPERIOR COMPLETO";3;"CASADO(A)";"01";"BRANCA";257;"EMPRESÁRIO";4;"NÃO ELEITO"
"23/06/2021";"18:50:53";2014;2;"ELEIÇÃO ORDINÁRIA";1;143;"Eleições Gerais 2014";"05/10/2014";"FEDERAL";"AM";"AM";"AMAZONAS";7;"DEPUTADO ESTADUAL";40000000043;19254;"MARIA EVA RODRIGUES DA SILVA";"EVA RODRIGUES";"#NULO#";"52469700272";"#NULO#";12;"APTO";"COLIGAÇÃO";19;"PTN";"PARTIDO TRABALHISTA NACIONAL";-1;"#NULO#";"#NULO#";"#NULO#";40000000021;"FAZENDO MAIS PELA NOSSA GENTE 5";"PTN / PRTB";"AM";"25/11/1975";"018415602216";4;"FEMININO";4;"ENSINO FUNDAMENTAL COMPLETO";1;"SOLTEIRO(A)";"03";"PARDA";581;"DONA DE CASA";5;"SUPLENTE"
"23/06/2021";"18:50:53";2014;2;"ELEIÇÃO ORDINÁRIA";1;143;"Eleições Gerais 2014";"05/10/2014";"FEDERAL";"AM";"AM";"AMAZONAS";10;"2º SUPLENTE";40000000491;555;"LUIS AUGUSTO MITOSO JUNIOR";"LUIS MITOSO";"#NULO#";"70678367787";"#NULO#";12;"APTO";"COLIGAÇÃO";55;"PSD";"PARTIDO SOCIAL DEMOCRÁTICO";-1;"#NULO#";"#NULO#";"#NULO#";40000000049;"Fazendo Mais Por Nossa Gente";"PROS / DEM / PSL / PTN / PSC / PR / PRTB / PHS / PTC / PV / PRP / PSDB / PATRIOTA / PSD / SD / PT do B";"AM";"03/07/1961";"004925922208";2;"MASCULINO";8;"SUPERIOR COMPLETO";3;"CASADO(A)";"01";"BRANCA";131;"ADVOGADO";1;"ELEITO"
"23/06/2021";"18:50:53";2014;2;"ELEIÇÃO ORDINÁRIA";1;143;"Eleições Gerais 2014";"05/10/2014";"FEDERAL";"AM";"AM";"AMAZONAS";7;"DEPUTADO ESTADUAL";40000000579;65671;"CHRISTIAN DE SOUZA MORAES";"CHRISTIAN MORAES";"#NULO#";"61577758234";"PCDOB-AM@UOL.COM.BR";12;"APTO";"PARTIDO ISOLADO";65;"PC do B";"PARTIDO COMUNISTA DO BRASIL";-1;"#NULO#";"#NULO#";"#NULO#";40000000051;"PARTIDO ISOLADO";"PC do B";"AM";"10/10/1977";"017045092267";2;"MASCULINO";6;"ENSINO MÉDIO COMPLETO";3;"CASADO(A)";"03";"PARDA";999;"OUTROS";5;"SUPLENTE"
"23/06/2021";"18:50:53";2014;2;"ELEIÇÃO ORDINÁRIA";1;143;"Eleições Gerais 2014";"05/10/2014";"FEDERAL";"AM";"AM";"AMAZONAS";7;"DEPUTADO ESTADUAL";40000000478;25147;"OTACILA LEMOS BARRETO";"PROFESSORA OTACILA";"#NULO#";"20139900225";"#NULO#";3;"INAPTO";"COLIGAÇÃO";25;"DEM";"DEMOCRATAS";-1;"#NULO#";"#NULO#";"#NULO#";40000000048;"FAZENDO MAIS POR NOSSA GENTE II";"DEM / PATRIOTA / PHS";"AM";"05/11/1961";"010428002232";4;"FEMININO";8;"SUPERIOR COMPLETO";1;"SOLTEIRO(A)";"03";"PARDA";266;"PROFESSOR DE ENSINO MÉDIO";-1;"#NULO#"
"23/06/2021";"18:50:53";2014;2;"ELEIÇÃO ORDINÁRIA";1;143;"Eleições Gerais 2014";"05/10/2014";"FEDERAL";"AM";"AM";"AMAZONAS";7;"DEPUTADO ESTADUAL";40000000789;27888;"MARILIA DALVA ALVES DA COSTA";"PROFESSORA MARILIA";"#NULO#";"24267244200";"#NULO#";12;"APTO";"COLIGAÇÃO";27;"PSDC";"PARTIDO SOCIAL DEMOCRATA CRISTÃO";-1;"#NULO#";"#NULO#";"#NULO#";40000000056;"RENOVAÇÃO E EXPERIÊNCIA 2";"PSDC / PPL";"AM";"21/03/1963";"003559292275";4;"FEMININO";8;"SUPERIOR COMPLETO";1;"SOLTEIRO(A)";"01";"BRANCA";257;"EMPRESÁRIO";4;"NÃO ELEITO"
"23/06/2021";"18:50:53";2014;2;"ELEIÇÃO ORDINÁRIA";1;143;"Eleições Gerais 2014";"05/10/2014";"FEDERAL";"AM";"AM";"AMAZONAS";7;"DEPUTADO ESTADUAL";40000000962;40000;"RICARDO ABRAHIM BELLO AMBROSIO";"RICARDO LOVE";"#NULO#";"92602762253";"ELEICAO2014@PSBAM.ORG.BR";12;"APTO";"PARTIDO ISOLADO";40;"PSB";"PARTIDO SOCIALISTA BRASILEIRO";-1;"#NULO#";"#NULO#";"#NULO#";40000000052;"PARTIDO ISOLADO";"PSB";"AM";"08/05/1988";"023634132283";2;"MASCULINO";6;"ENSINO MÉDIO COMPLETO";1;"SOLTEIRO(A)";"03";"PARDA";999;"OUTROS";5;"SUPLENTE"
"23/06/2021";"18:50:53";2014;2;"ELEIÇÃO ORDINÁRIA";1;143;"Eleições Gerais 2014";"05/10/2014";"FEDERAL";"AM";"AM";"AMAZONAS";7;"DEPUTADO ESTADUAL";40000000531;45235;"CREUSA DE SOUZA RODRIGUES";"CREUSA RODRIGUES";"#NULO#";"59346825120";"#NULO#";12;"APTO";"COLIGAÇÃO";45;"PSDB";"PARTIDO DA SOCIAL DEMOCRACIA BRASILEIRA";-1;"#NULO#";"#NULO#";"#NULO#";40000000050;"FAZENDO MAIS POR NOSSA GENTE 1";"PROS / PSD / PSDB / PSC";"MT";"23/05/1969";"010519661813";4;"FEMININO";8;"SUPERIOR COMPLETO";3;"CASADO(A)";"03";"PARDA";514;"ESTETICISTA";5;"SUPLENTE"
"23/06/2021";"18:50:53";2014;2;"ELEIÇÃO ORDINÁRIA";1;143;"Eleições Gerais 2014";"05/10/2014";"FEDERAL";"AM";"AM";"AMAZONAS";7;"DEPUTADO ESTADUAL";40000000651;70222;"ODINEIA VIEIRA DA COSTA";"PRETA";"#NULO#";"95695338204";"#NULO#";12;"APTO";"COLIGAÇÃO";70;"PT do B";"PARTIDO TRABALHISTA DO BRASIL";-1;"#NULO#";"#NULO#";"#NULO#";40000000053;"FAZENDO MAIS POR NOSSA GENTE III";"PR / PT do B / PSL / SD / PRP";"AM";"28/09/1987";"023735222283";4;"FEMININO";6;"ENSINO MÉDIO COMPLETO";1;"SOLTEIRO(A)";"03";"PARDA";206;"INDUSTRIAL";5;"SUPLENTE"
"23/06/2021";"18:50:53";2014;2;"ELEIÇÃO ORDINÁRIA";1;143;"Eleições Gerais 2014";"05/10/2014";"FEDERAL";"AM";"AM";"AMAZONAS";7;"DEPUTADO ESTADUAL";40000000276;36666;"RAFAEL DE ARAÚJO ROMANO JÚNIOR";"RAFAEL ROMANO";"#NULO#";"50803328249";"#NULO#";12;"APTO";"COLIGAÇÃO";36;"PTC";"PARTIDO TRABALHISTA CRISTÃO";-1;"#NULO#";"#NULO#";"#NULO#";40000000044;"JUNTOS PELO POVO";"PV / PTC";"AM";"08/11/1975";"016265852283";2;"MASCULINO";8;"SUPERIOR COMPLETO";3;"CASADO(A)";"02";"PRETA";131;"ADVOGADO";5;"SUPLENTE"
"23/06/2021";"18:50:53";2014;2;"ELEIÇÃO ORDINÁRIA";1;143;"Eleições Gerais 2014";"05/10/2014";"FEDERAL";"AM";"AM";"AMAZONAS";7;"DEPUTADO ESTADUAL";40000000550;45555;"PAULO CARLOS DE  CARLI";"PAULO DE  CARLI";"#NULO#";"29663393149";"PAULODECARLIAM@GMAIL.COM";12;"APTO";"COLIGAÇÃO";45;"PSDB";"PARTIDO DA SOCIAL DEMOCRACIA BRASILEIRA";-1;"#NULO#";"#NULO#";"#NULO#";40000000050;"FAZENDO MAIS POR NOSSA GENTE 1";"PROS / PSD / PSDB / PSC";"SP";"08/11/1964";"007255422003";2;"MASCULINO";8;"SUPERIOR COMPLETO";9;"DIVORCIADO(A)";"01";"BRANCA";257;"EMPRESÁRIO";5;"SUPLENTE"
"23/06/2021";"18:50:53";2014;2;"ELEIÇÃO ORDINÁRIA";1;143;"Eleições Gerais 2014";"05/10/2014";"FEDERAL";"AM";"AM";"AMAZONAS";7;"DEPUTADO ESTADUAL";40000000706;17890;"IONE LELIS DA SILVA";"LELIS DA SILVA";"#NULO#";"78672228200";"W7-CONSULTORIA@OUTLOOK.COM";12;"APTO";"COLIGAÇÃO";17;"PSL";"PARTIDO SOCIAL LIBERAL";-1;"#NULO#";"#NULO#";"#NULO#";40000000053;"FAZENDO MAIS POR NOSSA GENTE III";"PR / PT do B / PSL / SD / PRP";"AM";"25/07/1980";"022690242275";4;"FEMININO";6;"ENSINO MÉDIO COMPLETO";1;"SOLTEIRO(A)";"03";"PARDA";581;"DONA DE CASA";5;"SUPLENTE"
"23/06/2021";"18:50:53";2014;2;"ELEIÇÃO ORDINÁRIA";1;143;"Eleições Gerais 2014";"05/10/2014";"FEDERAL";"AM";"AM";"AMAZONAS";6;"DEPUTADO FEDERAL";40000000719;5011;"ALEXANDRE SIMÕES DE SOUZA";"ALEXANDRE SIMÕES";"#NULO#";"44457847291";"ALEXANDRECMPAM@GMAIL.COM";12;"APTO";"PARTIDO ISOLADO";50;"PSOL";"PARTIDO SOCIALISMO E LIBERDADE";-1;"#NULO#";"#NULO#";"#NULO#";40000000054;"PARTIDO ISOLADO";"PSOL";"SP";"11/05/1974";"013593072224";2;"MASCULINO";6;"ENSINO MÉDIO COMPLETO";1;"SOLTEIRO(A)";"01";"BRANCA";297;"SERVIDOR PÚBLICO ESTADUAL";4;"NÃO ELEITO"
"23/06/2021";"18:50:53";2014;2;"ELEIÇÃO ORDINÁRIA";1;143;"Eleições Gerais 2014";"05/10/2014";"FEDERAL";"AM";"AM";"AMAZONAS";7;"DEPUTADO ESTADUAL";40000000635;40012;"JOSE CESAR DA SILVA FONSECA";"CÉSAR FONSECA";"#NULO#";"03153886253";"CESARFONSECA53@GMAIL.COM";12;"APTO";"PARTIDO ISOLADO";40;"PSB";"PARTIDO SOCIALISTA BRASILEIRO";-1;"#NULO#";"#NULO#";"#NULO#";40000000052;"PARTIDO ISOLADO";"PSB";"PA";"22/07/1953";"002121182224";2;"MASCULINO";8;"SUPERIOR COMPLETO";3;"CASADO(A)";"03";"PARDA";297;"SERVIDOR PÚBLICO ESTADUAL";5;"SUPLENTE"
"23/06/2021";"18:50:53";2014;2;"ELEIÇÃO ORDINÁRIA";1;143;"Eleições Gerais 2014";"05/10/2014";"FEDERAL";"AM";"AM";"AMAZONAS";7;"DEPUTADO ESTADUAL";40000000758;27001;"ANTONIO BRAGA LEAL";"ANTONIO BRAGA";"#NULO#";"51435888200";"#NULO#";12;"APTO";"COLIGAÇÃO";27;"PSDC";"PARTIDO SOCIAL DEMOCRATA CRISTÃO";-1;"#NULO#";"#NULO#";"#NULO#";40000000056;"RENOVAÇÃO E EXPERIÊNCIA 2";"PSDC / PPL";"AM";"04/01/1976";"019841392267";2;"MASCULINO";7;"SUPERIOR INCOMPLETO";1;"SOLTEIRO(A)";"03";"PARDA";257;"EMPRESÁRIO";4;"NÃO ELEITO"
"23/06/2021";"18:50:53";2014;2;"ELEIÇÃO ORDINÁRIA";1;143;"Eleições Gerais 2014";"05/10/2014";"FEDERAL";"AM";"AM";"AMAZONAS";7;"DEPUTADO ESTADUAL";40000000742;50777;"JOSÉ BASÍLIO DA SILVA FILHO";"BASÍLIO FILHO";"#NULO#";"00912267240";"#NULO#";12;"APTO";"PARTIDO ISOLADO";50;"PSOL";"PARTIDO SOCIALISMO E LIBERDADE";-1;"#NULO#";"#NULO#";"#NULO#";40000000054;"PARTIDO ISOLADO";"PSOL";"AM";"01/04/1993";"036851692283";2;"MASCULINO";7;"SUPERIOR INCOMPLETO";1;"SOLTEIRO(A)";"03";"PARDA";931;"ESTUDANTE, BOLSISTA, ESTAGIÁRIO E ASSEMELHADOS";4;"NÃO ELEITO"
"23/06/2021";"18:50:53";2014;2;"ELEIÇÃO ORDINÁRIA";1;143;"Eleições Gerais 2014";"05/10/2014";"FEDERAL";"AM";"AM";"AMAZONAS";7;"DEPUTADO ESTADUAL";40000000668;22333;"ALCIMAR MACIEL PEREIRA";"CABO MACIEL";"#NULO#";"34651535291";"SORAYAMACIEL22@HOTMAIL.COM";12;"APTO";"COLIGAÇÃO";22;"PR";"PARTIDO DA REPÚBLICA";-1;"#NULO#";"#NULO#";"#NULO#";40000000053;"FAZENDO MAIS POR NOSSA GENTE III";"PR / PT do B / PSL / SD / PRP";"AM";"07/06/1972";"012073402275";2;"MASCULINO";6;"ENSINO MÉDIO COMPLETO";3;"CASADO(A)";"03";"PARDA";277;"DEPUTADO";2;"ELEITO POR QP"
"23/06/2021";"18:50:53";2014;2;"ELEIÇÃO ORDINÁRIA";1;143;"Eleições Gerais 2014";"05/10/2014";"FEDERAL";"AM";"AM";"AMAZONAS";7;"DEPUTADO ESTADUAL";40000000873;33468;"RAIMUNDO ALMEIDA DOS ANJOS FILHO";"ALMEIDA";"#NULO#";"12796085287";"R.A.D.A.F@HOTMAIL.COM";3;"INAPTO";"PARTIDO ISOLADO";33;"PMN";"PARTIDO DA MOBILIZAÇÃO NACIONAL";-1;"#NULO#";"#NULO#";"#NULO#";40000000059;"PARTIDO ISOLADO";"PMN";"AM";"25/12/1960";"004075792208";2;"MASCULINO";6;"ENSINO MÉDIO COMPLETO";3;"CASADO(A)";"03";"PARDA";999;"OUTROS";-1;"#NULO#"
"23/06/2021";"18:50:53";2014;2;"ELEIÇÃO ORDINÁRIA";1;143;"Eleições Gerais 2014";"05/10/2014";"FEDERAL";"AM";"AM";"AMAZONAS";7;"DEPUTADO ESTADUAL";40000000461;25753;"MARIA APARECIDA MARINHO DOS SANTOS";"APARECIDA";"#NULO#";"21428891234";"#NULO#";3;"INAPTO";"COLIGAÇÃO";25;"DEM";"DEMOCRATAS";-1;"#NULO#";"#NULO#";"#NULO#";40000000048;"FAZENDO MAIS POR NOSSA GENTE II";"DEM / PATRIOTA / PHS";"AM";"02/06/1961";"006195052291";4;"FEMININO";8;"SUPERIOR COMPLETO";3;"CASADO(A)";"03";"PARDA";265;"PROFESSOR DE ENSINO FUNDAMENTAL";4;"NÃO ELEITO"
"23/06/2021";"18:50:53";2014;2;"ELEIÇÃO ORDINÁRIA";1;143;"Eleições Gerais 2014";"05/10/2014";"FEDERAL";"AM";"AM";"AMAZONAS";7;"DEPUTADO ESTADUAL";40000000794;54333;"ANA FLAVIA ROCHA DE CARVALHO";"DR.. ANA FLÁVIA";"#NULO#";"29453119334";"DR.CAMPELO007@HOTMAIL.COM";12;"APTO";"COLIGAÇÃO";54;"PPL";"PARTIDO PÁTRIA LIVRE";-1;"#NULO#";"#NULO#";"#NULO#";40000000056;"RENOVAÇÃO E EXPERIÊNCIA 2";"PSDC / PPL";"AC";"25/09/1964";"000399640779";4;"FEMININO";8;"SUPERIOR COMPLETO";1;"SOLTEIRO(A)";"01";"BRANCA";111;"MÉDICO";4;"NÃO ELEITO"
"23/06/2021";"18:50:53";2014;2;"ELEIÇÃO ORDINÁRIA";1;143;"Eleições Gerais 2014";"05/10/2014";"FEDERAL";"AM";"AM";"AMAZONAS";7;"DEPUTADO ESTADUAL";40000000049;19003;"QUEZIA MAIA DE SOUZA";"QUEZIA MAIA";"#NULO#";"52311732234";"#NULO#";12;"APTO";"COLIGAÇÃO";19;"PTN";"PARTIDO TRABALHISTA NACIONAL";-1;"#NULO#";"#NULO#";"#NULO#";40000000021;"FAZENDO MAIS PELA NOSSA GENTE 5";"PTN / PRTB";"AM";"15/04/1981";"020085042240";4;"FEMININO";8;"SUPERIOR COMPLETO";1;"SOLTEIRO(A)";"03";"PARDA";125;"ADMINISTRADOR";5;"SUPLENTE"
"23/06/2021";"18:50:53";2014;2;"ELEIÇÃO ORDINÁRIA";1;143;"Eleições Gerais 2014";"05/10/2014";"FEDERAL";"AM";"AM";"AMAZONAS";7;"DEPUTADO ESTADUAL";40000000764;27101;"DIANA DE OLIVEIRA REINALDO";"DIANA ANTONIELLE";"#NULO#";"01182265251";"#NULO#";12;"APTO";"COLIGAÇÃO";27;"PSDC";"PARTIDO SOCIAL DEMOCRATA CRISTÃO";-1;"#NULO#";"#NULO#";"#NULO#";40000000056;"RENOVAÇÃO E EXPERIÊNCIA 2";"PSDC / PPL";"AM";"02/12/1993";"037109032208";4;"FEMININO";5;"ENSINO MÉDIO INCOMPLETO";1;"SOLTEIRO(A)";"03";"PARDA";931;"ESTUDANTE, BOLSISTA, ESTAGIÁRIO E ASSEMELHADOS";4;"NÃO ELEITO"
"23/06/2021";"18:50:53";2014;2;"ELEIÇÃO ORDINÁRIA";1;143;"Eleições Gerais 2014";"05/10/2014";"FEDERAL";"AM";"AM";"AMAZONAS";7;"DEPUTADO ESTADUAL";40000000229;23760;"RAIMUNDO NONATO DE FRANÇA FONSECA";"NONATO FRANÇA";"#NULO#";"31422446204";"#NULO#";12;"APTO";"COLIGAÇÃO";23;"PPS";"PARTIDO POPULAR SOCIALISTA";-1;"#NULO#";"#NULO#";"#NULO#";40000000043;"Renovação e Coragem";"PPS / PDT";"AM";"18/10/1970";"011427672216";2;"MASCULINO";8;"SUPERIOR COMPLETO";3;"CASADO(A)";"02";"PRETA";142;"PROFESSOR DE ENSINO SUPERIOR";5;"SUPLENTE"
"23/06/2021";"18:50:53";2014;2;"ELEIÇÃO ORDINÁRIA";1;143;"Eleições Gerais 2014";"05/10/2014";"FEDERAL";"AM";"AM";"AMAZONAS";7;"DEPUTADO ESTADUAL";40000000227;23000;"ODER COELHO AURELIO";"ODER AURELIO";"#NULO#";"13033964249";"#NULO#";12;"APTO";"COLIGAÇÃO";23;"PPS";"PARTIDO POPULAR SOCIALISTA";-1;"#NULO#";"#NULO#";"#NULO#";40000000043;"Renovação e Coragem";"PPS / PDT";"AM";"07/07/1965";"006038682291";2;"MASCULINO";8;"SUPERIOR COMPLETO";3;"CASADO(A)";"03";"PARDA";115;"ODONTÓLOGO";5;"SUPLENTE"
"23/06/2021";"18:50:53";2014;2;"ELEIÇÃO ORDINÁRIA";1;143;"Eleições Gerais 2014";"05/10/2014";"FEDERAL";"AM";"AM";"AMAZONAS";7;"DEPUTADO ESTADUAL";40000000264;43211;"MIRIAN DUARTE LEÃO BECK";"MIA LEÃO BECK";"#NULO#";"33719535215";"MIALEAO@HOTMAIL.COM";12;"APTO";"COLIGAÇÃO";43;"PV";"PARTIDO VERDE";-1;"#NULO#";"#NULO#";"#NULO#";40000000044;"JUNTOS PELO POVO";"PV / PTC";"AM";"19/09/1970";"010581962208";4;"FEMININO";8;"SUPERIOR COMPLETO";3;"CASADO(A)";"01";"BRANCA";999;"OUTROS";5;"SUPLENTE"
"23/06/2021";"18:50:53";2014;2;"ELEIÇÃO ORDINÁRIA";1;143;"Eleições Gerais 2014";"05/10/2014";"FEDERAL";"AM";"AM";"AMAZONAS";6;"DEPUTADO FEDERAL";40000000093;1312;"CRISTIANE AMARAL SALES TELLES";"CRISTIANE SALES";"#NULO#";"47495618272";"#NULO#";12;"APTO";"COLIGAÇÃO";13;"PT";"PARTIDO DOS TRABALHADORES";-1;"#NULO#";"#NULO#";"#NULO#";40000000022;"RENOVAÇÃO E EXPERIÊNCIA";"PMDB / PP / PT / PDT / PTB / PPS / PRB / PSDC / PPL / PC do B";"AM";"29/09/1967";"002350162259";4;"FEMININO";8;"SUPERIOR COMPLETO";3;"CASADO(A)";"02";"PRETA";230;"PEDAGOGO";5;"SUPLENTE"
"23/06/2021";"18:50:53";2014;2;"ELEIÇÃO ORDINÁRIA";1;143;"Eleições Gerais 2014";"05/10/2014";"FEDERAL";"AM";"AM";"AMAZONAS";7;"DEPUTADO ESTADUAL";40000000702;17111;"ZANDER EIJIRO SASSAKI";"DR. ZANDER";"#NULO#";"47424478249";"ZANDERSASSAKI@BOL.COM.BR";3;"INAPTO";"COLIGAÇÃO";17;"PSL";"PARTIDO SOCIAL LIBERAL";-1;"#NULO#";"#NULO#";"#NULO#";40000000053;"FAZENDO MAIS POR NOSSA GENTE III";"PR / PT do B / PSL / SD / PRP";"GO";"24/11/1974";"016233582216";2;"MASCULINO";8;"SUPERIOR COMPLETO";9;"DIVORCIADO(A)";"03";"PARDA";111;"MÉDICO";-1;"#NULO#"
"23/06/2021";"18:50:53";2014;2;"ELEIÇÃO ORDINÁRIA";1;143;"Eleições Gerais 2014";"05/10/2014";"FEDERAL";"AM";"AM";"AMAZONAS";6;"DEPUTADO FEDERAL";40000000745;4444;"ANTONIO DO NASCIMENTO CORDEIRO";"CORDEIRO";"#NULO#";"09137548204";"TONYCORDEIRO@GMAIL.COM";12;"APTO";"PARTIDO ISOLADO";44;"PRP";"PARTIDO REPUBLICANO PROGRESSISTA";-1;"#NULO#";"#NULO#";"#NULO#";40000000055;"PARTIDO ISOLADO";"PRP";"AC";"15/01/1958";"006295462208";2;"MASCULINO";2;"LÊ E ESCREVE";9;"DIVORCIADO(A)";"01";"BRANCA";403;"CORRETOR DE IMÓVEIS, SEGUROS, TÍTULOS E VALORES";4;"NÃO ELEITO"
"23/06/2021";"18:50:53";2014;2;"ELEIÇÃO ORDINÁRIA";1;143;"Eleições Gerais 2014";"05/10/2014";"FEDERAL";"AM";"AM";"AMAZONAS";6;"DEPUTADO FEDERAL";40000000718;5051;"SHIRNEILA PALHETA FREITAS";"BRANCA";"#NULO#";"58776699234";"#NULO#";12;"APTO";"PARTIDO ISOLADO";50;"PSOL";"PARTIDO SOCIALISMO E LIBERDADE";-1;"#NULO#";"#NULO#";"#NULO#";40000000054;"PARTIDO ISOLADO";"PSOL";"AM";"18/07/1941";"015378792291";4;"FEMININO";6;"ENSINO MÉDIO COMPLETO";1;"SOLTEIRO(A)";"01";"BRANCA";297;"SERVIDOR PÚBLICO ESTADUAL";4;"NÃO ELEITO"
"23/06/2021";"18:50:53";2014;2;"ELEIÇÃO ORDINÁRIA";1;143;"Eleições Gerais 2014";"05/10/2014";"FEDERAL";"AM";"AM";"AMAZONAS";7;"DEPUTADO ESTADUAL";40000000591;65650;"ANDREIA FREITAS DE LIMA";"ANDREA FREITAS";"#NULO#";"60988045249";"ANDREA_FREITAS22@HOTMAIL.COM";12;"APTO";"PARTIDO ISOLADO";65;"PC do B";"PARTIDO COMUNISTA DO BRASIL";-1;"#NULO#";"#NULO#";"#NULO#";40000000051;"PARTIDO ISOLADO";"PC do B";"AM";"09/07/1977";"015856152216";4;"FEMININO";6;"ENSINO MÉDIO COMPLETO";1;"SOLTEIRO(A)";"03";"PARDA";999;"OUTROS";5;"SUPLENTE"
"23/06/2021";"18:50:53";2014;2;"ELEIÇÃO ORDINÁRIA";1;143;"Eleições Gerais 2014";"05/10/2014";"FEDERAL";"AM";"AM";"AMAZONAS";7;"DEPUTADO ESTADUAL";40000000492;20123;"FRANCISCO DE SOUZA";"FRANCISCO SOUZA";"#NULO#";"03160521249";"PSC.AM@PSC.ORG.BR";12;"APTO";"COLIGAÇÃO";20;"PSC";"PARTIDO SOCIAL CRISTÃO";-1;"#NULO#";"#NULO#";"#NULO#";40000000050;"FAZENDO MAIS POR NOSSA GENTE 1";"PROS / PSD / PSDB / PSC";"CE";"03/11/1952";"005583162208";2;"MASCULINO";8;"SUPERIOR COMPLETO";3;"CASADO(A)";"02";"PRETA";395;"BANCÁRIO E ECONOMIÁRIO";3;"ELEITO POR MÉDIA"
"23/06/2021";"18:50:53";2014;2;"ELEIÇÃO ORDINÁRIA";1;143;"Eleições Gerais 2014";"05/10/2014";"FEDERAL";"AM";"AM";"AMAZONAS";7;"DEPUTADO ESTADUAL";40000000124;15222;"EDSON BASTOS BESSA";"EDSON BESSA";"#NULO#";"41368762204";"BESSAEDSON@GMAIL.COM";12;"APTO";"COLIGAÇÃO";15;"PMDB";"PARTIDO DO MOVIMENTO DEMOCRÁTICO BRASILEIRO";-1;"#NULO#";"#NULO#";"#NULO#";40000000023;"RENOVAÇÃO E EXPERIÊNCIA 1";"PMDB / PP / PT / PTB / PRB";"AM";"09/03/1972";"012777802232";2;"MASCULINO";8;"SUPERIOR COMPLETO";3;"CASADO(A)";"01";"BRANCA";131;"ADVOGADO";5;"SUPLENTE"
"23/06/2021";"18:50:53";2014;2;"ELEIÇÃO ORDINÁRIA";1;143;"Eleições Gerais 2014";"05/10/2014";"FEDERAL";"AM";"AM";"AMAZONAS";7;"DEPUTADO ESTADUAL";40000000460;31005;"RAIMUNDA CARVALHO MENDONÇA";"RAIMUNDA MENDONÇA";"#NULO#";"24298379272";"#NULO#";12;"APTO";"COLIGAÇÃO";31;"PHS";"PARTIDO HUMANISTA DA SOLIDARIEDADE";-1;"#NULO#";"#NULO#";"#NULO#";40000000048;"FAZENDO MAIS POR NOSSA GENTE II";"DEM / PATRIOTA / PHS";"AM";"17/12/1966";"005004762240";4;"FEMININO";6;"ENSINO MÉDIO COMPLETO";3;"CASADO(A)";"03";"PARDA";999;"OUTROS";5;"SUPLENTE"
"23/06/2021";"18:50:53";2014;2;"ELEIÇÃO ORDINÁRIA";1;143;"Eleições Gerais 2014";"05/10/2014";"FEDERAL";"AM";"AM";"AMAZONAS";7;"DEPUTADO ESTADUAL";40000000110;11123;"LUCIANA ALVES DA SILVA";"PASTORA LUCIANA";"#NULO#";"71228217220";"PP_AM_11@HOTMAIL.COM";12;"APTO";"COLIGAÇÃO";11;"PP";"PARTIDO PROGRESSISTA";-1;"#NULO#";"#NULO#";"#NULO#";40000000023;"RENOVAÇÃO E EXPERIÊNCIA 1";"PMDB / PP / PT / PTB / PRB";"AM";"11/10/1982";"021915232275";4;"FEMININO";6;"ENSINO MÉDIO COMPLETO";3;"CASADO(A)";"03";"PARDA";999;"OUTROS";5;"SUPLENTE"
"23/06/2021";"18:50:53";2014;2;"ELEIÇÃO ORDINÁRIA";1;143;"Eleições Gerais 2014";"05/10/2014";"FEDERAL";"AM";"AM";"AMAZONAS";7;"DEPUTADO ESTADUAL";40000000048;19222;"PERICLES BARATA PIRES DE CARVALHO";"PERI";"#NULO#";"21548692204";"#NULO#";12;"APTO";"COLIGAÇÃO";19;"PTN";"PARTIDO TRABALHISTA NACIONAL";-1;"#NULO#";"#NULO#";"#NULO#";40000000021;"FAZENDO MAIS PELA NOSSA GENTE 5";"PTN / PRTB";"AM";"22/07/1965";"001915712216";2;"MASCULINO";8;"SUPERIOR COMPLETO";3;"CASADO(A)";"03";"PARDA";101;"ENGENHEIRO";5;"SUPLENTE"
"23/06/2021";"18:50:53";2014;2;"ELEIÇÃO ORDINÁRIA";1;143;"Eleições Gerais 2014";"05/10/2014";"FEDERAL";"AM";"AM";"AMAZONAS";6;"DEPUTADO FEDERAL";40000000079;1512;"MESSIAS WILSON DE MEDEIROS CURSINO";"MESSIAS CURSINO";"#NULO#";"07843887253";"MESSIASCURSINO@GMAIL.COM";12;"APTO";"COLIGAÇÃO";15;"PMDB";"PARTIDO DO MOVIMENTO DEMOCRÁTICO BRASILEIRO";-1;"#NULO#";"#NULO#";"#NULO#";40000000022;"RENOVAÇÃO E EXPERIÊNCIA";"PMDB / PP / PT / PDT / PTB / PPS / PRB / PSDC / PPL / PC do B";"AM";"28/08/1957";"000090232291";2;"MASCULINO";8;"SUPERIOR COMPLETO";3;"CASADO(A)";"01";"BRANCA";296;"SERVIDOR PÚBLICO FEDERAL";5;"SUPLENTE"
"23/06/2021";"18:50:53";2014;2;"ELEIÇÃO ORDINÁRIA";1;143;"Eleições Gerais 2014";"05/10/2014";"FEDERAL";"AM";"AM";"AMAZONAS";9;"1º SUPLENTE";40000000490;555;"FRANCISCO HELDER CAVALCANTE SOUSA";"DR. HELDER CAVALCANTE";"#NULO#";"83059733872";"#NULO#";12;"APTO";"COLIGAÇÃO";22;"PR";"PARTIDO DA REPÚBLICA";-1;"#NULO#";"#NULO#";"#NULO#";40000000049;"Fazendo Mais Por Nossa Gente";"PROS / DEM / PSL / PTN / PSC / PR / PRTB / PHS / PTC / PV / PRP / PSDB / PATRIOTA / PSD / SD / PT do B";"CE";"23/10/1956";"017000322275";2;"MASCULINO";8;"SUPERIOR COMPLETO";3;"CASADO(A)";"03";"PARDA";111;"MÉDICO";1;"ELEITO"
"23/06/2021";"18:50:53";2014;2;"ELEIÇÃO ORDINÁRIA";1;143;"Eleições Gerais 2014";"05/10/2014";"FEDERAL";"AM";"AM";"AMAZONAS";7;"DEPUTADO ESTADUAL";40000000541;45632;"JORGE MAIA DA SILVA";"JORGE MAIA";"#NULO#";"05458137272";"#NULO#";3;"INAPTO";"COLIGAÇÃO";45;"PSDB";"PARTIDO DA SOCIAL DEMOCRACIA BRASILEIRA";-1;"#NULO#";"#NULO#";"#NULO#";40000000050;"FAZENDO MAIS POR NOSSA GENTE 1";"PROS / PSD / PSDB / PSC";"AM";"29/04/1953";"000204302275";2;"MASCULINO";6;"ENSINO MÉDIO COMPLETO";3;"CASADO(A)";"01";"BRANCA";257;"EMPRESÁRIO";4;"NÃO ELEITO"
"23/06/2021";"18:50:53";2014;2;"ELEIÇÃO ORDINÁRIA";1;143;"Eleições Gerais 2014";"05/10/2014";"FEDERAL";"AM";"AM";"AMAZONAS";7;"DEPUTADO ESTADUAL";40000000521;90123;"SIDNEY RICARDO DE OLIVEIRA LEITE";"SIDNEY LEITE";"#NULO#";"24067857268";"#NULO#";12;"APTO";"COLIGAÇÃO";90;"PROS";"PARTIDO REPUBLICANO DA ORDEM SOCIAL";-1;"#NULO#";"#NULO#";"#NULO#";40000000050;"FAZENDO MAIS POR NOSSA GENTE 1";"PROS / PSD / PSDB / PSC";"AM";"08/04/1967";"001393522291";2;"MASCULINO";7;"SUPERIOR INCOMPLETO";3;"CASADO(A)";"03";"PARDA";277;"DEPUTADO";2;"ELEITO POR QP"
"23/06/2021";"18:50:53";2014;2;"ELEIÇÃO ORDINÁRIA";2;144;"Eleições Gerais 2014";"26/10/2014";"FEDERAL";"AM";"AM";"AMAZONAS";4;"VICE-GOVERNADOR";40000000488;90;"JOSÉ HENRIQUE OLIVEIRA";"HENRIQUE OLIVEIRA";"#NULO#";"30824443420";"SECRETARIA@SOLIDARIEDADEAM.ORG.BR";12;"APTO";"COLIGAÇÃO";77;"SD";"SOLIDARIEDADE";-1;"#NULO#";"#NULO#";"#NULO#";40000000049;"Fazendo Mais Por Nossa Gente";"PROS / DEM / PSL / PTN / PSC / PR / PRTB / PHS / PTC / PV / PRP / PSDB / PATRIOTA / PSD / SD / PT do B";"SC";"16/10/1960";"017541642267";2;"MASCULINO";7;"SUPERIOR INCOMPLETO";3;"CASADO(A)";"01";"BRANCA";277;"DEPUTADO";1;"ELEITO"
"23/06/2021";"18:50:53";2014;2;"ELEIÇÃO ORDINÁRIA";1;143;"Eleições Gerais 2014";"05/10/2014";"FEDERAL";"AM";"AM";"AMAZONAS";9;"1º SUPLENTE";40000000881;333;"CRISTIANE DE SOUZA CAMPOS";"CRISTIANE CAMPOS";"#NULO#";"62786202272";"PMN33AMAZONAS@GMAIL.COM";12;"APTO";"PARTIDO ISOLADO";33;"PMN";"PARTIDO DA MOBILIZAÇÃO NACIONAL";-1;"#NULO#";"#NULO#";"#NULO#";40000000059;"PARTIDO ISOLADO";"PMN";"AM";"06/03/1978";"017244202208";4;"FEMININO";8;"SUPERIOR COMPLETO";1;"SOLTEIRO(A)";"03";"PARDA";134;"ASSISTENTE SOCIAL";4;"NÃO ELEITO"
"23/06/2021";"18:50:53";2014;2;"ELEIÇÃO ORDINÁRIA";1;143;"Eleições Gerais 2014";"05/10/2014";"FEDERAL";"AM";"AM";"AMAZONAS";7;"DEPUTADO ESTADUAL";40000000152;13222;"DAVID DE CAMPOS BUAS";"PROFESSOR DAVID";"#NULO#";"13058088272";"DBUAS@YAHOO.COM.BR";12;"APTO";"COLIGAÇÃO";13;"PT";"PARTIDO DOS TRABALHADORES";-1;"#NULO#";"#NULO#";"#NULO#";40000000023;"RENOVAÇÃO E EXPERIÊNCIA 1";"PMDB / PP / PT / PTB / PRB";"AM";"08/06/1962";"012782312291";2;"MASCULINO";8;"SUPERIOR COMPLETO";3;"CASADO(A)";"03";"PARDA";266;"PROFESSOR DE ENSINO MÉDIO";5;"SUPLENTE"
"23/06/2021";"18:50:53";2014;2;"ELEIÇÃO ORDINÁRIA";1;143;"Eleições Gerais 2014";"05/10/2014";"FEDERAL";"AM";"AM";"AMAZONAS";3;"GOVERNADOR";40000000188;21;"LUIZ MANOEL NAVARRO";"LUIZ NAVARRO";"#NULO#";"00693960272";"NAVARRO_LUIZ@YAHOO.COM.BR";12;"APTO";"PARTIDO ISOLADO";21;"PCB";"PARTIDO COMUNISTA BRASILEIRO";-1;"#NULO#";"#NULO#";"#NULO#";40000000042;"PARTIDO ISOLADO";"PCB";"AM";"20/08/1942";"000766872291";2;"MASCULINO";5;"ENSINO MÉDIO INCOMPLETO";3;"CASADO(A)";"01";"BRANCA";709;"TRABALHADOR DE CONSTRUÇÃO CIVIL";4;"NÃO ELEITO"
"23/06/2021";"18:50:53";2014;2;"ELEIÇÃO ORDINÁRIA";1;143;"Eleições Gerais 2014";"05/10/2014";"FEDERAL";"AM";"AM";"AMAZONAS";7;"DEPUTADO ESTADUAL";40000000255;43231;"ROBELSON OLIVEIRA DE LIMA";"CHEGOU CHEGOU";"#NULO#";"26311640244";"#NULO#";12;"APTO";"COLIGAÇÃO";43;"PV";"PARTIDO VERDE";-1;"#NULO#";"#NULO#";"#NULO#";40000000044;"JUNTOS PELO POVO";"PV / PTC";"PA";"29/07/1964";"013168951392";2;"MASCULINO";6;"ENSINO MÉDIO COMPLETO";1;"SOLTEIRO(A)";"03";"PARDA";999;"OUTROS";5;"SUPLENTE"
"23/06/2021";"18:50:53";2014;2;"ELEIÇÃO ORDINÁRIA";1;143;"Eleições Gerais 2014";"05/10/2014";"FEDERAL";"AM";"AM";"AMAZONAS";7;"DEPUTADO ESTADUAL";40000000481;25369;"CIBELE LIMA PINTO";"CIBELE LIMA";"#NULO#";"60079169287";"#NULO#";12;"APTO";"COLIGAÇÃO";25;"DEM";"DEMOCRATAS";-1;"#NULO#";"#NULO#";"#NULO#";40000000048;"FAZENDO MAIS POR NOSSA GENTE II";"DEM / PATRIOTA / PHS";"AM";"06/03/1976";"015382632208";4;"FEMININO";8;"SUPERIOR COMPLETO";3;"CASADO(A)";"01";"BRANCA";265;"PROFESSOR DE ENSINO FUNDAMENTAL";5;"SUPLENTE"
"23/06/2021";"18:50:53";2014;2;"ELEIÇÃO ORDINÁRIA";1;143;"Eleições Gerais 2014";"05/10/2014";"FEDERAL";"AM";"AM";"AMAZONAS";6;"DEPUTADO FEDERAL";40000000354;9007;"CARLOS CRISTIANO FELIX";"CARLOS FELIX";"#NULO#";"46431969200";"#NULO#";12;"APTO";"COLIGAÇÃO";90;"PROS";"PARTIDO REPUBLICANO DA ORDEM SOCIAL";-1;"#NULO#";"#NULO#";"#NULO#";40000000046;"FAZENDO MAIS POR NOSSA GENTE 1.";"PROS / DEM / PSDB / PR / PTN / PSC / PT do B / PTC / PRTB / PATRIOTA / PV / PHS / PSL / PSD / SD";"SP";"30/05/1974";"016469102208";2;"MASCULINO";7;"SUPERIOR INCOMPLETO";1;"SOLTEIRO(A)";"01";"BRANCA";257;"EMPRESÁRIO";5;"SUPLENTE"
"23/06/2021";"18:50:53";2014;2;"ELEIÇÃO ORDINÁRIA";1;143;"Eleições Gerais 2014";"05/10/2014";"FEDERAL";"AM";"AM";"AMAZONAS";7;"DEPUTADO ESTADUAL";40000000136;10000;"STALLINE ROCHA DE ARAÚJO";"STALLINE ARAÚJO";"#NULO#";"91073308200";"ESTADUALPRB10.AM@HOTMAIL.COM";12;"APTO";"COLIGAÇÃO";10;"PRB";"PARTIDO REPUBLICANO BRASILEIRO";-1;"#NULO#";"#NULO#";"#NULO#";40000000023;"RENOVAÇÃO E EXPERIÊNCIA 1";"PMDB / PP / PT / PTB / PRB";"AM";"10/12/1987";"023783272232";4;"FEMININO";7;"SUPERIOR INCOMPLETO";3;"CASADO(A)";"03";"PARDA";999;"OUTROS";5;"SUPLENTE"
"23/06/2021";"18:50:53";2014;2;"ELEIÇÃO ORDINÁRIA";1;143;"Eleições Gerais 2014";"05/10/2014";"FEDERAL";"AM";"AM";"AMAZONAS";7;"DEPUTADO ESTADUAL";40000000681;17007;"LUZIA DE SOUZA SALES";"LUISA SALES";"#NULO#";"78312264272";"LUISA.SOUZA.SALES@HOTMAIL.COM";12;"APTO";"COLIGAÇÃO";17;"PSL";"PARTIDO SOCIAL LIBERAL";-1;"#NULO#";"#NULO#";"#NULO#";40000000053;"FAZENDO MAIS POR NOSSA GENTE III";"PR / PT do B / PSL / SD / PRP";"AM";"06/03/1983";"021058252232";4;"FEMININO";6;"ENSINO MÉDIO COMPLETO";1;"SOLTEIRO(A)";"01";"BRANCA";169;"COMERCIANTE";5;"SUPLENTE"
"23/06/2021";"18:50:53";2014;2;"ELEIÇÃO ORDINÁRIA";1;143;"Eleições Gerais 2014";"05/10/2014";"FEDERAL";"AM";"AM";"AMAZONAS";7;"DEPUTADO ESTADUAL";40000000502;55123;"MARIA DO ROSARIO MIRANDA DIAS";"ROSA DO CORAÇÃO";"#NULO#";"27530256220";"ADVOCACIA@MARIABENIGNO.COM";3;"INAPTO";"COLIGAÇÃO";55;"PSD";"PARTIDO SOCIAL DEMOCRÁTICO";-1;"#NULO#";"#NULO#";"#NULO#";40000000050;"FAZENDO MAIS POR NOSSA GENTE 1";"PROS / PSD / PSDB / PSC";"AM";"02/01/1968";"012636422283";4;"FEMININO";8;"SUPERIOR COMPLETO";1;"SOLTEIRO(A)";"03";"PARDA";131;"ADVOGADO";4;"NÃO ELEITO"
"23/06/2021";"18:50:53";2014;2;"ELEIÇÃO ORDINÁRIA";1;143;"Eleições Gerais 2014";"05/10/2014";"FEDERAL";"AM";"AM";"AMAZONAS";7;"DEPUTADO ESTADUAL";40000000586;65114;"UBIRATAN CORREA DOS SANTOS";"UBIRATAN SANTOS";"#NULO#";"23171367491";"#NULO#";12;"APTO";"PARTIDO ISOLADO";65;"PC do B";"PARTIDO COMUNISTA DO BRASIL";-1;"#NULO#";"#NULO#";"#NULO#";40000000051;"PARTIDO ISOLADO";"PC do B";"AM";"12/06/1959";"004948482232";2;"MASCULINO";6;"ENSINO MÉDIO COMPLETO";5;"VIÚVO(A)";"03";"PARDA";999;"OUTROS";5;"SUPLENTE"
"23/06/2021";"18:50:53";2014;2;"ELEIÇÃO ORDINÁRIA";1;143;"Eleições Gerais 2014";"05/10/2014";"FEDERAL";"AM";"AM";"AMAZONAS";7;"DEPUTADO ESTADUAL";40000000038;19077;"LUIZ DANIEL FROTA XIMENES ARAGÃO";"DANIEL ARAGÃO";"#NULO#";"57103313253";"#NULO#";12;"APTO";"COLIGAÇÃO";19;"PTN";"PARTIDO TRABALHISTA NACIONAL";-1;"#NULO#";"#NULO#";"#NULO#";40000000021;"FAZENDO MAIS PELA NOSSA GENTE 5";"PTN / PRTB";"RO";"14/08/1976";"017230632224";2;"MASCULINO";6;"ENSINO MÉDIO COMPLETO";3;"CASADO(A)";"03";"PARDA";403;"CORRETOR DE IMÓVEIS, SEGUROS, TÍTULOS E VALORES";5;"SUPLENTE"
"23/06/2021";"18:50:53";2014;2;"ELEIÇÃO ORDINÁRIA";1;143;"Eleições Gerais 2014";"05/10/2014";"FEDERAL";"AM";"AM";"AMAZONAS";7;"DEPUTADO ESTADUAL";40000000032;19711;"GERALDO RIBEIRO DA SILVA JUNIOR";"JUNIOR RIBEIRO";"#NULO#";"25938410363";"JUNIORRIBEIRO_AM@HOTMAIL.COM";12;"APTO";"COLIGAÇÃO";19;"PTN";"PARTIDO TRABALHISTA NACIONAL";-1;"#NULO#";"#NULO#";"#NULO#";40000000021;"FAZENDO MAIS PELA NOSSA GENTE 5";"PTN / PRTB";"CE";"30/03/1966";"006233762275";2;"MASCULINO";7;"SUPERIOR INCOMPLETO";3;"CASADO(A)";"03";"PARDA";278;"VEREADOR";5;"SUPLENTE"
"23/06/2021";"18:50:53";2014;2;"ELEIÇÃO ORDINÁRIA";1;143;"Eleições Gerais 2014";"05/10/2014";"FEDERAL";"AM";"AM";"AMAZONAS";7;"DEPUTADO ESTADUAL";40000000435;25789;"MARIA ROSINEIDE MOURÃO SOLARTE";"BEBEQUINHA";"#NULO#";"13573870244";"#NULO#";3;"INAPTO";"COLIGAÇÃO";25;"DEM";"DEMOCRATAS";-1;"#NULO#";"#NULO#";"#NULO#";40000000048;"FAZENDO MAIS POR NOSSA GENTE II";"DEM / PATRIOTA / PHS";"AM";"02/10/1963";"003177052208";4;"FEMININO";8;"SUPERIOR COMPLETO";1;"SOLTEIRO(A)";"03";"PARDA";266;"PROFESSOR DE ENSINO MÉDIO";4;"NÃO ELEITO"
"23/06/2021";"18:50:53";2014;2;"ELEIÇÃO ORDINÁRIA";1;143;"Eleições Gerais 2014";"05/10/2014";"FEDERAL";"AM";"AM";"AMAZONAS";9;"1º SUPLENTE";40000000075;131;"ADENILZA MESQUITA VIEIRA";"SILA MESQUITA";"#NULO#";"23008610200";"SECGERALPTAM@GMAIL.COM";3;"INAPTO";"COLIGAÇÃO";13;"PT";"PARTIDO DOS TRABALHADORES";-1;"#NULO#";"#NULO#";"#NULO#";40000000022;"RENOVAÇÃO E EXPERIÊNCIA";"PMDB / PP / PT / PDT / PTB / PPS / PRB / PSDC / PPL / PC do B";"AM";"10/10/1965";"004097962232";4;"FEMININO";8;"SUPERIOR COMPLETO";3;"CASADO(A)";"05";"INDÍGENA";292;"AGENTE ADMINISTRATIVO";-1;"#NULO#"
"23/06/2021";"18:50:53";2014;2;"ELEIÇÃO ORDINÁRIA";1;143;"Eleições Gerais 2014";"05/10/2014";"FEDERAL";"AM";"AM";"AMAZONAS";7;"DEPUTADO ESTADUAL";40000000064;19011;"JACQUELINE MATTOS DE VASCONCELOS";"JACQUELINE MATTOS";"#NULO#";"32169582215";"#NULO#";3;"INAPTO";"COLIGAÇÃO";19;"PTN";"PARTIDO TRABALHISTA NACIONAL";-1;"#NULO#";"#NULO#";"#NULO#";40000000021;"FAZENDO MAIS PELA NOSSA GENTE 5";"PTN / PRTB";"AM";"02/03/1970";"010694212283";4;"FEMININO";8;"SUPERIOR COMPLETO";9;"DIVORCIADO(A)";"01";"BRANCA";297;"SERVIDOR PÚBLICO ESTADUAL";-1;"#NULO#"
"23/06/2021";"18:50:53";2014;2;"ELEIÇÃO ORDINÁRIA";1;143;"Eleições Gerais 2014";"05/10/2014";"FEDERAL";"AM";"AM";"AMAZONAS";7;"DEPUTADO ESTADUAL";40000000137;10499;"TELMA FERREIRA LOPES";"TELMA LOPES";"#NULO#";"28459091287";"#NULO#";3;"INAPTO";"COLIGAÇÃO";10;"PRB";"PARTIDO REPUBLICANO BRASILEIRO";-1;"#NULO#";"#NULO#";"#NULO#";40000000023;"RENOVAÇÃO E EXPERIÊNCIA 1";"PMDB / PP / PT / PTB / PRB";"AM";"08/05/1950";"004164092216";4;"FEMININO";6;"ENSINO MÉDIO COMPLETO";1;"SOLTEIRO(A)";"03";"PARDA";581;"DONA DE CASA";-1;"#NULO#"
"23/06/2021";"18:50:53";2014;2;"ELEIÇÃO ORDINÁRIA";1;143;"Eleições Gerais 2014";"05/10/2014";"FEDERAL";"AM";"AM";"AMAZONAS";6;"DEPUTADO FEDERAL";40000000722;5050;"JOSÉ ROBERTO DOS SANTOS";"ROBERTO SANTOS";"#NULO#";"05300460249";"ROBERTO.SANTOS50@HOTMAIL.COM";12;"APTO";"PARTIDO ISOLADO";50;"PSOL";"PARTIDO SOCIALISMO E LIBERDADE";-1;"#NULO#";"#NULO#";"#NULO#";40000000054;"PARTIDO ISOLADO";"PSOL";"AM";"19/03/1956";"004484582240";2;"MASCULINO";8;"SUPERIOR COMPLETO";3;"CASADO(A)";"03";"PARDA";230;"PEDAGOGO";4;"NÃO ELEITO"
"23/06/2021";"18:50:53";2014;2;"ELEIÇÃO ORDINÁRIA";1;143;"Eleições Gerais 2014";"05/10/2014";"FEDERAL";"AM";"AM";"AMAZONAS";7;"DEPUTADO ESTADUAL";40000000556;65125;"EDIVALDO BARRETO DOS SANTOS";"EDIVALDO BARRETO";"#NULO#";"20245157204";"ED.BARRETO@OI.COM.BR";12;"APTO";"PARTIDO ISOLADO";65;"PC do B";"PARTIDO COMUNISTA DO BRASIL";-1;"#NULO#";"#NULO#";"#NULO#";40000000051;"PARTIDO ISOLADO";"PC do B";"AM";"03/10/1962";"000225152208";2;"MASCULINO";8;"SUPERIOR COMPLETO";3;"CASADO(A)";"03";"PARDA";109;"AGENTE DE SAÚDE E SANITARISTA";5;"SUPLENTE"
"23/06/2021";"18:50:53";2014;2;"ELEIÇÃO ORDINÁRIA";1;143;"Eleições Gerais 2014";"05/10/2014";"FEDERAL";"AM";"AM";"AMAZONAS";7;"DEPUTADO ESTADUAL";40000000693;44123;"JACKSON CHAGAS SALDANHA";"JACKSON SALDANHA / JACKSON";"#NULO#";"02571200259";"JCSALDANHA21@HOTMAIL.COM";12;"APTO";"COLIGAÇÃO";44;"PRP";"PARTIDO REPUBLICANO PROGRESSISTA";-1;"#NULO#";"#NULO#";"#NULO#";40000000053;"FAZENDO MAIS POR NOSSA GENTE III";"PR / PT do B / PSL / SD / PRP";"AM";"20/12/1953";"000591192208";2;"MASCULINO";8;"SUPERIOR COMPLETO";3;"CASADO(A)";"03";"PARDA";124;"CONTADOR";5;"SUPLENTE"
"23/06/2021";"18:50:53";2014;2;"ELEIÇÃO ORDINÁRIA";1;143;"Eleições Gerais 2014";"05/10/2014";"FEDERAL";"AM";"AM";"AMAZONAS";7;"DEPUTADO ESTADUAL";40000000102;11000;"MÁRCIO ANDRÉ BRAGA FERREIRA";"MÁRCIO BRAGA";"#NULO#";"25183857890";"PP_AM_11@HOTMAIL.COM";12;"APTO";"COLIGAÇÃO";11;"PP";"PARTIDO PROGRESSISTA";-1;"#NULO#";"#NULO#";"#NULO#";40000000023;"RENOVAÇÃO E EXPERIÊNCIA 1";"PMDB / PP / PT / PTB / PRB";"AM";"29/03/1975";"019127572208";2;"MASCULINO";7;"SUPERIOR INCOMPLETO";9;"DIVORCIADO(A)";"03";"PARDA";999;"OUTROS";5;"SUPLENTE"
"23/06/2021";"18:50:53";2014;2;"ELEIÇÃO ORDINÁRIA";1;143;"Eleições Gerais 2014";"05/10/2014";"FEDERAL";"AM";"AM";"AMAZONAS";7;"DEPUTADO ESTADUAL";40000000218;23888;"JUCINEI PANTOJA VALENTE";"NEYZINHO";"#NULO#";"60719257204";"#NULO#";12;"APTO";"COLIGAÇÃO";23;"PPS";"PARTIDO POPULAR SOCIALISTA";-1;"#NULO#";"#NULO#";"#NULO#";40000000043;"Renovação e Coragem";"PPS / PDT";"AM";"24/03/1973";"012880082267";2;"MASCULINO";2;"LÊ E ESCREVE";3;"CASADO(A)";"03";"PARDA";257;"EMPRESÁRIO";5;"SUPLENTE"
"23/06/2021";"18:50:53";2014;2;"ELEIÇÃO ORDINÁRIA";1;143;"Eleições Gerais 2014";"05/10/2014";"FEDERAL";"AM";"AM";"AMAZONAS";7;"DEPUTADO ESTADUAL";40000000575;65012;"ENEIAS GARCES DA ROCHA";"ENEIAS ROCHA";"#NULO#";"38535912215";"ENEIASROCHA@LIVE.COM";12;"APTO";"PARTIDO ISOLADO";65;"PC do B";"PARTIDO COMUNISTA DO BRASIL";-1;"#NULO#";"#NULO#";"#NULO#";40000000051;"PARTIDO ISOLADO";"PC do B";"AM";"04/03/1971";"012728612267";2;"MASCULINO";7;"SUPERIOR INCOMPLETO";3;"CASADO(A)";"03";"PARDA";278;"VEREADOR";5;"SUPLENTE"
"23/06/2021";"18:50:53";2014;2;"ELEIÇÃO ORDINÁRIA";1;143;"Eleições Gerais 2014";"05/10/2014";"FEDERAL";"AM";"AM";"AMAZONAS";7;"DEPUTADO ESTADUAL";40000000198;12345;"JULIANO SANTANA DA SILVA";"PETRO VELHO";"#NULO#";"51141329204";"#NULO#";12;"APTO";"COLIGAÇÃO";12;"PDT";"PARTIDO DEMOCRÁTICO TRABALHISTA";-1;"#NULO#";"#NULO#";"#NULO#";40000000043;"Renovação e Coragem";"PPS / PDT";"AM";"09/07/1976";"019797272232";2;"MASCULINO";6;"ENSINO MÉDIO COMPLETO";3;"CASADO(A)";"03";"PARDA";278;"VEREADOR";5;"SUPLENTE"
"23/06/2021";"18:50:53";2014;2;"ELEIÇÃO ORDINÁRIA";1;143;"Eleições Gerais 2014";"05/10/2014";"FEDERAL";"AM";"AM";"AMAZONAS";7;"DEPUTADO ESTADUAL";40000000808;54789;"TUFI SALIM JORGE FILHO";"DR. TUFI FILHO";"#NULO#";"13018353234";"DR.CAMPELO007@HOTMAIL.COM";12;"APTO";"COLIGAÇÃO";54;"PPL";"PARTIDO PÁTRIA LIVRE";-1;"#NULO#";"#NULO#";"#NULO#";40000000056;"RENOVAÇÃO E EXPERIÊNCIA 2";"PSDC / PPL";"AP";"27/03/1963";"003800312283";2;"MASCULINO";8;"SUPERIOR COMPLETO";3;"CASADO(A)";"01";"BRANCA";111;"MÉDICO";4;"NÃO ELEITO"
"23/06/2021";"18:50:53";2014;2;"ELEIÇÃO ORDINÁRIA";1;143;"Eleições Gerais 2014";"05/10/2014";"FEDERAL";"AM";"AM";"AMAZONAS";7;"DEPUTADO ESTADUAL";40000000207;23789;"CHRISTIAN COSTA DOS SANTOS";"CHRISTIAN";"#NULO#";"64793648215";"CHRISTIAN@PEIXINHOCAMARADA.COM.BR";12;"APTO";"COLIGAÇÃO";23;"PPS";"PARTIDO POPULAR SOCIALISTA";-1;"#NULO#";"#NULO#";"#NULO#";40000000043;"Renovação e Coragem";"PPS / PDT";"AM";"22/04/1980";"019114842224";2;"MASCULINO";6;"ENSINO MÉDIO COMPLETO";9;"DIVORCIADO(A)";"03";"PARDA";257;"EMPRESÁRIO";5;"SUPLENTE"
"23/06/2021";"18:50:53";2014;2;"ELEIÇÃO ORDINÁRIA";1;143;"Eleições Gerais 2014";"05/10/2014";"FEDERAL";"AM";"AM";"AMAZONAS";7;"DEPUTADO ESTADUAL";40000000225;23999;"MARCIO MOÇAMBITE DE OLIVEIRA";"MARCIO";"#NULO#";"57314942234";"#NULO#";12;"APTO";"COLIGAÇÃO";23;"PPS";"PARTIDO POPULAR SOCIALISTA";-1;"#NULO#";"#NULO#";"#NULO#";40000000043;"Renovação e Coragem";"PPS / PDT";"AM";"12/11/1975";"030449552232";2;"MASCULINO";6;"ENSINO MÉDIO COMPLETO";1;"SOLTEIRO(A)";"03";"PARDA";125;"ADMINISTRADOR";5;"SUPLENTE"
"23/06/2021";"18:50:53";2014;2;"ELEIÇÃO ORDINÁRIA";1;143;"Eleições Gerais 2014";"05/10/2014";"FEDERAL";"AM";"AM";"AMAZONAS";7;"DEPUTADO ESTADUAL";40000000717;50553;"FERNANDEZ DA SILVA E SILVA";"FERNANDEZ SINDICATO";"#NULO#";"68234112287";"FERNANDEZ_GM@HOTMAIL.COM";12;"APTO";"PARTIDO ISOLADO";50;"PSOL";"PARTIDO SOCIALISMO E LIBERDADE";-1;"#NULO#";"#NULO#";"#NULO#";40000000054;"PARTIDO ISOLADO";"PSOL";"AM";"20/08/1979";"018561542232";2;"MASCULINO";6;"ENSINO MÉDIO COMPLETO";3;"CASADO(A)";"03";"PARDA";298;"SERVIDOR PÚBLICO MUNICIPAL";4;"NÃO ELEITO"
"23/06/2021";"18:50:53";2014;2;"ELEIÇÃO ORDINÁRIA";1;143;"Eleições Gerais 2014";"05/10/2014";"FEDERAL";"AM";"AM";"AMAZONAS";7;"DEPUTADO ESTADUAL";40000000067;19963;"VALDIBERTO RIBEIRO ROCHA";"VALDIBERTO ROCHA";"#NULO#";"29101875272";"VRROCHA@HOTMAIL.COM";12;"APTO";"COLIGAÇÃO";19;"PTN";"PARTIDO TRABALHISTA NACIONAL";-1;"#NULO#";"#NULO#";"#NULO#";40000000021;"FAZENDO MAIS PELA NOSSA GENTE 5";"PTN / PRTB";"AM";"18/08/1967";"006350212267";2;"MASCULINO";8;"SUPERIOR COMPLETO";3;"CASADO(A)";"03";"PARDA";910;"SACERDOTE OU MEMBRO DE ORDEM OU SEITA RELIGIOSA";5;"SUPLENTE"
"23/06/2021";"18:50:53";2014;2;"ELEIÇÃO ORDINÁRIA";1;143;"Eleições Gerais 2014";"05/10/2014";"FEDERAL";"AM";"AM";"AMAZONAS";7;"DEPUTADO ESTADUAL";40000000446;31777;"MARCOS WILLIAN DOS SANTOS ARÉVALO";"MARCOS SANTOS";"#NULO#";"63010208200";"#NULO#";12;"APTO";"COLIGAÇÃO";31;"PHS";"PARTIDO HUMANISTA DA SOLIDARIEDADE";-1;"#NULO#";"#NULO#";"#NULO#";40000000048;"FAZENDO MAIS POR NOSSA GENTE II";"DEM / PATRIOTA / PHS";"AM";"21/05/1978";"018379112275";2;"MASCULINO";8;"SUPERIOR COMPLETO";3;"CASADO(A)";"02";"PRETA";233;"POLICIAL MILITAR";5;"SUPLENTE"
"23/06/2021";"18:50:53";2014;2;"ELEIÇÃO ORDINÁRIA";1;143;"Eleições Gerais 2014";"05/10/2014";"FEDERAL";"AM";"AM";"AMAZONAS";7;"DEPUTADO ESTADUAL";40000000283;36376;"CLODOALDO DIAS DA SILVA";"MESTRE CLODOALDO";"#NULO#";"31520162200";"#NULO#";12;"APTO";"COLIGAÇÃO";36;"PTC";"PARTIDO TRABALHISTA CRISTÃO";-1;"#NULO#";"#NULO#";"#NULO#";40000000044;"JUNTOS PELO POVO";"PV / PTC";"AM";"02/08/1970";"011586002216";2;"MASCULINO";8;"SUPERIOR COMPLETO";3;"CASADO(A)";"03";"PARDA";125;"ADMINISTRADOR";5;"SUPLENTE"
"23/06/2021";"18:50:53";2014;2;"ELEIÇÃO ORDINÁRIA";1;143;"Eleições Gerais 2014";"05/10/2014";"FEDERAL";"AM";"AM";"AMAZONAS";7;"DEPUTADO ESTADUAL";40000001044;43633;"SILVANA CRISTINA FREITAS DE SOUZA";"SILVANA ALBUQUERQUE";"#NULO#";"49332384215";"SILVANAALBUQUERQUE@HOTMAIL.COM";3;"INAPTO";"COLIGAÇÃO";43;"PV";"PARTIDO VERDE";-1;"#NULO#";"#NULO#";"#NULO#";40000000044;"JUNTOS PELO POVO";"PV / PTC";"AM";"28/10/1975";"015734052267";4;"FEMININO";7;"SUPERIOR INCOMPLETO";3;"CASADO(A)";"03";"PARDA";931;"ESTUDANTE, BOLSISTA, ESTAGIÁRIO E ASSEMELHADOS";-1;"#NULO#"
"23/06/2021";"18:50:53";2014;2;"ELEIÇÃO ORDINÁRIA";1;143;"Eleições Gerais 2014";"05/10/2014";"FEDERAL";"AM";"AM";"AMAZONAS";7;"DEPUTADO ESTADUAL";40000000257;43190;"PLATINY SOARES LOPES";"PLATINY SOARES";"#NULO#";"00678835241";"PLATINY_SOARES@HOTMAIL.COM";12;"APTO";"COLIGAÇÃO";43;"PV";"PARTIDO VERDE";-1;"#NULO#";"#NULO#";"#NULO#";40000000044;"JUNTOS PELO POVO";"PV / PTC";"AM";"01/05/1992";"034785552283";2;"MASCULINO";7;"SUPERIOR INCOMPLETO";1;"SOLTEIRO(A)";"03";"PARDA";999;"OUTROS";2;"ELEITO POR QP"
"23/06/2021";"18:50:53";2014;2;"ELEIÇÃO ORDINÁRIA";1;143;"Eleições Gerais 2014";"05/10/2014";"FEDERAL";"AM";"AM";"AMAZONAS";7;"DEPUTADO ESTADUAL";40000000692;44400;"IRANETE SOUZA MARINHO";"MADONNA DA COMPENSA";"#NULO#";"61475483287";"MADONNADASRODOVIARIOS@HOTMAIL.COM";12;"APTO";"COLIGAÇÃO";44;"PRP";"PARTIDO REPUBLICANO PROGRESSISTA";-1;"#NULO#";"#NULO#";"#NULO#";40000000053;"FAZENDO MAIS POR NOSSA GENTE III";"PR / PT do B / PSL / SD / PRP";"AM";"03/10/1977";"019427172240";4;"FEMININO";6;"ENSINO MÉDIO COMPLETO";1;"SOLTEIRO(A)";"02";"PRETA";581;"DONA DE CASA";5;"SUPLENTE"
"23/06/2021";"18:50:53";2014;2;"ELEIÇÃO ORDINÁRIA";1;143;"Eleições Gerais 2014";"05/10/2014";"FEDERAL";"AM";"AM";"AMAZONAS";7;"DEPUTADO ESTADUAL";40000000761;27222;"CICERO DE CAMPOS DA LEAO NETO";"CICERO NETO";"#NULO#";"40638839220";"#NULO#";12;"APTO";"COLIGAÇÃO";27;"PSDC";"PARTIDO SOCIAL DEMOCRATA CRISTÃO";-1;"#NULO#";"#NULO#";"#NULO#";40000000056;"RENOVAÇÃO E EXPERIÊNCIA 2";"PSDC / PPL";"AM";"15/11/1971";"010791042232";2;"MASCULINO";7;"SUPERIOR INCOMPLETO";1;"SOLTEIRO(A)";"03";"PARDA";235;"PROFESSOR E INSTRUTOR DE FORMAÇÃO PROFISSIONAL";4;"NÃO ELEITO"
"23/06/2021";"18:50:53";2014;2;"ELEIÇÃO ORDINÁRIA";1;143;"Eleições Gerais 2014";"05/10/2014";"FEDERAL";"AM";"AM";"AMAZONAS";7;"DEPUTADO ESTADUAL";40000000686;22555;"WILSON DOS SANTOS MARQUES FILHO";"WILSON MARQUES CORAÇÃO VALENTE";"#NULO#";"31735274291";"PR22-AM@HOTMAIL.COM";12;"APTO";"COLIGAÇÃO";22;"PR";"PARTIDO DA REPÚBLICA";-1;"#NULO#";"#NULO#";"#NULO#";40000000053;"FAZENDO MAIS POR NOSSA GENTE III";"PR / PT do B / PSL / SD / PRP";"AM";"25/12/1968";"013190312283";2;"MASCULINO";8;"SUPERIOR COMPLETO";1;"SOLTEIRO(A)";"03";"PARDA";233;"POLICIAL MILITAR";5;"SUPLENTE"
"23/06/2021";"18:50:53";2014;2;"ELEIÇÃO ORDINÁRIA";1;143;"Eleições Gerais 2014";"05/10/2014";"FEDERAL";"AM";"AM";"AMAZONAS";7;"DEPUTADO ESTADUAL";40000000504;55555;"JOSUE CLAUDIO DE SOUZA NETO";"JOSUE NETO";"#NULO#";"43927009253";"#NULO#";12;"APTO";"COLIGAÇÃO";55;"PSD";"PARTIDO SOCIAL DEMOCRÁTICO";-1;"#NULO#";"#NULO#";"#NULO#";40000000050;"FAZENDO MAIS POR NOSSA GENTE 1";"PROS / PSD / PSDB / PSC";"AM";"01/05/1975";"016035472208";2;"MASCULINO";8;"SUPERIOR COMPLETO";3;"CASADO(A)";"01";"BRANCA";277;"DEPUTADO";2;"ELEITO POR QP"
"23/06/2021";"18:50:53";2014;1;"ELEIÇÃO SUPLEMENTAR";2;269;"Eleição Suplementar Governador AM";"27/08/2017";"ESTADUAL";"AM";"AM";"AMAZONAS";3;"GOVERNADOR";40000012067;12;"AMAZONINO ARMANDO MENDES";"AMAZONINO MENDES";"#NULO#";"00164828249";"PDT.AM12@GMAIL.COM";12;"APTO";"COLIGAÇÃO";12;"PDT";"PARTIDO DEMOCRÁTICO TRABALHISTA";-1;"#NULO#";"#NULO#";"#NULO#";40000000786;"MOVIMENTO PELA RECONSTRUÇÃO DO AMAZONAS";"PDT / DEM / PV / PSDB / PSD / PRB / PSC";"AM";"16/11/1939";"004464322208";2;"MASCULINO";8;"SUPERIOR COMPLETO";5;"VIÚVO(A)";"03";"PARDA";131;"ADVOGADO";1;"ELEITO"
"23/06/2021";"18:50:53";2014;2;"ELEIÇÃO ORDINÁRIA";1;143;"Eleições Gerais 2014";"05/10/2014";"FEDERAL";"AM";"AM";"AMAZONAS";7;"DEPUTADO ESTADUAL";40000000906;65156;"MARIA WALCIRENE SOARES DE BARROS";"WALCIRENE";"#NULO#";"10007830220";"WALCIRENESOARES@HOTMAIL.COM";12;"APTO";"PARTIDO ISOLADO";65;"PC do B";"PARTIDO COMUNISTA DO BRASIL";-1;"#NULO#";"#NULO#";"#NULO#";40000000051;"PARTIDO ISOLADO";"PC do B";"AM";"15/12/1956";"001825782208";4;"FEMININO";8;"SUPERIOR COMPLETO";1;"SOLTEIRO(A)";"03";"PARDA";923;"APOSENTADO (EXCETO SERVIDOR PÚBLICO)";5;"SUPLENTE"
"23/06/2021";"18:50:53";2014;2;"ELEIÇÃO ORDINÁRIA";1;143;"Eleições Gerais 2014";"05/10/2014";"FEDERAL";"AM";"AM";"AMAZONAS";7;"DEPUTADO ESTADUAL";40000000466;25025;"CARLOS AUGUSTO DE ALMEIDA";"DR CARLOS AUGUSTO (DR. GUTE)";"#NULO#";"91936225891";"#NULO#";12;"APTO";"COLIGAÇÃO";25;"DEM";"DEMOCRATAS";-1;"#NULO#";"#NULO#";"#NULO#";40000000048;"FAZENDO MAIS POR NOSSA GENTE II";"DEM / PATRIOTA / PHS";"AM";"07/03/1952";"000809392208";2;"MASCULINO";8;"SUPERIOR COMPLETO";3;"CASADO(A)";"01";"BRANCA";111;"MÉDICO";5;"SUPLENTE"
"23/06/2021";"18:50:53";2014;2;"ELEIÇÃO ORDINÁRIA";1;143;"Eleições Gerais 2014";"05/10/2014";"FEDERAL";"AM";"AM";"AMAZONAS";6;"DEPUTADO FEDERAL";40000000086;2323;"HISSA NAGIB ABRAHÃO FILHO";"HISSA ABRAHÃO";"#NULO#";"64440249272";"HISSAFILHO@HOTMAIL.COM";12;"APTO";"COLIGAÇÃO";23;"PPS";"PARTIDO POPULAR SOCIALISTA";-1;"#NULO#";"#NULO#";"#NULO#";40000000022;"RENOVAÇÃO E EXPERIÊNCIA";"PMDB / PP / PT / PDT / PTB / PPS / PRB / PSDC / PPL / PC do B";"AM";"02/08/1980";"019205062267";2;"MASCULINO";8;"SUPERIOR COMPLETO";3;"CASADO(A)";"01";"BRANCA";257;"EMPRESÁRIO";2;"ELEITO POR QP"
"23/06/2021";"18:50:53";2014;2;"ELEIÇÃO ORDINÁRIA";1;143;"Eleições Gerais 2014";"05/10/2014";"FEDERAL";"AM";"AM";"AMAZONAS";6;"DEPUTADO FEDERAL";40000000723;5077;"FERNANDO JOSÉ RODRIGUES LOBATO";"FERNANDO LOBATO";"#NULO#";"06567427809";"FERNANDO-LOBATO@BOL.COM.BR";12;"APTO";"PARTIDO ISOLADO";50;"PSOL";"PARTIDO SOCIALISMO E LIBERDADE";-1;"#NULO#";"#NULO#";"#NULO#";40000000054;"PARTIDO ISOLADO";"PSOL";"PA";"30/06/1965";"016866561384";2;"MASCULINO";8;"SUPERIOR COMPLETO";3;"CASADO(A)";"01";"BRANCA";266;"PROFESSOR DE ENSINO MÉDIO";4;"NÃO ELEITO"
"23/06/2021";"18:50:53";2014;2;"ELEIÇÃO ORDINÁRIA";1;143;"Eleições Gerais 2014";"05/10/2014";"FEDERAL";"AM";"AM";"AMAZONAS";5;"SENADOR";40000000074;131;"FRANCISCO EDNALDO PRACIANO";"PRACIANO";"#NULO#";"02581680210";"FRANCISCOPRACIANO@GMAIL.COM";12;"APTO";"COLIGAÇÃO";13;"PT";"PARTIDO DOS TRABALHADORES";-1;"#NULO#";"#NULO#";"#NULO#";40000000022;"RENOVAÇÃO E EXPERIÊNCIA";"PMDB / PP / PT / PDT / PTB / PPS / PRB / PSDC / PPL / PC do B";"CE";"18/02/1952";"000914232216";2;"MASCULINO";8;"SUPERIOR COMPLETO";3;"CASADO(A)";"01";"BRANCA";277;"DEPUTADO";4;"NÃO ELEITO"
"23/06/2021";"18:50:53";2014;2;"ELEIÇÃO ORDINÁRIA";1;143;"Eleições Gerais 2014";"05/10/2014";"FEDERAL";"AM";"AM";"AMAZONAS";7;"DEPUTADO ESTADUAL";40000000164;14123;"VERA LUCIA DA SILVA CASTELO BRANCO MAUES";"VERA CASTELO BRANCO";"#NULO#";"07596545220";"DEPUTADA.VERALUCIA@ALEAM.GOV.BR";12;"APTO";"COLIGAÇÃO";14;"PTB";"PARTIDO TRABALHISTA BRASILEIRO";-1;"#NULO#";"#NULO#";"#NULO#";40000000023;"RENOVAÇÃO E EXPERIÊNCIA 1";"PMDB / PP / PT / PTB / PRB";"MG";"15/01/1951";"001508972208";4;"FEMININO";7;"SUPERIOR INCOMPLETO";9;"DIVORCIADO(A)";"01";"BRANCA";277;"DEPUTADO";5;"SUPLENTE"
"23/06/2021";"18:50:53";2014;2;"ELEIÇÃO ORDINÁRIA";1;143;"Eleições Gerais 2014";"05/10/2014";"FEDERAL";"AM";"AM";"AMAZONAS";7;"DEPUTADO ESTADUAL";40000000024;19033;"ALEX FERREIRA ALMEIDA";"ALEX FERREIRA";"#NULO#";"79293042215";"INF.AFA@HOTMAIL.COM";12;"APTO";"COLIGAÇÃO";19;"PTN";"PARTIDO TRABALHISTA NACIONAL";-1;"#NULO#";"#NULO#";"#NULO#";40000000021;"FAZENDO MAIS PELA NOSSA GENTE 5";"PTN / PRTB";"AM";"17/04/1982";"022705662208";2;"MASCULINO";6;"ENSINO MÉDIO COMPLETO";1;"SOLTEIRO(A)";"03";"PARDA";257;"EMPRESÁRIO";5;"SUPLENTE"
"23/06/2021";"18:50:53";2014;2;"ELEIÇÃO ORDINÁRIA";1;143;"Eleições Gerais 2014";"05/10/2014";"FEDERAL";"AM";"AM";"AMAZONAS";7;"DEPUTADO ESTADUAL";40000000610;40001;"ALI ASSI";"PROF. ALI ASSI";"#NULO#";"59234695291";"ELEICAO2014@PSBAM.ORG.BR";12;"APTO";"PARTIDO ISOLADO";40;"PSB";"PARTIDO SOCIALISTA BRASILEIRO";-1;"#NULO#";"#NULO#";"#NULO#";40000000052;"PARTIDO ISOLADO";"PSB";"AM";"26/01/1977";"016495662275";2;"MASCULINO";8;"SUPERIOR COMPLETO";1;"SOLTEIRO(A)";"01";"BRANCA";999;"OUTROS";5;"SUPLENTE"
"23/06/2021";"18:50:53";2014;2;"ELEIÇÃO ORDINÁRIA";1;143;"Eleições Gerais 2014";"05/10/2014";"FEDERAL";"AM";"AM";"AMAZONAS";6;"DEPUTADO FEDERAL";40000000089;1315;"JOÃO PEDRO GONÇALVES DA COSTA";"JOÃO PEDRO";"#NULO#";"04116178268";"JOAOPEDROPT13@GMAIL.COM";12;"APTO";"COLIGAÇÃO";13;"PT";"PARTIDO DOS TRABALHADORES";-1;"#NULO#";"#NULO#";"#NULO#";40000000022;"RENOVAÇÃO E EXPERIÊNCIA";"PMDB / PP / PT / PDT / PTB / PPS / PRB / PSDC / PPL / PC do B";"AM";"14/09/1952";"001598232267";2;"MASCULINO";8;"SUPERIOR COMPLETO";3;"CASADO(A)";"01";"BRANCA";296;"SERVIDOR PÚBLICO FEDERAL";5;"SUPLENTE"
"23/06/2021";"18:50:53";2014;2;"ELEIÇÃO ORDINÁRIA";1;143;"Eleições Gerais 2014";"05/10/2014";"FEDERAL";"AM";"AM";"AMAZONAS";7;"DEPUTADO ESTADUAL";40000000625;40540;"MARIA AUXILIADORA GUEDES COELHO";"DORA COELHO";"#NULO#";"15010538253";"#NULO#";12;"APTO";"PARTIDO ISOLADO";40;"PSB";"PARTIDO SOCIALISTA BRASILEIRO";-1;"#NULO#";"#NULO#";"#NULO#";40000000052;"PARTIDO ISOLADO";"PSB";"AM";"02/05/1963";"001301662275";4;"FEMININO";8;"SUPERIOR COMPLETO";1;"SOLTEIRO(A)";"03";"PARDA";257;"EMPRESÁRIO";5;"SUPLENTE"
"23/06/2021";"18:50:53";2014;2;"ELEIÇÃO ORDINÁRIA";1;143;"Eleições Gerais 2014";"05/10/2014";"FEDERAL";"AM";"AM";"AMAZONAS";7;"DEPUTADO ESTADUAL";40000000771;27333;"JOÃO SOARES DOS SANTOS";"JOÃO CHAPINHA";"#NULO#";"30916461220";"#NULO#";12;"APTO";"COLIGAÇÃO";27;"PSDC";"PARTIDO SOCIAL DEMOCRATA CRISTÃO";-1;"#NULO#";"#NULO#";"#NULO#";40000000056;"RENOVAÇÃO E EXPERIÊNCIA 2";"PSDC / PPL";"AM";"16/05/1966";"001286122291";2;"MASCULINO";6;"ENSINO MÉDIO COMPLETO";1;"SOLTEIRO(A)";"03";"PARDA";257;"EMPRESÁRIO";4;"NÃO ELEITO"
"23/06/2021";"18:50:53";2014;2;"ELEIÇÃO ORDINÁRIA";1;143;"Eleições Gerais 2014";"05/10/2014";"FEDERAL";"AM";"AM";"AMAZONAS";7;"DEPUTADO ESTADUAL";40000000656;70777;"MANUEL CARLOS OLIVEIRA DA SILVA";"MISS. CARLINHOS LABAREDA";"#NULO#";"28078020287";"#NULO#";12;"APTO";"COLIGAÇÃO";70;"PT do B";"PARTIDO TRABALHISTA DO BRASIL";-1;"#NULO#";"#NULO#";"#NULO#";40000000053;"FAZENDO MAIS POR NOSSA GENTE III";"PR / PT do B / PSL / SD / PRP";"AM";"30/10/1962";"022788092232";2;"MASCULINO";4;"ENSINO FUNDAMENTAL COMPLETO";3;"CASADO(A)";"03";"PARDA";163;"CANTOR E COMPOSITOR";5;"SUPLENTE"
"23/06/2021";"18:50:53";2014;2;"ELEIÇÃO ORDINÁRIA";1;143;"Eleições Gerais 2014";"05/10/2014";"FEDERAL";"AM";"AM";"AMAZONAS";7;"DEPUTADO ESTADUAL";40000000002;16000;"ANDRE BARBOSA ASSAM";"ANDRÉ ASSAM";"#NULO#";"73912808287";"#NULO#";12;"APTO";"PARTIDO ISOLADO";16;"PSTU";"PARTIDO SOCIALISTA DOS TRABALHADORES UNIFICADO";-1;"#NULO#";"#NULO#";"#NULO#";40000000001;"PARTIDO ISOLADO";"PSTU";"AM";"17/04/1982";"021170582240";2;"MASCULINO";7;"SUPERIOR INCOMPLETO";3;"CASADO(A)";"01";"BRANCA";296;"SERVIDOR PÚBLICO FEDERAL";4;"NÃO ELEITO"
"23/06/2021";"18:50:53";2014;2;"ELEIÇÃO ORDINÁRIA";1;143;"Eleições Gerais 2014";"05/10/2014";"FEDERAL";"AM";"AM";"AMAZONAS";7;"DEPUTADO ESTADUAL";40000000458;31444;"MATEUS ARIVAL FERREIRA BURTON";"MATEUS BURTON";"#NULO#";"34450777204";"#NULO#";12;"APTO";"COLIGAÇÃO";31;"PHS";"PARTIDO HUMANISTA DA SOLIDARIEDADE";-1;"#NULO#";"#NULO#";"#NULO#";40000000048;"FAZENDO MAIS POR NOSSA GENTE II";"DEM / PATRIOTA / PHS";"AM";"04/10/1966";"002986122240";2;"MASCULINO";7;"SUPERIOR INCOMPLETO";3;"CASADO(A)";"03";"PARDA";169;"COMERCIANTE";5;"SUPLENTE"
"23/06/2021";"18:50:53";2014;1;"ELEIÇÃO SUPLEMENTAR";2;269;"Eleição Suplementar Governador AM";"27/08/2017";"ESTADUAL";"AM";"AM";"AMAZONAS";4;"VICE-GOVERNADOR";40000012068;12;"JOÃO BOSCO GOMES SARAIVA";"BOSCO SARAIVA";"#NULO#";"13717820249";"PDT.AM12@GMAIL.COM";12;"APTO";"COLIGAÇÃO";45;"PSDB";"PARTIDO DA SOCIAL DEMOCRACIA BRASILEIRA";-1;"#NULO#";"#NULO#";"#NULO#";40000000786;"MOVIMENTO PELA RECONSTRUÇÃO DO AMAZONAS";"PDT / DEM / PV / PSDB / PSD / PRB / PSC";"AM";"10/10/1959";"003343832291";2;"MASCULINO";8;"SUPERIOR COMPLETO";3;"CASADO(A)";"01";"BRANCA";277;"DEPUTADO";1;"ELEITO"
"23/06/2021";"18:50:53";2014;2;"ELEIÇÃO ORDINÁRIA";1;143;"Eleições Gerais 2014";"05/10/2014";"FEDERAL";"AM";"AM";"AMAZONAS";7;"DEPUTADO ESTADUAL";40000000246;43777;"DANIEL LIMA NERI";"DANIEL NERI DO PROVAI E VEDE";"#NULO#";"33653119200";"DANIEL_NERUNTER@HOTMAIL.COM";12;"APTO";"COLIGAÇÃO";43;"PV";"PARTIDO VERDE";-1;"#NULO#";"#NULO#";"#NULO#";40000000044;"JUNTOS PELO POVO";"PV / PTC";"AM";"05/07/1972";"012705782208";2;"MASCULINO";6;"ENSINO MÉDIO COMPLETO";3;"CASADO(A)";"01";"BRANCA";999;"OUTROS";5;"SUPLENTE"
"23/06/2021";"18:50:53";2014;2;"ELEIÇÃO ORDINÁRIA";1;143;"Eleições Gerais 2014";"05/10/2014";"FEDERAL";"AM";"AM";"AMAZONAS";7;"DEPUTADO ESTADUAL";40000000028;19002;"DANIELA BORGES DE SENA";"DANI SENA";"#NULO#";"51202476287";"#NULO#";12;"APTO";"COLIGAÇÃO";19;"PTN";"PARTIDO TRABALHISTA NACIONAL";-1;"#NULO#";"#NULO#";"#NULO#";40000000021;"FAZENDO MAIS PELA NOSSA GENTE 5";"PTN / PRTB";"AM";"24/02/1981";"022095552216";4;"FEMININO";6;"ENSINO MÉDIO COMPLETO";3;"CASADO(A)";"03";"PARDA";394;"AUXILIAR DE ESCRITÓRIO E ASSEMELHADOS";5;"SUPLENTE"
"23/06/2021";"18:50:53";2014;2;"ELEIÇÃO ORDINÁRIA";1;143;"Eleições Gerais 2014";"05/10/2014";"FEDERAL";"AM";"AM";"AMAZONAS";7;"DEPUTADO ESTADUAL";40000000505;55500;"ISAAC TAYAH";"ISAAC TAYAH";"#NULO#";"13580523287";"#NULO#";12;"APTO";"COLIGAÇÃO";55;"PSD";"PARTIDO SOCIAL DEMOCRÁTICO";-1;"#NULO#";"#NULO#";"#NULO#";40000000050;"FAZENDO MAIS POR NOSSA GENTE 1";"PROS / PSD / PSDB / PSC";"AM";"08/10/1963";"003914282232";2;"MASCULINO";8;"SUPERIOR COMPLETO";3;"CASADO(A)";"03";"PARDA";111;"MÉDICO";5;"SUPLENTE"
"23/06/2021";"18:50:53";2014;2;"ELEIÇÃO ORDINÁRIA";1;143;"Eleições Gerais 2014";"05/10/2014";"FEDERAL";"AM";"AM";"AMAZONAS";7;"DEPUTADO ESTADUAL";40000000167;13333;"SANSÃO RICARDO FLORES";"PROFESSOR SANSÃO TIKUNA";"#NULO#";"47644850287";"SANSAORICARDO@YAHOO.COM.BR";12;"APTO";"COLIGAÇÃO";13;"PT";"PARTIDO DOS TRABALHADORES";-1;"#NULO#";"#NULO#";"#NULO#";40000000023;"RENOVAÇÃO E EXPERIÊNCIA 1";"PMDB / PP / PT / PTB / PRB";"AM";"07/04/1966";"014949962224";2;"MASCULINO";8;"SUPERIOR COMPLETO";1;"SOLTEIRO(A)";"05";"INDÍGENA";230;"PEDAGOGO";5;"SUPLENTE"
"23/06/2021";"18:50:53";2014;2;"ELEIÇÃO ORDINÁRIA";1;143;"Eleições Gerais 2014";"05/10/2014";"FEDERAL";"AM";"AM";"AMAZONAS";7;"DEPUTADO ESTADUAL";40000000065;19557;"JAQUENEIDE DE MENEZES BRIGLIA";"JAQUE MENEZES";"#NULO#";"56123981234";"#NULO#";3;"INAPTO";"COLIGAÇÃO";19;"PTN";"PARTIDO TRABALHISTA NACIONAL";-1;"#NULO#";"#NULO#";"#NULO#";40000000021;"FAZENDO MAIS PELA NOSSA GENTE 5";"PTN / PRTB";"AM";"12/04/1976";"014840012240";4;"FEMININO";6;"ENSINO MÉDIO COMPLETO";9;"DIVORCIADO(A)";"01";"BRANCA";297;"SERVIDOR PÚBLICO ESTADUAL";-1;"#NULO#"
"23/06/2021";"18:50:53";2014;2;"ELEIÇÃO ORDINÁRIA";1;143;"Eleições Gerais 2014";"05/10/2014";"FEDERAL";"AM";"AM";"AMAZONAS";7;"DEPUTADO ESTADUAL";40000000869;33001;"WALMIR BASTOS SEIXAS";"WALMIR SEIXAS TOTH";"#NULO#";"43905951215";"BASTOSWALMIR@HOTMAIL.COM";12;"APTO";"PARTIDO ISOLADO";33;"PMN";"PARTIDO DA MOBILIZAÇÃO NACIONAL";-1;"#NULO#";"#NULO#";"#NULO#";40000000059;"PARTIDO ISOLADO";"PMN";"AM";"09/04/1965";"023358362208";2;"MASCULINO";2;"LÊ E ESCREVE";3;"CASADO(A)";"03";"PARDA";999;"OUTROS";4;"NÃO ELEITO"
"23/06/2021";"18:50:53";2014;2;"ELEIÇÃO ORDINÁRIA";1;143;"Eleições Gerais 2014";"05/10/2014";"FEDERAL";"AM";"AM";"AMAZONAS";7;"DEPUTADO ESTADUAL";40000000878;33433;"ARIANA ALMEIDA DE MELO";"ARIANA MELO";"#NULO#";"01432999214";"AMADEMELO@YAHOO.COM";12;"APTO";"PARTIDO ISOLADO";33;"PMN";"PARTIDO DA MOBILIZAÇÃO NACIONAL";-1;"#NULO#";"#NULO#";"#NULO#";40000000059;"PARTIDO ISOLADO";"PMN";"AM";"05/12/1990";"035190932208";4;"FEMININO";6;"ENSINO MÉDIO COMPLETO";1;"SOLTEIRO(A)";"03";"PARDA";931;"ESTUDANTE, BOLSISTA, ESTAGIÁRIO E ASSEMELHADOS";4;"NÃO ELEITO"
"23/06/2021";"18:50:53";2014;2;"ELEIÇÃO ORDINÁRIA";1;143;"Eleições Gerais 2014";"05/10/2014";"FEDERAL";"AM";"AM";"AMAZONAS";7;"DEPUTADO ESTADUAL";40000000542;45678;"JOSÉ MÁRIO FROTA MOREIRA";"MÁRIO FROTA";"#NULO#";"03912868204";"#NULO#";12;"APTO";"COLIGAÇÃO";45;"PSDB";"PARTIDO DA SOCIAL DEMOCRACIA BRASILEIRA";-1;"#NULO#";"#NULO#";"#NULO#";40000000050;"FAZENDO MAIS POR NOSSA GENTE 1";"PROS / PSD / PSDB / PSC";"CE";"22/02/1943";"004865942240";2;"MASCULINO";8;"SUPERIOR COMPLETO";3;"CASADO(A)";"03";"PARDA";278;"VEREADOR";5;"SUPLENTE"
"23/06/2021";"18:50:53";2014;2;"ELEIÇÃO ORDINÁRIA";1;143;"Eleições Gerais 2014";"05/10/2014";"FEDERAL";"AM";"AM";"AMAZONAS";7;"DEPUTADO ESTADUAL";40000000577;65432;"ERISON PINHEIRO PACHECO";"BINNHA PACHECO";"#NULO#";"23942746204";"#NULO#";3;"INAPTO";"PARTIDO ISOLADO";65;"PC do B";"PARTIDO COMUNISTA DO BRASIL";-1;"#NULO#";"#NULO#";"#NULO#";40000000051;"PARTIDO ISOLADO";"PC do B";"AM";"12/09/1963";"000032222208";2;"MASCULINO";4;"ENSINO FUNDAMENTAL COMPLETO";9;"DIVORCIADO(A)";"03";"PARDA";601;"AGRICULTOR";4;"NÃO ELEITO"
"23/06/2021";"18:50:53";2014;2;"ELEIÇÃO ORDINÁRIA";1;143;"Eleições Gerais 2014";"05/10/2014";"FEDERAL";"AM";"AM";"AMAZONAS";7;"DEPUTADO ESTADUAL";40000000280;36987;"GUTEMBERG CASTRO DOS SANTOS";"DR. GUTEMBERG";"#NULO#";"20171881826";"GUTECSANTOS@YAHOO.COM.BR";3;"INAPTO";"COLIGAÇÃO";36;"PTC";"PARTIDO TRABALHISTA CRISTÃO";-1;"#NULO#";"#NULO#";"#NULO#";40000000044;"JUNTOS PELO POVO";"PV / PTC";"AM";"15/04/1973";"013192992208";2;"MASCULINO";8;"SUPERIOR COMPLETO";9;"DIVORCIADO(A)";"01";"BRANCA";111;"MÉDICO";-1;"#NULO#"
"23/06/2021";"18:50:53";2014;2;"ELEIÇÃO ORDINÁRIA";1;143;"Eleições Gerais 2014";"05/10/2014";"FEDERAL";"AM";"AM";"AMAZONAS";7;"DEPUTADO ESTADUAL";40000000256;43077;"MARCELO LIMA DOS SANTOS";"MARCELO LIMA AMIGO DA SAÚDE";"#NULO#";"52456951204";"#NULO#";12;"APTO";"COLIGAÇÃO";43;"PV";"PARTIDO VERDE";-1;"#NULO#";"#NULO#";"#NULO#";40000000044;"JUNTOS PELO POVO";"PV / PTC";"AM";"23/05/1979";"020747272267";2;"MASCULINO";6;"ENSINO MÉDIO COMPLETO";3;"CASADO(A)";"03";"PARDA";999;"OUTROS";5;"SUPLENTE"
"23/06/2021";"18:50:53";2014;2;"ELEIÇÃO ORDINÁRIA";1;143;"Eleições Gerais 2014";"05/10/2014";"FEDERAL";"AM";"AM";"AMAZONAS";7;"DEPUTADO ESTADUAL";40000000023;19500;"ALDERVAN SOUZA CORDOVIL";"DR. ADEVA CORDOVIL";"#NULO#";"61321427204";"#NULO#";12;"APTO";"COLIGAÇÃO";19;"PTN";"PARTIDO TRABALHISTA NACIONAL";-1;"#NULO#";"#NULO#";"#NULO#";40000000021;"FAZENDO MAIS PELA NOSSA GENTE 5";"PTN / PRTB";"AM";"13/09/1977";"017093362283";2;"MASCULINO";8;"SUPERIOR COMPLETO";3;"CASADO(A)";"03";"PARDA";131;"ADVOGADO";5;"SUPLENTE"
"23/06/2021";"18:50:53";2014;2;"ELEIÇÃO ORDINÁRIA";1;143;"Eleições Gerais 2014";"05/10/2014";"FEDERAL";"AM";"AM";"AMAZONAS";7;"DEPUTADO ESTADUAL";40000000639;40456;"JUSCELINO MELO MANSO";"JUSCELINO MANSO";"#NULO#";"18648088291";"#NULO#";12;"APTO";"PARTIDO ISOLADO";40;"PSB";"PARTIDO SOCIALISTA BRASILEIRO";-1;"#NULO#";"#NULO#";"#NULO#";40000000052;"PARTIDO ISOLADO";"PSB";"AM";"27/06/1962";"005485922240";2;"MASCULINO";8;"SUPERIOR COMPLETO";3;"CASADO(A)";"01";"BRANCA";131;"ADVOGADO";5;"SUPLENTE"
"23/06/2021";"18:50:53";2014;2;"ELEIÇÃO ORDINÁRIA";1;143;"Eleições Gerais 2014";"05/10/2014";"FEDERAL";"AM";"AM";"AMAZONAS";7;"DEPUTADO ESTADUAL";40000000695;44777;"JOÃO RODRIGUES DE ALMEIDA";"JOÃO RODRIGUES";"#NULO#";"21536830259";"JOAOSACOLEIRO@HOTMAIL.COM";12;"APTO";"COLIGAÇÃO";44;"PRP";"PARTIDO REPUBLICANO PROGRESSISTA";-1;"#NULO#";"#NULO#";"#NULO#";40000000053;"FAZENDO MAIS POR NOSSA GENTE III";"PR / PT do B / PSL / SD / PRP";"AM";"18/07/1963";"003689712291";2;"MASCULINO";8;"SUPERIOR COMPLETO";1;"SOLTEIRO(A)";"03";"PARDA";395;"BANCÁRIO E ECONOMIÁRIO";5;"SUPLENTE"
"23/06/2021";"18:50:53";2014;2;"ELEIÇÃO ORDINÁRIA";1;143;"Eleições Gerais 2014";"05/10/2014";"FEDERAL";"AM";"AM";"AMAZONAS";7;"DEPUTADO ESTADUAL";40000000249;43147;"REGINALDO AZEVEDO RAMOS";"PROFESSOR RÉGIS";"#NULO#";"44113773220";"REGIS.35@HOTMAIL.COM";12;"APTO";"COLIGAÇÃO";43;"PV";"PARTIDO VERDE";-1;"#NULO#";"#NULO#";"#NULO#";40000000044;"JUNTOS PELO POVO";"PV / PTC";"AM";"28/11/1974";"016340312208";2;"MASCULINO";8;"SUPERIOR COMPLETO";1;"SOLTEIRO(A)";"03";"PARDA";124;"CONTADOR";5;"SUPLENTE"
"23/06/2021";"18:50:53";2014;2;"ELEIÇÃO ORDINÁRIA";1;143;"Eleições Gerais 2014";"05/10/2014";"FEDERAL";"AM";"AM";"AMAZONAS";7;"DEPUTADO ESTADUAL";40000000802;54000;"JOSE DE RIBAMAR CAMPELO ANIBAL";"DR.CAMPELO";"#NULO#";"38526832387";"DR.CAMPELO007@HOTMAIL.COM";12;"APTO";"COLIGAÇÃO";54;"PPL";"PARTIDO PÁTRIA LIVRE";-1;"#NULO#";"#NULO#";"#NULO#";40000000056;"RENOVAÇÃO E EXPERIÊNCIA 2";"PSDC / PPL";"CE";"06/03/1969";"028650100779";2;"MASCULINO";8;"SUPERIOR COMPLETO";1;"SOLTEIRO(A)";"01";"BRANCA";297;"SERVIDOR PÚBLICO ESTADUAL";4;"NÃO ELEITO"
"23/06/2021";"18:50:53";2014;2;"ELEIÇÃO ORDINÁRIA";1;143;"Eleições Gerais 2014";"05/10/2014";"FEDERAL";"AM";"AM";"AMAZONAS";7;"DEPUTADO ESTADUAL";40000000214;23451;"JOAQUIM JOSÉ DE ALENCAR SOUZA";"JOAQUIM ALENCAR";"#NULO#";"01964151287";"#NULO#";12;"APTO";"COLIGAÇÃO";23;"PPS";"PARTIDO POPULAR SOCIALISTA";-1;"#NULO#";"#NULO#";"#NULO#";40000000043;"Renovação e Coragem";"PPS / PDT";"AM";"21/04/1949";"000226162259";2;"MASCULINO";3;"ENSINO FUNDAMENTAL INCOMPLETO";3;"CASADO(A)";"03";"PARDA";999;"OUTROS";5;"SUPLENTE"
"23/06/2021";"18:50:53";2014;2;"ELEIÇÃO ORDINÁRIA";1;143;"Eleições Gerais 2014";"05/10/2014";"FEDERAL";"AM";"AM";"AMAZONAS";7;"DEPUTADO ESTADUAL";40000000462;25628;"SIDNEY SANTOS DE SOUZA";"SIDNEY BLACK";"#NULO#";"20178786268";"#NULO#";12;"APTO";"COLIGAÇÃO";25;"DEM";"DEMOCRATAS";-1;"#NULO#";"#NULO#";"#NULO#";40000000048;"FAZENDO MAIS POR NOSSA GENTE II";"DEM / PATRIOTA / PHS";"AM";"07/02/1965";"004272732208";2;"MASCULINO";6;"ENSINO MÉDIO COMPLETO";3;"CASADO(A)";"02";"PRETA";303;"GERENTE";5;"SUPLENTE"
"23/06/2021";"18:50:53";2014;2;"ELEIÇÃO ORDINÁRIA";1;143;"Eleições Gerais 2014";"05/10/2014";"FEDERAL";"AM";"AM";"AMAZONAS";7;"DEPUTADO ESTADUAL";40000000118;15333;"JOSE WANDERLEY DALLAS REI DIAS";"WANDERLEY DALLAS";"#NULO#";"06041183253";"DALLASFILHOS@GMAIL.COM";12;"APTO";"COLIGAÇÃO";15;"PMDB";"PARTIDO DO MOVIMENTO DEMOCRÁTICO BRASILEIRO";-1;"#NULO#";"#NULO#";"#NULO#";40000000023;"RENOVAÇÃO E EXPERIÊNCIA 1";"PMDB / PP / PT / PTB / PRB";"CE";"19/05/1959";"000233912291";2;"MASCULINO";8;"SUPERIOR COMPLETO";3;"CASADO(A)";"01";"BRANCA";277;"DEPUTADO";2;"ELEITO POR QP"
"23/06/2021";"18:50:53";2014;2;"ELEIÇÃO ORDINÁRIA";1;143;"Eleições Gerais 2014";"05/10/2014";"FEDERAL";"AM";"AM";"AMAZONAS";7;"DEPUTADO ESTADUAL";40000000626;40404;"RICARDO FACUNDO DO VALLE";"RICARDO DO VALLE";"#NULO#";"31345298234";"#NULO#";12;"APTO";"PARTIDO ISOLADO";40;"PSB";"PARTIDO SOCIALISTA BRASILEIRO";-1;"#NULO#";"#NULO#";"#NULO#";40000000052;"PARTIDO ISOLADO";"PSB";"AM";"03/10/1968";"010104432275";2;"MASCULINO";8;"SUPERIOR COMPLETO";3;"CASADO(A)";"01";"BRANCA";257;"EMPRESÁRIO";5;"SUPLENTE"
"23/06/2021";"18:50:53";2014;2;"ELEIÇÃO ORDINÁRIA";1;143;"Eleições Gerais 2014";"05/10/2014";"FEDERAL";"AM";"AM";"AMAZONAS";7;"DEPUTADO ESTADUAL";40000000190;12580;"ARAMIS PIETROLUONGO LEITÃO";"ARAMIS";"#NULO#";"08100555702";"ARAMISRJ@IG.COM.BR";12;"APTO";"COLIGAÇÃO";12;"PDT";"PARTIDO DEMOCRÁTICO TRABALHISTA";-1;"#NULO#";"#NULO#";"#NULO#";40000000043;"Renovação e Coragem";"PPS / PDT";"RJ";"05/03/1978";"095078380302";2;"MASCULINO";6;"ENSINO MÉDIO COMPLETO";1;"SOLTEIRO(A)";"03";"PARDA";295;"MEMBRO DAS FORÇAS ARMADAS";5;"SUPLENTE"
"23/06/2021";"18:50:53";2014;2;"ELEIÇÃO ORDINÁRIA";1;143;"Eleições Gerais 2014";"05/10/2014";"FEDERAL";"AM";"AM";"AMAZONAS";7;"DEPUTADO ESTADUAL";40000000117;15123;"VICENTE LOPES DE SOUZA";"DR. VICENTE";"#NULO#";"12021202291";"SOUSA.VICENTE@HOTMAIL.COM";12;"APTO";"COLIGAÇÃO";15;"PMDB";"PARTIDO DO MOVIMENTO DEMOCRÁTICO BRASILEIRO";-1;"#NULO#";"#NULO#";"#NULO#";40000000023;"RENOVAÇÃO E EXPERIÊNCIA 1";"PMDB / PP / PT / PTB / PRB";"PE";"27/08/1961";"004157812283";2;"MASCULINO";8;"SUPERIOR COMPLETO";3;"CASADO(A)";"01";"BRANCA";277;"DEPUTADO";3;"ELEITO POR MÉDIA"
"23/06/2021";"18:50:53";2014;2;"ELEIÇÃO ORDINÁRIA";1;143;"Eleições Gerais 2014";"05/10/2014";"FEDERAL";"AM";"AM";"AMAZONAS";7;"DEPUTADO ESTADUAL";40000000673;22800;"JOITA AULECIRA DA SILVA QUEIROZ";"JOITA QUEIROZ";"#NULO#";"60148713220";"PR22-AM@HOTMAIL.COM";12;"APTO";"COLIGAÇÃO";22;"PR";"PARTIDO DA REPÚBLICA";-1;"#NULO#";"#NULO#";"#NULO#";40000000053;"FAZENDO MAIS POR NOSSA GENTE III";"PR / PT do B / PSL / SD / PRP";"PA";"18/07/1977";"017426252216";4;"FEMININO";6;"ENSINO MÉDIO COMPLETO";3;"CASADO(A)";"03";"PARDA";257;"EMPRESÁRIO";5;"SUPLENTE"
"23/06/2021";"18:50:53";2014;2;"ELEIÇÃO ORDINÁRIA";1;143;"Eleições Gerais 2014";"05/10/2014";"FEDERAL";"AM";"AM";"AMAZONAS";7;"DEPUTADO ESTADUAL";40000000469;25777;"EDERVANDIO OLIVEIRA DO CARMO";"EDER";"#NULO#";"69334730234";"#NULO#";12;"APTO";"COLIGAÇÃO";25;"DEM";"DEMOCRATAS";-1;"#NULO#";"#NULO#";"#NULO#";40000000048;"FAZENDO MAIS POR NOSSA GENTE II";"DEM / PATRIOTA / PHS";"AM";"08/12/1981";"021117342291";2;"MASCULINO";7;"SUPERIOR INCOMPLETO";1;"SOLTEIRO(A)";"01";"BRANCA";101;"ENGENHEIRO";5;"SUPLENTE"
"23/06/2021";"18:50:53";2014;2;"ELEIÇÃO ORDINÁRIA";1;143;"Eleições Gerais 2014";"05/10/2014";"FEDERAL";"AM";"AM";"AMAZONAS";7;"DEPUTADO ESTADUAL";40000000725;50024;"NIVALDO PEREIRA DA MOTA";"NIVALDO MOTA";"#NULO#";"27621138220";"NIVALDO.MOTA@SESC-AM.COM.BR";12;"APTO";"PARTIDO ISOLADO";50;"PSOL";"PARTIDO SOCIALISMO E LIBERDADE";-1;"#NULO#";"#NULO#";"#NULO#";40000000054;"PARTIDO ISOLADO";"PSOL";"AM";"23/06/1967";"003606252224";2;"MASCULINO";8;"SUPERIOR COMPLETO";7;"SEPARADO(A) JUDICIALMENTE";"03";"PARDA";166;"LOCUTOR E COMENTARISTA DE RÁDIO E TELEVISÃO E RADIALISTA";4;"NÃO ELEITO"
"23/06/2021";"18:50:53";2014;2;"ELEIÇÃO ORDINÁRIA";1;143;"Eleições Gerais 2014";"05/10/2014";"FEDERAL";"AM";"AM";"AMAZONAS";7;"DEPUTADO ESTADUAL";40000000434;25000;"JORGE LIRA PORTELA";"JORGE LIRA";"#NULO#";"11149779268";"#NULO#";12;"APTO";"COLIGAÇÃO";25;"DEM";"DEMOCRATAS";-1;"#NULO#";"#NULO#";"#NULO#";40000000048;"FAZENDO MAIS POR NOSSA GENTE II";"DEM / PATRIOTA / PHS";"AM";"06/05/1958";"001663812208";2;"MASCULINO";6;"ENSINO MÉDIO COMPLETO";9;"DIVORCIADO(A)";"03";"PARDA";999;"OUTROS";5;"SUPLENTE"
"23/06/2021";"18:50:53";2014;2;"ELEIÇÃO ORDINÁRIA";1;143;"Eleições Gerais 2014";"05/10/2014";"FEDERAL";"AM";"AM";"AMAZONAS";7;"DEPUTADO ESTADUAL";40000000620;40114;"THEMIS PARENTE DE ARAUJO";"THEMIS PARENTE";"#NULO#";"41765273234";"#NULO#";12;"APTO";"PARTIDO ISOLADO";40;"PSB";"PARTIDO SOCIALISTA BRASILEIRO";-1;"#NULO#";"#NULO#";"#NULO#";40000000052;"PARTIDO ISOLADO";"PSB";"AM";"05/05/1972";"010799422275";4;"FEMININO";8;"SUPERIOR COMPLETO";9;"DIVORCIADO(A)";"01";"BRANCA";298;"SERVIDOR PÚBLICO MUNICIPAL";5;"SUPLENTE"
"23/06/2021";"18:50:53";2014;2;"ELEIÇÃO ORDINÁRIA";1;143;"Eleições Gerais 2014";"05/10/2014";"FEDERAL";"AM";"AM";"AMAZONAS";7;"DEPUTADO ESTADUAL";40000000100;11222;"RONALDO BARROSO TABOSA DOS REIS";"TABOSA";"#NULO#";"28514041215";"RONALDOTABOSA@UOL.COM.BR";12;"APTO";"COLIGAÇÃO";11;"PP";"PARTIDO PROGRESSISTA";-1;"#NULO#";"#NULO#";"#NULO#";40000000023;"RENOVAÇÃO E EXPERIÊNCIA 1";"PMDB / PP / PT / PTB / PRB";"PA";"22/05/1967";"004207952259";2;"MASCULINO";6;"ENSINO MÉDIO COMPLETO";9;"DIVORCIADO(A)";"03";"PARDA";257;"EMPRESÁRIO";5;"SUPLENTE"
"23/06/2021";"18:50:53";2014;2;"ELEIÇÃO ORDINÁRIA";1;143;"Eleições Gerais 2014";"05/10/2014";"FEDERAL";"AM";"AM";"AMAZONAS";7;"DEPUTADO ESTADUAL";40000000921;15100;"MARIA DO PERPETUO SOCORRO AMARAL";"SOCORRO AMARAL";"#NULO#";"23936959234";"AMARAL.FURTADO@HOTMAIL.COM";12;"APTO";"COLIGAÇÃO";15;"PMDB";"PARTIDO DO MOVIMENTO DEMOCRÁTICO BRASILEIRO";-1;"#NULO#";"#NULO#";"#NULO#";40000000023;"RENOVAÇÃO E EXPERIÊNCIA 1";"PMDB / PP / PT / PTB / PRB";"MT";"04/05/1966";"002337612240";4;"FEMININO";8;"SUPERIOR COMPLETO";1;"SOLTEIRO(A)";"03";"PARDA";124;"CONTADOR";5;"SUPLENTE"
"23/06/2021";"18:50:53";2014;2;"ELEIÇÃO ORDINÁRIA";1;143;"Eleições Gerais 2014";"05/10/2014";"FEDERAL";"AM";"AM";"AMAZONAS";6;"DEPUTADO FEDERAL";40000000080;1522;"ANA MARIA DOS SANTOS BRITO";"ANINHA";"#NULO#";"27573834268";"#NULO#";12;"APTO";"COLIGAÇÃO";15;"PMDB";"PARTIDO DO MOVIMENTO DEMOCRÁTICO BRASILEIRO";-1;"#NULO#";"#NULO#";"#NULO#";40000000022;"RENOVAÇÃO E EXPERIÊNCIA";"PMDB / PP / PT / PDT / PTB / PPS / PRB / PSDC / PPL / PC do B";"AM";"19/08/1958";"004645142267";4;"FEMININO";8;"SUPERIOR COMPLETO";7;"SEPARADO(A) JUDICIALMENTE";"03";"PARDA";232;"POLICIAL CIVIL";5;"SUPLENTE"
"23/06/2021";"18:50:53";2014;2;"ELEIÇÃO ORDINÁRIA";1;143;"Eleições Gerais 2014";"05/10/2014";"FEDERAL";"AM";"AM";"AMAZONAS";6;"DEPUTADO FEDERAL";40000000091;1333;"MIGUEL DAVID FABIANO PERRONE";"DAVID PERRONE";"#NULO#";"41762860244";"MIGUE.PERRONE@YAHOO.COM.BR";12;"APTO";"COLIGAÇÃO";13;"PT";"PARTIDO DOS TRABALHADORES";-1;"#NULO#";"#NULO#";"#NULO#";40000000022;"RENOVAÇÃO E EXPERIÊNCIA";"PMDB / PP / PT / PDT / PTB / PPS / PRB / PSDC / PPL / PC do B";"AM";"14/12/1971";"012100882291";2;"MASCULINO";6;"ENSINO MÉDIO COMPLETO";3;"CASADO(A)";"01";"BRANCA";257;"EMPRESÁRIO";5;"SUPLENTE"
"23/06/2021";"18:50:53";2014;2;"ELEIÇÃO ORDINÁRIA";1;143;"Eleições Gerais 2014";"05/10/2014";"FEDERAL";"AM";"AM";"AMAZONAS";7;"DEPUTADO ESTADUAL";40000000905;65888;"TEREZINHA DE ALMEIDA MORES";"TECA";"#NULO#";"61456268287";"#NULO#";3;"INAPTO";"PARTIDO ISOLADO";65;"PC do B";"PARTIDO COMUNISTA DO BRASIL";-1;"#NULO#";"#NULO#";"#NULO#";40000000051;"PARTIDO ISOLADO";"PC do B";"AM";"15/10/1972";"016247342259";4;"FEMININO";6;"ENSINO MÉDIO COMPLETO";1;"SOLTEIRO(A)";"01";"BRANCA";999;"OUTROS";-1;"#NULO#"
"23/06/2021";"18:50:53";2014;2;"ELEIÇÃO ORDINÁRIA";1;143;"Eleições Gerais 2014";"05/10/2014";"FEDERAL";"AM";"AM";"AMAZONAS";7;"DEPUTADO ESTADUAL";40000000498;55055;"DAVID ANTONIO ABISAI PEREIRA DE ALMEIDA";"DAVID ALMEIDA";"#NULO#";"40582280249";"#NULO#";12;"APTO";"COLIGAÇÃO";55;"PSD";"PARTIDO SOCIAL DEMOCRÁTICO";-1;"#NULO#";"#NULO#";"#NULO#";40000000050;"FAZENDO MAIS POR NOSSA GENTE 1";"PROS / PSD / PSDB / PSC";"AM";"08/02/1969";"011512942267";2;"MASCULINO";7;"SUPERIOR INCOMPLETO";3;"CASADO(A)";"01";"BRANCA";277;"DEPUTADO";2;"ELEITO POR QP"
"23/06/2021";"18:50:53";2014;2;"ELEIÇÃO ORDINÁRIA";1;143;"Eleições Gerais 2014";"05/10/2014";"FEDERAL";"AM";"AM";"AMAZONAS";7;"DEPUTADO ESTADUAL";40000000654;70555;"LUIS ARTUR DA SILVA";"ARTUR SILVA";"#NULO#";"22961763215";"LUISARTURSILVA2012@HOTMAIL.COM";12;"APTO";"COLIGAÇÃO";70;"PT do B";"PARTIDO TRABALHISTA DO BRASIL";-1;"#NULO#";"#NULO#";"#NULO#";40000000053;"FAZENDO MAIS POR NOSSA GENTE III";"PR / PT do B / PSL / SD / PRP";"AM";"11/06/1965";"001225262208";2;"MASCULINO";6;"ENSINO MÉDIO COMPLETO";9;"DIVORCIADO(A)";"03";"PARDA";237;"REPRESENTANTE COMERCIAL";5;"SUPLENTE"
"23/06/2021";"18:50:53";2014;2;"ELEIÇÃO ORDINÁRIA";1;143;"Eleições Gerais 2014";"05/10/2014";"FEDERAL";"AM";"AM";"AMAZONAS";7;"DEPUTADO ESTADUAL";40000000674;17822;"ANTONIO ROSA DE BRITO JUNIOR";"ANTONIO JUNIOR";"#NULO#";"71996435272";"JANDER_BAMBAM@HOTMAIL.COM";12;"APTO";"COLIGAÇÃO";17;"PSL";"PARTIDO SOCIAL LIBERAL";-1;"#NULO#";"#NULO#";"#NULO#";40000000053;"FAZENDO MAIS POR NOSSA GENTE III";"PR / PT do B / PSL / SD / PRP";"AM";"20/01/1979";"021151222291";2;"MASCULINO";6;"ENSINO MÉDIO COMPLETO";3;"CASADO(A)";"03";"PARDA";298;"SERVIDOR PÚBLICO MUNICIPAL";5;"SUPLENTE"
"23/06/2021";"18:50:53";2014;2;"ELEIÇÃO ORDINÁRIA";1;143;"Eleições Gerais 2014";"05/10/2014";"FEDERAL";"AM";"AM";"AMAZONAS";7;"DEPUTADO ESTADUAL";40000000964;40611;"CELIA PATRICIA FONSECA DE OLIVEIRA";"CÉLIA PATRICIA";"#NULO#";"53019580200";"ELEICAO2014@PSBAM.ORG.BR";3;"INAPTO";"PARTIDO ISOLADO";40;"PSB";"PARTIDO SOCIALISTA BRASILEIRO";-1;"#NULO#";"#NULO#";"#NULO#";40000000052;"PARTIDO ISOLADO";"PSB";"AM";"21/03/1989";"034060342208";4;"FEMININO";7;"SUPERIOR INCOMPLETO";1;"SOLTEIRO(A)";"01";"BRANCA";999;"OUTROS";-1;"#NULO#"
"23/06/2021";"18:50:53";2014;2;"ELEIÇÃO ORDINÁRIA";1;143;"Eleições Gerais 2014";"05/10/2014";"FEDERAL";"AM";"AM";"AMAZONAS";7;"DEPUTADO ESTADUAL";40000000123;15310;"DANIEL MENEZES RODRIGUES";"DANIEL MENEZES";"#NULO#";"28749162268";"#NULO#";12;"APTO";"COLIGAÇÃO";15;"PMDB";"PARTIDO DO MOVIMENTO DEMOCRÁTICO BRASILEIRO";-1;"#NULO#";"#NULO#";"#NULO#";40000000023;"RENOVAÇÃO E EXPERIÊNCIA 1";"PMDB / PP / PT / PTB / PRB";"AM";"09/09/1968";"011088162283";2;"MASCULINO";4;"ENSINO FUNDAMENTAL COMPLETO";1;"SOLTEIRO(A)";"03";"PARDA";257;"EMPRESÁRIO";5;"SUPLENTE"
"23/06/2021";"18:50:53";2014;2;"ELEIÇÃO ORDINÁRIA";1;143;"Eleições Gerais 2014";"05/10/2014";"FEDERAL";"AM";"AM";"AMAZONAS";7;"DEPUTADO ESTADUAL";40000000774;27000;"LUIS FAUSTINO DA COSTA NETO";"LUIS NETO";"#NULO#";"46445722253";"LUISNETOJJ@YAHOO.COM.BR";12;"APTO";"COLIGAÇÃO";27;"PSDC";"PARTIDO SOCIAL DEMOCRATA CRISTÃO";-1;"#NULO#";"#NULO#";"#NULO#";40000000056;"RENOVAÇÃO E EXPERIÊNCIA 2";"PSDC / PPL";"AM";"13/04/1975";"015714962291";2;"MASCULINO";8;"SUPERIOR COMPLETO";3;"CASADO(A)";"01";"BRANCA";278;"VEREADOR";4;"NÃO ELEITO"
"23/06/2021";"18:50:53";2014;2;"ELEIÇÃO ORDINÁRIA";1;143;"Eleições Gerais 2014";"05/10/2014";"FEDERAL";"AM";"AM";"AMAZONAS";7;"DEPUTADO ESTADUAL";40000000056;19455;"ROSIVALDO OLIVEIRA CORDOVIL";"ROSIVALDO CORDOVIL";"#NULO#";"33536856268";"ROSIVALDOCORDOVIL.AM@GMAIL.COM";12;"APTO";"COLIGAÇÃO";19;"PTN";"PARTIDO TRABALHISTA NACIONAL";-1;"#NULO#";"#NULO#";"#NULO#";40000000021;"FAZENDO MAIS PELA NOSSA GENTE 5";"PTN / PRTB";"PA";"22/03/1974";"017810722283";2;"MASCULINO";8;"SUPERIOR COMPLETO";3;"CASADO(A)";"03";"PARDA";278;"VEREADOR";5;"SUPLENTE"
"23/06/2021";"18:50:53";2014;2;"ELEIÇÃO ORDINÁRIA";1;143;"Eleições Gerais 2014";"05/10/2014";"FEDERAL";"AM";"AM";"AMAZONAS";7;"DEPUTADO ESTADUAL";40000000147;10348;"VALDAILDA FILHA SERRÃO DE SALES";"VALDINHA SERRÃO";"#NULO#";"80474829200";"VADINHASALES@HOTMAIL.COM";12;"APTO";"COLIGAÇÃO";10;"PRB";"PARTIDO REPUBLICANO BRASILEIRO";-1;"#NULO#";"#NULO#";"#NULO#";40000000023;"RENOVAÇÃO E EXPERIÊNCIA 1";"PMDB / PP / PT / PTB / PRB";"AM";"23/02/1981";"018883942208";4;"FEMININO";6;"ENSINO MÉDIO COMPLETO";1;"SOLTEIRO(A)";"03";"PARDA";125;"ADMINISTRADOR";5;"SUPLENTE"
"23/06/2021";"18:50:53";2014;2;"ELEIÇÃO ORDINÁRIA";1;143;"Eleições Gerais 2014";"05/10/2014";"FEDERAL";"AM";"AM";"AMAZONAS";7;"DEPUTADO ESTADUAL";40000000522;90111;"SILVIA CARLA MACEDO CARDOSO FURTADO";"SILVIA CARLA";"#NULO#";"40491374291";"SILVIA_CARLA@BOL.COM.BR";12;"APTO";"COLIGAÇÃO";90;"PROS";"PARTIDO REPUBLICANO DA ORDEM SOCIAL";-1;"#NULO#";"#NULO#";"#NULO#";40000000050;"FAZENDO MAIS POR NOSSA GENTE 1";"PROS / PSD / PSDB / PSC";"AM";"31/01/1971";"012814482224";4;"FEMININO";7;"SUPERIOR INCOMPLETO";3;"CASADO(A)";"03";"PARDA";235;"PROFESSOR E INSTRUTOR DE FORMAÇÃO PROFISSIONAL";5;"SUPLENTE"
"23/06/2021";"18:50:53";2014;2;"ELEIÇÃO ORDINÁRIA";1;143;"Eleições Gerais 2014";"05/10/2014";"FEDERAL";"AM";"AM";"AMAZONAS";7;"DEPUTADO ESTADUAL";40000000236;43712;"FERNANDO DE SOUSA CRUZ";"DOM FERNANDO";"#NULO#";"11794623272";"DOMFERNANDO6511@HOTMAIL.COM";12;"APTO";"COLIGAÇÃO";43;"PV";"PARTIDO VERDE";-1;"#NULO#";"#NULO#";"#NULO#";40000000044;"JUNTOS PELO POVO";"PV / PTC";"PA";"01/02/1960";"019172602259";2;"MASCULINO";6;"ENSINO MÉDIO COMPLETO";1;"SOLTEIRO(A)";"01";"BRANCA";537;"MOTORISTA PARTICULAR";5;"SUPLENTE"
"23/06/2021";"18:50:53";2014;2;"ELEIÇÃO ORDINÁRIA";1;143;"Eleições Gerais 2014";"05/10/2014";"FEDERAL";"AM";"AM";"AMAZONAS";6;"DEPUTADO FEDERAL";40000000720;5012;"ADAMOR SANTANA LIBERAL DE JESUS";"ADAMOR";"#NULO#";"03124339215";"ADAMORLIBERAL@HOTMAIL.COM";12;"APTO";"PARTIDO ISOLADO";50;"PSOL";"PARTIDO SOCIALISMO E LIBERDADE";-1;"#NULO#";"#NULO#";"#NULO#";40000000054;"PARTIDO ISOLADO";"PSOL";"PA";"14/03/1947";"001195472267";2;"MASCULINO";8;"SUPERIOR COMPLETO";7;"SEPARADO(A) JUDICIALMENTE";"03";"PARDA";171;"JORNALISTA E REDATOR";4;"NÃO ELEITO"
"23/06/2021";"18:50:53";2014;2;"ELEIÇÃO ORDINÁRIA";1;143;"Eleições Gerais 2014";"05/10/2014";"FEDERAL";"AM";"AM";"AMAZONAS";7;"DEPUTADO ESTADUAL";40000000238;43123;"JOÃO MESSIAS DA SILVA FURTADO";"MESSIAS FURTADO";"#NULO#";"27663027272";"FJOAOMESSIAS@YAHOO.COM.BR";12;"APTO";"COLIGAÇÃO";43;"PV";"PARTIDO VERDE";-1;"#NULO#";"#NULO#";"#NULO#";40000000044;"JUNTOS PELO POVO";"PV / PTC";"AM";"25/07/1969";"011203342208";2;"MASCULINO";8;"SUPERIOR COMPLETO";3;"CASADO(A)";"03";"PARDA";297;"SERVIDOR PÚBLICO ESTADUAL";5;"SUPLENTE"
"23/06/2021";"18:50:53";2014;2;"ELEIÇÃO ORDINÁRIA";1;143;"Eleições Gerais 2014";"05/10/2014";"FEDERAL";"AM";"AM";"AMAZONAS";7;"DEPUTADO ESTADUAL";40000000545;45677;"MARIA DO SOCORRO DE SOUSA UCHOA";"SOCORRO UCHÔA";"#NULO#";"21538409291";"#NULO#";12;"APTO";"COLIGAÇÃO";45;"PSDB";"PARTIDO DA SOCIAL DEMOCRACIA BRASILEIRA";-1;"#NULO#";"#NULO#";"#NULO#";40000000050;"FAZENDO MAIS POR NOSSA GENTE 1";"PROS / PSD / PSDB / PSC";"PA";"03/08/1965";"001130922275";4;"FEMININO";8;"SUPERIOR COMPLETO";5;"VIÚVO(A)";"01";"BRANCA";298;"SERVIDOR PÚBLICO MUNICIPAL";5;"SUPLENTE"
"23/06/2021";"18:50:53";2014;2;"ELEIÇÃO ORDINÁRIA";1;143;"Eleições Gerais 2014";"05/10/2014";"FEDERAL";"AM";"AM";"AMAZONAS";7;"DEPUTADO ESTADUAL";40000000569;65654;"CLODOMIR FARIAS BARRETO";"BARRETO DA ESTIVA";"#NULO#";"07561512287";"CFBARRETO@ZPMAIL.COM.BR";12;"APTO";"PARTIDO ISOLADO";65;"PC do B";"PARTIDO COMUNISTA DO BRASIL";-1;"#NULO#";"#NULO#";"#NULO#";40000000051;"PARTIDO ISOLADO";"PC do B";"AM";"05/09/1954";"002570272208";2;"MASCULINO";8;"SUPERIOR COMPLETO";7;"SEPARADO(A) JUDICIALMENTE";"03";"PARDA";211;"ESTIVADOR, CARREGADOR E ASSEMELHADOS";5;"SUPLENTE"
"23/06/2021";"18:50:53";2014;2;"ELEIÇÃO ORDINÁRIA";1;143;"Eleições Gerais 2014";"05/10/2014";"FEDERAL";"AM";"AM";"AMAZONAS";7;"DEPUTADO ESTADUAL";40000000732;50180;"PEDRINHA LASMAR CRUZ";"PEDRINHA LASMAR";"#NULO#";"34538259268";"#NULO#";12;"APTO";"PARTIDO ISOLADO";50;"PSOL";"PARTIDO SOCIALISMO E LIBERDADE";-1;"#NULO#";"#NULO#";"#NULO#";40000000054;"PARTIDO ISOLADO";"PSOL";"AM";"17/09/1967";"002467042267";4;"FEMININO";6;"ENSINO MÉDIO COMPLETO";1;"SOLTEIRO(A)";"03";"PARDA";172;"PUBLICITÁRIO";4;"NÃO ELEITO"
"23/06/2021";"18:50:53";2014;2;"ELEIÇÃO ORDINÁRIA";1;143;"Eleições Gerais 2014";"05/10/2014";"FEDERAL";"AM";"AM";"AMAZONAS";7;"DEPUTADO ESTADUAL";40000000583;65155;"IZA CRISTIANE PEREIRA PINHEIRO";"CRISTIANE PINHEIRO";"#NULO#";"57095310220";"IZACRISTIANEPEREIRAPINHEIRO@YAHOO.COM.BR";3;"INAPTO";"PARTIDO ISOLADO";65;"PC do B";"PARTIDO COMUNISTA DO BRASIL";-1;"#NULO#";"#NULO#";"#NULO#";40000000051;"PARTIDO ISOLADO";"PC do B";"PA";"06/10/1968";"016195432240";4;"FEMININO";6;"ENSINO MÉDIO COMPLETO";1;"SOLTEIRO(A)";"03";"PARDA";999;"OUTROS";4;"NÃO ELEITO"
"23/06/2021";"18:50:53";2014;2;"ELEIÇÃO ORDINÁRIA";1;143;"Eleições Gerais 2014";"05/10/2014";"FEDERAL";"AM";"AM";"AMAZONAS";7;"DEPUTADO ESTADUAL";40000000868;33111;"JOÃO BATISTA DE BARROS";"ENG. JOÃO BATISTA";"#NULO#";"80473385872";"PMN33AMAZONAS@GMAIL.COM";3;"INAPTO";"PARTIDO ISOLADO";33;"PMN";"PARTIDO DA MOBILIZAÇÃO NACIONAL";-1;"#NULO#";"#NULO#";"#NULO#";40000000059;"PARTIDO ISOLADO";"PMN";"SP";"29/08/1956";"002596902232";2;"MASCULINO";8;"SUPERIOR COMPLETO";1;"SOLTEIRO(A)";"01";"BRANCA";101;"ENGENHEIRO";4;"NÃO ELEITO"
"23/06/2021";"18:50:53";2014;2;"ELEIÇÃO ORDINÁRIA";1;143;"Eleições Gerais 2014";"05/10/2014";"FEDERAL";"AM";"AM";"AMAZONAS";4;"VICE-GOVERNADOR";40000000614;40;"JUNIOR CESAR BRASIL DE MORAES";"JUNIOR BRASIL";"#NULO#";"57881456272";"BRASIL.JCBM@GMAIL.COM";12;"APTO";"PARTIDO ISOLADO";40;"PSB";"PARTIDO SOCIALISTA BRASILEIRO";-1;"#NULO#";"#NULO#";"#NULO#";40000000052;"PARTIDO ISOLADO";"PSB";"AM";"24/08/1975";"010551692372";2;"MASCULINO";8;"SUPERIOR COMPLETO";3;"CASADO(A)";"01";"BRANCA";296;"SERVIDOR PÚBLICO FEDERAL";4;"NÃO ELEITO"
"23/06/2021";"18:50:53";2014;2;"ELEIÇÃO ORDINÁRIA";1;143;"Eleições Gerais 2014";"05/10/2014";"FEDERAL";"AM";"AM";"AMAZONAS";7;"DEPUTADO ESTADUAL";40000000248;43033;"NATANIEL DE SOUZA BARROS JUNIOR";"NATANIEL JUNIOR";"#NULO#";"58175334215";"#NULO#";3;"INAPTO";"COLIGAÇÃO";43;"PV";"PARTIDO VERDE";-1;"#NULO#";"#NULO#";"#NULO#";40000000044;"JUNTOS PELO POVO";"PV / PTC";"AM";"30/04/1976";"016514282291";2;"MASCULINO";6;"ENSINO MÉDIO COMPLETO";1;"SOLTEIRO(A)";"03";"PARDA";999;"OUTROS";-1;"#NULO#"
"23/06/2021";"18:50:53";2014;2;"ELEIÇÃO ORDINÁRIA";1;143;"Eleições Gerais 2014";"05/10/2014";"FEDERAL";"AM";"AM";"AMAZONAS";7;"DEPUTADO ESTADUAL";40000000677;17021;"SULLIVAN DE SOUZA SILVA";"SULLIVAN";"#NULO#";"47585099215";"SILVA.SULLIVAN@BOL.COM.BR";12;"APTO";"COLIGAÇÃO";17;"PSL";"PARTIDO SOCIAL LIBERAL";-1;"#NULO#";"#NULO#";"#NULO#";40000000053;"FAZENDO MAIS POR NOSSA GENTE III";"PR / PT do B / PSL / SD / PRP";"AM";"25/10/1966";"015670152259";2;"MASCULINO";6;"ENSINO MÉDIO COMPLETO";3;"CASADO(A)";"01";"BRANCA";257;"EMPRESÁRIO";5;"SUPLENTE"
"23/06/2021";"18:50:53";2014;2;"ELEIÇÃO ORDINÁRIA";1;143;"Eleições Gerais 2014";"05/10/2014";"FEDERAL";"AM";"AM";"AMAZONAS";7;"DEPUTADO ESTADUAL";40000000486;25144;"ANDRÉ DE SOUZA SANTOS";"ANDREZINHO";"#NULO#";"65772393200";"#NULO#";12;"APTO";"COLIGAÇÃO";25;"DEM";"DEMOCRATAS";-1;"#NULO#";"#NULO#";"#NULO#";40000000048;"FAZENDO MAIS POR NOSSA GENTE II";"DEM / PATRIOTA / PHS";"AM";"30/07/1980";"018843142208";2;"MASCULINO";7;"SUPERIOR INCOMPLETO";1;"SOLTEIRO(A)";"03";"PARDA";257;"EMPRESÁRIO";5;"SUPLENTE"
"23/06/2021";"18:50:53";2014;2;"ELEIÇÃO ORDINÁRIA";1;143;"Eleições Gerais 2014";"05/10/2014";"FEDERAL";"AM";"AM";"AMAZONAS";7;"DEPUTADO ESTADUAL";40000000242;43151;"EDIVAN COSTA DO NASCIMENTO";"EDIVAN-BALL AMIGO DA NAVAL";"#NULO#";"56487380210";"EDIVANBALL@HOTMAIL.COM";12;"APTO";"COLIGAÇÃO";43;"PV";"PARTIDO VERDE";-1;"#NULO#";"#NULO#";"#NULO#";40000000044;"JUNTOS PELO POVO";"PV / PTC";"AM";"01/06/1975";"015595412224";2;"MASCULINO";3;"ENSINO FUNDAMENTAL INCOMPLETO";1;"SOLTEIRO(A)";"03";"PARDA";999;"OUTROS";5;"SUPLENTE"
"23/06/2021";"18:50:53";2014;2;"ELEIÇÃO ORDINÁRIA";1;143;"Eleições Gerais 2014";"05/10/2014";"FEDERAL";"AM";"AM";"AMAZONAS";7;"DEPUTADO ESTADUAL";40000000726;50050;"ADILSON MAIA ROSA";"PROFESSOR ADILSON MAIA";"#NULO#";"74907328753";"ADILMAIA@GMAIL.COM";12;"APTO";"PARTIDO ISOLADO";50;"PSOL";"PARTIDO SOCIALISMO E LIBERDADE";-1;"#NULO#";"#NULO#";"#NULO#";40000000054;"PARTIDO ISOLADO";"PSOL";"RJ";"29/01/1962";"029310650329";2;"MASCULINO";8;"SUPERIOR COMPLETO";9;"DIVORCIADO(A)";"01";"BRANCA";266;"PROFESSOR DE ENSINO MÉDIO";4;"NÃO ELEITO"
"23/06/2021";"18:50:53";2014;2;"ELEIÇÃO ORDINÁRIA";1;143;"Eleições Gerais 2014";"05/10/2014";"FEDERAL";"AM";"AM";"AMAZONAS";7;"DEPUTADO ESTADUAL";40000000266;43009;"MARIA GUIMARÃES MAIA";"MARIA GUIMARÃES";"#NULO#";"13942530287";"#NULO#";3;"INAPTO";"COLIGAÇÃO";43;"PV";"PARTIDO VERDE";-1;"#NULO#";"#NULO#";"#NULO#";40000000044;"JUNTOS PELO POVO";"PV / PTC";"AM";"25/01/1946";"000325212305";4;"FEMININO";6;"ENSINO MÉDIO COMPLETO";1;"SOLTEIRO(A)";"01";"BRANCA";999;"OUTROS";-1;"#NULO#"
"23/06/2021";"18:50:53";2014;2;"ELEIÇÃO ORDINÁRIA";1;143;"Eleições Gerais 2014";"05/10/2014";"FEDERAL";"AM";"AM";"AMAZONAS";7;"DEPUTADO ESTADUAL";40000000924;19001;"JOSÉ GOMES DA SILVA";"J GOMES";"#NULO#";"05517818234";"#NULO#";3;"INAPTO";"COLIGAÇÃO";19;"PTN";"PARTIDO TRABALHISTA NACIONAL";-1;"#NULO#";"#NULO#";"#NULO#";40000000021;"FAZENDO MAIS PELA NOSSA GENTE 5";"PTN / PRTB";"AM";"22/10/1956";"011072332240";2;"MASCULINO";8;"SUPERIOR COMPLETO";3;"CASADO(A)";"03";"PARDA";265;"PROFESSOR DE ENSINO FUNDAMENTAL";4;"NÃO ELEITO"
"23/06/2021";"18:50:53";2014;2;"ELEIÇÃO ORDINÁRIA";1;143;"Eleições Gerais 2014";"05/10/2014";"FEDERAL";"AM";"AM";"AMAZONAS";7;"DEPUTADO ESTADUAL";40000000607;40369;"NELS NELSON OLIVEIRA DOS SANTOS";"NELSON SANTOS";"#NULO#";"11950439291";"ELEICAO2014@PSBAM.ORG.BR";12;"APTO";"PARTIDO ISOLADO";40;"PSB";"PARTIDO SOCIALISTA BRASILEIRO";-1;"#NULO#";"#NULO#";"#NULO#";40000000052;"PARTIDO ISOLADO";"PSB";"MA";"09/09/1960";"036029550965";2;"MASCULINO";6;"ENSINO MÉDIO COMPLETO";3;"CASADO(A)";"01";"BRANCA";403;"CORRETOR DE IMÓVEIS, SEGUROS, TÍTULOS E VALORES";5;"SUPLENTE"
"23/06/2021";"18:50:53";2014;2;"ELEIÇÃO ORDINÁRIA";1;143;"Eleições Gerais 2014";"05/10/2014";"FEDERAL";"AM";"AM";"AMAZONAS";10;"2º SUPLENTE";40000000008;161;"MARIA AUXILIADORA OLIVEIRA DE CASTRO";"MARIA AUXILIADORA";"#NULO#";"22992111287";"#NULO#";12;"APTO";"PARTIDO ISOLADO";16;"PSTU";"PARTIDO SOCIALISTA DOS TRABALHADORES UNIFICADO";-1;"#NULO#";"#NULO#";"#NULO#";40000000001;"PARTIDO ISOLADO";"PSTU";"AM";"19/05/1960";"001812042216";4;"FEMININO";6;"ENSINO MÉDIO COMPLETO";1;"SOLTEIRO(A)";"01";"BRANCA";265;"PROFESSOR DE ENSINO FUNDAMENTAL";4;"NÃO ELEITO"
"23/06/2021";"18:50:53";2014;1;"ELEIÇÃO SUPLEMENTAR";1;268;"Eleição Suplementar Governador AM";"06/08/2017";"ESTADUAL";"AM";"AM";"AMAZONAS";3;"GOVERNADOR";40000012069;40;"MARCELO AUGUSTO DA EIRA CORREA";"MARCELO SERAFIM";"#NULO#";"50864173253";"PSBAMAZONAS40@GMAIL.COM";12;"APTO";"COLIGAÇÃO";40;"PSB";"PARTIDO SOCIALISTA BRASILEIRO";-1;"#NULO#";"#NULO#";"#NULO#";40000000787;"CORAGEM E ATITUDE PARA MUDAR O AMAZONAS";"PSB / PMN";"AM";"09/01/1977";"016858522224";2;"MASCULINO";8;"SUPERIOR COMPLETO";3;"CASADO(A)";"01";"BRANCA";298;"SERVIDOR PÚBLICO MUNICIPAL";4;"NÃO ELEITO"
"23/06/2021";"18:50:53";2014;2;"ELEIÇÃO ORDINÁRIA";1;143;"Eleições Gerais 2014";"05/10/2014";"FEDERAL";"AM";"AM";"AMAZONAS";7;"DEPUTADO ESTADUAL";40000000757;27700;"ANTONIO AGRA PEREIRA FILHO";"TOM AGRA";"#NULO#";"27555291215";"CAMPPEAO@GMAIL.COM";12;"APTO";"COLIGAÇÃO";27;"PSDC";"PARTIDO SOCIAL DEMOCRATA CRISTÃO";-1;"#NULO#";"#NULO#";"#NULO#";40000000056;"RENOVAÇÃO E EXPERIÊNCIA 2";"PSDC / PPL";"AM";"01/01/1968";"004358502232";2;"MASCULINO";8;"SUPERIOR COMPLETO";3;"CASADO(A)";"03";"PARDA";257;"EMPRESÁRIO";4;"NÃO ELEITO"
"23/06/2021";"18:50:53";2014;2;"ELEIÇÃO ORDINÁRIA";1;143;"Eleições Gerais 2014";"05/10/2014";"FEDERAL";"AM";"AM";"AMAZONAS";7;"DEPUTADO ESTADUAL";40000000475;51369;"RONALDO FERNANDES DA SILVA";"PROF. RONALDO FERNANDES";"#NULO#";"43890024220";"#NULO#";12;"APTO";"COLIGAÇÃO";51;"PATRIOTA";"PARTIDO ECOLÓGICO NACIONAL";-1;"#NULO#";"#NULO#";"#NULO#";40000000048;"FAZENDO MAIS POR NOSSA GENTE II";"DEM / PATRIOTA / PHS";"AM";"15/11/1971";"011613622291";2;"MASCULINO";6;"ENSINO MÉDIO COMPLETO";3;"CASADO(A)";"03";"PARDA";265;"PROFESSOR DE ENSINO FUNDAMENTAL";5;"SUPLENTE"
"23/06/2021";"18:50:53";2014;2;"ELEIÇÃO ORDINÁRIA";1;143;"Eleições Gerais 2014";"05/10/2014";"FEDERAL";"AM";"AM";"AMAZONAS";7;"DEPUTADO ESTADUAL";40000000886;33063;"MARIETE LIMA PIMENTEL";"MARIETE PIMENTEL";"#NULO#";"93408897204";"JACATHEP@HOTMAIL.COM";12;"APTO";"PARTIDO ISOLADO";33;"PMN";"PARTIDO DA MOBILIZAÇÃO NACIONAL";-1;"#NULO#";"#NULO#";"#NULO#";40000000059;"PARTIDO ISOLADO";"PMN";"AM";"11/04/1986";"023916732275";4;"FEMININO";6;"ENSINO MÉDIO COMPLETO";3;"CASADO(A)";"03";"PARDA";999;"OUTROS";4;"NÃO ELEITO"
"23/06/2021";"18:50:53";2014;2;"ELEIÇÃO ORDINÁRIA";1;143;"Eleições Gerais 2014";"05/10/2014";"FEDERAL";"AM";"AM";"AMAZONAS";6;"DEPUTADO FEDERAL";40000000359;5577;"GUARACY DE JESUS DIAS REBELO";"GUARACY DE JESUS";"#NULO#";"31752977220";"#NULO#";12;"APTO";"COLIGAÇÃO";55;"PSD";"PARTIDO SOCIAL DEMOCRÁTICO";-1;"#NULO#";"#NULO#";"#NULO#";40000000046;"FAZENDO MAIS POR NOSSA GENTE 1.";"PROS / DEM / PSDB / PR / PTN / PSC / PT do B / PTC / PRTB / PATRIOTA / PV / PHS / PSL / PSD / SD";"AM";"20/08/1970";"015513172232";4;"FEMININO";8;"SUPERIOR COMPLETO";3;"CASADO(A)";"03";"PARDA";131;"ADVOGADO";5;"SUPLENTE"
"23/06/2021";"18:50:53";2014;2;"ELEIÇÃO ORDINÁRIA";1;143;"Eleições Gerais 2014";"05/10/2014";"FEDERAL";"AM";"AM";"AMAZONAS";7;"DEPUTADO ESTADUAL";40000000528;45645;"BOLIVAR PEREIRA FILHO";"BOLIVAR FILHO";"#NULO#";"11946261220";"#NULO#";12;"APTO";"COLIGAÇÃO";45;"PSDB";"PARTIDO DA SOCIAL DEMOCRACIA BRASILEIRA";-1;"#NULO#";"#NULO#";"#NULO#";40000000050;"FAZENDO MAIS POR NOSSA GENTE 1";"PROS / PSD / PSDB / PSC";"AM";"02/10/1956";"001298112291";2;"MASCULINO";8;"SUPERIOR COMPLETO";1;"SOLTEIRO(A)";"03";"PARDA";266;"PROFESSOR DE ENSINO MÉDIO";5;"SUPLENTE"
"23/06/2021";"18:50:53";2014;2;"ELEIÇÃO ORDINÁRIA";1;143;"Eleições Gerais 2014";"05/10/2014";"FEDERAL";"AM";"AM";"AMAZONAS";7;"DEPUTADO ESTADUAL";40000000627;40888;"ARQUIMERES AMÂNCIO DA SILVA";"MERO";"#NULO#";"58098828204";"#NULO#";12;"APTO";"PARTIDO ISOLADO";40;"PSB";"PARTIDO SOCIALISTA BRASILEIRO";-1;"#NULO#";"#NULO#";"#NULO#";40000000052;"PARTIDO ISOLADO";"PSB";"CE";"27/11/1972";"012009092216";2;"MASCULINO";6;"ENSINO MÉDIO COMPLETO";1;"SOLTEIRO(A)";"01";"BRANCA";298;"SERVIDOR PÚBLICO MUNICIPAL";5;"SUPLENTE"
"23/06/2021";"18:50:53";2014;2;"ELEIÇÃO ORDINÁRIA";1;143;"Eleições Gerais 2014";"05/10/2014";"FEDERAL";"AM";"AM";"AMAZONAS";7;"DEPUTADO ESTADUAL";40000000799;54369;"EMERSON DE LIMA CASTRO";"PROF. EMERSON CASTRO";"#NULO#";"51108321291";"DR.CAMPELO007@HOTMAIL.COM";12;"APTO";"COLIGAÇÃO";54;"PPL";"PARTIDO PÁTRIA LIVRE";-1;"#NULO#";"#NULO#";"#NULO#";40000000056;"RENOVAÇÃO E EXPERIÊNCIA 2";"PSDC / PPL";"AM";"08/06/1978";"018856102216";2;"MASCULINO";4;"ENSINO FUNDAMENTAL COMPLETO";3;"CASADO(A)";"03";"PARDA";125;"ADMINISTRADOR";4;"NÃO ELEITO"
"23/06/2021";"18:50:53";2014;2;"ELEIÇÃO ORDINÁRIA";2;144;"Eleições Gerais 2014";"26/10/2014";"FEDERAL";"AM";"AM";"AMAZONAS";4;"VICE-GOVERNADOR";40000000073;15;"REBECCA MARTINS GARCIA";"REBECCA GARCIA";"#NULO#";"43935117272";"SIPELLI@HOTMAIL.COM";12;"APTO";"COLIGAÇÃO";11;"PP";"PARTIDO PROGRESSISTA";-1;"#NULO#";"#NULO#";"#NULO#";40000000022;"RENOVAÇÃO E EXPERIÊNCIA";"PMDB / PP / PT / PDT / PTB / PPS / PRB / PSDC / PPL / PC do B";"AM";"28/04/1973";"016271842208";4;"FEMININO";8;"SUPERIOR COMPLETO";3;"CASADO(A)";"01";"BRANCA";277;"DEPUTADO";4;"NÃO ELEITO"
"23/06/2021";"18:50:53";2014;2;"ELEIÇÃO ORDINÁRIA";1;143;"Eleições Gerais 2014";"05/10/2014";"FEDERAL";"AM";"AM";"AMAZONAS";7;"DEPUTADO ESTADUAL";40000000606;40300;"MARIA SOLANGE DE SOUZA QUEIROZ";"PROF. SOLANGE QUEIROZ";"#NULO#";"14037572249";"ELEICAO2014@PSBAM.ORG.BR";3;"INAPTO";"PARTIDO ISOLADO";40;"PSB";"PARTIDO SOCIALISTA BRASILEIRO";-1;"#NULO#";"#NULO#";"#NULO#";40000000052;"PARTIDO ISOLADO";"PSB";"AM";"27/01/1959";"000948292224";4;"FEMININO";8;"SUPERIOR COMPLETO";1;"SOLTEIRO(A)";"01";"BRANCA";266;"PROFESSOR DE ENSINO MÉDIO";-1;"#NULO#"
"23/06/2021";"18:50:53";2014;2;"ELEIÇÃO ORDINÁRIA";1;143;"Eleições Gerais 2014";"05/10/2014";"FEDERAL";"AM";"AM";"AMAZONAS";6;"DEPUTADO FEDERAL";40000000360;5555;"SILAS CAMARA";"SILAS CAMARA";"#NULO#";"13512951287";"ADVOCACIA@MARIABENIGNO.COM.BR";12;"APTO";"COLIGAÇÃO";55;"PSD";"PARTIDO SOCIAL DEMOCRÁTICO";-1;"#NULO#";"#NULO#";"#NULO#";40000000046;"FAZENDO MAIS POR NOSSA GENTE 1.";"PROS / DEM / PSDB / PR / PTN / PSC / PT do B / PTC / PRTB / PATRIOTA / PV / PHS / PSL / PSD / SD";"AC";"15/12/1962";"013588982224";2;"MASCULINO";8;"SUPERIOR COMPLETO";3;"CASADO(A)";"03";"PARDA";277;"DEPUTADO";2;"ELEITO POR QP"
"23/06/2021";"18:50:53";2014;2;"ELEIÇÃO ORDINÁRIA";1;143;"Eleições Gerais 2014";"05/10/2014";"FEDERAL";"AM";"AM";"AMAZONAS";7;"DEPUTADO ESTADUAL";40000000780;27002;"RAIMUNDO NONATO GONÇALVES JR";"JUNIOR MINEIRO";"#NULO#";"33559643287";"#NULO#";12;"APTO";"COLIGAÇÃO";27;"PSDC";"PARTIDO SOCIAL DEMOCRATA CRISTÃO";-1;"#NULO#";"#NULO#";"#NULO#";40000000056;"RENOVAÇÃO E EXPERIÊNCIA 2";"PSDC / PPL";"AM";"06/12/1968";"012976312283";2;"MASCULINO";4;"ENSINO FUNDAMENTAL COMPLETO";1;"SOLTEIRO(A)";"01";"BRANCA";257;"EMPRESÁRIO";4;"NÃO ELEITO"
"23/06/2021";"18:50:53";2014;2;"ELEIÇÃO ORDINÁRIA";1;143;"Eleições Gerais 2014";"05/10/2014";"FEDERAL";"AM";"AM";"AMAZONAS";7;"DEPUTADO ESTADUAL";40000000444;31033;"LUIZ ANDRADE DE SOUSA";"LUIZ ANDRADE";"#NULO#";"59838833215";"#NULO#";12;"APTO";"COLIGAÇÃO";31;"PHS";"PARTIDO HUMANISTA DA SOLIDARIEDADE";-1;"#NULO#";"#NULO#";"#NULO#";40000000048;"FAZENDO MAIS POR NOSSA GENTE II";"DEM / PATRIOTA / PHS";"PA";"11/08/1977";"017425632283";2;"MASCULINO";6;"ENSINO MÉDIO COMPLETO";1;"SOLTEIRO(A)";"03";"PARDA";531;"MOTORISTA DE VEÍCULOS DE TRANSPORTE COLETIVO DE PASSAGEIROS";5;"SUPLENTE"
"23/06/2021";"18:50:53";2014;2;"ELEIÇÃO ORDINÁRIA";1;143;"Eleições Gerais 2014";"05/10/2014";"FEDERAL";"AM";"AM";"AMAZONAS";7;"DEPUTADO ESTADUAL";40000000431;25466;"ROSILANGE DE AZEVEDO ARAÚJO";"PRETO AZEVEDO";"#NULO#";"01922795216";"#NULO#";3;"INAPTO";"COLIGAÇÃO";25;"DEM";"DEMOCRATAS";-1;"#NULO#";"#NULO#";"#NULO#";40000000048;"FAZENDO MAIS POR NOSSA GENTE II";"DEM / PATRIOTA / PHS";"AM";"19/04/1994";"035851532283";2;"MASCULINO";8;"SUPERIOR COMPLETO";3;"CASADO(A)";"03";"PARDA";158;"TÉCNICO EM INFORMÁTICA";-1;"#NULO#"
"23/06/2021";"18:50:53";2014;2;"ELEIÇÃO ORDINÁRIA";1;143;"Eleições Gerais 2014";"05/10/2014";"FEDERAL";"AM";"AM";"AMAZONAS";7;"DEPUTADO ESTADUAL";40000000801;54444;"FRANCISCO ALBERTO SALUSTIANO DA SILVA";"BETINHO LEITE";"#NULO#";"11186020210";"DR.CAMPELO007@HOTMAIL.COM";3;"INAPTO";"COLIGAÇÃO";54;"PPL";"PARTIDO PÁTRIA LIVRE";-1;"#NULO#";"#NULO#";"#NULO#";40000000056;"RENOVAÇÃO E EXPERIÊNCIA 2";"PSDC / PPL";"AM";"28/03/1957";"003053932283";2;"MASCULINO";6;"ENSINO MÉDIO COMPLETO";3;"CASADO(A)";"03";"PARDA";169;"COMERCIANTE";-1;"#NULO#"
"23/06/2021";"18:50:53";2014;2;"ELEIÇÃO ORDINÁRIA";1;143;"Eleições Gerais 2014";"05/10/2014";"FEDERAL";"AM";"AM";"AMAZONAS";7;"DEPUTADO ESTADUAL";40000000867;33013;"DOMINGO DOS SANTOS ALFAIA";"PROFESSOR ALFAIA";"#NULO#";"04676416253";"PMN33AMAZONAS@GMAIL.COM";3;"INAPTO";"PARTIDO ISOLADO";33;"PMN";"PARTIDO DA MOBILIZAÇÃO NACIONAL";-1;"#NULO#";"#NULO#";"#NULO#";40000000059;"PARTIDO ISOLADO";"PMN";"AM";"07/04/1955";"006107562275";2;"MASCULINO";8;"SUPERIOR COMPLETO";9;"DIVORCIADO(A)";"03";"PARDA";266;"PROFESSOR DE ENSINO MÉDIO";-1;"#NULO#"
"23/06/2021";"18:50:53";2014;2;"ELEIÇÃO ORDINÁRIA";1;143;"Eleições Gerais 2014";"05/10/2014";"FEDERAL";"AM";"AM";"AMAZONAS";7;"DEPUTADO ESTADUAL";40000000485;25258;"ENY GLEUCE MARIA FRUTUOSO";"ENYGLEUCE FRUTUOSO";"#NULO#";"07528426253";"#NULO#";3;"INAPTO";"COLIGAÇÃO";25;"DEM";"DEMOCRATAS";-1;"#NULO#";"#NULO#";"#NULO#";40000000048;"FAZENDO MAIS POR NOSSA GENTE II";"DEM / PATRIOTA / PHS";"AM";"21/08/1958";"003184782216";4;"FEMININO";7;"SUPERIOR INCOMPLETO";3;"CASADO(A)";"03";"PARDA";257;"EMPRESÁRIO";-1;"#NULO#"
"23/06/2021";"18:50:53";2014;2;"ELEIÇÃO ORDINÁRIA";1;143;"Eleições Gerais 2014";"05/10/2014";"FEDERAL";"AM";"AM";"AMAZONAS";7;"DEPUTADO ESTADUAL";40000000149;13113;"WAGNER FERREIRA SANTANA";"WAGNER SANTANA";"#NULO#";"51462885268";"#NULO#";12;"APTO";"COLIGAÇÃO";13;"PT";"PARTIDO DOS TRABALHADORES";-1;"#NULO#";"#NULO#";"#NULO#";40000000023;"RENOVAÇÃO E EXPERIÊNCIA 1";"PMDB / PP / PT / PTB / PRB";"AM";"03/09/1979";"019580832259";2;"MASCULINO";8;"SUPERIOR COMPLETO";3;"CASADO(A)";"03";"PARDA";125;"ADMINISTRADOR";5;"SUPLENTE"
"23/06/2021";"18:50:53";2014;2;"ELEIÇÃO ORDINÁRIA";1;143;"Eleições Gerais 2014";"05/10/2014";"FEDERAL";"AM";"AM";"AMAZONAS";7;"DEPUTADO ESTADUAL";40000000452;25052;"VERA LÚCIA GARRIDO DA SILVA";"VERA GARRIDO FILHA";"#NULO#";"71838716220";"VERAFILHA@HOTMAIL.COM";3;"INAPTO";"COLIGAÇÃO";25;"DEM";"DEMOCRATAS";-1;"#NULO#";"#NULO#";"#NULO#";40000000048;"FAZENDO MAIS POR NOSSA GENTE II";"DEM / PATRIOTA / PHS";"AM";"01/05/1983";"018967292291";4;"FEMININO";7;"SUPERIOR INCOMPLETO";3;"CASADO(A)";"03";"PARDA";590;"AGENTE DE VIAGEM";-1;"#NULO#"
"23/06/2021";"18:50:53";2014;2;"ELEIÇÃO ORDINÁRIA";1;143;"Eleições Gerais 2014";"05/10/2014";"FEDERAL";"AM";"AM";"AMAZONAS";7;"DEPUTADO ESTADUAL";40000000125;15999;"NAAHBILA MOREIRA DOS SANTOS";"NAAHBILA SANTOS";"#NULO#";"53148282272";"#NULO#";12;"APTO";"COLIGAÇÃO";15;"PMDB";"PARTIDO DO MOVIMENTO DEMOCRÁTICO BRASILEIRO";-1;"#NULO#";"#NULO#";"#NULO#";40000000023;"RENOVAÇÃO E EXPERIÊNCIA 1";"PMDB / PP / PT / PTB / PRB";"AM";"06/11/1987";"023507102216";4;"FEMININO";8;"SUPERIOR COMPLETO";1;"SOLTEIRO(A)";"03";"PARDA";125;"ADMINISTRADOR";5;"SUPLENTE"
"23/06/2021";"18:50:53";2014;2;"ELEIÇÃO ORDINÁRIA";1;143;"Eleições Gerais 2014";"05/10/2014";"FEDERAL";"AM";"AM";"AMAZONAS";7;"DEPUTADO ESTADUAL";40000000232;23444;"VIVALDO DA SILVA CORREA";"VIVALDO DA SILVA";"#NULO#";"19331282249";"VIVALDODASILVACORREA@GMAIL.COM";12;"APTO";"COLIGAÇÃO";23;"PPS";"PARTIDO POPULAR SOCIALISTA";-1;"#NULO#";"#NULO#";"#NULO#";40000000043;"Renovação e Coragem";"PPS / PDT";"AM";"27/04/1962";"001382152224";2;"MASCULINO";6;"ENSINO MÉDIO COMPLETO";3;"CASADO(A)";"03";"PARDA";303;"GERENTE";5;"SUPLENTE"
"23/06/2021";"18:50:53";2014;2;"ELEIÇÃO ORDINÁRIA";1;143;"Eleições Gerais 2014";"05/10/2014";"FEDERAL";"AM";"AM";"AMAZONAS";7;"DEPUTADO ESTADUAL";40000000186;21111;"MARIA SELMA DA SILVA";"SELMA NAVARRO";"#NULO#";"36870994404";"SELMA21NAVARRO@YAHOO.COM.BR";12;"APTO";"PARTIDO ISOLADO";21;"PCB";"PARTIDO COMUNISTA BRASILEIRO";-1;"#NULO#";"#NULO#";"#NULO#";40000000042;"PARTIDO ISOLADO";"PCB";"PE";"31/07/1964";"015687892291";4;"FEMININO";8;"SUPERIOR COMPLETO";3;"CASADO(A)";"01";"BRANCA";266;"PROFESSOR DE ENSINO MÉDIO";4;"NÃO ELEITO"
"23/06/2021";"18:50:53";2014;2;"ELEIÇÃO ORDINÁRIA";1;143;"Eleições Gerais 2014";"05/10/2014";"FEDERAL";"AM";"AM";"AMAZONAS";7;"DEPUTADO ESTADUAL";40000000294;43838;"ELDA MARIA DE OLIVEIRA MENDONÇA";"ELDA MENDONÇA";"#NULO#";"49417924249";"#NULO#";12;"APTO";"COLIGAÇÃO";43;"PV";"PARTIDO VERDE";-1;"#NULO#";"#NULO#";"#NULO#";40000000044;"JUNTOS PELO POVO";"PV / PTC";"AM";"17/06/1973";"012183282283";4;"FEMININO";6;"ENSINO MÉDIO COMPLETO";1;"SOLTEIRO(A)";"03";"PARDA";999;"OUTROS";5;"SUPLENTE"
"23/06/2021";"18:50:53";2014;2;"ELEIÇÃO ORDINÁRIA";1;143;"Eleições Gerais 2014";"05/10/2014";"FEDERAL";"AM";"AM";"AMAZONAS";7;"DEPUTADO ESTADUAL";40000000273;36014;"JERRIMAR NOGUEIRA DE CASTRO";"PROF. JERRIMAR CASTRO";"#NULO#";"65163281291";"#NULO#";12;"APTO";"COLIGAÇÃO";36;"PTC";"PARTIDO TRABALHISTA CRISTÃO";-1;"#NULO#";"#NULO#";"#NULO#";40000000044;"JUNTOS PELO POVO";"PV / PTC";"AM";"14/09/1978";"018826082232";2;"MASCULINO";8;"SUPERIOR COMPLETO";3;"CASADO(A)";"03";"PARDA";999;"OUTROS";5;"SUPLENTE"
"23/06/2021";"18:50:53";2014;2;"ELEIÇÃO ORDINÁRIA";1;143;"Eleições Gerais 2014";"05/10/2014";"FEDERAL";"AM";"AM";"AMAZONAS";6;"DEPUTADO FEDERAL";40000000358;5515;"FRANCISCO RITTA BERNARDINO JUNIOR";"RITTA BERNARDINO JR.";"#NULO#";"78598834220";"RITTA@HOTMAIL.COM";3;"INAPTO";"COLIGAÇÃO";55;"PSD";"PARTIDO SOCIAL DEMOCRÁTICO";-1;"#NULO#";"#NULO#";"#NULO#";40000000046;"FAZENDO MAIS POR NOSSA GENTE 1.";"PROS / DEM / PSDB / PR / PTN / PSC / PT do B / PTC / PRTB / PATRIOTA / PV / PHS / PSL / PSD / SD";"AM";"03/12/1983";"022681222216";2;"MASCULINO";8;"SUPERIOR COMPLETO";1;"SOLTEIRO(A)";"01";"BRANCA";125;"ADMINISTRADOR";4;"NÃO ELEITO"
"23/06/2021";"18:50:53";2014;2;"ELEIÇÃO ORDINÁRIA";1;143;"Eleições Gerais 2014";"05/10/2014";"FEDERAL";"AM";"AM";"AMAZONAS";7;"DEPUTADO ESTADUAL";40000000261;43137;"RENATO FERREIRA DO NASCIMENTO";"RENATO FERREIRA";"#NULO#";"28458958287";"#NULO#";12;"APTO";"COLIGAÇÃO";43;"PV";"PARTIDO VERDE";-1;"#NULO#";"#NULO#";"#NULO#";40000000044;"JUNTOS PELO POVO";"PV / PTC";"AM";"07/08/1963";"010548562240";2;"MASCULINO";6;"ENSINO MÉDIO COMPLETO";1;"SOLTEIRO(A)";"03";"PARDA";233;"POLICIAL MILITAR";5;"SUPLENTE"
"23/06/2021";"18:50:53";2014;2;"ELEIÇÃO ORDINÁRIA";1;143;"Eleições Gerais 2014";"05/10/2014";"FEDERAL";"AM";"AM";"AMAZONAS";7;"DEPUTADO ESTADUAL";40000000552;45633;"SERGIO VASCONCELOS DOS SANTOS";"SERGIO VASCONCELOS";"#NULO#";"64577287234";"#NULO#";12;"APTO";"COLIGAÇÃO";45;"PSDB";"PARTIDO DA SOCIAL DEMOCRACIA BRASILEIRA";-1;"#NULO#";"#NULO#";"#NULO#";40000000050;"FAZENDO MAIS POR NOSSA GENTE 1";"PROS / PSD / PSDB / PSC";"AM";"27/07/1977";"016176912208";2;"MASCULINO";6;"ENSINO MÉDIO COMPLETO";3;"CASADO(A)";"03";"PARDA";297;"SERVIDOR PÚBLICO ESTADUAL";5;"SUPLENTE"
"23/06/2021";"18:50:53";2014;2;"ELEIÇÃO ORDINÁRIA";1;143;"Eleições Gerais 2014";"05/10/2014";"FEDERAL";"AM";"AM";"AMAZONAS";7;"DEPUTADO ESTADUAL";40000000517;90700;"MODESTO RODRIGUES DOS SANTOS";"DR. MODESTO";"#NULO#";"01192418204";"#NULO#";12;"APTO";"COLIGAÇÃO";90;"PROS";"PARTIDO REPUBLICANO DA ORDEM SOCIAL";-1;"#NULO#";"#NULO#";"#NULO#";40000000050;"FAZENDO MAIS POR NOSSA GENTE 1";"PROS / PSD / PSDB / PSC";"AM";"24/12/1945";"001074802267";2;"MASCULINO";8;"SUPERIOR COMPLETO";3;"CASADO(A)";"03";"PARDA";111;"MÉDICO";5;"SUPLENTE"
"23/06/2021";"18:50:53";2014;2;"ELEIÇÃO ORDINÁRIA";1;143;"Eleições Gerais 2014";"05/10/2014";"FEDERAL";"AM";"AM";"AMAZONAS";7;"DEPUTADO ESTADUAL";40000000247;43121;"ANDREY LUCIO OLIVEIRA ARCOS";"ANDREY WILLIAMS";"#NULO#";"34624252268";"ANDREY.WILLIAMS@HOTMAIL.COM";12;"APTO";"COLIGAÇÃO";43;"PV";"PARTIDO VERDE";-1;"#NULO#";"#NULO#";"#NULO#";40000000044;"JUNTOS PELO POVO";"PV / PTC";"AM";"22/09/1972";"012077132259";2;"MASCULINO";6;"ENSINO MÉDIO COMPLETO";3;"CASADO(A)";"03";"PARDA";151;"TÉCNICO CONTABILIDADE, ESTATÍSTICA, ECONOMIA DOMÉSTICA E ADMINISTRAÇÃO";5;"SUPLENTE"
"23/06/2021";"18:50:53";2014;2;"ELEIÇÃO ORDINÁRIA";1;143;"Eleições Gerais 2014";"05/10/2014";"FEDERAL";"AM";"AM";"AMAZONAS";7;"DEPUTADO ESTADUAL";40000000795;54200;"CARTEGIANE VASCONCELOS MARTINS";"CARTEGIANE MARTINS";"#NULO#";"00095495282";"DR.CAMPELO007@HOTMAIL.COM";3;"INAPTO";"COLIGAÇÃO";54;"PPL";"PARTIDO PÁTRIA LIVRE";-1;"#NULO#";"#NULO#";"#NULO#";40000000056;"RENOVAÇÃO E EXPERIÊNCIA 2";"PSDC / PPL";"AM";"24/03/1987";"003779792631";4;"FEMININO";4;"ENSINO FUNDAMENTAL COMPLETO";1;"SOLTEIRO(A)";"03";"PARDA";169;"COMERCIANTE";-1;"#NULO#"
"23/06/2021";"18:50:53";2014;2;"ELEIÇÃO ORDINÁRIA";1;143;"Eleições Gerais 2014";"05/10/2014";"FEDERAL";"AM";"AM";"AMAZONAS";7;"DEPUTADO ESTADUAL";40000000030;19060;"DELMAR DE LIMA CAMPOS";"DELMAR CAMPOS";"#NULO#";"12021938204";"TACHIDOCA@YAHOO.COM.BR";12;"APTO";"COLIGAÇÃO";19;"PTN";"PARTIDO TRABALHISTA NACIONAL";-1;"#NULO#";"#NULO#";"#NULO#";40000000021;"FAZENDO MAIS PELA NOSSA GENTE 5";"PTN / PRTB";"AM";"12/06/1960";"004890072283";2;"MASCULINO";8;"SUPERIOR COMPLETO";3;"CASADO(A)";"03";"PARDA";297;"SERVIDOR PÚBLICO ESTADUAL";5;"SUPLENTE"
"23/06/2021";"18:50:53";2014;2;"ELEIÇÃO ORDINÁRIA";1;143;"Eleições Gerais 2014";"05/10/2014";"FEDERAL";"AM";"AM";"AMAZONAS";7;"DEPUTADO ESTADUAL";40000000237;43023;"JOSE MOISÉS CASTANHEIRO AMORIM";"MOISES CASTANHEIRO";"#NULO#";"23054204200";"MOISESSKYCENTER@HOTMAIL.COM";12;"APTO";"COLIGAÇÃO";43;"PV";"PARTIDO VERDE";-1;"#NULO#";"#NULO#";"#NULO#";40000000044;"JUNTOS PELO POVO";"PV / PTC";"AM";"23/05/1962";"004492492283";2;"MASCULINO";6;"ENSINO MÉDIO COMPLETO";3;"CASADO(A)";"01";"BRANCA";297;"SERVIDOR PÚBLICO ESTADUAL";5;"SUPLENTE"
"23/06/2021";"18:50:53";2014;2;"ELEIÇÃO ORDINÁRIA";1;143;"Eleições Gerais 2014";"05/10/2014";"FEDERAL";"AM";"AM";"AMAZONAS";7;"DEPUTADO ESTADUAL";40000000223;23333;"LUIZ CASTRO ANDRADE NETO";"LUIZ CASTRO";"#NULO#";"07396570204";"DEP.LUIZCASTRO@HOTMAIL.COM";12;"APTO";"COLIGAÇÃO";23;"PPS";"PARTIDO POPULAR SOCIALISTA";-1;"#NULO#";"#NULO#";"#NULO#";40000000043;"Renovação e Coragem";"PPS / PDT";"SP";"14/10/1958";"003836842232";2;"MASCULINO";8;"SUPERIOR COMPLETO";3;"CASADO(A)";"01";"BRANCA";277;"DEPUTADO";3;"ELEITO POR MÉDIA"
"23/06/2021";"18:50:53";2014;2;"ELEIÇÃO ORDINÁRIA";1;143;"Eleições Gerais 2014";"05/10/2014";"FEDERAL";"AM";"AM";"AMAZONAS";7;"DEPUTADO ESTADUAL";40000000876;33123;"ARTHUR HENRIQUE DE SOUZA AZEVEDO";"ARTHUR HENRIQUE";"#NULO#";"01214987273";"PMN33AMAZONAS@GMAIL.COM";12;"APTO";"PARTIDO ISOLADO";33;"PMN";"PARTIDO DA MOBILIZAÇÃO NACIONAL";-1;"#NULO#";"#NULO#";"#NULO#";40000000059;"PARTIDO ISOLADO";"PMN";"AM";"07/11/1991";"034360732259";2;"MASCULINO";6;"ENSINO MÉDIO COMPLETO";1;"SOLTEIRO(A)";"01";"BRANCA";931;"ESTUDANTE, BOLSISTA, ESTAGIÁRIO E ASSEMELHADOS";4;"NÃO ELEITO"
"23/06/2021";"18:50:53";2014;2;"ELEIÇÃO ORDINÁRIA";1;143;"Eleições Gerais 2014";"05/10/2014";"FEDERAL";"AM";"AM";"AMAZONAS";6;"DEPUTADO FEDERAL";40000000090;1313;"JOSE DOS SANTOS NASCIMENTO";"ZE NASCIMENTO";"#NULO#";"43551211272";"ELE.GIRLEY@GMMAIL.COM";12;"APTO";"COLIGAÇÃO";13;"PT";"PARTIDO DOS TRABALHADORES";-1;"#NULO#";"#NULO#";"#NULO#";40000000022;"RENOVAÇÃO E EXPERIÊNCIA";"PMDB / PP / PT / PDT / PTB / PPS / PRB / PSDC / PPL / PC do B";"AM";"24/05/1943";"006259712259";2;"MASCULINO";3;"ENSINO FUNDAMENTAL INCOMPLETO";5;"VIÚVO(A)";"01";"BRANCA";923;"APOSENTADO (EXCETO SERVIDOR PÚBLICO)";5;"SUPLENTE"
"23/06/2021";"18:50:53";2014;2;"ELEIÇÃO ORDINÁRIA";1;143;"Eleições Gerais 2014";"05/10/2014";"FEDERAL";"AM";"AM";"AMAZONAS";7;"DEPUTADO ESTADUAL";40000000290;43007;"MARCIA VITOR DE MORAES";"MARCIA VITOR";"#NULO#";"96379677291";"#NULO#";12;"APTO";"COLIGAÇÃO";43;"PV";"PARTIDO VERDE";-1;"#NULO#";"#NULO#";"#NULO#";40000000044;"JUNTOS PELO POVO";"PV / PTC";"AM";"06/06/1981";"030015772240";4;"FEMININO";6;"ENSINO MÉDIO COMPLETO";1;"SOLTEIRO(A)";"01";"BRANCA";999;"OUTROS";5;"SUPLENTE"
"23/06/2021";"18:50:53";2014;2;"ELEIÇÃO ORDINÁRIA";1;143;"Eleições Gerais 2014";"05/10/2014";"FEDERAL";"AM";"AM";"AMAZONAS";7;"DEPUTADO ESTADUAL";40000000604;40024;"SIDNEY PEREIRA NUNES";"SIDNEY DA DIVERSIDADE";"#NULO#";"63904160249";"#NULO#";12;"APTO";"PARTIDO ISOLADO";40;"PSB";"PARTIDO SOCIALISTA BRASILEIRO";-1;"#NULO#";"#NULO#";"#NULO#";40000000052;"PARTIDO ISOLADO";"PSB";"AM";"14/05/1977";"018492592224";2;"MASCULINO";8;"SUPERIOR COMPLETO";1;"SOLTEIRO(A)";"03";"PARDA";292;"AGENTE ADMINISTRATIVO";5;"SUPLENTE"
"23/06/2021";"18:50:53";2014;2;"ELEIÇÃO ORDINÁRIA";1;143;"Eleições Gerais 2014";"05/10/2014";"FEDERAL";"AM";"AM";"AMAZONAS";7;"DEPUTADO ESTADUAL";40000000156;14356;"JOÃO COUTO DA SILVA";"JOÃO COUTO OMBRO AMIGO";"#NULO#";"38235013215";"#NULO#";12;"APTO";"COLIGAÇÃO";14;"PTB";"PARTIDO TRABALHISTA BRASILEIRO";-1;"#NULO#";"#NULO#";"#NULO#";40000000023;"RENOVAÇÃO E EXPERIÊNCIA 1";"PMDB / PP / PT / PTB / PRB";"AM";"08/04/1973";"012987302216";2;"MASCULINO";4;"ENSINO FUNDAMENTAL COMPLETO";3;"CASADO(A)";"03";"PARDA";401;"SUPERVISOR, INSPETOR E AGENTE DE COMPRAS E VENDAS";5;"SUPLENTE"
"23/06/2021";"18:50:53";2014;2;"ELEIÇÃO ORDINÁRIA";1;143;"Eleições Gerais 2014";"05/10/2014";"FEDERAL";"AM";"AM";"AMAZONAS";7;"DEPUTADO ESTADUAL";40000000120;15151;"ERIKE BRANDÃO NOGUEIRA";"PROFESSOR ERIKE BRANDÃO";"#NULO#";"78306701291";"ERIKEBRANDAO@BOL.COM.BR";12;"APTO";"COLIGAÇÃO";15;"PMDB";"PARTIDO DO MOVIMENTO DEMOCRÁTICO BRASILEIRO";-1;"#NULO#";"#NULO#";"#NULO#";40000000023;"RENOVAÇÃO E EXPERIÊNCIA 1";"PMDB / PP / PT / PTB / PRB";"AM";"15/11/1984";"022651322224";2;"MASCULINO";8;"SUPERIOR COMPLETO";3;"CASADO(A)";"03";"PARDA";142;"PROFESSOR DE ENSINO SUPERIOR";5;"SUPLENTE"
"23/06/2021";"18:50:53";2014;1;"ELEIÇÃO SUPLEMENTAR";1;268;"Eleição Suplementar Governador AM";"06/08/2017";"ESTADUAL";"AM";"AM";"AMAZONAS";4;"VICE-GOVERNADOR";40000012093;11;"LUIS FELIPE SILVA DE SOUZA";"FELIPE SOUZA";"#NULO#";"38487365272";"LUISFELIPESS@YAHOO.COM.BR";12;"APTO";"COLIGAÇÃO";19;"PODE";"PODEMOS";-1;"#NULO#";"#NULO#";"#NULO#";40000000788;"CORAGEM PARA RENOVAR";"PP / PODE / PT do B";"AM";"04/10/1971";"011055762267";2;"MASCULINO";8;"SUPERIOR COMPLETO";3;"CASADO(A)";"03";"PARDA";278;"VEREADOR";4;"NÃO ELEITO"
"23/06/2021";"18:50:53";2014;1;"ELEIÇÃO SUPLEMENTAR";1;268;"Eleição Suplementar Governador AM";"06/08/2017";"ESTADUAL";"AM";"AM";"AMAZONAS";3;"GOVERNADOR";40000012061;31;"MAURICIO WILKER DE AZEVEDO BARRETO";"WILKER BARRETO";"#NULO#";"57514240268";"PHS_MANAUS@YAHOO.COM.BR";12;"APTO";"COLIGAÇÃO";31;"PHS";"PARTIDO HUMANISTA DA SOLIDARIEDADE";-1;"#NULO#";"#NULO#";"#NULO#";40000000783;"POR UM NOVO AMAZONAS";"PHS / PTC / PRTB / PATRIOTA / PMB";"AM";"01/08/1976";"016497712267";2;"MASCULINO";8;"SUPERIOR COMPLETO";3;"CASADO(A)";"03";"PARDA";121;"ECONOMISTA";4;"NÃO ELEITO"
"23/06/2021";"18:50:53";2014;2;"ELEIÇÃO ORDINÁRIA";1;143;"Eleições Gerais 2014";"05/10/2014";"FEDERAL";"AM";"AM";"AMAZONAS";7;"DEPUTADO ESTADUAL";40000000576;65456;"ANDRE MARSILIO CARVALHO E PINHO";"ANDRE MARSILIO";"#NULO#";"76363082234";"#NULO#";12;"APTO";"PARTIDO ISOLADO";65;"PC do B";"PARTIDO COMUNISTA DO BRASIL";-1;"#NULO#";"#NULO#";"#NULO#";40000000051;"PARTIDO ISOLADO";"PC do B";"AM";"22/11/1985";"022685792208";2;"MASCULINO";6;"ENSINO MÉDIO COMPLETO";1;"SOLTEIRO(A)";"03";"PARDA";999;"OUTROS";5;"SUPLENTE"
"23/06/2021";"18:50:53";2014;2;"ELEIÇÃO ORDINÁRIA";1;143;"Eleições Gerais 2014";"05/10/2014";"FEDERAL";"AM";"AM";"AMAZONAS";7;"DEPUTADO ESTADUAL";40000000885;33036;"NAYARA SILVA DE OLIVEIRA";"NAYARA";"#NULO#";"89388330200";"PMN33AMAZONAS@GMAIL.COM";3;"INAPTO";"PARTIDO ISOLADO";33;"PMN";"PARTIDO DA MOBILIZAÇÃO NACIONAL";-1;"#NULO#";"#NULO#";"#NULO#";40000000059;"PARTIDO ISOLADO";"PMN";"AM";"22/07/1979";"017731852224";4;"FEMININO";4;"ENSINO FUNDAMENTAL COMPLETO";3;"CASADO(A)";"03";"PARDA";999;"OUTROS";-1;"#NULO#"
"23/06/2021";"18:50:53";2014;2;"ELEIÇÃO ORDINÁRIA";1;143;"Eleições Gerais 2014";"05/10/2014";"FEDERAL";"AM";"AM";"AMAZONAS";6;"DEPUTADO FEDERAL";40000000084;1030;"ANTONIA NIELE DA COSTA SILVA";"NIELE SILVA";"#NULO#";"68331290291";"#NULO#";12;"APTO";"COLIGAÇÃO";10;"PRB";"PARTIDO REPUBLICANO BRASILEIRO";-1;"#NULO#";"#NULO#";"#NULO#";40000000022;"RENOVAÇÃO E EXPERIÊNCIA";"PMDB / PP / PT / PDT / PTB / PPS / PRB / PSDC / PPL / PC do B";"AM";"14/01/1981";"018886032259";4;"FEMININO";6;"ENSINO MÉDIO COMPLETO";3;"CASADO(A)";"03";"PARDA";257;"EMPRESÁRIO";5;"SUPLENTE"
"23/06/2021";"18:50:53";2014;2;"ELEIÇÃO ORDINÁRIA";1;143;"Eleições Gerais 2014";"05/10/2014";"FEDERAL";"AM";"AM";"AMAZONAS";7;"DEPUTADO ESTADUAL";40000000555;65010;"YANN EVANOVICK LEITAO FURTADO";"YANN";"#NULO#";"00106621203";"YANNJUVENTUDE@GMAIL.COM";12;"APTO";"PARTIDO ISOLADO";65;"PC do B";"PARTIDO COMUNISTA DO BRASIL";-1;"#NULO#";"#NULO#";"#NULO#";40000000051;"PARTIDO ISOLADO";"PC do B";"AM";"09/07/1990";"033171522216";2;"MASCULINO";7;"SUPERIOR INCOMPLETO";3;"CASADO(A)";"03";"PARDA";999;"OUTROS";5;"SUPLENTE"
"23/06/2021";"18:50:53";2014;2;"ELEIÇÃO ORDINÁRIA";1;143;"Eleições Gerais 2014";"05/10/2014";"FEDERAL";"AM";"AM";"AMAZONAS";7;"DEPUTADO ESTADUAL";40000001061;70123;"EDILSON BARROSO DA COSTA";"MISS. EDILSON HAYLANDER";"#NULO#";"60373105215";"EDILSONHAYLANDER@HOTMAIL.COM";12;"APTO";"COLIGAÇÃO";70;"PT do B";"PARTIDO TRABALHISTA DO BRASIL";-1;"#NULO#";"#NULO#";"#NULO#";40000000053;"FAZENDO MAIS POR NOSSA GENTE III";"PR / PT do B / PSL / SD / PRP";"AM";"06/12/1975";"015165042232";2;"MASCULINO";7;"SUPERIOR INCOMPLETO";3;"CASADO(A)";"03";"PARDA";166;"LOCUTOR E COMENTARISTA DE RÁDIO E TELEVISÃO E RADIALISTA";5;"SUPLENTE"
"23/06/2021";"18:50:53";2014;2;"ELEIÇÃO ORDINÁRIA";1;143;"Eleições Gerais 2014";"05/10/2014";"FEDERAL";"AM";"AM";"AMAZONAS";7;"DEPUTADO ESTADUAL";40000000210;23045;"GIEZE DA SILVA CORREA";"GIEZE";"#NULO#";"43658962291";"#NULO#";12;"APTO";"COLIGAÇÃO";23;"PPS";"PARTIDO POPULAR SOCIALISTA";-1;"#NULO#";"#NULO#";"#NULO#";40000000043;"Renovação e Coragem";"PPS / PDT";"AM";"21/02/1991";"003648722291";4;"FEMININO";6;"ENSINO MÉDIO COMPLETO";3;"CASADO(A)";"03";"PARDA";134;"ASSISTENTE SOCIAL";5;"SUPLENTE"
"23/06/2021";"18:50:53";2014;2;"ELEIÇÃO ORDINÁRIA";1;143;"Eleições Gerais 2014";"05/10/2014";"FEDERAL";"AM";"AM";"AMAZONAS";7;"DEPUTADO ESTADUAL";40000000022;19333;"AFRÂNIO PEREIRA JUNIOR";"MAJOR AFRÂNIO";"#NULO#";"07687460278";"#NULO#";12;"APTO";"COLIGAÇÃO";19;"PTN";"PARTIDO TRABALHISTA NACIONAL";-1;"#NULO#";"#NULO#";"#NULO#";40000000021;"FAZENDO MAIS PELA NOSSA GENTE 5";"PTN / PRTB";"AM";"25/01/1960";"000957112291";2;"MASCULINO";8;"SUPERIOR COMPLETO";3;"CASADO(A)";"01";"BRANCA";233;"POLICIAL MILITAR";5;"SUPLENTE"
"23/06/2021";"18:50:53";2014;2;"ELEIÇÃO ORDINÁRIA";1;143;"Eleições Gerais 2014";"05/10/2014";"FEDERAL";"AM";"AM";"AMAZONAS";7;"DEPUTADO ESTADUAL";40000000467;25951;"JANETE SANTOS DE AQUINO";"JANETE AQUINO";"#NULO#";"63525704291";"#NULO#";3;"INAPTO";"COLIGAÇÃO";25;"DEM";"DEMOCRATAS";-1;"#NULO#";"#NULO#";"#NULO#";40000000048;"FAZENDO MAIS POR NOSSA GENTE II";"DEM / PATRIOTA / PHS";"AM";"16/12/1978";"018864932275";4;"FEMININO";6;"ENSINO MÉDIO COMPLETO";1;"SOLTEIRO(A)";"03";"PARDA";243;"TÉCNICO DE ENFERMAGEM E ASSEMELHADOS (EXCETO ENFERMEIRO)";-1;"#NULO#"
"23/06/2021";"18:50:53";2014;2;"ELEIÇÃO ORDINÁRIA";1;143;"Eleições Gerais 2014";"05/10/2014";"FEDERAL";"AM";"AM";"AMAZONAS";7;"DEPUTADO ESTADUAL";40000000159;14014;"LUZENILSO NASCIMENTO DE SOUZA";"NILSON NASCIMENTO";"#NULO#";"41673999204";"NILSON.NASCIMENTO72@HOTMAIL.COM";12;"APTO";"COLIGAÇÃO";14;"PTB";"PARTIDO TRABALHISTA BRASILEIRO";-1;"#NULO#";"#NULO#";"#NULO#";40000000023;"RENOVAÇÃO E EXPERIÊNCIA 1";"PMDB / PP / PT / PTB / PRB";"AM";"05/02/1972";"010553692208";2;"MASCULINO";6;"ENSINO MÉDIO COMPLETO";1;"SOLTEIRO(A)";"03";"PARDA";999;"OUTROS";5;"SUPLENTE"
"23/06/2021";"18:50:53";2014;2;"ELEIÇÃO ORDINÁRIA";1;143;"Eleições Gerais 2014";"05/10/2014";"FEDERAL";"AM";"AM";"AMAZONAS";7;"DEPUTADO ESTADUAL";40000000061;19123;"VITOR GOMES MONTEIRO";"DR. VITOR";"#NULO#";"06843239234";"DRVITORMONTEIRO@HOTMAIL.COM";12;"APTO";"COLIGAÇÃO";19;"PTN";"PARTIDO TRABALHISTA NACIONAL";-1;"#NULO#";"#NULO#";"#NULO#";40000000021;"FAZENDO MAIS PELA NOSSA GENTE 5";"PTN / PRTB";"AM";"26/12/1954";"004443952208";2;"MASCULINO";8;"SUPERIOR COMPLETO";3;"CASADO(A)";"03";"PARDA";111;"MÉDICO";5;"SUPLENTE"
"23/06/2021";"18:50:53";2014;2;"ELEIÇÃO ORDINÁRIA";1;143;"Eleições Gerais 2014";"05/10/2014";"FEDERAL";"AM";"AM";"AMAZONAS";7;"DEPUTADO ESTADUAL";40000000609;40777;"AURICELIO ROSEVELT SAMPAIO DA COSTA";"AURICELIO SAMPAIO";"#NULO#";"67949118253";"ELEICAO2014@PSBAM.ORG.BR";12;"APTO";"PARTIDO ISOLADO";40;"PSB";"PARTIDO SOCIALISTA BRASILEIRO";-1;"#NULO#";"#NULO#";"#NULO#";40000000052;"PARTIDO ISOLADO";"PSB";"AM";"09/04/1981";"019854172208";2;"MASCULINO";6;"ENSINO MÉDIO COMPLETO";1;"SOLTEIRO(A)";"03";"PARDA";298;"SERVIDOR PÚBLICO MUNICIPAL";5;"SUPLENTE"
"23/06/2021";"18:50:53";2014;2;"ELEIÇÃO ORDINÁRIA";1;143;"Eleições Gerais 2014";"05/10/2014";"FEDERAL";"AM";"AM";"AMAZONAS";6;"DEPUTADO FEDERAL";40000000356;5525;"ATILA SIDNEY LINS DE ALBUQUERQUE";"ATILA LINS";"#NULO#";"00694584215";"ADVOCACIA@MARIABENIGNO.COM";12;"APTO";"COLIGAÇÃO";55;"PSD";"PARTIDO SOCIAL DEMOCRÁTICO";-1;"#NULO#";"#NULO#";"#NULO#";40000000046;"FAZENDO MAIS POR NOSSA GENTE 1.";"PROS / DEM / PSDB / PR / PTN / PSC / PT do B / PTC / PRTB / PATRIOTA / PV / PHS / PSL / PSD / SD";"AM";"22/11/1950";"004225492208";2;"MASCULINO";8;"SUPERIOR COMPLETO";3;"CASADO(A)";"03";"PARDA";277;"DEPUTADO";3;"ELEITO POR MÉDIA"
"23/06/2021";"18:50:53";2014;2;"ELEIÇÃO ORDINÁRIA";1;143;"Eleições Gerais 2014";"05/10/2014";"FEDERAL";"AM";"AM";"AMAZONAS";7;"DEPUTADO ESTADUAL";40000000010;16002;"JOÃO LUIZ DA SILVA";"LIGEIRINHO";"#NULO#";"13561022200";"#NULO#";12;"APTO";"PARTIDO ISOLADO";16;"PSTU";"PARTIDO SOCIALISTA DOS TRABALHADORES UNIFICADO";-1;"#NULO#";"#NULO#";"#NULO#";40000000001;"PARTIDO ISOLADO";"PSTU";"AM";"18/04/1957";"001887542283";2;"MASCULINO";4;"ENSINO FUNDAMENTAL COMPLETO";3;"CASADO(A)";"02";"PRETA";713;"CARPINTEIRO, MARCENEIRO E ASSEMELHADOS";4;"NÃO ELEITO"
"23/06/2021";"18:50:53";2014;2;"ELEIÇÃO ORDINÁRIA";1;143;"Eleições Gerais 2014";"05/10/2014";"FEDERAL";"AM";"AM";"AMAZONAS";7;"DEPUTADO ESTADUAL";40000000503;55000;"FAUSTO DE SOUZA NETO";"FAUSTO SOUZA";"#NULO#";"05393884249";"#NULO#";12;"APTO";"COLIGAÇÃO";55;"PSD";"PARTIDO SOCIAL DEMOCRÁTICO";-1;"#NULO#";"#NULO#";"#NULO#";40000000050;"FAZENDO MAIS POR NOSSA GENTE 1";"PROS / PSD / PSDB / PSC";"AM";"07/04/1951";"000047652216";2;"MASCULINO";8;"SUPERIOR COMPLETO";3;"CASADO(A)";"03";"PARDA";277;"DEPUTADO";5;"SUPLENTE"
"23/06/2021";"18:50:53";2014;2;"ELEIÇÃO ORDINÁRIA";1;143;"Eleições Gerais 2014";"05/10/2014";"FEDERAL";"AM";"AM";"AMAZONAS";7;"DEPUTADO ESTADUAL";40000000684;17000;"SANNER SANTOS COSTA DA SILVA";"SANNER COSTA";"#NULO#";"27366421200";"#NULO#";3;"INAPTO";"COLIGAÇÃO";17;"PSL";"PARTIDO SOCIAL LIBERAL";-1;"#NULO#";"#NULO#";"#NULO#";40000000053;"FAZENDO MAIS POR NOSSA GENTE III";"PR / PT do B / PSL / SD / PRP";"AM";"09/02/1965";"013052402232";2;"MASCULINO";6;"ENSINO MÉDIO COMPLETO";3;"CASADO(A)";"03";"PARDA";169;"COMERCIANTE";-1;"#NULO#"
"23/06/2021";"18:50:53";2014;2;"ELEIÇÃO ORDINÁRIA";1;143;"Eleições Gerais 2014";"05/10/2014";"FEDERAL";"AM";"AM";"AMAZONAS";6;"DEPUTADO FEDERAL";40000000081;1414;"RAIMUNDO SABINO CASTELO BRANCO MAUES";"SABINO CASTELO BRANCO";"#NULO#";"22949461204";"AMPTB@ORG.BR";12;"APTO";"COLIGAÇÃO";14;"PTB";"PARTIDO TRABALHISTA BRASILEIRO";-1;"#NULO#";"#NULO#";"#NULO#";40000000022;"RENOVAÇÃO E EXPERIÊNCIA";"PMDB / PP / PT / PDT / PTB / PPS / PRB / PSDC / PPL / PC do B";"AM";"31/08/1964";"005068862208";2;"MASCULINO";7;"SUPERIOR INCOMPLETO";3;"CASADO(A)";"03";"PARDA";277;"DEPUTADO";5;"SUPLENTE"
"23/06/2021";"18:50:53";2014;2;"ELEIÇÃO ORDINÁRIA";1;143;"Eleições Gerais 2014";"05/10/2014";"FEDERAL";"AM";"AM";"AMAZONAS";6;"DEPUTADO FEDERAL";40000000340;1900;"LUIS FELIPE SILVA DE SOUZA";"FELIPE SOUZA";"#NULO#";"38487365272";"#NULO#";12;"APTO";"COLIGAÇÃO";19;"PTN";"PARTIDO TRABALHISTA NACIONAL";-1;"#NULO#";"#NULO#";"#NULO#";40000000046;"FAZENDO MAIS POR NOSSA GENTE 1.";"PROS / DEM / PSDB / PR / PTN / PSC / PT do B / PTC / PRTB / PATRIOTA / PV / PHS / PSL / PSD / SD";"AM";"04/10/1971";"011055762267";2;"MASCULINO";8;"SUPERIOR COMPLETO";3;"CASADO(A)";"03";"PARDA";257;"EMPRESÁRIO";5;"SUPLENTE"
"23/06/2021";"18:50:53";2014;2;"ELEIÇÃO ORDINÁRIA";1;143;"Eleições Gerais 2014";"05/10/2014";"FEDERAL";"AM";"AM";"AMAZONAS";9;"1º SUPLENTE";40000000009;161;"VILDILENE CRUZ DA ROCHA";"VILDILENE ROCHA";"#NULO#";"41607120291";"VILDILENECRUZ@HOTMAIL.COM";12;"APTO";"PARTIDO ISOLADO";16;"PSTU";"PARTIDO SOCIALISTA DOS TRABALHADORES UNIFICADO";-1;"#NULO#";"#NULO#";"#NULO#";40000000001;"PARTIDO ISOLADO";"PSTU";"AM";"06/03/1972";"046974110833";4;"FEMININO";7;"SUPERIOR INCOMPLETO";9;"DIVORCIADO(A)";"03";"PARDA";512;"CABELEIREIRO E BARBEIRO";4;"NÃO ELEITO"
"23/06/2021";"18:50:53";2014;2;"ELEIÇÃO ORDINÁRIA";1;143;"Eleições Gerais 2014";"05/10/2014";"FEDERAL";"AM";"AM";"AMAZONAS";7;"DEPUTADO ESTADUAL";40000000203;12777;"SALOMÃO SOZINHO VALENTE";"SALOMÃO VALENTE";"#NULO#";"33631425287";"SALOMAOVALENTE@HOTMAIL.COM";12;"APTO";"COLIGAÇÃO";12;"PDT";"PARTIDO DEMOCRÁTICO TRABALHISTA";-1;"#NULO#";"#NULO#";"#NULO#";40000000043;"Renovação e Coragem";"PPS / PDT";"AM";"06/11/1968";"013000062232";2;"MASCULINO";7;"SUPERIOR INCOMPLETO";3;"CASADO(A)";"03";"PARDA";297;"SERVIDOR PÚBLICO ESTADUAL";5;"SUPLENTE"
"23/06/2021";"18:50:53";2014;1;"ELEIÇÃO SUPLEMENTAR";1;268;"Eleição Suplementar Governador AM";"06/08/2017";"ESTADUAL";"AM";"AM";"AMAZONAS";3;"GOVERNADOR";40000012067;12;"AMAZONINO ARMANDO MENDES";"AMAZONINO MENDES";"#NULO#";"00164828249";"PDT.AM12@GMAIL.COM";12;"APTO";"COLIGAÇÃO";12;"PDT";"PARTIDO DEMOCRÁTICO TRABALHISTA";-1;"#NULO#";"#NULO#";"#NULO#";40000000786;"MOVIMENTO PELA RECONSTRUÇÃO DO AMAZONAS";"PDT / DEM / PV / PSDB / PSD / PRB / PSC";"AM";"16/11/1939";"004464322208";2;"MASCULINO";8;"SUPERIOR COMPLETO";5;"VIÚVO(A)";"03";"PARDA";131;"ADVOGADO";6;"2º TURNO"
"23/06/2021";"18:50:53";2014;2;"ELEIÇÃO ORDINÁRIA";1;143;"Eleições Gerais 2014";"05/10/2014";"FEDERAL";"AM";"AM";"AMAZONAS";7;"DEPUTADO ESTADUAL";40000000027;19100;"ANTONIO DALMIR BEZERRA SALAZAR";"DALMIR SALAZAR";"#NULO#";"63869608234";"DALMIRSALAZAR@HOTMAIL.COM";12;"APTO";"COLIGAÇÃO";19;"PTN";"PARTIDO TRABALHISTA NACIONAL";-1;"#NULO#";"#NULO#";"#NULO#";40000000021;"FAZENDO MAIS PELA NOSSA GENTE 5";"PTN / PRTB";"MA";"15/06/1979";"018490842208";2;"MASCULINO";8;"SUPERIOR COMPLETO";3;"CASADO(A)";"03";"PARDA";265;"PROFESSOR DE ENSINO FUNDAMENTAL";5;"SUPLENTE"
"23/06/2021";"18:50:53";2014;2;"ELEIÇÃO ORDINÁRIA";1;143;"Eleições Gerais 2014";"05/10/2014";"FEDERAL";"AM";"AM";"AMAZONAS";7;"DEPUTADO ESTADUAL";40000000584;65444;"MARLEANY DA SILVA SOARES";"MARLEANY SOARES";"#NULO#";"68883919220";"#NULO#";12;"APTO";"PARTIDO ISOLADO";65;"PC do B";"PARTIDO COMUNISTA DO BRASIL";-1;"#NULO#";"#NULO#";"#NULO#";40000000051;"PARTIDO ISOLADO";"PC do B";"AM";"07/10/1977";"018840462291";4;"FEMININO";6;"ENSINO MÉDIO COMPLETO";1;"SOLTEIRO(A)";"03";"PARDA";206;"INDUSTRIAL";5;"SUPLENTE"
"23/06/2021";"18:50:53";2014;2;"ELEIÇÃO ORDINÁRIA";1;143;"Eleições Gerais 2014";"05/10/2014";"FEDERAL";"AM";"AM";"AMAZONAS";7;"DEPUTADO ESTADUAL";40000000926;50650;"DIETRICH ESMAILE TEIXEIRA MENDES";"DIETRICH ESMAILE";"#NULO#";"01796731730";"ANJO_XZ@YAHOO.COM.BR";12;"APTO";"PARTIDO ISOLADO";50;"PSOL";"PARTIDO SOCIALISMO E LIBERDADE";-1;"#NULO#";"#NULO#";"#NULO#";40000000054;"PARTIDO ISOLADO";"PSOL";"RJ";"30/12/1970";"078960600361";2;"MASCULINO";8;"SUPERIOR COMPLETO";3;"CASADO(A)";"01";"BRANCA";999;"OUTROS";4;"NÃO ELEITO"
"23/06/2021";"18:50:53";2014;2;"ELEIÇÃO ORDINÁRIA";1;143;"Eleições Gerais 2014";"05/10/2014";"FEDERAL";"AM";"AM";"AMAZONAS";7;"DEPUTADO ESTADUAL";40000000063;19017;"CRISLENE GONÇALVES GUIMARAES";"CRIS GONÇALVES";"#NULO#";"33736499272";"#NULO#";12;"APTO";"COLIGAÇÃO";19;"PTN";"PARTIDO TRABALHISTA NACIONAL";-1;"#NULO#";"#NULO#";"#NULO#";40000000021;"FAZENDO MAIS PELA NOSSA GENTE 5";"PTN / PRTB";"AM";"22/01/1970";"011445872240";4;"FEMININO";8;"SUPERIOR COMPLETO";1;"SOLTEIRO(A)";"01";"BRANCA";999;"OUTROS";5;"SUPLENTE"
"23/06/2021";"18:50:53";2014;2;"ELEIÇÃO ORDINÁRIA";1;143;"Eleições Gerais 2014";"05/10/2014";"FEDERAL";"AM";"AM";"AMAZONAS";7;"DEPUTADO ESTADUAL";40000000126;15000;"AYRTON FERREIRA DO NORTE";"CORONEL NORTE";"#NULO#";"29060249291";"TCNORTE@GMAIL.COM";12;"APTO";"COLIGAÇÃO";15;"PMDB";"PARTIDO DO MOVIMENTO DEMOCRÁTICO BRASILEIRO";-1;"#NULO#";"#NULO#";"#NULO#";40000000023;"RENOVAÇÃO E EXPERIÊNCIA 1";"PMDB / PP / PT / PTB / PRB";"AM";"13/01/1968";"005281182208";2;"MASCULINO";8;"SUPERIOR COMPLETO";3;"CASADO(A)";"01";"BRANCA";233;"POLICIAL MILITAR";5;"SUPLENTE"
"23/06/2021";"18:50:53";2014;2;"ELEIÇÃO ORDINÁRIA";1;143;"Eleições Gerais 2014";"05/10/2014";"FEDERAL";"AM";"AM";"AMAZONAS";7;"DEPUTADO ESTADUAL";40000000529;45005;"CARLOS ALBERTO RODRIGUES DE SOUZA";"DR. CARLOS RODRIGUES";"#NULO#";"06138764234";"#NULO#";12;"APTO";"COLIGAÇÃO";45;"PSDB";"PARTIDO DA SOCIAL DEMOCRACIA BRASILEIRA";-1;"#NULO#";"#NULO#";"#NULO#";40000000050;"FAZENDO MAIS POR NOSSA GENTE 1";"PROS / PSD / PSDB / PSC";"AM";"27/05/1954";"002430842232";2;"MASCULINO";8;"SUPERIOR COMPLETO";9;"DIVORCIADO(A)";"03";"PARDA";114;"FISIOTERAPEUTA E TERAPEUTA OCUPACIONAL";5;"SUPLENTE"
"23/06/2021";"18:50:53";2014;2;"ELEIÇÃO ORDINÁRIA";1;143;"Eleições Gerais 2014";"05/10/2014";"FEDERAL";"AM";"AM";"AMAZONAS";6;"DEPUTADO FEDERAL";40000000755;4455;"RIGOCELIA COSTA";"MULHER DE BRANCO";"#NULO#";"84030623891";"#NULO#";12;"APTO";"PARTIDO ISOLADO";44;"PRP";"PARTIDO REPUBLICANO PROGRESSISTA";-1;"#NULO#";"#NULO#";"#NULO#";40000000055;"PARTIDO ISOLADO";"PRP";"AM";"11/10/1948";"001592382267";4;"FEMININO";6;"ENSINO MÉDIO COMPLETO";1;"SOLTEIRO(A)";"03";"PARDA";536;"TAXISTA";4;"NÃO ELEITO"
"23/06/2021";"18:50:53";2014;2;"ELEIÇÃO ORDINÁRIA";1;143;"Eleições Gerais 2014";"05/10/2014";"FEDERAL";"AM";"AM";"AMAZONAS";7;"DEPUTADO ESTADUAL";40000000220;23023;"LIBERMAN BICHARA MORENO";"LIBERMAN MORENO";"#NULO#";"02226561234";"#NULO#";12;"APTO";"COLIGAÇÃO";23;"PPS";"PARTIDO POPULAR SOCIALISTA";-1;"#NULO#";"#NULO#";"#NULO#";40000000043;"Renovação e Coragem";"PPS / PDT";"AM";"05/03/1950";"004530042275";2;"MASCULINO";8;"SUPERIOR COMPLETO";3;"CASADO(A)";"03";"PARDA";999;"OUTROS";5;"SUPLENTE"
"23/06/2021";"18:50:53";2014;2;"ELEIÇÃO ORDINÁRIA";1;143;"Eleições Gerais 2014";"05/10/2014";"FEDERAL";"AM";"AM";"AMAZONAS";7;"DEPUTADO ESTADUAL";40000000463;25256;"MARIA DO PERPETUO SOCORRO DE FREITAS FERREIRA";"SOCORRO FREITAS";"#NULO#";"27558762200";"#NULO#";12;"APTO";"COLIGAÇÃO";25;"DEM";"DEMOCRATAS";-1;"#NULO#";"#NULO#";"#NULO#";40000000048;"FAZENDO MAIS POR NOSSA GENTE II";"DEM / PATRIOTA / PHS";"AM";"30/11/1965";"001874192259";4;"FEMININO";6;"ENSINO MÉDIO COMPLETO";3;"CASADO(A)";"03";"PARDA";292;"AGENTE ADMINISTRATIVO";5;"SUPLENTE"
"23/06/2021";"18:50:53";2014;2;"ELEIÇÃO ORDINÁRIA";1;143;"Eleições Gerais 2014";"05/10/2014";"FEDERAL";"AM";"AM";"AMAZONAS";7;"DEPUTADO ESTADUAL";40000000240;43100;"FELIX DE MELO FERREIRA";"DR. FELIX FERREIRA";"#NULO#";"24121355253";"FELIXFERREIRA.ADV.ASSOCIADOS@GMAIL.COM";12;"APTO";"COLIGAÇÃO";43;"PV";"PARTIDO VERDE";-1;"#NULO#";"#NULO#";"#NULO#";40000000044;"JUNTOS PELO POVO";"PV / PTC";"AC";"25/10/1965";"011041902208";2;"MASCULINO";8;"SUPERIOR COMPLETO";3;"CASADO(A)";"01";"BRANCA";131;"ADVOGADO";5;"SUPLENTE"
"23/06/2021";"18:50:53";2014;2;"ELEIÇÃO ORDINÁRIA";1;143;"Eleições Gerais 2014";"05/10/2014";"FEDERAL";"AM";"AM";"AMAZONAS";7;"DEPUTADO ESTADUAL";40000000735;50515;"CARMEM CINIRA PACHECO SALES";"CARMEM PACHECO";"#NULO#";"33696071234";"CARMINHAPACHECCO@GMAIL.COM";3;"INAPTO";"PARTIDO ISOLADO";50;"PSOL";"PARTIDO SOCIALISMO E LIBERDADE";-1;"#NULO#";"#NULO#";"#NULO#";40000000054;"PARTIDO ISOLADO";"PSOL";"AM";"20/08/1971";"011044262283";4;"FEMININO";8;"SUPERIOR COMPLETO";1;"SOLTEIRO(A)";"03";"PARDA";297;"SERVIDOR PÚBLICO ESTADUAL";4;"NÃO ELEITO"
"23/06/2021";"18:50:53";2014;2;"ELEIÇÃO ORDINÁRIA";1;143;"Eleições Gerais 2014";"05/10/2014";"FEDERAL";"AM";"AM";"AMAZONAS";7;"DEPUTADO ESTADUAL";40000000130;10321;"ANDRE JULIO SILVA OLIVEIRA";"ANDRE OLIVEIRA";"#NULO#";"57067252253";"ESTADUALPRB10.AM@HOTMAIL.COM";12;"APTO";"COLIGAÇÃO";10;"PRB";"PARTIDO REPUBLICANO BRASILEIRO";-1;"#NULO#";"#NULO#";"#NULO#";40000000023;"RENOVAÇÃO E EXPERIÊNCIA 1";"PMDB / PP / PT / PTB / PRB";"AM";"14/12/1975";"014966262232";2;"MASCULINO";7;"SUPERIOR INCOMPLETO";3;"CASADO(A)";"01";"BRANCA";999;"OUTROS";5;"SUPLENTE"
"23/06/2021";"18:50:53";2014;2;"ELEIÇÃO ORDINÁRIA";1;143;"Eleições Gerais 2014";"05/10/2014";"FEDERAL";"AM";"AM";"AMAZONAS";7;"DEPUTADO ESTADUAL";40000000623;40307;"DANIELLE DA SILVA GOMES";"DANIELLE GOMES";"#NULO#";"89991206272";"#NULO#";12;"APTO";"PARTIDO ISOLADO";40;"PSB";"PARTIDO SOCIALISTA BRASILEIRO";-1;"#NULO#";"#NULO#";"#NULO#";40000000052;"PARTIDO ISOLADO";"PSB";"AM";"12/07/1987";"023817482283";4;"FEMININO";8;"SUPERIOR COMPLETO";1;"SOLTEIRO(A)";"03";"PARDA";297;"SERVIDOR PÚBLICO ESTADUAL";5;"SUPLENTE"
"23/06/2021";"18:50:53";2014;2;"ELEIÇÃO ORDINÁRIA";1;143;"Eleições Gerais 2014";"05/10/2014";"FEDERAL";"AM";"AM";"AMAZONAS";7;"DEPUTADO ESTADUAL";40000000688;44490;"ALCIMAR JOSE GARCIA";"ALCIMAR GARCIA DE EIRUNEPÉ";"#NULO#";"13400649287";"ERN.SERV.CONST@HOTMAIL.COM";3;"INAPTO";"COLIGAÇÃO";44;"PRP";"PARTIDO REPUBLICANO PROGRESSISTA";-1;"#NULO#";"#NULO#";"#NULO#";40000000053;"FAZENDO MAIS POR NOSSA GENTE III";"PR / PT do B / PSL / SD / PRP";"AM";"09/01/1961";"004753582259";2;"MASCULINO";6;"ENSINO MÉDIO COMPLETO";1;"SOLTEIRO(A)";"03";"PARDA";257;"EMPRESÁRIO";-1;"#NULO#"
"23/06/2021";"18:50:53";2014;2;"ELEIÇÃO ORDINÁRIA";1;143;"Eleições Gerais 2014";"05/10/2014";"FEDERAL";"AM";"AM";"AMAZONAS";7;"DEPUTADO ESTADUAL";40000000790;27963;"ARLES LUIS FERREIRA DOS SANTOS";"ARLES LUIS";"#NULO#";"46404570220";"#NULO#";12;"APTO";"COLIGAÇÃO";27;"PSDC";"PARTIDO SOCIAL DEMOCRATA CRISTÃO";-1;"#NULO#";"#NULO#";"#NULO#";40000000056;"RENOVAÇÃO E EXPERIÊNCIA 2";"PSDC / PPL";"PA";"23/02/1972";"013197492259";2;"MASCULINO";8;"SUPERIOR COMPLETO";3;"CASADO(A)";"03";"PARDA";257;"EMPRESÁRIO";4;"NÃO ELEITO"
"23/06/2021";"18:50:53";2014;2;"ELEIÇÃO ORDINÁRIA";1;143;"Eleições Gerais 2014";"05/10/2014";"FEDERAL";"AM";"AM";"AMAZONAS";7;"DEPUTADO ESTADUAL";40000000459;31123;"DÊNIS ALMEIDA DOS SANTOS";"DR. DÊNIS";"#NULO#";"34323783272";"#NULO#";12;"APTO";"COLIGAÇÃO";31;"PHS";"PARTIDO HUMANISTA DA SOLIDARIEDADE";-1;"#NULO#";"#NULO#";"#NULO#";40000000048;"FAZENDO MAIS POR NOSSA GENTE II";"DEM / PATRIOTA / PHS";"AM";"19/12/1968";"010963732216";2;"MASCULINO";8;"SUPERIOR COMPLETO";1;"SOLTEIRO(A)";"03";"PARDA";296;"SERVIDOR PÚBLICO FEDERAL";5;"SUPLENTE"
"23/06/2021";"18:50:53";2014;2;"ELEIÇÃO ORDINÁRIA";1;143;"Eleições Gerais 2014";"05/10/2014";"FEDERAL";"AM";"AM";"AMAZONAS";7;"DEPUTADO ESTADUAL";40000000208;23234;"EDVAR DA SILVA NUNES JUNIOR";"JUNIOR NUNES";"#NULO#";"01027089240";"JUNIORNUNES@LIVE.COM";12;"APTO";"COLIGAÇÃO";23;"PPS";"PARTIDO POPULAR SOCIALISTA";-1;"#NULO#";"#NULO#";"#NULO#";40000000043;"Renovação e Coragem";"PPS / PDT";"GO";"12/08/1990";"033427762232";2;"MASCULINO";7;"SUPERIOR INCOMPLETO";3;"CASADO(A)";"01";"BRANCA";257;"EMPRESÁRIO";5;"SUPLENTE"
"23/06/2021";"18:50:53";2014;2;"ELEIÇÃO ORDINÁRIA";1;143;"Eleições Gerais 2014";"05/10/2014";"FEDERAL";"AM";"AM";"AMAZONAS";7;"DEPUTADO ESTADUAL";40000000202;12334;"ROSA MARIA DE SOUZA NAZARE";"ROSA MARIA";"#NULO#";"05499453268";"#NULO#";12;"APTO";"COLIGAÇÃO";12;"PDT";"PARTIDO DEMOCRÁTICO TRABALHISTA";-1;"#NULO#";"#NULO#";"#NULO#";40000000043;"Renovação e Coragem";"PPS / PDT";"AM";"29/03/1957";"002226042291";4;"FEMININO";4;"ENSINO FUNDAMENTAL COMPLETO";1;"SOLTEIRO(A)";"03";"PARDA";999;"OUTROS";5;"SUPLENTE"
"23/06/2021";"18:50:53";2014;2;"ELEIÇÃO ORDINÁRIA";1;143;"Eleições Gerais 2014";"05/10/2014";"FEDERAL";"AM";"AM";"AMAZONAS";7;"DEPUTADO ESTADUAL";40000000447;31234;"ORLANDO LIMA BARROS";"ORLANDO BARROS";"#NULO#";"33756520200";"#NULO#";12;"APTO";"COLIGAÇÃO";31;"PHS";"PARTIDO HUMANISTA DA SOLIDARIEDADE";-1;"#NULO#";"#NULO#";"#NULO#";40000000048;"FAZENDO MAIS POR NOSSA GENTE II";"DEM / PATRIOTA / PHS";"AM";"12/05/1967";"003446242275";2;"MASCULINO";8;"SUPERIOR COMPLETO";1;"SOLTEIRO(A)";"03";"PARDA";257;"EMPRESÁRIO";5;"SUPLENTE"
"23/06/2021";"18:50:53";2014;2;"ELEIÇÃO ORDINÁRIA";1;143;"Eleições Gerais 2014";"05/10/2014";"FEDERAL";"AM";"AM";"AMAZONAS";6;"DEPUTADO FEDERAL";40000000617;4044;"ROBERTO AUGUSTO RODRIGUES CAMPAINHA";"ROBERTO CAMPAINHA";"#NULO#";"02666669220";"R_CAMPAINHA@HOTMAIL.COM";12;"APTO";"PARTIDO ISOLADO";40;"PSB";"PARTIDO SOCIALISTA BRASILEIRO";-1;"#NULO#";"#NULO#";"#NULO#";40000000052;"PARTIDO ISOLADO";"PSB";"AM";"17/09/1950";"001449992208";2;"MASCULINO";8;"SUPERIOR COMPLETO";3;"CASADO(A)";"03";"PARDA";297;"SERVIDOR PÚBLICO ESTADUAL";4;"NÃO ELEITO"
"23/06/2021";"18:50:53";2014;2;"ELEIÇÃO ORDINÁRIA";1;143;"Eleições Gerais 2014";"05/10/2014";"FEDERAL";"AM";"AM";"AMAZONAS";7;"DEPUTADO ESTADUAL";40000000630;40040;"ELIAS EMANUEL REBOUÇAS DE LIMA";"ELIAS EMANUEL";"#NULO#";"27539849215";"#NULO#";12;"APTO";"PARTIDO ISOLADO";40;"PSB";"PARTIDO SOCIALISTA BRASILEIRO";-1;"#NULO#";"#NULO#";"#NULO#";40000000052;"PARTIDO ISOLADO";"PSB";"AM";"10/01/1967";"003097802232";2;"MASCULINO";8;"SUPERIOR COMPLETO";3;"CASADO(A)";"01";"BRANCA";278;"VEREADOR";5;"SUPLENTE"
"23/06/2021";"18:50:53";2014;2;"ELEIÇÃO ORDINÁRIA";1;143;"Eleições Gerais 2014";"05/10/2014";"FEDERAL";"AM";"AM";"AMAZONAS";6;"DEPUTADO FEDERAL";40000000085;1015;"NUBIA REGINA SOARES RODRIGUES";"NUBIA RODRIGUES";"#NULO#";"32179405200";"PRB10NUBIARODRIGUES@HOTMAIL.COM";12;"APTO";"COLIGAÇÃO";10;"PRB";"PARTIDO REPUBLICANO BRASILEIRO";-1;"#NULO#";"#NULO#";"#NULO#";40000000022;"RENOVAÇÃO E EXPERIÊNCIA";"PMDB / PP / PT / PDT / PTB / PPS / PRB / PSDC / PPL / PC do B";"AM";"24/06/1968";"010639142240";4;"FEMININO";7;"SUPERIOR INCOMPLETO";9;"DIVORCIADO(A)";"01";"BRANCA";125;"ADMINISTRADOR";5;"SUPLENTE"
"23/06/2021";"18:50:53";2014;2;"ELEIÇÃO ORDINÁRIA";1;143;"Eleições Gerais 2014";"05/10/2014";"FEDERAL";"AM";"AM";"AMAZONAS";7;"DEPUTADO ESTADUAL";40000000474;51123;"ANTÔNIO CESAR DANTAS AMARAL";"CESAR DANTAS";"#NULO#";"19363419215";"#NULO#";12;"APTO";"COLIGAÇÃO";51;"PATRIOTA";"PARTIDO ECOLÓGICO NACIONAL";-1;"#NULO#";"#NULO#";"#NULO#";40000000048;"FAZENDO MAIS POR NOSSA GENTE II";"DEM / PATRIOTA / PHS";"AM";"13/09/1962";"005258532275";2;"MASCULINO";8;"SUPERIOR COMPLETO";3;"CASADO(A)";"01";"BRANCA";257;"EMPRESÁRIO";5;"SUPLENTE"
"23/06/2021";"18:50:53";2014;2;"ELEIÇÃO ORDINÁRIA";1;143;"Eleições Gerais 2014";"05/10/2014";"FEDERAL";"AM";"AM";"AMAZONAS";7;"DEPUTADO ESTADUAL";40000000687;22345;"JUCIMAR FONSECA DA SILVA";"JUCIMAR FONSECA";"#NULO#";"65644638200";"#NULO#";12;"APTO";"COLIGAÇÃO";22;"PR";"PARTIDO DA REPÚBLICA";-1;"#NULO#";"#NULO#";"#NULO#";40000000053;"FAZENDO MAIS POR NOSSA GENTE III";"PR / PT do B / PSL / SD / PRP";"AM";"10/03/1979";"018953392259";2;"MASCULINO";8;"SUPERIOR COMPLETO";3;"CASADO(A)";"03";"PARDA";296;"SERVIDOR PÚBLICO FEDERAL";5;"SUPLENTE"
"23/06/2021";"18:50:53";2014;2;"ELEIÇÃO ORDINÁRIA";1;143;"Eleições Gerais 2014";"05/10/2014";"FEDERAL";"AM";"AM";"AMAZONAS";7;"DEPUTADO ESTADUAL";40000000217;23555;"JOSÉ RAILSON DE OLIVEIRA TORRES";"RAILSON TORRES";"#NULO#";"40522326234";"#NULO#";12;"APTO";"COLIGAÇÃO";23;"PPS";"PARTIDO POPULAR SOCIALISTA";-1;"#NULO#";"#NULO#";"#NULO#";40000000043;"Renovação e Coragem";"PPS / PDT";"AM";"15/07/1968";"011228202224";2;"MASCULINO";8;"SUPERIOR COMPLETO";1;"SOLTEIRO(A)";"03";"PARDA";999;"OUTROS";5;"SUPLENTE"
"23/06/2021";"18:50:53";2014;2;"ELEIÇÃO ORDINÁRIA";1;143;"Eleições Gerais 2014";"05/10/2014";"FEDERAL";"AM";"AM";"AMAZONAS";10;"2º SUPLENTE";40000000615;400;"ALEXANDRE DIAS BARBOSA";"ALEXANDRE BARBOSA";"#NULO#";"21483256200";"BARBOSA.A1@BOL.COM.BR";12;"APTO";"PARTIDO ISOLADO";40;"PSB";"PARTIDO SOCIALISTA BRASILEIRO";-1;"#NULO#";"#NULO#";"#NULO#";40000000052;"PARTIDO ISOLADO";"PSB";"AM";"25/08/1959";"001529602291";2;"MASCULINO";8;"SUPERIOR COMPLETO";3;"CASADO(A)";"01";"BRANCA";298;"SERVIDOR PÚBLICO MUNICIPAL";4;"NÃO ELEITO"
"23/06/2021";"18:50:53";2014;2;"ELEIÇÃO ORDINÁRIA";1;143;"Eleições Gerais 2014";"05/10/2014";"FEDERAL";"AM";"AM";"AMAZONAS";7;"DEPUTADO ESTADUAL";40000000714;50140;"VALDERLY RODRIGUES BEZERRA";"VAL DO TURISMO";"#NULO#";"51874555249";"VAL7RODRIGUES@GMAIL.COM";12;"APTO";"PARTIDO ISOLADO";50;"PSOL";"PARTIDO SOCIALISMO E LIBERDADE";-1;"#NULO#";"#NULO#";"#NULO#";40000000054;"PARTIDO ISOLADO";"PSOL";"AM";"17/12/1976";"017158002216";4;"FEMININO";6;"ENSINO MÉDIO COMPLETO";3;"CASADO(A)";"03";"PARDA";599;"GUIA DE TURISMO";4;"NÃO ELEITO"
"23/06/2021";"18:50:53";2014;2;"ELEIÇÃO ORDINÁRIA";1;143;"Eleições Gerais 2014";"05/10/2014";"FEDERAL";"AM";"AM";"AMAZONAS";7;"DEPUTADO ESTADUAL";40000000872;33456;"RANIEL FERNANDES DA COSTA";"RANIEL FERNANDES";"#NULO#";"41301382272";"PMN33AMAZONAS@GMAIL.COM";12;"APTO";"PARTIDO ISOLADO";33;"PMN";"PARTIDO DA MOBILIZAÇÃO NACIONAL";-1;"#NULO#";"#NULO#";"#NULO#";40000000059;"PARTIDO ISOLADO";"PMN";"AM";"28/07/1970";"011230442240";2;"MASCULINO";6;"ENSINO MÉDIO COMPLETO";3;"CASADO(A)";"03";"PARDA";257;"EMPRESÁRIO";4;"NÃO ELEITO"
"23/06/2021";"18:50:53";2014;2;"ELEIÇÃO ORDINÁRIA";1;143;"Eleições Gerais 2014";"05/10/2014";"FEDERAL";"AM";"AM";"AMAZONAS";6;"DEPUTADO FEDERAL";40000000747;4446;"ARMANDO ANDRADE ARAUJO";"DR. ARMANDO";"#NULO#";"11635100500";"GIL_LUCAS_2010@HOTMAIL.COM";12;"APTO";"PARTIDO ISOLADO";44;"PRP";"PARTIDO REPUBLICANO PROGRESSISTA";-1;"#NULO#";"#NULO#";"#NULO#";40000000055;"PARTIDO ISOLADO";"PRP";"SE";"21/02/1948";"032885172224";2;"MASCULINO";8;"SUPERIOR COMPLETO";3;"CASADO(A)";"03";"PARDA";111;"MÉDICO";4;"NÃO ELEITO"
"23/06/2021";"18:50:53";2014;2;"ELEIÇÃO ORDINÁRIA";1;143;"Eleições Gerais 2014";"05/10/2014";"FEDERAL";"AM";"AM";"AMAZONAS";7;"DEPUTADO ESTADUAL";40000000140;15654;"ANDREA FREITAS DE OLIVEIRA";"ANDREA CAXIAS";"#NULO#";"44435177234";"ANDRIACAXIAS_@HOTMAIL.CO";12;"APTO";"COLIGAÇÃO";15;"PMDB";"PARTIDO DO MOVIMENTO DEMOCRÁTICO BRASILEIRO";-1;"#NULO#";"#NULO#";"#NULO#";40000000023;"RENOVAÇÃO E EXPERIÊNCIA 1";"PMDB / PP / PT / PTB / PRB";"AM";"24/06/1971";"011045362216";4;"FEMININO";6;"ENSINO MÉDIO COMPLETO";3;"CASADO(A)";"03";"PARDA";125;"ADMINISTRADOR";5;"SUPLENTE"
"23/06/2021";"18:50:53";2014;2;"ELEIÇÃO ORDINÁRIA";1;143;"Eleições Gerais 2014";"05/10/2014";"FEDERAL";"AM";"AM";"AMAZONAS";7;"DEPUTADO ESTADUAL";40000000538;45122;"IVAN BELLARD GIRÃO";"IVAN GIRÃO";"#NULO#";"04232992200";"#NULO#";12;"APTO";"COLIGAÇÃO";45;"PSDB";"PARTIDO DA SOCIAL DEMOCRACIA BRASILEIRA";-1;"#NULO#";"#NULO#";"#NULO#";40000000050;"FAZENDO MAIS POR NOSSA GENTE 1";"PROS / PSD / PSDB / PSC";"CE";"18/06/1956";"001845112208";2;"MASCULINO";8;"SUPERIOR COMPLETO";3;"CASADO(A)";"01";"BRANCA";206;"INDUSTRIAL";5;"SUPLENTE"
"23/06/2021";"18:50:53";2014;2;"ELEIÇÃO ORDINÁRIA";1;143;"Eleições Gerais 2014";"05/10/2014";"FEDERAL";"AM";"AM";"AMAZONAS";7;"DEPUTADO ESTADUAL";40000000058;28000;"SATURNINO DE CASTRO GALLO";"SATURNINO GALLO";"#NULO#";"02541937300";"PRTB.AM28@OUTLOOK.COM";12;"APTO";"COLIGAÇÃO";28;"PRTB";"PARTIDO RENOVADOR TRABALHISTA BRASILEIRO";-1;"#NULO#";"#NULO#";"#NULO#";40000000021;"FAZENDO MAIS PELA NOSSA GENTE 5";"PTN / PRTB";"CE";"12/09/1987";"057819350710";2;"MASCULINO";8;"SUPERIOR COMPLETO";1;"SOLTEIRO(A)";"01";"BRANCA";931;"ESTUDANTE, BOLSISTA, ESTAGIÁRIO E ASSEMELHADOS";5;"SUPLENTE"
"23/06/2021";"18:50:53";2014;2;"ELEIÇÃO ORDINÁRIA";1;143;"Eleições Gerais 2014";"05/10/2014";"FEDERAL";"AM";"AM";"AMAZONAS";7;"DEPUTADO ESTADUAL";40000000258;43433;"FRANCISCO FERREIRA DA SILVA";"CHICO DA SILVA";"#NULO#";"69316074800";"#NULO#";12;"APTO";"COLIGAÇÃO";43;"PV";"PARTIDO VERDE";-1;"#NULO#";"#NULO#";"#NULO#";40000000044;"JUNTOS PELO POVO";"PV / PTC";"AM";"08/05/1945";"002688570337";2;"MASCULINO";4;"ENSINO FUNDAMENTAL COMPLETO";3;"CASADO(A)";"03";"PARDA";164;"MÚSICO";5;"SUPLENTE"
"23/06/2021";"18:50:53";2014;2;"ELEIÇÃO ORDINÁRIA";1;143;"Eleições Gerais 2014";"05/10/2014";"FEDERAL";"AM";"AM";"AMAZONAS";6;"DEPUTADO FEDERAL";40000000749;4404;"ANDERSON JOSE RAZORI";"PARANA";"#NULO#";"35673990987";"#NULO#";12;"APTO";"PARTIDO ISOLADO";44;"PRP";"PARTIDO REPUBLICANO PROGRESSISTA";-1;"#NULO#";"#NULO#";"#NULO#";40000000055;"PARTIDO ISOLADO";"PRP";"PR";"26/09/1959";"013402802232";2;"MASCULINO";5;"ENSINO MÉDIO INCOMPLETO";5;"VIÚVO(A)";"01";"BRANCA";257;"EMPRESÁRIO";4;"NÃO ELEITO"
"23/06/2021";"18:50:53";2014;2;"ELEIÇÃO ORDINÁRIA";1;143;"Eleições Gerais 2014";"05/10/2014";"FEDERAL";"AM";"AM";"AMAZONAS";7;"DEPUTADO ESTADUAL";40000000107;11236;"MANUEL VICENTE FERREIRA LIMA";"PROFESSOR VICENTE";"#NULO#";"04693809268";"PP_AM_11@HOTMAIL.COM";12;"APTO";"COLIGAÇÃO";11;"PP";"PARTIDO PROGRESSISTA";-1;"#NULO#";"#NULO#";"#NULO#";40000000023;"RENOVAÇÃO E EXPERIÊNCIA 1";"PMDB / PP / PT / PTB / PRB";"AM";"15/07/1954";"002240322275";2;"MASCULINO";6;"ENSINO MÉDIO COMPLETO";5;"VIÚVO(A)";"02";"PRETA";999;"OUTROS";5;"SUPLENTE"
"23/06/2021";"18:50:53";2014;2;"ELEIÇÃO ORDINÁRIA";1;143;"Eleições Gerais 2014";"05/10/2014";"FEDERAL";"AM";"AM";"AMAZONAS";7;"DEPUTADO ESTADUAL";40000000525;45550;"ADRIEL SALES DA CONCEIÇÃO";"ADRIEL KOKAMA";"#NULO#";"63668823200";"ADRIELJURIDICO_SALES@HOTMAIL.COM";12;"APTO";"COLIGAÇÃO";45;"PSDB";"PARTIDO DA SOCIAL DEMOCRACIA BRASILEIRA";-1;"#NULO#";"#NULO#";"#NULO#";40000000050;"FAZENDO MAIS POR NOSSA GENTE 1";"PROS / PSD / PSDB / PSC";"AM";"27/10/1978";"019021992224";2;"MASCULINO";8;"SUPERIOR COMPLETO";3;"CASADO(A)";"05";"INDÍGENA";292;"AGENTE ADMINISTRATIVO";5;"SUPLENTE"
"23/06/2021";"18:50:53";2014;2;"ELEIÇÃO ORDINÁRIA";1;143;"Eleições Gerais 2014";"05/10/2014";"FEDERAL";"AM";"AM";"AMAZONAS";7;"DEPUTADO ESTADUAL";40000000534;45321;"FAUSTO ROCHA CUNHA";"FAUSTO ROCHA";"#NULO#";"58894632253";"AFM-CUNHA@HOTMAIL.COM";3;"INAPTO";"COLIGAÇÃO";45;"PSDB";"PARTIDO DA SOCIAL DEMOCRACIA BRASILEIRA";-1;"#NULO#";"#NULO#";"#NULO#";40000000050;"FAZENDO MAIS POR NOSSA GENTE 1";"PROS / PSD / PSDB / PSC";"AM";"05/07/1975";"034035422275";2;"MASCULINO";7;"SUPERIOR INCOMPLETO";3;"CASADO(A)";"03";"PARDA";531;"MOTORISTA DE VEÍCULOS DE TRANSPORTE COLETIVO DE PASSAGEIROS";-1;"#NULO#"
"23/06/2021";"18:50:53";2014;2;"ELEIÇÃO ORDINÁRIA";1;143;"Eleições Gerais 2014";"05/10/2014";"FEDERAL";"AM";"AM";"AMAZONAS";7;"DEPUTADO ESTADUAL";40000000026;19447;"ANA SOLIVETE SANTOS DE OLIVEIRA";"ANA SOLIVETE";"#NULO#";"65049675200";"ANASOLIVETE@HOTMAIL.COM";12;"APTO";"COLIGAÇÃO";19;"PTN";"PARTIDO TRABALHISTA NACIONAL";-1;"#NULO#";"#NULO#";"#NULO#";40000000021;"FAZENDO MAIS PELA NOSSA GENTE 5";"PTN / PRTB";"PA";"19/07/1975";"019608112208";4;"FEMININO";7;"SUPERIOR INCOMPLETO";3;"CASADO(A)";"03";"PARDA";999;"OUTROS";5;"SUPLENTE"
"23/06/2021";"18:50:53";2014;2;"ELEIÇÃO ORDINÁRIA";1;143;"Eleições Gerais 2014";"05/10/2014";"FEDERAL";"AM";"AM";"AMAZONAS";7;"DEPUTADO ESTADUAL";40000000262;43357;"WALDICLEISON NOGUEIRA PINHEIRO";"CLEISON PINHEIRO";"#NULO#";"82312036215";"PINHEIROCLEISON@HOTMAIL.COM";3;"INAPTO";"COLIGAÇÃO";43;"PV";"PARTIDO VERDE";-1;"#NULO#";"#NULO#";"#NULO#";40000000044;"JUNTOS PELO POVO";"PV / PTC";"PA";"23/09/1984";"049368081376";2;"MASCULINO";7;"SUPERIOR INCOMPLETO";1;"SOLTEIRO(A)";"03";"PARDA";394;"AUXILIAR DE ESCRITÓRIO E ASSEMELHADOS";-1;"#NULO#"
"23/06/2021";"18:50:53";2014;2;"ELEIÇÃO ORDINÁRIA";1;143;"Eleições Gerais 2014";"05/10/2014";"FEDERAL";"AM";"AM";"AMAZONAS";7;"DEPUTADO ESTADUAL";40000000515;90001;"MARIA JOSE CALHEIROS DE SOUZA";"JÔ CALHEIROS";"#NULO#";"20198353200";"NAJOCALHEIROS@HOTMAIL.COM";3;"INAPTO";"COLIGAÇÃO";90;"PROS";"PARTIDO REPUBLICANO DA ORDEM SOCIAL";-1;"#NULO#";"#NULO#";"#NULO#";40000000050;"FAZENDO MAIS POR NOSSA GENTE 1";"PROS / PSD / PSDB / PSC";"AM";"18/09/1963";"002273102216";4;"FEMININO";8;"SUPERIOR COMPLETO";1;"SOLTEIRO(A)";"01";"BRANCA";125;"ADMINISTRADOR";-1;"#NULO#"
"23/06/2021";"18:50:53";2014;2;"ELEIÇÃO ORDINÁRIA";1;143;"Eleições Gerais 2014";"05/10/2014";"FEDERAL";"AM";"AM";"AMAZONAS";7;"DEPUTADO ESTADUAL";40000000562;65013;"LUIZ DE JESUS FIDELIS";"FIDELIS BANIWA";"#NULO#";"47465875234";"FIDELISBANIWA@HOTMAIL.COM";12;"APTO";"PARTIDO ISOLADO";65;"PC do B";"PARTIDO COMUNISTA DO BRASIL";-1;"#NULO#";"#NULO#";"#NULO#";40000000051;"PARTIDO ISOLADO";"PC do B";"AM";"24/08/1974";"014463942267";2;"MASCULINO";7;"SUPERIOR INCOMPLETO";1;"SOLTEIRO(A)";"05";"INDÍGENA";999;"OUTROS";5;"SUPLENTE"
"23/06/2021";"18:50:53";2014;2;"ELEIÇÃO ORDINÁRIA";1;143;"Eleições Gerais 2014";"05/10/2014";"FEDERAL";"AM";"AM";"AMAZONAS";7;"DEPUTADO ESTADUAL";40000000568;65765;"CHRISTIAN BARNADD DANNIELL GOMES E SILVA";"CHRISTIAN BARNADD";"#NULO#";"03490528409";"BARNADDMANAUS@GMAIL.COM";12;"APTO";"PARTIDO ISOLADO";65;"PC do B";"PARTIDO COMUNISTA DO BRASIL";-1;"#NULO#";"#NULO#";"#NULO#";40000000051;"PARTIDO ISOLADO";"PC do B";"PB";"06/03/1980";"026661651295";2;"MASCULINO";8;"SUPERIOR COMPLETO";3;"CASADO(A)";"01";"BRANCA";112;"VETERINÁRIO";5;"SUPLENTE"
"23/06/2021";"18:50:53";2014;2;"ELEIÇÃO ORDINÁRIA";1;143;"Eleições Gerais 2014";"05/10/2014";"FEDERAL";"AM";"AM";"AMAZONAS";7;"DEPUTADO ESTADUAL";40000001041;55090;"MARIA LUCIA ANTONIA DA SILVA";"LUCIA SILVA";"#NULO#";"13711202268";"#NULO#";12;"APTO";"COLIGAÇÃO";55;"PSD";"PARTIDO SOCIAL DEMOCRÁTICO";-1;"#NULO#";"#NULO#";"#NULO#";40000000050;"FAZENDO MAIS POR NOSSA GENTE 1";"PROS / PSD / PSDB / PSC";"AM";"23/10/1953";"001146292275";4;"FEMININO";6;"ENSINO MÉDIO COMPLETO";9;"DIVORCIADO(A)";"03";"PARDA";125;"ADMINISTRADOR";5;"SUPLENTE"
"23/06/2021";"18:50:53";2014;2;"ELEIÇÃO ORDINÁRIA";1;143;"Eleições Gerais 2014";"05/10/2014";"FEDERAL";"AM";"AM";"AMAZONAS";7;"DEPUTADO ESTADUAL";40000000168;13633;"SINÉSIO DA SILVA CAMPOS";"PROFESSOR SINÉSIO";"#NULO#";"13537954204";"CAMPOSSINESIO@GMAIL.COM";12;"APTO";"COLIGAÇÃO";13;"PT";"PARTIDO DOS TRABALHADORES";-1;"#NULO#";"#NULO#";"#NULO#";40000000023;"RENOVAÇÃO E EXPERIÊNCIA 1";"PMDB / PP / PT / PTB / PRB";"PA";"03/12/1963";"002697812259";2;"MASCULINO";8;"SUPERIOR COMPLETO";3;"CASADO(A)";"03";"PARDA";277;"DEPUTADO";2;"ELEITO POR QP"
"23/06/2021";"18:50:53";2014;2;"ELEIÇÃO ORDINÁRIA";1;143;"Eleições Gerais 2014";"05/10/2014";"FEDERAL";"AM";"AM";"AMAZONAS";7;"DEPUTADO ESTADUAL";40000000707;44026;"MINEIA DE SOUZA PEREIRA";"MINEIA SOUZA";"#NULO#";"59311193291";"#NULO#";12;"APTO";"COLIGAÇÃO";44;"PRP";"PARTIDO REPUBLICANO PROGRESSISTA";-1;"#NULO#";"#NULO#";"#NULO#";40000000053;"FAZENDO MAIS POR NOSSA GENTE III";"PR / PT do B / PSL / SD / PRP";"AM";"26/07/1975";"016468152259";4;"FEMININO";8;"SUPERIOR COMPLETO";1;"SOLTEIRO(A)";"03";"PARDA";124;"CONTADOR";5;"SUPLENTE"
"23/06/2021";"18:50:53";2014;2;"ELEIÇÃO ORDINÁRIA";1;143;"Eleições Gerais 2014";"05/10/2014";"FEDERAL";"AM";"AM";"AMAZONAS";3;"GOVERNADOR";40000000487;90;"JOSÉ MELO DE OLIVEIRA";"JOSÉ MELO";"#NULO#";"01182595200";"PROFESSOR.MELO@BOL.COM.BR";12;"APTO";"COLIGAÇÃO";90;"PROS";"PARTIDO REPUBLICANO DA ORDEM SOCIAL";-1;"#NULO#";"#NULO#";"#NULO#";40000000049;"Fazendo Mais Por Nossa Gente";"PROS / DEM / PSL / PTN / PSC / PR / PRTB / PHS / PTC / PV / PRP / PSDB / PATRIOTA / PSD / SD / PT do B";"AM";"26/09/1946";"000705472208";2;"MASCULINO";8;"SUPERIOR COMPLETO";3;"CASADO(A)";"03";"PARDA";274;"GOVERNADOR";6;"2º TURNO"
"23/06/2021";"18:50:53";2014;2;"ELEIÇÃO ORDINÁRIA";1;143;"Eleições Gerais 2014";"05/10/2014";"FEDERAL";"AM";"AM";"AMAZONAS";7;"DEPUTADO ESTADUAL";40000000509;90777;"DIB NASSER GUIMARÃES FELIPE";"DIB NASSER";"#NULO#";"34382313287";"DN_FELIPE@HOTMAIL.COM";12;"APTO";"COLIGAÇÃO";90;"PROS";"PARTIDO REPUBLICANO DA ORDEM SOCIAL";-1;"#NULO#";"#NULO#";"#NULO#";40000000050;"FAZENDO MAIS POR NOSSA GENTE 1";"PROS / PSD / PSDB / PSC";"AM";"22/07/1970";"012904102240";2;"MASCULINO";6;"ENSINO MÉDIO COMPLETO";3;"CASADO(A)";"03";"PARDA";999;"OUTROS";5;"SUPLENTE"
"23/06/2021";"18:50:53";2014;2;"ELEIÇÃO ORDINÁRIA";1;143;"Eleições Gerais 2014";"05/10/2014";"FEDERAL";"AM";"AM";"AMAZONAS";7;"DEPUTADO ESTADUAL";40000000565;65065;"SIRLAM GOMES COHEN";"SIRLAM COHEN";"#NULO#";"11926856287";"SIRLAMCOHEN@GMAIL.COM";12;"APTO";"PARTIDO ISOLADO";65;"PC do B";"PARTIDO COMUNISTA DO BRASIL";-1;"#NULO#";"#NULO#";"#NULO#";40000000051;"PARTIDO ISOLADO";"PC do B";"AM";"19/08/1960";"000771282275";2;"MASCULINO";8;"SUPERIOR COMPLETO";3;"CASADO(A)";"03";"PARDA";125;"ADMINISTRADOR";5;"SUPLENTE"
"23/06/2021";"18:50:53";2014;2;"ELEIÇÃO ORDINÁRIA";1;143;"Eleições Gerais 2014";"05/10/2014";"FEDERAL";"AM";"AM";"AMAZONAS";7;"DEPUTADO ESTADUAL";40000000269;43141;"GIZELE DA SILVA SAMPAIO";"GIZELE DA SILVA";"#NULO#";"41663780234";"#NULO#";12;"APTO";"COLIGAÇÃO";43;"PV";"PARTIDO VERDE";-1;"#NULO#";"#NULO#";"#NULO#";40000000044;"JUNTOS PELO POVO";"PV / PTC";"AM";"01/05/1970";"014423392216";4;"FEMININO";6;"ENSINO MÉDIO COMPLETO";1;"SOLTEIRO(A)";"01";"BRANCA";999;"OUTROS";5;"SUPLENTE"
"23/06/2021";"18:50:53";2014;2;"ELEIÇÃO ORDINÁRIA";1;143;"Eleições Gerais 2014";"05/10/2014";"FEDERAL";"AM";"AM";"AMAZONAS";7;"DEPUTADO ESTADUAL";40000000241;43222;"JOSE MELO NASCIMENTO";"MELO DO PORTO FRETE";"#NULO#";"20056699204";"#NULO#";12;"APTO";"COLIGAÇÃO";43;"PV";"PARTIDO VERDE";-1;"#NULO#";"#NULO#";"#NULO#";40000000044;"JUNTOS PELO POVO";"PV / PTC";"AM";"16/10/1965";"022669942291";2;"MASCULINO";3;"ENSINO FUNDAMENTAL INCOMPLETO";1;"SOLTEIRO(A)";"01";"BRANCA";537;"MOTORISTA PARTICULAR";5;"SUPLENTE"
"23/06/2021";"18:50:53";2014;2;"ELEIÇÃO ORDINÁRIA";1;143;"Eleições Gerais 2014";"05/10/2014";"FEDERAL";"AM";"AM";"AMAZONAS";7;"DEPUTADO ESTADUAL";40000000985;43773;"EMILENE NUNES MARIANO";"MILENE NUNES";"#NULO#";"58812229204";"#NULO#";3;"INAPTO";"COLIGAÇÃO";43;"PV";"PARTIDO VERDE";-1;"#NULO#";"#NULO#";"#NULO#";40000000044;"JUNTOS PELO POVO";"PV / PTC";"AM";"09/05/1976";"016917722232";4;"FEMININO";6;"ENSINO MÉDIO COMPLETO";3;"CASADO(A)";"02";"PRETA";999;"OUTROS";-1;"#NULO#"
"23/06/2021";"18:50:53";2014;2;"ELEIÇÃO ORDINÁRIA";1;143;"Eleições Gerais 2014";"05/10/2014";"FEDERAL";"AM";"AM";"AMAZONAS";7;"DEPUTADO ESTADUAL";40000000793;54054;"ALARICO JUSTINO CIDADE NETO";"ALARICO CIDADE";"#NULO#";"04110226287";"DR.CAMPELO007@HOTMAIL.COM";12;"APTO";"COLIGAÇÃO";54;"PPL";"PARTIDO PÁTRIA LIVRE";-1;"#NULO#";"#NULO#";"#NULO#";40000000056;"RENOVAÇÃO E EXPERIÊNCIA 2";"PSDC / PPL";"AM";"07/11/1955";"017722742283";2;"MASCULINO";4;"ENSINO FUNDAMENTAL COMPLETO";3;"CASADO(A)";"03";"PARDA";257;"EMPRESÁRIO";4;"NÃO ELEITO"
"23/06/2021";"18:50:53";2014;2;"ELEIÇÃO ORDINÁRIA";1;143;"Eleições Gerais 2014";"05/10/2014";"FEDERAL";"AM";"AM";"AMAZONAS";7;"DEPUTADO ESTADUAL";40000000289;43143;"MARIA GERCIANE RIBEIRO DE ALMEIDA";"MARIA GERCIANE";"#NULO#";"63611015253";"#NULO#";12;"APTO";"COLIGAÇÃO";43;"PV";"PARTIDO VERDE";-1;"#NULO#";"#NULO#";"#NULO#";40000000044;"JUNTOS PELO POVO";"PV / PTC";"AM";"15/07/1978";"016587322240";4;"FEMININO";6;"ENSINO MÉDIO COMPLETO";1;"SOLTEIRO(A)";"01";"BRANCA";999;"OUTROS";5;"SUPLENTE"
"23/06/2021";"18:50:53";2014;2;"ELEIÇÃO ORDINÁRIA";1;143;"Eleições Gerais 2014";"05/10/2014";"FEDERAL";"AM";"AM";"AMAZONAS";7;"DEPUTADO ESTADUAL";40000000495;20012;"EDSON SANTOS DE OLIVEIRA";"PR. EDSON";"#NULO#";"29182450200";"#NULO#";12;"APTO";"COLIGAÇÃO";20;"PSC";"PARTIDO SOCIAL CRISTÃO";-1;"#NULO#";"#NULO#";"#NULO#";40000000050;"FAZENDO MAIS POR NOSSA GENTE 1";"PROS / PSD / PSDB / PSC";"PA";"15/02/1968";"002905112569";2;"MASCULINO";6;"ENSINO MÉDIO COMPLETO";3;"CASADO(A)";"03";"PARDA";999;"OUTROS";5;"SUPLENTE"
"23/06/2021";"18:50:53";2014;2;"ELEIÇÃO ORDINÁRIA";1;143;"Eleições Gerais 2014";"05/10/2014";"FEDERAL";"AM";"AM";"AMAZONAS";7;"DEPUTADO ESTADUAL";40000000524;90555;"WALDERVANGELICA PEREIRA DE ANDRADE";"WANDA ANDRADE";"#NULO#";"16106911215";"AMAZONAS@PROS.COM.BR";3;"INAPTO";"COLIGAÇÃO";90;"PROS";"PARTIDO REPUBLICANO DA ORDEM SOCIAL";-1;"#NULO#";"#NULO#";"#NULO#";40000000050;"FAZENDO MAIS POR NOSSA GENTE 1";"PROS / PSD / PSDB / PSC";"AM";"29/04/1962";"002225742232";4;"FEMININO";6;"ENSINO MÉDIO COMPLETO";1;"SOLTEIRO(A)";"03";"PARDA";999;"OUTROS";-1;"#NULO#"
"23/06/2021";"18:50:53";2014;2;"ELEIÇÃO ORDINÁRIA";1;143;"Eleições Gerais 2014";"05/10/2014";"FEDERAL";"AM";"AM";"AMAZONAS";7;"DEPUTADO ESTADUAL";40000000535;45430;"FRANCIRLENE QUEIROZ DE OLIVEIRA";"LENE QUEIROZ";"#NULO#";"71593403291";"#NULO#";12;"APTO";"COLIGAÇÃO";45;"PSDB";"PARTIDO DA SOCIAL DEMOCRACIA BRASILEIRA";-1;"#NULO#";"#NULO#";"#NULO#";40000000050;"FAZENDO MAIS POR NOSSA GENTE 1";"PROS / PSD / PSDB / PSC";"AM";"22/01/1982";"020352212224";4;"FEMININO";4;"ENSINO FUNDAMENTAL COMPLETO";3;"CASADO(A)";"03";"PARDA";169;"COMERCIANTE";5;"SUPLENTE"
"23/06/2021";"18:50:53";2014;2;"ELEIÇÃO ORDINÁRIA";1;143;"Eleições Gerais 2014";"05/10/2014";"FEDERAL";"AM";"AM";"AMAZONAS";6;"DEPUTADO FEDERAL";40000000087;6565;"ERONILDO BRAGA BEZERRA";"ERON BEZERRA";"#NULO#";"02622041268";"ERONBEZERRA@HOTMAIL.COM";12;"APTO";"COLIGAÇÃO";65;"PC do B";"PARTIDO COMUNISTA DO BRASIL";-1;"#NULO#";"#NULO#";"#NULO#";40000000022;"RENOVAÇÃO E EXPERIÊNCIA";"PMDB / PP / PT / PDT / PTB / PPS / PRB / PSDC / PPL / PC do B";"AM";"09/02/1953";"002802472232";2;"MASCULINO";8;"SUPERIOR COMPLETO";3;"CASADO(A)";"03";"PARDA";142;"PROFESSOR DE ENSINO SUPERIOR";5;"SUPLENTE"
"23/06/2021";"18:50:53";2014;2;"ELEIÇÃO ORDINÁRIA";1;143;"Eleições Gerais 2014";"05/10/2014";"FEDERAL";"AM";"AM";"AMAZONAS";7;"DEPUTADO ESTADUAL";40000000293;43737;"ELIESIO DA SILVA VARGAS";"ELIESIO MARUBO";"#NULO#";"74563513253";"#NULO#";12;"APTO";"COLIGAÇÃO";43;"PV";"PARTIDO VERDE";-1;"#NULO#";"#NULO#";"#NULO#";40000000044;"JUNTOS PELO POVO";"PV / PTC";"AM";"08/10/1980";"023205192291";2;"MASCULINO";8;"SUPERIOR COMPLETO";1;"SOLTEIRO(A)";"03";"PARDA";999;"OUTROS";5;"SUPLENTE"
"23/06/2021";"18:50:53";2014;2;"ELEIÇÃO ORDINÁRIA";1;143;"Eleições Gerais 2014";"05/10/2014";"FEDERAL";"AM";"AM";"AMAZONAS";3;"GOVERNADOR";40000000711;50;"ABEL RODRIGUES ALVES";"ABEL ALVES";"#NULO#";"00566187272";"ABELALVES13@HOTMAIL.COM";12;"APTO";"PARTIDO ISOLADO";50;"PSOL";"PARTIDO SOCIALISMO E LIBERDADE";-1;"#NULO#";"#NULO#";"#NULO#";40000000054;"PARTIDO ISOLADO";"PSOL";"AM";"13/04/1940";"003080212283";2;"MASCULINO";8;"SUPERIOR COMPLETO";3;"CASADO(A)";"01";"BRANCA";131;"ADVOGADO";4;"NÃO ELEITO"
"23/06/2021";"18:50:53";2014;1;"ELEIÇÃO SUPLEMENTAR";1;268;"Eleição Suplementar Governador AM";"06/08/2017";"ESTADUAL";"AM";"AM";"AMAZONAS";4;"VICE-GOVERNADOR";40000012058;13;"SINÉSIO DA SILVA CAMPOS";"SINÉSIO CAMPOS";"#NULO#";"13537954204";"DEPUTADO.SINESIO@ALEAM.GOV.BR";12;"APTO";"PARTIDO ISOLADO";13;"PT";"PARTIDO DOS TRABALHADORES";-1;"#NULO#";"#NULO#";"#NULO#";40000000781;"PARTIDO ISOLADO";"PT";"PA";"03/12/1963";"002697812259";2;"MASCULINO";8;"SUPERIOR COMPLETO";3;"CASADO(A)";"03";"PARDA";277;"DEPUTADO";4;"NÃO ELEITO"
"23/06/2021";"18:50:53";2014;2;"ELEIÇÃO ORDINÁRIA";1;143;"Eleições Gerais 2014";"05/10/2014";"FEDERAL";"AM";"AM";"AMAZONAS";7;"DEPUTADO ESTADUAL";40000000127;15888;"JUAREZ RODRIGUES DE OLIVEIRA";"PROF. JUAREZ";"#NULO#";"27426130215";"#NULO#";12;"APTO";"COLIGAÇÃO";15;"PMDB";"PARTIDO DO MOVIMENTO DEMOCRÁTICO BRASILEIRO";-1;"#NULO#";"#NULO#";"#NULO#";40000000023;"RENOVAÇÃO E EXPERIÊNCIA 1";"PMDB / PP / PT / PTB / PRB";"AM";"02/12/1966";"006203672216";2;"MASCULINO";8;"SUPERIOR COMPLETO";3;"CASADO(A)";"03";"PARDA";142;"PROFESSOR DE ENSINO SUPERIOR";5;"SUPLENTE"
"23/06/2021";"18:50:53";2014;2;"ELEIÇÃO ORDINÁRIA";1;143;"Eleições Gerais 2014";"05/10/2014";"FEDERAL";"AM";"AM";"AMAZONAS";6;"DEPUTADO FEDERAL";40000000353;4545;"ARTHUR VIRGILIO DO CARMO RIBEIRO BISNETO";"ARTUR BISNETO";"#NULO#";"64264246253";"ARTHURBISNETO@HOTMAIL.COM";12;"APTO";"COLIGAÇÃO";45;"PSDB";"PARTIDO DA SOCIAL DEMOCRACIA BRASILEIRA";-1;"#NULO#";"#NULO#";"#NULO#";40000000046;"FAZENDO MAIS POR NOSSA GENTE 1.";"PROS / DEM / PSDB / PR / PTN / PSC / PT do B / PTC / PRTB / PATRIOTA / PV / PHS / PSL / PSD / SD";"DF";"01/10/1979";"019198622208";2;"MASCULINO";6;"ENSINO MÉDIO COMPLETO";3;"CASADO(A)";"01";"BRANCA";277;"DEPUTADO";2;"ELEITO POR QP"
"23/06/2021";"18:50:53";2014;2;"ELEIÇÃO ORDINÁRIA";1;143;"Eleições Gerais 2014";"05/10/2014";"FEDERAL";"AM";"AM";"AMAZONAS";6;"DEPUTADO FEDERAL";40000000874;3346;"DARLENE MAQUINÉ DOS SANTOS";"DARLENE MAQUINÉ";"#NULO#";"85728799272";"DARLENE_MAQUINE@HOTMAIL.COM";12;"APTO";"PARTIDO ISOLADO";33;"PMN";"PARTIDO DA MOBILIZAÇÃO NACIONAL";-1;"#NULO#";"#NULO#";"#NULO#";40000000059;"PARTIDO ISOLADO";"PMN";"AM";"20/09/1985";"022709402216";4;"FEMININO";7;"SUPERIOR INCOMPLETO";1;"SOLTEIRO(A)";"03";"PARDA";999;"OUTROS";4;"NÃO ELEITO"
"23/06/2021";"18:50:53";2014;2;"ELEIÇÃO ORDINÁRIA";1;143;"Eleições Gerais 2014";"05/10/2014";"FEDERAL";"AM";"AM";"AMAZONAS";7;"DEPUTADO ESTADUAL";40000000450;25145;"WALLACE SERGIO RIBEIRO DA SILVA";"WALLACE SÉRGIO";"#NULO#";"20106858220";"#NULO#";12;"APTO";"COLIGAÇÃO";25;"DEM";"DEMOCRATAS";-1;"#NULO#";"#NULO#";"#NULO#";40000000048;"FAZENDO MAIS POR NOSSA GENTE II";"DEM / PATRIOTA / PHS";"AM";"27/10/1965";"006419142232";2;"MASCULINO";6;"ENSINO MÉDIO COMPLETO";9;"DIVORCIADO(A)";"03";"PARDA";125;"ADMINISTRADOR";5;"SUPLENTE"
"23/06/2021";"18:50:53";2014;2;"ELEIÇÃO ORDINÁRIA";1;143;"Eleições Gerais 2014";"05/10/2014";"FEDERAL";"AM";"AM";"AMAZONAS";7;"DEPUTADO ESTADUAL";40000000622;40740;"CARLA ADRIANE OLIVEIRA NASCIMENTO";"TRYNITY";"#NULO#";"01605049298";"#NULO#";12;"APTO";"PARTIDO ISOLADO";40;"PSB";"PARTIDO SOCIALISTA BRASILEIRO";-1;"#NULO#";"#NULO#";"#NULO#";40000000052;"PARTIDO ISOLADO";"PSB";"AM";"01/10/1989";"033768702267";4;"FEMININO";6;"ENSINO MÉDIO COMPLETO";1;"SOLTEIRO(A)";"01";"BRANCA";298;"SERVIDOR PÚBLICO MUNICIPAL";5;"SUPLENTE"
"23/06/2021";"18:50:53";2014;2;"ELEIÇÃO ORDINÁRIA";1;143;"Eleições Gerais 2014";"05/10/2014";"FEDERAL";"AM";"AM";"AMAZONAS";6;"DEPUTADO FEDERAL";40000000357;5522;"CARLOS ALBERTO CAVALCANTE DE SOUZA";"CARLOS SOUZA";"#NULO#";"02574837215";"ADVOCACIA@MARIABENIGNO.COM";12;"APTO";"COLIGAÇÃO";55;"PSD";"PARTIDO SOCIAL DEMOCRÁTICO";-1;"#NULO#";"#NULO#";"#NULO#";40000000046;"FAZENDO MAIS POR NOSSA GENTE 1.";"PROS / DEM / PSDB / PR / PTN / PSC / PT do B / PTC / PRTB / PATRIOTA / PV / PHS / PSL / PSD / SD";"AM";"17/08/1952";"004939232291";2;"MASCULINO";8;"SUPERIOR COMPLETO";3;"CASADO(A)";"03";"PARDA";277;"DEPUTADO";5;"SUPLENTE"
"23/06/2021";"18:50:53";2014;2;"ELEIÇÃO ORDINÁRIA";1;143;"Eleições Gerais 2014";"05/10/2014";"FEDERAL";"AM";"AM";"AMAZONAS";7;"DEPUTADO ESTADUAL";40000000497;55789;"LUIS RICARDO SALDANHA NICOLAU";"RICARDO NICOLAU";"#NULO#";"56286287272";"#NULO#";12;"APTO";"COLIGAÇÃO";55;"PSD";"PARTIDO SOCIAL DEMOCRÁTICO";-1;"#NULO#";"#NULO#";"#NULO#";40000000050;"FAZENDO MAIS POR NOSSA GENTE 1";"PROS / PSD / PSDB / PSC";"AM";"21/08/1975";"015836822275";2;"MASCULINO";7;"SUPERIOR INCOMPLETO";3;"CASADO(A)";"01";"BRANCA";277;"DEPUTADO";2;"ELEITO POR QP"
"23/06/2021";"18:50:53";2014;2;"ELEIÇÃO ORDINÁRIA";1;143;"Eleições Gerais 2014";"05/10/2014";"FEDERAL";"AM";"AM";"AMAZONAS";7;"DEPUTADO ESTADUAL";40000000456;31671;"FRANCISCO CARLOS NASCIMENTO DE OLIVEIRA";"CARLOS CURIÓ";"#NULO#";"18111246234";"#NULO#";12;"APTO";"COLIGAÇÃO";31;"PHS";"PARTIDO HUMANISTA DA SOLIDARIEDADE";-1;"#NULO#";"#NULO#";"#NULO#";40000000048;"FAZENDO MAIS POR NOSSA GENTE II";"DEM / PATRIOTA / PHS";"AM";"04/11/1959";"002307082216";2;"MASCULINO";3;"ENSINO FUNDAMENTAL INCOMPLETO";1;"SOLTEIRO(A)";"03";"PARDA";402;"VENDEDOR PRACISTA, REPRESENTANTE, CAIXEIRO-VIAJANTE E ASSEMELHADOS";5;"SUPLENTE"
"23/06/2021";"18:50:53";2014;2;"ELEIÇÃO ORDINÁRIA";1;143;"Eleições Gerais 2014";"05/10/2014";"FEDERAL";"AM";"AM";"AMAZONAS";7;"DEPUTADO ESTADUAL";40000000501;55369;"MARIO BASTOS DOS SANTOS";"MARIO BASTOS";"#NULO#";"11190353253";"ADVOCACIA@MARIABENIGNO.COM.BR";12;"APTO";"COLIGAÇÃO";55;"PSD";"PARTIDO SOCIAL DEMOCRÁTICO";-1;"#NULO#";"#NULO#";"#NULO#";40000000050;"FAZENDO MAIS POR NOSSA GENTE 1";"PROS / PSD / PSDB / PSC";"AM";"23/02/1959";"000853162208";2;"MASCULINO";6;"ENSINO MÉDIO COMPLETO";9;"DIVORCIADO(A)";"03";"PARDA";999;"OUTROS";5;"SUPLENTE"
"23/06/2021";"18:50:53";2014;2;"ELEIÇÃO ORDINÁRIA";1;143;"Eleições Gerais 2014";"05/10/2014";"FEDERAL";"AM";"AM";"AMAZONAS";7;"DEPUTADO ESTADUAL";40000000295;43939;"TATIANA FERREIRA VIEIRA";"TATIANA VIEIRA";"#NULO#";"98085905272";"#NULO#";3;"INAPTO";"COLIGAÇÃO";43;"PV";"PARTIDO VERDE";-1;"#NULO#";"#NULO#";"#NULO#";40000000044;"JUNTOS PELO POVO";"PV / PTC";"AM";"30/08/1988";"031592112224";4;"FEMININO";6;"ENSINO MÉDIO COMPLETO";1;"SOLTEIRO(A)";"01";"BRANCA";999;"OUTROS";-1;"#NULO#"
"23/06/2021";"18:50:53";2014;2;"ELEIÇÃO ORDINÁRIA";1;143;"Eleições Gerais 2014";"05/10/2014";"FEDERAL";"AM";"AM";"AMAZONAS";7;"DEPUTADO ESTADUAL";40000000526;45222;"AFONSO LUIZ COSTA LINS JUNIOR";"AFONSO LINS";"#NULO#";"32156138249";"AFONSOLCLJ@HOTMAIL.COM";12;"APTO";"COLIGAÇÃO";45;"PSDB";"PARTIDO DA SOCIAL DEMOCRACIA BRASILEIRA";-1;"#NULO#";"#NULO#";"#NULO#";40000000050;"FAZENDO MAIS POR NOSSA GENTE 1";"PROS / PSD / PSDB / PSC";"AM";"01/11/1967";"005095222208";2;"MASCULINO";8;"SUPERIOR COMPLETO";3;"CASADO(A)";"01";"BRANCA";101;"ENGENHEIRO";5;"SUPLENTE"
"23/06/2021";"18:50:53";2014;2;"ELEIÇÃO ORDINÁRIA";1;143;"Eleições Gerais 2014";"05/10/2014";"FEDERAL";"AM";"AM";"AMAZONAS";7;"DEPUTADO ESTADUAL";40000000163;14555;"REIZO FELICIO DA SILVA CASTELO BRANCO MAUÉS";"REIZO CASTELO BRANCO";"#NULO#";"91397804220";"REIZO_CASTELOBRANCO@HOTMAIL.COM";12;"APTO";"COLIGAÇÃO";14;"PTB";"PARTIDO TRABALHISTA BRASILEIRO";-1;"#NULO#";"#NULO#";"#NULO#";40000000023;"RENOVAÇÃO E EXPERIÊNCIA 1";"PMDB / PP / PT / PTB / PRB";"AM";"26/11/1986";"023856032232";2;"MASCULINO";6;"ENSINO MÉDIO COMPLETO";1;"SOLTEIRO(A)";"01";"BRANCA";278;"VEREADOR";5;"SUPLENTE"
"23/06/2021";"18:50:53";2014;2;"ELEIÇÃO ORDINÁRIA";1;143;"Eleições Gerais 2014";"05/10/2014";"FEDERAL";"AM";"AM";"AMAZONAS";7;"DEPUTADO ESTADUAL";40000001062;70090;"GREYCINILDE DA SILVA RIBEIRO";"GREYCINILDE RIBEIRO";"#NULO#";"91769043268";"#NULO#";12;"APTO";"COLIGAÇÃO";70;"PT do B";"PARTIDO TRABALHISTA DO BRASIL";-1;"#NULO#";"#NULO#";"#NULO#";40000000053;"FAZENDO MAIS POR NOSSA GENTE III";"PR / PT do B / PSL / SD / PRP";"AM";"08/05/1987";"023859982291";4;"FEMININO";5;"ENSINO MÉDIO INCOMPLETO";1;"SOLTEIRO(A)";"03";"PARDA";999;"OUTROS";5;"SUPLENTE"
"23/06/2021";"18:50:53";2014;2;"ELEIÇÃO ORDINÁRIA";1;143;"Eleições Gerais 2014";"05/10/2014";"FEDERAL";"AM";"AM";"AMAZONAS";7;"DEPUTADO ESTADUAL";40000000800;54345;"FRANCISCA CARLINDO FREITAS";"MISSIONARIA FRANCISCA";"#NULO#";"74409468200";"DR.CAMPELO007@HOTMAIL.COM";12;"APTO";"COLIGAÇÃO";54;"PPL";"PARTIDO PÁTRIA LIVRE";-1;"#NULO#";"#NULO#";"#NULO#";40000000056;"RENOVAÇÃO E EXPERIÊNCIA 2";"PSDC / PPL";"AM";"03/06/1982";"020467102291";4;"FEMININO";5;"ENSINO MÉDIO INCOMPLETO";1;"SOLTEIRO(A)";"03";"PARDA";601;"AGRICULTOR";4;"NÃO ELEITO"
"23/06/2021";"18:50:53";2014;2;"ELEIÇÃO ORDINÁRIA";1;143;"Eleições Gerais 2014";"05/10/2014";"FEDERAL";"AM";"AM";"AMAZONAS";7;"DEPUTADO ESTADUAL";40000000428;25425;"ADENOR DE SOUZA FIGUEIRA";"FIGUEIRA";"#NULO#";"11191937291";"#NULO#";12;"APTO";"COLIGAÇÃO";25;"DEM";"DEMOCRATAS";-1;"#NULO#";"#NULO#";"#NULO#";40000000048;"FAZENDO MAIS POR NOSSA GENTE II";"DEM / PATRIOTA / PHS";"AM";"10/03/1961";"258183260183";2;"MASCULINO";6;"ENSINO MÉDIO COMPLETO";3;"CASADO(A)";"03";"PARDA";411;"VENDEDOR DE COMÉRCIO VAREJISTA E ATACADISTA";5;"SUPLENTE"
"23/06/2021";"18:50:53";2014;2;"ELEIÇÃO ORDINÁRIA";1;143;"Eleições Gerais 2014";"05/10/2014";"FEDERAL";"AM";"AM";"AMAZONAS";7;"DEPUTADO ESTADUAL";40000000705;44567;"SALES BOTELHO DA SILVA";"SALES BOTELHO";"#NULO#";"31426778287";"SALESBOTELHO@BOL.COM.BR";12;"APTO";"COLIGAÇÃO";44;"PRP";"PARTIDO REPUBLICANO PROGRESSISTA";-1;"#NULO#";"#NULO#";"#NULO#";40000000053;"FAZENDO MAIS POR NOSSA GENTE III";"PR / PT do B / PSL / SD / PRP";"AM";"19/09/1968";"010728672283";2;"MASCULINO";2;"LÊ E ESCREVE";3;"CASADO(A)";"02";"PRETA";537;"MOTORISTA PARTICULAR";5;"SUPLENTE"
"23/06/2021";"18:50:53";2014;2;"ELEIÇÃO ORDINÁRIA";1;143;"Eleições Gerais 2014";"05/10/2014";"FEDERAL";"AM";"AM";"AMAZONAS";6;"DEPUTADO FEDERAL";40000000349;2222;"ALFREDO PEREIRA DO NASCIMENTO";"ALFREDO NASCIMENTO";"#NULO#";"05727600430";"#NULO#";12;"APTO";"COLIGAÇÃO";22;"PR";"PARTIDO DA REPÚBLICA";-1;"#NULO#";"#NULO#";"#NULO#";40000000046;"FAZENDO MAIS POR NOSSA GENTE 1.";"PROS / DEM / PSDB / PR / PTN / PSC / PT do B / PTC / PRTB / PATRIOTA / PV / PHS / PSL / PSD / SD";"RO";"05/05/1952";"002872972283";2;"MASCULINO";8;"SUPERIOR COMPLETO";3;"CASADO(A)";"03";"PARDA";276;"SENADOR";2;"ELEITO POR QP"
"23/06/2021";"18:50:53";2014;2;"ELEIÇÃO ORDINÁRIA";1;143;"Eleições Gerais 2014";"05/10/2014";"FEDERAL";"AM";"AM";"AMAZONAS";6;"DEPUTADO FEDERAL";40000000346;4310;"MONICA GOMES DA SILVA PITANGA";"ENFERMEIRA MONICA";"#NULO#";"94008280715";"#NULO#";12;"APTO";"COLIGAÇÃO";43;"PV";"PARTIDO VERDE";-1;"#NULO#";"#NULO#";"#NULO#";40000000046;"FAZENDO MAIS POR NOSSA GENTE 1.";"PROS / DEM / PSDB / PR / PTN / PSC / PT do B / PTC / PRTB / PATRIOTA / PV / PHS / PSL / PSD / SD";"RJ";"19/04/1967";"014004480388";4;"FEMININO";8;"SUPERIOR COMPLETO";3;"CASADO(A)";"01";"BRANCA";113;"ENFERMEIRO";5;"SUPLENTE"
"23/06/2021";"18:50:53";2014;2;"ELEIÇÃO ORDINÁRIA";1;143;"Eleições Gerais 2014";"05/10/2014";"FEDERAL";"AM";"AM";"AMAZONAS";7;"DEPUTADO ESTADUAL";40000000455;31000;"KEILA AMORIM DA GRAÇA";"KEILA AMORIM";"#NULO#";"44505442268";"#NULO#";3;"INAPTO";"COLIGAÇÃO";31;"PHS";"PARTIDO HUMANISTA DA SOLIDARIEDADE";-1;"#NULO#";"#NULO#";"#NULO#";40000000048;"FAZENDO MAIS POR NOSSA GENTE II";"DEM / PATRIOTA / PHS";"AM";"25/04/1972";"013205562208";4;"FEMININO";6;"ENSINO MÉDIO COMPLETO";1;"SOLTEIRO(A)";"03";"PARDA";292;"AGENTE ADMINISTRATIVO";4;"NÃO ELEITO"
"23/06/2021";"18:50:53";2014;2;"ELEIÇÃO ORDINÁRIA";1;143;"Eleições Gerais 2014";"05/10/2014";"FEDERAL";"AM";"AM";"AMAZONAS";6;"DEPUTADO FEDERAL";40000000098;1222;"INALDO CRUZ PLACIDO";"INALDO CRUZ PLACIDO";"#NULO#";"30935229272";"INALDOPLACIDO@YHOO.COM.BR";3;"INAPTO";"COLIGAÇÃO";12;"PDT";"PARTIDO DEMOCRÁTICO TRABALHISTA";-1;"#NULO#";"#NULO#";"#NULO#";40000000022;"RENOVAÇÃO E EXPERIÊNCIA";"PMDB / PP / PT / PDT / PTB / PPS / PRB / PSDC / PPL / PC do B";"AM";"25/04/1970";"010432182232";2;"MASCULINO";8;"SUPERIOR COMPLETO";1;"SOLTEIRO(A)";"03";"PARDA";206;"INDUSTRIAL";4;"NÃO ELEITO"
"23/06/2021";"18:50:53";2014;2;"ELEIÇÃO ORDINÁRIA";1;143;"Eleições Gerais 2014";"05/10/2014";"FEDERAL";"AM";"AM";"AMAZONAS";4;"VICE-GOVERNADOR";40000000488;90;"JOSÉ HENRIQUE OLIVEIRA";"HENRIQUE OLIVEIRA";"#NULO#";"30824443420";"SECRETARIA@SOLIDARIEDADEAM.ORG.BR";12;"APTO";"COLIGAÇÃO";77;"SD";"SOLIDARIEDADE";-1;"#NULO#";"#NULO#";"#NULO#";40000000049;"Fazendo Mais Por Nossa Gente";"PROS / DEM / PSL / PTN / PSC / PR / PRTB / PHS / PTC / PV / PRP / PSDB / PATRIOTA / PSD / SD / PT do B";"SC";"16/10/1960";"017541642267";2;"MASCULINO";7;"SUPERIOR INCOMPLETO";3;"CASADO(A)";"01";"BRANCA";277;"DEPUTADO";6;"2º TURNO"
"23/06/2021";"18:50:53";2014;2;"ELEIÇÃO ORDINÁRIA";1;143;"Eleições Gerais 2014";"05/10/2014";"FEDERAL";"AM";"AM";"AMAZONAS";7;"DEPUTADO ESTADUAL";40000000665;22671;"VALDENIR DA SILVA MENDONÇA";"VALDENIR MENDONÇA (CABRI)";"#NULO#";"40626237220";"#NULO#";12;"APTO";"COLIGAÇÃO";22;"PR";"PARTIDO DA REPÚBLICA";-1;"#NULO#";"#NULO#";"#NULO#";40000000053;"FAZENDO MAIS POR NOSSA GENTE III";"PR / PT do B / PSL / SD / PRP";"AM";"25/08/1969";"012721602232";2;"MASCULINO";6;"ENSINO MÉDIO COMPLETO";1;"SOLTEIRO(A)";"03";"PARDA";702;"OPERADOR DE APARELHOS DE PRODUÇÃO INDUSTRIAL";5;"SUPLENTE"
"23/06/2021";"18:50:53";2014;2;"ELEIÇÃO ORDINÁRIA";1;143;"Eleições Gerais 2014";"05/10/2014";"FEDERAL";"AM";"AM";"AMAZONAS";7;"DEPUTADO ESTADUAL";40000000438;31252;"RAIMUNDO BULCÃO DA SILVA";"BULCÃO";"#NULO#";"05487579253";"RAIMUNDO_BULCAO@HOTMAIL.COM";12;"APTO";"COLIGAÇÃO";31;"PHS";"PARTIDO HUMANISTA DA SOLIDARIEDADE";-1;"#NULO#";"#NULO#";"#NULO#";40000000048;"FAZENDO MAIS POR NOSSA GENTE II";"DEM / PATRIOTA / PHS";"AM";"08/08/1956";"003375592259";2;"MASCULINO";3;"ENSINO FUNDAMENTAL INCOMPLETO";3;"CASADO(A)";"03";"PARDA";109;"AGENTE DE SAÚDE E SANITARISTA";5;"SUPLENTE"
"23/06/2021";"18:50:53";2014;2;"ELEIÇÃO ORDINÁRIA";1;143;"Eleições Gerais 2014";"05/10/2014";"FEDERAL";"AM";"AM";"AMAZONAS";7;"DEPUTADO ESTADUAL";40000000551;45045;"RAFAEL LEMOS ASSAYAG";"RAFAEL ASSAYAG";"#NULO#";"60456930272";"#NULO#";12;"APTO";"COLIGAÇÃO";45;"PSDB";"PARTIDO DA SOCIAL DEMOCRACIA BRASILEIRA";-1;"#NULO#";"#NULO#";"#NULO#";40000000050;"FAZENDO MAIS POR NOSSA GENTE 1";"PROS / PSD / PSDB / PSC";"AM";"23/11/1977";"016903972283";2;"MASCULINO";8;"SUPERIOR COMPLETO";9;"DIVORCIADO(A)";"01";"BRANCA";101;"ENGENHEIRO";5;"SUPLENTE"
"23/06/2021";"18:50:53";2014;2;"ELEIÇÃO ORDINÁRIA";1;143;"Eleições Gerais 2014";"05/10/2014";"FEDERAL";"AM";"AM";"AMAZONAS";7;"DEPUTADO ESTADUAL";40000000161;14567;"NAZILDO DOS REIS OLIVEIRA";"REV. NAZILDO REIS";"#NULO#";"71184996253";"NAZILDO68@GMAIL.COM";12;"APTO";"COLIGAÇÃO";14;"PTB";"PARTIDO TRABALHISTA BRASILEIRO";-1;"#NULO#";"#NULO#";"#NULO#";40000000023;"RENOVAÇÃO E EXPERIÊNCIA 1";"PMDB / PP / PT / PTB / PRB";"AM";"16/01/1982";"020342322224";2;"MASCULINO";8;"SUPERIOR COMPLETO";3;"CASADO(A)";"03";"PARDA";999;"OUTROS";5;"SUPLENTE"
"23/06/2021";"18:50:53";2014;2;"ELEIÇÃO ORDINÁRIA";1;143;"Eleições Gerais 2014";"05/10/2014";"FEDERAL";"AM";"AM";"AMAZONAS";7;"DEPUTADO ESTADUAL";40000000132;10226;"FRANCISCO VALDENIR DE SOUSA PEREIRA";"CHICÃO DO NOVO ALEIXO";"#NULO#";"28441796220";"ESTADUALPRB10.AM@HOTMAIL.COM";12;"APTO";"COLIGAÇÃO";10;"PRB";"PARTIDO REPUBLICANO BRASILEIRO";-1;"#NULO#";"#NULO#";"#NULO#";40000000023;"RENOVAÇÃO E EXPERIÊNCIA 1";"PMDB / PP / PT / PTB / PRB";"RN";"02/09/1961";"005296372240";2;"MASCULINO";5;"ENSINO MÉDIO INCOMPLETO";1;"SOLTEIRO(A)";"03";"PARDA";999;"OUTROS";5;"SUPLENTE"
"23/06/2021";"18:50:53";2014;2;"ELEIÇÃO ORDINÁRIA";1;143;"Eleições Gerais 2014";"05/10/2014";"FEDERAL";"AM";"AM";"AMAZONAS";7;"DEPUTADO ESTADUAL";40000000230;23122;"SOCORRO RIBEIRO DE MATOS";"SOCORRO MATOS";"#NULO#";"68265409249";"#NULO#";12;"APTO";"COLIGAÇÃO";23;"PPS";"PARTIDO POPULAR SOCIALISTA";-1;"#NULO#";"#NULO#";"#NULO#";40000000043;"Renovação e Coragem";"PPS / PDT";"AM";"22/01/1973";"010792012259";4;"FEMININO";4;"ENSINO FUNDAMENTAL COMPLETO";3;"CASADO(A)";"01";"BRANCA";292;"AGENTE ADMINISTRATIVO";5;"SUPLENTE"
"23/06/2021";"18:50:53";2014;2;"ELEIÇÃO ORDINÁRIA";1;143;"Eleições Gerais 2014";"05/10/2014";"FEDERAL";"AM";"AM";"AMAZONAS";7;"DEPUTADO ESTADUAL";40000000047;19018;"PEDRO PRAXEDES DE LIMA";"PALHAÇO QUIABO";"#NULO#";"07600917220";"#NULO#";12;"APTO";"COLIGAÇÃO";19;"PTN";"PARTIDO TRABALHISTA NACIONAL";-1;"#NULO#";"#NULO#";"#NULO#";40000000021;"FAZENDO MAIS PELA NOSSA GENTE 5";"PTN / PRTB";"PB";"20/02/1956";"002082352275";2;"MASCULINO";6;"ENSINO MÉDIO COMPLETO";1;"SOLTEIRO(A)";"03";"PARDA";999;"OUTROS";5;"SUPLENTE"
"23/06/2021";"18:50:53";2014;2;"ELEIÇÃO ORDINÁRIA";1;143;"Eleições Gerais 2014";"05/10/2014";"FEDERAL";"AM";"AM";"AMAZONAS";6;"DEPUTADO FEDERAL";40000000348;2299;"MAYSA COSTA DA SILVA";"MAYSA COSTA";"#NULO#";"33543410253";"#NULO#";12;"APTO";"COLIGAÇÃO";22;"PR";"PARTIDO DA REPÚBLICA";-1;"#NULO#";"#NULO#";"#NULO#";40000000046;"FAZENDO MAIS POR NOSSA GENTE 1.";"PROS / DEM / PSDB / PR / PTN / PSC / PT do B / PTC / PRTB / PATRIOTA / PV / PHS / PSL / PSD / SD";"AM";"20/04/1967";"005166652291";4;"FEMININO";8;"SUPERIOR COMPLETO";9;"DIVORCIADO(A)";"03";"PARDA";134;"ASSISTENTE SOCIAL";5;"SUPLENTE"
"23/06/2021";"18:50:53";2014;2;"ELEIÇÃO ORDINÁRIA";1;143;"Eleições Gerais 2014";"05/10/2014";"FEDERAL";"AM";"AM";"AMAZONAS";7;"DEPUTADO ESTADUAL";40000000539;45236;"JEFFERSON FARIAS SABBÁ";"JEFFERSON SABBA";"#NULO#";"22943480282";"#NULO#";12;"APTO";"COLIGAÇÃO";45;"PSDB";"PARTIDO DA SOCIAL DEMOCRACIA BRASILEIRA";-1;"#NULO#";"#NULO#";"#NULO#";40000000050;"FAZENDO MAIS POR NOSSA GENTE 1";"PROS / PSD / PSDB / PSC";"AM";"12/04/1966";"035463552240";2;"MASCULINO";8;"SUPERIOR COMPLETO";3;"CASADO(A)";"03";"PARDA";125;"ADMINISTRADOR";5;"SUPLENTE"
"23/06/2021";"18:50:53";2014;2;"ELEIÇÃO ORDINÁRIA";1;143;"Eleições Gerais 2014";"05/10/2014";"FEDERAL";"AM";"AM";"AMAZONAS";7;"DEPUTADO ESTADUAL";40000000445;31111;"PAULO VITORINO DE FARIAS";"PAULO FALCÃO";"#NULO#";"22568590459";"#NULO#";12;"APTO";"COLIGAÇÃO";31;"PHS";"PARTIDO HUMANISTA DA SOLIDARIEDADE";-1;"#NULO#";"#NULO#";"#NULO#";40000000048;"FAZENDO MAIS POR NOSSA GENTE II";"DEM / PATRIOTA / PHS";"PB";"20/09/1960";"005122751392";2;"MASCULINO";6;"ENSINO MÉDIO COMPLETO";3;"CASADO(A)";"03";"PARDA";221;"MOTOBOY";5;"SUPLENTE"
"23/06/2021";"18:50:53";2014;2;"ELEIÇÃO ORDINÁRIA";1;143;"Eleições Gerais 2014";"05/10/2014";"FEDERAL";"AM";"AM";"AMAZONAS";7;"DEPUTADO ESTADUAL";40000000685;77000;"VINICIUS MARTINS DE MEIRA";"DR. VINICIUS";"#NULO#";"33720428672";"VINICIUS50MEIRA@HOTMAIL.COM";12;"APTO";"COLIGAÇÃO";77;"SD";"SOLIDARIEDADE";-1;"#NULO#";"#NULO#";"#NULO#";40000000053;"FAZENDO MAIS POR NOSSA GENTE III";"PR / PT do B / PSL / SD / PRP";"MG";"12/07/1960";"097411470272";2;"MASCULINO";8;"SUPERIOR COMPLETO";3;"CASADO(A)";"03";"PARDA";131;"ADVOGADO";5;"SUPLENTE"
"23/06/2021";"18:50:53";2014;2;"ELEIÇÃO ORDINÁRIA";1;143;"Eleições Gerais 2014";"05/10/2014";"FEDERAL";"AM";"AM";"AMAZONAS";7;"DEPUTADO ESTADUAL";40000000887;33033;"AELSON DE LIMA FERREIRA";"PROFESSOR AELSON";"#NULO#";"23011890234";"JACATHEP@HOTMAIL.COM";12;"APTO";"PARTIDO ISOLADO";33;"PMN";"PARTIDO DA MOBILIZAÇÃO NACIONAL";-1;"#NULO#";"#NULO#";"#NULO#";40000000059;"PARTIDO ISOLADO";"PMN";"AM";"23/05/1964";"000992302259";2;"MASCULINO";8;"SUPERIOR COMPLETO";3;"CASADO(A)";"03";"PARDA";999;"OUTROS";4;"NÃO ELEITO"
"23/06/2021";"18:50:53";2014;2;"ELEIÇÃO ORDINÁRIA";1;143;"Eleições Gerais 2014";"05/10/2014";"FEDERAL";"AM";"AM";"AMAZONAS";7;"DEPUTADO ESTADUAL";40000000740;50555;"ISMAEL DIAS DE OLIVEIRA";"ISMAEL OLIVEIRA";"#NULO#";"28627865191";"ISMAELOLIVEIRA50555@GMAIL.COM";12;"APTO";"PARTIDO ISOLADO";50;"PSOL";"PARTIDO SOCIALISMO E LIBERDADE";-1;"#NULO#";"#NULO#";"#NULO#";40000000054;"PARTIDO ISOLADO";"PSOL";"MS";"14/09/1962";"014014771970";2;"MASCULINO";7;"SUPERIOR INCOMPLETO";1;"SOLTEIRO(A)";"03";"PARDA";601;"AGRICULTOR";4;"NÃO ELEITO"
"23/06/2021";"18:50:53";2014;2;"ELEIÇÃO ORDINÁRIA";1;143;"Eleições Gerais 2014";"05/10/2014";"FEDERAL";"AM";"AM";"AMAZONAS";7;"DEPUTADO ESTADUAL";40000000060;19019;"TIAGO DO VALE FALCÃO";"TIAGO FALCÃO";"#NULO#";"78308615287";"#NULO#";12;"APTO";"COLIGAÇÃO";19;"PTN";"PARTIDO TRABALHISTA NACIONAL";-1;"#NULO#";"#NULO#";"#NULO#";40000000021;"FAZENDO MAIS PELA NOSSA GENTE 5";"PTN / PRTB";"AM";"07/08/1984";"022603212224";2;"MASCULINO";7;"SUPERIOR INCOMPLETO";1;"SOLTEIRO(A)";"03";"PARDA";125;"ADMINISTRADOR";5;"SUPLENTE"
"23/06/2021";"18:50:53";2014;2;"ELEIÇÃO ORDINÁRIA";1;143;"Eleições Gerais 2014";"05/10/2014";"FEDERAL";"AM";"AM";"AMAZONAS";7;"DEPUTADO ESTADUAL";40000000511;90223;"INES CARDOSO DE SOUZA";"PROF. INES CARDOSO";"#NULO#";"16052943220";"SOUZA.INES@GMAIL.COM";12;"APTO";"COLIGAÇÃO";90;"PROS";"PARTIDO REPUBLICANO DA ORDEM SOCIAL";-1;"#NULO#";"#NULO#";"#NULO#";40000000050;"FAZENDO MAIS POR NOSSA GENTE 1";"PROS / PSD / PSDB / PSC";"PA";"21/01/1954";"000890282267";4;"FEMININO";8;"SUPERIOR COMPLETO";1;"SOLTEIRO(A)";"03";"PARDA";401;"SUPERVISOR, INSPETOR E AGENTE DE COMPRAS E VENDAS";5;"SUPLENTE"
"23/06/2021";"18:50:53";2014;2;"ELEIÇÃO ORDINÁRIA";1;143;"Eleições Gerais 2014";"05/10/2014";"FEDERAL";"AM";"AM";"AMAZONAS";7;"DEPUTADO ESTADUAL";40000000426;25321;"MÁRCIO ARAÚJO DOS SANTOS";"ENFERMEIRO MÁRCIO";"#NULO#";"40451429249";"MARCIO.O.ENF@GMAIL.COM";12;"APTO";"COLIGAÇÃO";25;"DEM";"DEMOCRATAS";-1;"#NULO#";"#NULO#";"#NULO#";40000000048;"FAZENDO MAIS POR NOSSA GENTE II";"DEM / PATRIOTA / PHS";"AM";"11/09/1972";"012796482240";2;"MASCULINO";8;"SUPERIOR COMPLETO";3;"CASADO(A)";"01";"BRANCA";113;"ENFERMEIRO";5;"SUPLENTE"
"23/06/2021";"18:50:53";2014;2;"ELEIÇÃO ORDINÁRIA";1;143;"Eleições Gerais 2014";"05/10/2014";"FEDERAL";"AM";"AM";"AMAZONAS";7;"DEPUTADO ESTADUAL";40000000781;27456;"RAIMUNDO NONATO NASCIMENTO DE ANDRADE";"PALHAÇO LERO LERO";"#NULO#";"58434658291";"#NULO#";12;"APTO";"COLIGAÇÃO";27;"PSDC";"PARTIDO SOCIAL DEMOCRATA CRISTÃO";-1;"#NULO#";"#NULO#";"#NULO#";40000000056;"RENOVAÇÃO E EXPERIÊNCIA 2";"PSDC / PPL";"AM";"01/11/1975";"014618462208";2;"MASCULINO";3;"ENSINO FUNDAMENTAL INCOMPLETO";1;"SOLTEIRO(A)";"03";"PARDA";130;"ARTISTA DE CIRCO";4;"NÃO ELEITO"
"23/06/2021";"18:50:53";2014;2;"ELEIÇÃO ORDINÁRIA";1;143;"Eleições Gerais 2014";"05/10/2014";"FEDERAL";"AM";"AM";"AMAZONAS";6;"DEPUTADO FEDERAL";40000000347;3600;"ALONSO OLIVEIRA DE SOUZA";"DR. ALONSO OLIVEIRA";"#NULO#";"13694650253";"#NULO#";12;"APTO";"COLIGAÇÃO";36;"PTC";"PARTIDO TRABALHISTA CRISTÃO";-1;"#NULO#";"#NULO#";"#NULO#";40000000046;"FAZENDO MAIS POR NOSSA GENTE 1.";"PROS / DEM / PSDB / PR / PTN / PSC / PT do B / PTC / PRTB / PATRIOTA / PV / PHS / PSL / PSD / SD";"AM";"28/11/1961";"004165232232";2;"MASCULINO";6;"ENSINO MÉDIO COMPLETO";3;"CASADO(A)";"01";"BRANCA";278;"VEREADOR";5;"SUPLENTE"
"23/06/2021";"18:50:53";2014;2;"ELEIÇÃO ORDINÁRIA";1;143;"Eleições Gerais 2014";"05/10/2014";"FEDERAL";"AM";"AM";"AMAZONAS";7;"DEPUTADO ESTADUAL";40000000206;23232;"ANDRÉ LUIZ BOTINELLY CUSTODIO";"ANDRÉ BOTINELLY";"#NULO#";"61600180272";"#NULO#";12;"APTO";"COLIGAÇÃO";23;"PPS";"PARTIDO POPULAR SOCIALISTA";-1;"#NULO#";"#NULO#";"#NULO#";40000000043;"Renovação e Coragem";"PPS / PDT";"AM";"04/10/1977";"017792902283";2;"MASCULINO";8;"SUPERIOR COMPLETO";3;"CASADO(A)";"01";"BRANCA";133;"SOCIÓLOGO";5;"SUPLENTE"
"23/06/2021";"18:50:53";2014;2;"ELEIÇÃO ORDINÁRIA";1;143;"Eleições Gerais 2014";"05/10/2014";"FEDERAL";"AM";"AM";"AMAZONAS";7;"DEPUTADO ESTADUAL";40000000697;44678;"MARIO ALBERTO DA SILVA MARTINS";"ALBERTO SILVA";"#NULO#";"23894954272";"#NULO#";3;"INAPTO";"COLIGAÇÃO";44;"PRP";"PARTIDO REPUBLICANO PROGRESSISTA";-1;"#NULO#";"#NULO#";"#NULO#";40000000053;"FAZENDO MAIS POR NOSSA GENTE III";"PR / PT do B / PSL / SD / PRP";"AM";"09/07/1962";"000931462224";2;"MASCULINO";5;"ENSINO MÉDIO INCOMPLETO";1;"SOLTEIRO(A)";"03";"PARDA";169;"COMERCIANTE";-1;"#NULO#"
"23/06/2021";"18:50:53";2014;2;"ELEIÇÃO ORDINÁRIA";1;143;"Eleições Gerais 2014";"05/10/2014";"FEDERAL";"AM";"AM";"AMAZONAS";7;"DEPUTADO ESTADUAL";40000000196;12144;"GILMAR DE OLIVEIRA NASCIMENTO";"GILMAR NASCIMENTO";"#NULO#";"13009729200";"GILMARNASCIMENTO09@HOTMAIL.COM";12;"APTO";"COLIGAÇÃO";12;"PDT";"PARTIDO DEMOCRÁTICO TRABALHISTA";-1;"#NULO#";"#NULO#";"#NULO#";40000000043;"Renovação e Coragem";"PPS / PDT";"AM";"16/12/1962";"000848432232";2;"MASCULINO";6;"ENSINO MÉDIO COMPLETO";3;"CASADO(A)";"03";"PARDA";131;"ADVOGADO";5;"SUPLENTE"
"23/06/2021";"18:50:53";2014;2;"ELEIÇÃO ORDINÁRIA";1;143;"Eleições Gerais 2014";"05/10/2014";"FEDERAL";"AM";"AM";"AMAZONAS";7;"DEPUTADO ESTADUAL";40000000698;44555;"MUSTAF SAID";"MUSTAF SAID";"#NULO#";"55892272249";"MUSTAFSAID.AM@LIVE.COM";12;"APTO";"COLIGAÇÃO";44;"PRP";"PARTIDO REPUBLICANO PROGRESSISTA";-1;"#NULO#";"#NULO#";"#NULO#";40000000053;"FAZENDO MAIS POR NOSSA GENTE III";"PR / PT do B / PSL / SD / PRP";"AM";"03/06/1972";"016035402224";2;"MASCULINO";4;"ENSINO FUNDAMENTAL COMPLETO";3;"CASADO(A)";"03";"PARDA";164;"MÚSICO";5;"SUPLENTE"
"23/06/2021";"18:50:53";2014;2;"ELEIÇÃO ORDINÁRIA";1;143;"Eleições Gerais 2014";"05/10/2014";"FEDERAL";"AM";"AM";"AMAZONAS";7;"DEPUTADO ESTADUAL";40000000195;12123;"ERIK BRAGA GUTIERREZ";"ERIK BRAGA";"#NULO#";"68362854200";"ERIKBGUTIERREZ@HOTMAIL.COM";12;"APTO";"COLIGAÇÃO";12;"PDT";"PARTIDO DEMOCRÁTICO TRABALHISTA";-1;"#NULO#";"#NULO#";"#NULO#";40000000043;"Renovação e Coragem";"PPS / PDT";"AM";"08/04/1980";"020874982275";2;"MASCULINO";7;"SUPERIOR INCOMPLETO";3;"CASADO(A)";"03";"PARDA";999;"OUTROS";5;"SUPLENTE"
"23/06/2021";"18:50:53";2014;2;"ELEIÇÃO ORDINÁRIA";1;143;"Eleições Gerais 2014";"05/10/2014";"FEDERAL";"AM";"AM";"AMAZONAS";7;"DEPUTADO ESTADUAL";40000000200;12706;"MARCIO DA COSTA GUERREIROS";"MARCIO GUERREIRO";"#NULO#";"61310565287";"MA_CO_GUE@HOTMAIL.COM";12;"APTO";"COLIGAÇÃO";12;"PDT";"PARTIDO DEMOCRÁTICO TRABALHISTA";-1;"#NULO#";"#NULO#";"#NULO#";40000000043;"Renovação e Coragem";"PPS / PDT";"AM";"11/08/1977";"017167092240";2;"MASCULINO";6;"ENSINO MÉDIO COMPLETO";1;"SOLTEIRO(A)";"03";"PARDA";999;"OUTROS";5;"SUPLENTE"
"23/06/2021";"18:50:53";2014;2;"ELEIÇÃO ORDINÁRIA";1;143;"Eleições Gerais 2014";"05/10/2014";"FEDERAL";"AM";"AM";"AMAZONAS";6;"DEPUTADO FEDERAL";40000000083;1010;"JOSE NILMAR ALVES DE OLIVEIRA";"PASTOR NILMAR";"#NULO#";"23867485291";"#NULO#";12;"APTO";"COLIGAÇÃO";10;"PRB";"PARTIDO REPUBLICANO BRASILEIRO";-1;"#NULO#";"#NULO#";"#NULO#";40000000022;"RENOVAÇÃO E EXPERIÊNCIA";"PMDB / PP / PT / PDT / PTB / PPS / PRB / PSDC / PPL / PC do B";"AM";"08/06/1966";"003758432259";2;"MASCULINO";8;"SUPERIOR COMPLETO";3;"CASADO(A)";"02";"PRETA";121;"ECONOMISTA";5;"SUPLENTE"
"23/06/2021";"18:50:53";2014;2;"ELEIÇÃO ORDINÁRIA";1;143;"Eleições Gerais 2014";"05/10/2014";"FEDERAL";"AM";"AM";"AMAZONAS";7;"DEPUTADO ESTADUAL";40000000532;45451;"DONMARQUES ANVERES DE MONDONÇA";"DONMARQUES";"#NULO#";"49375652220";"#NULO#";12;"APTO";"COLIGAÇÃO";45;"PSDB";"PARTIDO DA SOCIAL DEMOCRACIA BRASILEIRA";-1;"#NULO#";"#NULO#";"#NULO#";40000000050;"FAZENDO MAIS POR NOSSA GENTE 1";"PROS / PSD / PSDB / PSC";"AM";"01/06/1974";"013827032208";2;"MASCULINO";6;"ENSINO MÉDIO COMPLETO";3;"CASADO(A)";"03";"PARDA";124;"CONTADOR";5;"SUPLENTE"
"23/06/2021";"18:50:53";2014;2;"ELEIÇÃO ORDINÁRIA";1;143;"Eleições Gerais 2014";"05/10/2014";"FEDERAL";"AM";"AM";"AMAZONAS";6;"DEPUTADO FEDERAL";40000000744;4432;"OSMARINO ANTONIO BUENO DE CASTRO";"ANTONIO BUENO";"#NULO#";"07884133172";"#NULO#";12;"APTO";"PARTIDO ISOLADO";44;"PRP";"PARTIDO REPUBLICANO PROGRESSISTA";-1;"#NULO#";"#NULO#";"#NULO#";40000000055;"PARTIDO ISOLADO";"PRP";"SP";"06/04/1954";"043741790574";2;"MASCULINO";6;"ENSINO MÉDIO COMPLETO";3;"CASADO(A)";"03";"PARDA";257;"EMPRESÁRIO";4;"NÃO ELEITO"
"23/06/2021";"18:50:53";2014;2;"ELEIÇÃO ORDINÁRIA";1;143;"Eleições Gerais 2014";"05/10/2014";"FEDERAL";"AM";"AM";"AMAZONAS";7;"DEPUTADO ESTADUAL";40000001001;15258;"ELIZABETH PEREIRA CASTRO";"ELIZABETH CASTRO";"#NULO#";"13717782215";"ELIZABETH.CONSULTORIO@HOTMAIL.COM";12;"APTO";"COLIGAÇÃO";15;"PMDB";"PARTIDO DO MOVIMENTO DEMOCRÁTICO BRASILEIRO";-1;"#NULO#";"#NULO#";"#NULO#";40000000023;"RENOVAÇÃO E EXPERIÊNCIA 1";"PMDB / PP / PT / PTB / PRB";"AM";"28/08/1958";"000541932216";4;"FEMININO";6;"ENSINO MÉDIO COMPLETO";1;"SOLTEIRO(A)";"03";"PARDA";257;"EMPRESÁRIO";5;"SUPLENTE"
